{
	"format_version": "1.8.0",
	"animations": {
		"animation.simisear.pose": {
			"loop": true,
			"bones": {
				"arm_left": {
					"rotation": [0, 25, 35]
				},
				"arm_left2": {
					"rotation": [0, 45, -55]
				},
				"hand_left": {
					"rotation": [15, 0, 35]
				},
				"thumb_left": {
					"rotation": [0, -25, 0]
				},
				"body": {
					"rotation": [0, 17.5, 0],
					"position": [0, -1.5, 0]
				},
				"leg_left": {
					"rotation": [-35, -22.5, 0]
				},
				"leg_left2": {
					"rotation": [57.5, 0, 0]
				},
				"foot_left": {
					"rotation": [15, 0, 0]
				},
				"toes_left": {
					"rotation": [-35, 0, 0]
				},
				"leg_right": {
					"rotation": [-25, 35, 0]
				},
				"leg_right2": {
					"rotation": [40, 0, 0]
				},
				"foot_right": {
					"rotation": [-12.5, 0, 0]
				},
				"arm_right": {
					"rotation": [0, -15, -35]
				},
				"arm_right2": {
					"rotation": [0, -55, 57.5]
				},
				"hand_right": {
					"rotation": [-5, 0, -35]
				},
				"thumb_right": {
					"rotation": [0, 25, 0]
				},
				"hand_right_finger": {
					"rotation": [0, -15, -20]
				},
				"hand_right_finger2": {
					"rotation": [0, -2.5, -15]
				},
				"hand_right_finger3": {
					"rotation": [0, 10, -17.5]
				},
				"hand_right_finger4": {
					"rotation": [-6, 16, -20]
				},
				"head_angle": {
					"rotation": [5, 0, -5]
				},
				"ear_left": {
					"rotation": [0, 0, -10]
				},
				"ear_right": {
					"rotation": [0, 0, 10]
				},
				"hair_left_tip": {
					"rotation": [0, 0, -20]
				},
				"hair_front": {
					"rotation": [0, 0, 10]
				},
				"hair_right": {
					"rotation": [-10, 0, 0]
				},
				"tail": {
					"rotation": [-25, 32.5, 0]
				},
				"tail_fluff": {
					"rotation": [-10, 30, 0],
					"position": [-2, 0, -4]
				},
				"tail_fluff2": {
					"rotation": [7.5, 0, 0]
				},
				"tail_tip": {
					"rotation": [-40, 0, 0]
				},
				"blush_left": {
					"position": [0, 0, 0.2]
				},
				"blush_right": {
					"position": [0, 0, 0.2]
				},
				"hand_left_finger": {
					"rotation": [0, 12.5, 20]
				},
				"hand_left_finger2": {
					"rotation": [0, 5, 20]
				},
				"hand_left_finger3": {
					"rotation": [0, -5, 20]
				},
				"hand_left_finger4": {
					"rotation": [-6, -16, 20]
				}
			}
		},
		"animation.simisear.shocked": {
			"loop": true,
			"bones": {
				"mouth": {
					"position": [0, 0, 0.1]
				},
				"mouth_open_tall": {
					"position": [0, 0, -0.1]
				},
				"pupil_right": {
					"position": [0, 0, 0.1]
				},
				"pupil_left": {
					"position": [0, 0, 0.1]
				},
				"pupil_left_shocked": {
					"position": [0, 0, -0.1]
				},
				"pupil_right_shocked": {
					"position": [0, 0, -0.1]
				},
				"eyebrow_left": {
					"position": [0, 0, 0.1]
				},
				"eyebrow_right": {
					"position": [0, 0, 0.1]
				}
			}
		},
		"animation.simisear.angry": {
			"loop": true,
			"bones": {
				"mouth": {
					"position": [0, 0, 0.1]
				},
				"pupil_left_happy": {
					"position": [0, 0, 0.1]
				},
				"pupil_left_angry": {
					"position": [0, 0, -0.1]
				},
				"pupil_right_happy": {
					"position": [0, 0, 0.1]
				},
				"pupil_right_angry": {
					"position": [0, 0, -0.1]
				},
				"mouth_open_small": {
					"position": [0, 0, -0.1]
				},
				"eyebrow_right_angry": {
					"position": [0, 0, -0.1]
				},
				"eyebrow_left_angry": {
					"position": [0, 0, -0.1]
				},
				"pupil_right": {
					"position": [0, 0, 0.1]
				},
				"pupil_left": {
					"position": [0, 0, 0.1]
				},
				"eyebrow_left": {
					"position": [0, 0, 0.1]
				},
				"eyebrow_right": {
					"position": [0, 0, 0.1]
				}
			}
		},
		"animation.simisear.sad": {
			"loop": true,
			"bones": {
				"mouth": {
					"position": [0, 0, 0.1]
				},
				"pupil_left_happy": {
					"position": [0, 0, 0.1]
				},
				"pupil_left_sad": {
					"position": [0, 0, -0.1]
				},
				"pupil_right_happy": {
					"position": [0, 0, 0.1]
				},
				"pupil_right_sad": {
					"position": [0, 0, -0.1]
				},
				"mouth_frown": {
					"position": [0, 0, -0.1]
				},
				"eyebrow_right_sad": {
					"position": [0, 0, -0.1]
				},
				"eyebrow_left_sad": {
					"position": [0, 0, -0.1]
				},
				"pupil_right": {
					"position": [0, 0, 0.1]
				},
				"pupil_left": {
					"position": [0, 0, 0.1]
				},
				"eyebrow_left": {
					"position": [0, 0, 0.1]
				},
				"eyebrow_right": {
					"position": [0, 0, 0.1]
				}
			}
		},
		"animation.simisear.happy": {
			"loop": true,
			"bones": {
				"mouth": {
					"position": [0, 0, 0.1]
				},
				"mouth_open_happy": {
					"position": [0, 0, -0.1]
				},
				"blush": {
					"position": [0, 0, -0.1]
				},
				"pupil_left_happy": {
					"position": [0, 0, -0.1]
				},
				"pupil_right_happy": {
					"position": [0, 0, -0.1]
				},
				"pupil_right": {
					"position": [0, 0, 0.1]
				},
				"pupil_left": {
					"position": [0, 0, 0.1]
				},
				"eyebrow_left": {
					"position": [0, 0, 0.1]
				},
				"eyebrow_right": {
					"position": [0, 0, 0.1]
				}
			}
		},
		"animation.simisear.unamused": {
			"loop": true,
			"bones": {
				"mouth": {
					"position": [0, 0, 0.1]
				},
				"eyebrow_left_straight": {
					"position": [0, 0, -0.1]
				},
				"eyebrow_right_straight": {
					"position": [0, 0, -0.1]
				},
				"mouth_straight": {
					"position": [0, 0, -0.1]
				},
				"eyebrow_right": {
					"position": [0, 0, 0.1]
				},
				"eyebrow_left": {
					"position": [0, 0, 0.1]
				}
			}
		},
		"animation.simisear.smile": {
			"loop": true,
			"bones": {
				"mouth": {
					"position": [0, 0, 0.1]
				},
				"mouth_open_smile": {
					"position": [0, 0, -0.1]
				}
			}
		},
		"animation.simisear.recoil": {
			"animation_length": 0.0417
		},
		"animation.simisear.blink": {
			"animation_length": 0.1667,
			"bones": {
				"pupil_left_blink": {
					"position": {
						"0.0": [0, 0, -0.1],
						"0.125": [0, 0, -0.1],
						"0.1667": [0, 0, 0]
					}
				},
				"pupil_right_blink": {
					"position": {
						"0.0": [0, 0, -0.1],
						"0.125": [0, 0, -0.1],
						"0.1667": [0, 0, 0]
					}
				},
				"pupil_right": {
					"position": {
						"0.0": [0, 0, 0.1],
						"0.125": [0, 0, 0.1],
						"0.1667": [0, 0, 0]
					}
				},
				"pupil_left": {
					"position": {
						"0.0": [0, 0, 0.1],
						"0.125": [0, 0, 0.1],
						"0.1667": [0, 0, 0]
					}
				}
			}
		},
		"animation.simisear.ground_idle": {
			"loop": true,
			"bones": {
				"body": {
					"position": [0, -2, 0]
				},
				"leg_left": {
					"rotation": [-30, -20, 0],
					"position": [0, -0.25, -0.5]
				},
				"leg_left2": {
					"rotation": [50, 0, 0]
				},
				"foot_left": {
					"rotation": [-20, 10, -5]
				},
				"leg_right": {
					"rotation": [-30, 35, 0],
					"position": [0, 0, 1.5]
				},
				"leg_right2": {
					"rotation": [45, 0, 0]
				},
				"waist": {
					"rotation": [0, 10, 0]
				},
				"arm_left": {
					"rotation": [0, 20, 40]
				},
				"arm_left2": {
					"rotation": [0, 37.5, 0]
				},
				"hand_left": {
					"rotation": [10, 0, 0]
				},
				"thumb_left": {
					"rotation": [0, -45, 0]
				},
				"thumb_left_tip": {
					"rotation": [25, 0, 0]
				},
				"arm_right": {
					"rotation": [0, -20, -40]
				},
				"arm_right2": {
					"rotation": [0, -30, 0]
				},
				"hand_right": {
					"rotation": [22.5, -27.5, 0]
				},
				"thumb_right": {
					"rotation": [0, 45, 0]
				},
				"thumb_right_tip": {
					"rotation": [25, 0, 0]
				},
				"hand_right_finger": {
					"rotation": [1.75378, -9.84655, -10.15108]
				},
				"hand_right_finger_tip": {
					"rotation": [0, 0, -20]
				},
				"hand_right_finger2": {
					"rotation": [0.21803, -2.49048, -5.00474]
				},
				"hand_right_finger_tip2": {
					"rotation": [0, 0, -25]
				},
				"hand_right_finger3": {
					"rotation": [0, 5, 0]
				},
				"hand_right_finger_tip3": {
					"rotation": [0, 0, -22.5]
				},
				"hand_right_finger4": {
					"rotation": [-2.20462, 12.3071, -10.23772]
				},
				"hand_right_finger_tip4": {
					"rotation": [0, 0, -12.5]
				},
				"head_angle": {
					"rotation": [5, 0, 2.5]
				},
				"ear_left": {
					"rotation": [0, 0, -10]
				},
				"ear_right": {
					"rotation": [0, 0, 10]
				},
				"foot_right": {
					"rotation": [-15, 0, 0]
				},
				"hand_right_fingers": {
					"position": [0.25, 0, 0]
				},
				"torso": {
					"rotation": [5, 0, 0]
				},
				"hair_front": {
					"rotation": [0, 0, 10]
				},
				"tail": {
					"rotation": [-50, 0, 0]
				},
				"tail_fluff": {
					"rotation": [0, -17.5, 0]
				},
				"tail_tip": {
					"rotation": [-42.5, 0, 0]
				},
				"tail2": {
					"rotation": [35, 0, 0]
				},
				"hand_left_finger": {
					"rotation": [1.75378, 9.84655, 10.15108]
				},
				"hand_left_finger_tip": {
					"rotation": [0, 0, 20]
				},
				"hand_left_finger2": {
					"rotation": [0.21803, 2.49048, 5.00474]
				},
				"hand_left_finger_tip2": {
					"rotation": [0, 0, 25]
				},
				"hand_left_finger3": {
					"rotation": [0, -5, 0]
				},
				"hand_left_finger_tip3": {
					"rotation": [0, 0, 22.5]
				},
				"hand_left_finger4": {
					"rotation": [-2.20462, -12.3071, 10.23772]
				},
				"hand_left_finger_tip4": {
					"rotation": [0, 0, 12.5]
				},
				"hand_left_fingers": {
					"position": [-0.25, 0, 0]
				},
				"simisear": {
					"scale": 1
				}
			}
		}
	}
}