{
	"format_version": "1.8.0",
	"animations": {
		"animation.pangoro.pose": {
			"loop": true,
			"bones": {
				"torso": {
					"rotation": [10, 0, 0],
					"position": [0, -3, 0]
				},
				"cape": {
					"rotation": [-50, 0, 0]
				},
				"cape_segment_right": {
					"rotation": [-7.5, 10, 0],
					"position": [0, 0, -1]
				},
				"cape_segment_left": {
					"rotation": [-7.5, -10, 0],
					"position": [0, 0, -1]
				},
				"head_decor": {
					"position": [0, -1, -1]
				},
				"jaw_bot": {
					"rotation": [0, 0, 7.5],
					"position": [0, 0, -0.01]
				},
				"leaf_decor_top": {
					"rotation": [0, 0, 45],
					"position": [0.01768, -0.05303, 0]
				},
				"leaf_decor_bot": {
					"rotation": [0, 0, -40],
					"position": [0.02223, 0.05129, 0]
				},
				"arm_right": {
					"rotation": [-20, -20, -20],
					"position": [-1, 0, 0]
				},
				"forearm_right": {
					"rotation": [0, 60, 0],
					"position": [0, 0.01, 0]
				},
				"hand_right_decor_top": {
					"rotation": [0, 0, -60]
				},
				"hand_right_decor_right": {
					"rotation": [0, -60, 0]
				},
				"hand_right_decor_bot": {
					"rotation": [0, 0, 60]
				},
				"hand_right_decor_left": {
					"rotation": [0, 60, 0]
				},
				"hand_right": {
					"rotation": [-30, 0, 10]
				},
				"finger_right_right": {
					"rotation": [0, 0, 50],
					"position": [-1, 1.5, 0]
				},
				"claw_right_right": {
					"rotation": [0, 0, 40],
					"position": [-0.5, 0.5, 0]
				},
				"finger_right_mid": {
					"rotation": [0, 0, 50],
					"position": [-1, 1.5, 0]
				},
				"claw_right_mid": {
					"rotation": [0, 0, 42.5],
					"position": [-0.5, 0.5, 0]
				},
				"finger_right_left": {
					"rotation": [0, 0, 50],
					"position": [-1, 1.5, 0]
				},
				"claw_right_left": {
					"rotation": [0, 0, 40],
					"position": [-0.5, 0.5, 0]
				},
				"arm_left": {
					"rotation": [-20, -20, -20],
					"position": [0, -1, 0]
				},
				"forearm_left": {
					"rotation": [0, -60, 0],
					"position": [0, 0.01, 0]
				},
				"hand_left_decor_top": {
					"rotation": [0, 0, 60]
				},
				"hand_left_decor_right": {
					"rotation": [0, 60, 0]
				},
				"hand_left_decor_bot": {
					"rotation": [0, 0, -60]
				},
				"hand_left_decor_left": {
					"rotation": [0, -60, 0]
				},
				"hand_left": {
					"rotation": [-120, 0, 10]
				},
				"finger_left_right": {
					"rotation": [0, 0, -50],
					"position": [0.5, 1.5, 0]
				},
				"claw_left_right": {
					"rotation": [0, 0, -40],
					"position": [0.5, 0.75, 0]
				},
				"finger_left_mid": {
					"rotation": [0, 0, -50],
					"position": [0.5, 1.5, 0]
				},
				"claw_left_mid": {
					"rotation": [0, 0, -40],
					"position": [0.5, 0.75, 0]
				},
				"finger_left_left": {
					"rotation": [0, 0, -50],
					"position": [0.5, 1.5, 0]
				},
				"claw_left_left": {
					"rotation": [0, 0, -40],
					"position": [0.5, 0.75, 0]
				},
				"legs": {
					"position": [0, -2.5, 0]
				},
				"leg_right": {
					"rotation": [30, 0, -10],
					"position": [1, 0, 0]
				},
				"foreleg_right": {
					"rotation": [-20, 0, 0],
					"position": [-0.01, 1, 0.25]
				},
				"foot_right_decor_north": {
					"rotation": [-110, 0, 0],
					"position": [0, -5.5, 0]
				},
				"foot_right_decor_west": {
					"rotation": [0, 0, 80],
					"position": [0, -6, 0]
				},
				"foot_right_decor_south": {
					"rotation": [60, 0, 0],
					"position": [0, -6, 0]
				},
				"foot_right_decor_east": {
					"rotation": [0, 0, -80],
					"position": [0, -6, 0]
				},
				"foot_right": {
					"rotation": [-10, -20, 10],
					"position": [0, 0, 0]
				},
				"leg_left": {
					"rotation": [-40, 40, 0],
					"position": [-1, -1, 0]
				},
				"foreleg_left": {
					"rotation": [40, 0, 0],
					"position": [0.01, 2, -0.75]
				},
				"foot_left_decor_north": {
					"rotation": [-95, 0, 0],
					"position": [0, -6, 0]
				},
				"foot_left_decor_west": {
					"rotation": [0, 0, -80],
					"position": [0, -6, 0]
				},
				"foot_left_decor_south": {
					"rotation": [60, 0, 0],
					"position": [0, -6, 0]
				},
				"foot_left_decor_east": {
					"rotation": [0, 0, 80],
					"position": [0, -6, 0]
				},
				"neck_decor_right": {
					"rotation": [0, -7.5, 5]
				},
				"torso_decor_right": {
					"rotation": [0, 5, 10]
				},
				"torso_decor_left": {
					"rotation": [0, -5, -10]
				},
				"neck_decor_mid_right": {
					"rotation": [0, -25, 0],
					"position": [0.5, 0, 1]
				},
				"neck_decor_left": {
					"rotation": [0, 7.5, -5]
				},
				"neck_decor_mid_left": {
					"rotation": [0, 25, 0],
					"position": [-0.5, 0, 1]
				}
			}
		},
		"animation.pangoro.battle_idle": {
			"loop": true,
			"bones": {
				"torso": {
					"rotation": ["10+math.sin(query.anim_time*90*2-0)*1.5", "0-math.sin(query.anim_time*90*2-0)*1", 0],
					"position": [0, "-3-math.sin(query.anim_time*90*2-30)*0.25", 0]
				},
				"cape": {
					"rotation": ["-50+math.sin(query.anim_time*90*2-90)*2", 0, 0]
				},
				"cape_segment_right": {
					"rotation": ["-7.5+math.sin(query.anim_time*90*2-120)*2", 10, 0],
					"position": [0, 0, -1]
				},
				"cape_segment_left": {
					"rotation": ["-7.5+math.sin(query.anim_time*90*2-120)*2", -10, 0],
					"position": [0, 0, -1]
				},
				"head_decor": {
					"rotation": ["0+math.sin(query.anim_time*90*2-120)*0.5", 0, 0],
					"position": [0, -1, -1]
				},
				"jaw_bot": {
					"rotation": [0, 0, 7.5],
					"position": [0, 0, -0.01]
				},
				"leaf_decor_top": {
					"rotation": [0, 0, "45-math.sin(query.anim_time*90*2-210)*2"],
					"position": [0.01768, -0.05303, 0]
				},
				"leaf_decor_bot": {
					"rotation": [0, 0, "-40-math.sin(query.anim_time*90*2-210)*2"],
					"position": [0.02223, 0.05129, 0]
				},
				"arm_right": {
					"rotation": [-20, -20, "-20+math.sin(query.anim_time*90*2-120)*1.5"],
					"position": [-1, 0, 0]
				},
				"forearm_right": {
					"rotation": [0, 60, "0+math.sin(query.anim_time*90*2-150)*1"],
					"position": [0, 0.01, 0]
				},
				"hand_right_decor_top": {
					"rotation": [0, 0, "-60+math.sin(query.anim_time*90*2-180)*3"]
				},
				"hand_right_decor_right": {
					"rotation": [0, "-60+math.sin(query.anim_time*90*2-180)*3", 0]
				},
				"hand_right_decor_bot": {
					"rotation": [0, 0, "60+math.sin(query.anim_time*90*2-180)*3"]
				},
				"hand_right_decor_left": {
					"rotation": [0, "60-math.sin(query.anim_time*90*2-180)*3", 0]
				},
				"hand_right": {
					"rotation": [-30, 0, "10+math.sin(query.anim_time*90*2-180)*0.5"]
				},
				"finger_right_right": {
					"rotation": [0, 0, 50],
					"position": [-1, 1.5, 0]
				},
				"claw_right_right": {
					"rotation": [0, 0, 40],
					"position": [-0.5, 0.5, 0]
				},
				"finger_right_mid": {
					"rotation": [0, 0, 50],
					"position": [-1, 1.5, 0]
				},
				"claw_right_mid": {
					"rotation": [0, 0, 42.5],
					"position": [-0.5, 0.5, 0]
				},
				"finger_right_left": {
					"rotation": [0, 0, 50],
					"position": [-1, 1.5, 0]
				},
				"claw_right_left": {
					"rotation": [0, 0, 40],
					"position": [-0.5, 0.5, 0]
				},
				"arm_left": {
					"rotation": [-20, -20, "-20-math.sin(query.anim_time*90*2-120)*1.5"],
					"position": [0, -1, 0]
				},
				"forearm_left": {
					"rotation": [0, -60, "0-math.sin(query.anim_time*90*2-150)*1"],
					"position": [0, 0.01, 0]
				},
				"hand_left_decor_top": {
					"rotation": [0, 0, "60+math.sin(query.anim_time*90*2-180)*3"]
				},
				"hand_left_decor_right": {
					"rotation": [0, "60-math.sin(query.anim_time*90*2-180)*3", 0]
				},
				"hand_left_decor_bot": {
					"rotation": [0, 0, "-60+math.sin(query.anim_time*90*2-180)*3"]
				},
				"hand_left_decor_left": {
					"rotation": [0, "-60+math.sin(query.anim_time*90*2-180)*3", 0]
				},
				"hand_left": {
					"rotation": [-120, 0, "10-math.sin(query.anim_time*90*2-180)*0.5"]
				},
				"finger_left_right": {
					"rotation": [0, 0, -50],
					"position": [0.5, 1.5, 0]
				},
				"claw_left_right": {
					"rotation": [0, 0, -40],
					"position": [0.5, 0.75, 0]
				},
				"finger_left_mid": {
					"rotation": [0, 0, -50],
					"position": [0.5, 1.5, 0]
				},
				"claw_left_mid": {
					"rotation": [0, 0, -40],
					"position": [0.5, 0.75, 0]
				},
				"finger_left_left": {
					"rotation": [0, 0, -50],
					"position": [0.5, 1.5, 0]
				},
				"claw_left_left": {
					"rotation": [0, 0, -40],
					"position": [0.5, 0.75, 0]
				},
				"legs": {
					"position": [0, -2.5, 0]
				},
				"leg_right": {
					"rotation": ["30+math.sin(query.anim_time*90*2-60)*1.5", 0, -10],
					"position": [1, "0-math.sin(query.anim_time*90*2-60)*0.2", 0]
				},
				"foreleg_right": {
					"rotation": ["-20-math.sin(query.anim_time*90*2-60)*2", 0, 0],
					"position": [-0.01, 1, 0.25]
				},
				"foot_right_decor_north": {
					"rotation": ["-110+math.sin(query.anim_time*90*2-120)*1.5", 0, 0],
					"position": [0, -5.5, 0]
				},
				"foot_right_decor_west": {
					"rotation": [0, 0, "80-math.sin(query.anim_time*90*2-120)*1.5"],
					"position": [0, -6, 0]
				},
				"foot_right_decor_south": {
					"rotation": ["60-math.sin(query.anim_time*90*2-120)*1.5", 0, 0],
					"position": [0, -6, 0]
				},
				"foot_right_decor_east": {
					"rotation": [0, 0, "-80+math.sin(query.anim_time*90*2-120)*1.5"],
					"position": [0, -6, 0]
				},
				"foot_right": {
					"rotation": ["-10+math.sin(query.anim_time*90*2-90)*0.5", -20, 10],
					"position": [0, 0, 0]
				},
				"leg_left": {
					"rotation": ["-40-math.sin(query.anim_time*90*2-60)*1.5", 40, 0],
					"position": [-1, "-1-math.sin(query.anim_time*90*2-60)*0.2", 0]
				},
				"foreleg_left": {
					"rotation": ["40+math.sin(query.anim_time*90*2-60)*2", 0, 0],
					"position": [0.01, 2, -0.75]
				},
				"foot_left_decor_north": {
					"rotation": ["-95+math.sin(query.anim_time*90*2-120)*1.5", 0, 0],
					"position": [0, -6, 0]
				},
				"foot_left_decor_west": {
					"rotation": [0, 0, "-80+math.sin(query.anim_time*90*2-120)*1.5"],
					"position": [0, -6, 0]
				},
				"foot_left_decor_south": {
					"rotation": ["60-math.sin(query.anim_time*90*2-120)*1.5", 0, 0],
					"position": [0, -6, 0]
				},
				"foot_left_decor_east": {
					"rotation": [0, 0, "80-math.sin(query.anim_time*90*2-120)*1.5"],
					"position": [0, -6, 0]
				},
				"neck_decor_right": {
					"rotation": [0, -7.5, "5+math.sin(query.anim_time*90*2-120)*1"]
				},
				"torso_decor_right": {
					"rotation": [0, 5, "10+math.sin(query.anim_time*90*2-90)*1.5"]
				},
				"torso_decor_left": {
					"rotation": [0, -5, "-10-math.sin(query.anim_time*90*2-90)*1.5"]
				},
				"neck_decor_mid_right": {
					"rotation": [0, -25, "0+math.sin(query.anim_time*90*2-150)*1"],
					"position": [0.5, 0, 1]
				},
				"neck_decor_left": {
					"rotation": [0, 7.5, "-5-math.sin(query.anim_time*90*2-120)*1"]
				},
				"neck_decor_mid_left": {
					"rotation": [0, 25, "0-math.sin(query.anim_time*90*2-150)*1"],
					"position": [-0.5, 0, 1]
				},
				"head": {
					"rotation": ["0+math.sin(query.anim_time*90*2-150)*2", 0, 0]
				},
				"leaf_decor": {
					"rotation": [0, 0, "0-math.sin(query.anim_time*90*2-180)*2"]
				},
				"foot_left": {
					"rotation": ["0-math.sin(query.anim_time*90*2-90)*0.5", 0, 0]
				}
			}
		},
		"animation.pangoro.ground_idle": {
			"loop": true,
			"bones": {
				"torso": {
					"rotation": ["10+math.sin(query.anim_time*90*2-0)*1.5", "0-math.sin(query.anim_time*90*2-0)*1", 0],
					"position": [0, "-3-math.sin(query.anim_time*90*2-30)*0.25", 0]
				},
				"cape": {
					"rotation": ["-50+math.sin(query.anim_time*90*2-90)*2", 0, 0]
				},
				"cape_segment_right": {
					"rotation": ["-7.5+math.sin(query.anim_time*90*2-120)*2", 10, 0],
					"position": [0, 0, -1]
				},
				"cape_segment_left": {
					"rotation": ["-7.5+math.sin(query.anim_time*90*2-120)*2", -10, 0],
					"position": [0, 0, -1]
				},
				"head_decor": {
					"rotation": ["0+math.sin(query.anim_time*90*2-120)*0.5", 0, 0],
					"position": [0, -1, -1]
				},
				"leaf_decor_top": {
					"rotation": [0, 0, "45-math.sin(query.anim_time*90*2-210)*2"],
					"position": [0.01768, -0.05303, 0]
				},
				"leaf_decor_bot": {
					"rotation": [0, 0, "-40-math.sin(query.anim_time*90*2-210)*2"],
					"position": [0.02223, 0.05129, 0]
				},
				"arm_right": {
					"rotation": [-20, 0, "40+math.sin(query.anim_time*90*2-120)*1.5"],
					"position": [-1, -1, 0]
				},
				"forearm_right": {
					"rotation": [0, 60, "0+math.sin(query.anim_time*90*2-150)*1"],
					"position": [0, 0.01, 0]
				},
				"hand_right_decor_top": {
					"rotation": [0, 0, "-60+math.sin(query.anim_time*90*2-180)*3"]
				},
				"hand_right_decor_right": {
					"rotation": [0, "-60+math.sin(query.anim_time*90*2-180)*3", 0]
				},
				"hand_right_decor_bot": {
					"rotation": [0, 0, "60+math.sin(query.anim_time*90*2-180)*3"]
				},
				"hand_right_decor_left": {
					"rotation": [0, "60-math.sin(query.anim_time*90*2-180)*3", 0]
				},
				"hand_right": {
					"rotation": [-30, 0, "10+math.sin(query.anim_time*90*2-180)*0.5"]
				},
				"finger_right_right": {
					"rotation": [0, 0, 50],
					"position": [-1, 1.5, 0]
				},
				"claw_right_right": {
					"rotation": [0, 0, 40],
					"position": [-0.5, 0.5, 0]
				},
				"finger_right_mid": {
					"rotation": [0, 0, 50],
					"position": [-1, 1.5, 0]
				},
				"claw_right_mid": {
					"rotation": [0, 0, 42.5],
					"position": [-0.5, 0.5, 0]
				},
				"finger_right_left": {
					"rotation": [0, 0, 50],
					"position": [-1, 1.5, 0]
				},
				"claw_right_left": {
					"rotation": [0, 0, 40],
					"position": [-0.5, 0.5, 0]
				},
				"arm_left": {
					"rotation": [-20, 0, "-40-math.sin(query.anim_time*90*2-120)*1.5"],
					"position": [1, -1, 0]
				},
				"forearm_left": {
					"rotation": [0, -60, "0-math.sin(query.anim_time*90*2-150)*1"],
					"position": [0, 0.01, 0]
				},
				"hand_left_decor_top": {
					"rotation": [0, 0, "60+math.sin(query.anim_time*90*2-180)*3"]
				},
				"hand_left_decor_right": {
					"rotation": [0, "60-math.sin(query.anim_time*90*2-180)*3", 0]
				},
				"hand_left_decor_bot": {
					"rotation": [0, 0, "-60+math.sin(query.anim_time*90*2-180)*3"]
				},
				"hand_left_decor_left": {
					"rotation": [0, "-60+math.sin(query.anim_time*90*2-180)*3", 0]
				},
				"hand_left": {
					"rotation": [-30, 0, "10-math.sin(query.anim_time*90*2-180)*0.5"]
				},
				"finger_left_right": {
					"rotation": [0, 0, -50],
					"position": [0.5, 1.5, 0]
				},
				"claw_left_right": {
					"rotation": [0, 0, -40],
					"position": [0.5, 0.75, 0]
				},
				"finger_left_mid": {
					"rotation": [0, 0, -50],
					"position": [0.5, 1.5, 0]
				},
				"claw_left_mid": {
					"rotation": [0, 0, -40],
					"position": [0.5, 0.75, 0]
				},
				"finger_left_left": {
					"rotation": [0, 0, -50],
					"position": [0.5, 1.5, 0]
				},
				"claw_left_left": {
					"rotation": [0, 0, -40],
					"position": [0.5, 0.75, 0]
				},
				"legs": {
					"position": [0, -2.5, 0]
				},
				"leg_right": {
					"rotation": ["30+math.sin(query.anim_time*90*2-60)*1.5", 0, -10],
					"position": [1, "0-math.sin(query.anim_time*90*2-60)*0.2", 0]
				},
				"foreleg_right": {
					"rotation": ["-20-math.sin(query.anim_time*90*2-60)*2", 0, 0],
					"position": [-0.01, 1, 0.25]
				},
				"foot_right_decor_north": {
					"rotation": ["-110+math.sin(query.anim_time*90*2-120)*1.5", 0, 0],
					"position": [0, -5.5, 0]
				},
				"foot_right_decor_west": {
					"rotation": [0, 0, "80-math.sin(query.anim_time*90*2-120)*1.5"],
					"position": [0, -6, 0]
				},
				"foot_right_decor_south": {
					"rotation": ["60-math.sin(query.anim_time*90*2-120)*1.5", 0, 0],
					"position": [0, -6, 0]
				},
				"foot_right_decor_east": {
					"rotation": [0, 0, "-80+math.sin(query.anim_time*90*2-120)*1.5"],
					"position": [0, -6, 0]
				},
				"foot_right": {
					"rotation": ["-10+math.sin(query.anim_time*90*2-90)*0.5", -20, 10],
					"position": [0, 0, 0]
				},
				"leg_left": {
					"rotation": ["-40-math.sin(query.anim_time*90*2-60)*1.5", 40, 0],
					"position": [-1, "-1-math.sin(query.anim_time*90*2-60)*0.2", 0]
				},
				"foreleg_left": {
					"rotation": ["40+math.sin(query.anim_time*90*2-60)*2", 0, 0],
					"position": [0.01, 2, -0.75]
				},
				"foot_left_decor_north": {
					"rotation": ["-95+math.sin(query.anim_time*90*2-120)*1.5", 0, 0],
					"position": [0, -6, 0]
				},
				"foot_left_decor_west": {
					"rotation": [0, 0, "-80+math.sin(query.anim_time*90*2-120)*1.5"],
					"position": [0, -6, 0]
				},
				"foot_left_decor_south": {
					"rotation": ["60-math.sin(query.anim_time*90*2-120)*1.5", 0, 0],
					"position": [0, -6, 0]
				},
				"foot_left_decor_east": {
					"rotation": [0, 0, "80-math.sin(query.anim_time*90*2-120)*1.5"],
					"position": [0, -6, 0]
				},
				"neck_decor_right": {
					"rotation": [0, -7.5, "5+math.sin(query.anim_time*90*2-120)*1"]
				},
				"torso_decor_right": {
					"rotation": [0, 5, "10+math.sin(query.anim_time*90*2-90)*1.5"]
				},
				"torso_decor_left": {
					"rotation": [0, -5, "-10-math.sin(query.anim_time*90*2-90)*1.5"]
				},
				"neck_decor_mid_right": {
					"rotation": [0, -25, "0+math.sin(query.anim_time*90*2-150)*1"],
					"position": [0.5, 0, 1]
				},
				"neck_decor_left": {
					"rotation": [0, 7.5, "-5-math.sin(query.anim_time*90*2-120)*1"]
				},
				"neck_decor_mid_left": {
					"rotation": [0, 25, "0-math.sin(query.anim_time*90*2-150)*1"],
					"position": [-0.5, 0, 1]
				},
				"head": {
					"rotation": ["0+math.sin(query.anim_time*90*2-150)*2", 0, 0]
				},
				"leaf_decor": {
					"rotation": [0, 0, "0-math.sin(query.anim_time*90*2-180)*2"]
				},
				"foot_left": {
					"rotation": ["0-math.sin(query.anim_time*90*2-90)*0.5", 0, 0]
				}
			}
		},
		"animation.pangoro.ground_walk": {
			"loop": true,
			"bones": {
				"torso": {
					"rotation": ["10+math.sin(query.anim_time*90*2*2-0)*1.5", "0-math.sin(query.anim_time*90*2*2-0)*1", 0],
					"position": [0, "-3-math.sin(query.anim_time*90*2*2-30)*0.25", 0]
				},
				"cape": {
					"rotation": ["-50+math.sin(query.anim_time*90*2*2-90)*2", 0, 0]
				},
				"cape_segment_right": {
					"rotation": ["-7.5+math.sin(query.anim_time*90*2*2-120)*2", 10, 0],
					"position": [0, 0, -1]
				},
				"cape_segment_left": {
					"rotation": ["-7.5+math.sin(query.anim_time*90*2*2-120)*2", -10, 0],
					"position": [0, 0, -1]
				},
				"head_decor": {
					"rotation": ["0+math.sin(query.anim_time*90*2*2-120)*0.5", 0, 0],
					"position": [0, -1, -1]
				},
				"leaf_decor_top": {
					"rotation": [0, 0, "45-math.sin(query.anim_time*90*2-210)*2"],
					"position": [0.01768, -0.05303, 0]
				},
				"leaf_decor_bot": {
					"rotation": [0, 0, "-40-math.sin(query.anim_time*90*2*2-210)*2"],
					"position": [0.02223, 0.05129, 0]
				},
				"arm_right": {
					"rotation": [-20, "0-math.sin(q.anim_time*90*4-30)*5", "40+math.sin(q.anim_time*90*4-90)*2"],
					"position": [-1, -1, 0]
				},
				"forearm_right": {
					"rotation": [0, 60, "0+math.sin(query.anim_time*90*2*2-150)*1"],
					"position": [0, 0.01, 0]
				},
				"hand_right_decor_top": {
					"rotation": [0, 0, "-60+math.sin(query.anim_time*90*2*2-180)*3"]
				},
				"hand_right_decor_right": {
					"rotation": [0, "-60+math.sin(query.anim_time*90*2*2-180)*3", 0]
				},
				"hand_right_decor_bot": {
					"rotation": [0, 0, "60+math.sin(query.anim_time*90*2*2-180)*3"]
				},
				"hand_right_decor_left": {
					"rotation": [0, "60-math.sin(query.anim_time*90*2*2-180)*3", 0]
				},
				"hand_right": {
					"rotation": [-30, 0, "10+math.sin(query.anim_time*90*2*2-180)*0.5"]
				},
				"finger_right_right": {
					"rotation": [0, 0, 50],
					"position": [-1, 1.5, 0]
				},
				"claw_right_right": {
					"rotation": [0, 0, 40],
					"position": [-0.5, 0.5, 0]
				},
				"finger_right_mid": {
					"rotation": [0, 0, 50],
					"position": [-1, 1.5, 0]
				},
				"claw_right_mid": {
					"rotation": [0, 0, 42.5],
					"position": [-0.5, 0.5, 0]
				},
				"finger_right_left": {
					"rotation": [0, 0, 50],
					"position": [-1, 1.5, 0]
				},
				"claw_right_left": {
					"rotation": [0, 0, 40],
					"position": [-0.5, 0.5, 0]
				},
				"arm_left": {
					"rotation": [-20, "0-math.sin(q.anim_time*90*4-30)*5", "-40+math.sin(q.anim_time*90*4-90)*2"],
					"position": [1, -1, 0]
				},
				"forearm_left": {
					"rotation": [0, -60, "0-math.sin(query.anim_time*90*2*2-150)*1"],
					"position": [0, 0.01, 0]
				},
				"hand_left_decor_top": {
					"rotation": [0, 0, "60+math.sin(query.anim_time*90*2*2-180)*3"]
				},
				"hand_left_decor_right": {
					"rotation": [0, "60-math.sin(query.anim_time*90*2*2-180)*3", 0]
				},
				"hand_left_decor_bot": {
					"rotation": [0, 0, "-60+math.sin(query.anim_time*90*2*2-180)*3"]
				},
				"hand_left_decor_left": {
					"rotation": [0, "-60+math.sin(query.anim_time*90*2*2-180)*3", 0]
				},
				"hand_left": {
					"rotation": [-30, 0, "10-math.sin(query.anim_time*90*2*2-180)*0.5"]
				},
				"finger_left_right": {
					"rotation": [0, 0, -50],
					"position": [0.5, 1.5, 0]
				},
				"claw_left_right": {
					"rotation": [0, 0, -40],
					"position": [0.5, 0.75, 0]
				},
				"finger_left_mid": {
					"rotation": [0, 0, -50],
					"position": [0.5, 1.5, 0]
				},
				"claw_left_mid": {
					"rotation": [0, 0, -40],
					"position": [0.5, 0.75, 0]
				},
				"finger_left_left": {
					"rotation": [0, 0, -50],
					"position": [0.5, 1.5, 0]
				},
				"claw_left_left": {
					"rotation": [0, 0, -40],
					"position": [0.5, 0.75, 0]
				},
				"legs": {
					"position": [0, -2.5, 0]
				},
				"leg_right": {
					"rotation": ["-40-math.sin(query.anim_time*90*2*2-60)*1.5", -40, 0],
					"position": [1, "-1+math.clamp(math.sin(q.anim_time*90*4+60)*1,0,1)", "0-math.sin(q.anim_time*90*4-30)*0.5"]
				},
				"foreleg_right": {
					"rotation": ["40-math.sin(q.anim_time*90*4+0)*2.5", 0, 0],
					"position": [-0.01, 2, -0.75]
				},
				"foot_right_decor_north": {
					"rotation": ["-110+math.sin(query.anim_time*90*2*2-120)*1.5", 0, 0],
					"position": [0, -5.75, 0]
				},
				"foot_right_decor_west": {
					"rotation": [0, 0, "80-math.sin(query.anim_time*90*2*2-120)*1.5"],
					"position": [0, -6, 0]
				},
				"foot_right_decor_south": {
					"rotation": ["60-math.sin(query.anim_time*90*2*2-120)*1.5", 0, 0],
					"position": [0, -6, 0]
				},
				"foot_right_decor_east": {
					"rotation": [0, 0, "-80+math.sin(query.anim_time*90*2*2-120)*1.5"],
					"position": [0, -6, 0]
				},
				"foot_right": {
					"rotation": ["0+math.sin(query.anim_time*90*2*2-90)*4", 0, 0],
					"position": [0, 0, 0]
				},
				"leg_left": {
					"rotation": ["-40+math.sin(q.anim_time*90*4-30)*5", 40, 0],
					"position": [-1, "-1-math.clamp(math.sin(q.anim_time*90*4+60)*1,-1,0)", "0+math.sin(q.anim_time*90*4-30)*0.5"]
				},
				"foreleg_left": {
					"rotation": ["40+math.sin(q.anim_time*90*4+0)*2.5", 0, 0],
					"position": [0.01, 2, -0.75]
				},
				"foot_left_decor_north": {
					"rotation": ["-110+math.sin(query.anim_time*90*2*2-120)*1.5", 0, 0],
					"position": [0, -5.75, 0]
				},
				"foot_left_decor_west": {
					"rotation": [0, 0, "-80+math.sin(query.anim_time*90*2*2-120)*1.5"],
					"position": [0, -6, 0]
				},
				"foot_left_decor_south": {
					"rotation": ["60-math.sin(query.anim_time*90*2*2-120)*1.5", 0, 0],
					"position": [0, -6, 0]
				},
				"foot_left_decor_east": {
					"rotation": [0, 0, "80-math.sin(query.anim_time*90*2*2-120)*1.5"],
					"position": [0, -6, 0]
				},
				"neck_decor_right": {
					"rotation": [0, -7.5, "5+math.sin(query.anim_time*90*2*2-120)*1"]
				},
				"torso_decor_right": {
					"rotation": [0, 5, "10+math.sin(query.anim_time*90*2*2-90)*1.5"]
				},
				"torso_decor_left": {
					"rotation": [0, -5, "-10-math.sin(query.anim_time*90*2-90)*1.5"]
				},
				"neck_decor_mid_right": {
					"rotation": [0, -25, "0+math.sin(query.anim_time*90*2*2-150)*1"],
					"position": [0.5, 0, 1]
				},
				"neck_decor_left": {
					"rotation": [0, 7.5, "-5-math.sin(query.anim_time*90*2*2-120)*1"]
				},
				"neck_decor_mid_left": {
					"rotation": [0, 25, "0-math.sin(query.anim_time*90*2*2-150)*1"],
					"position": [-0.5, 0, 1]
				},
				"head": {
					"rotation": ["0+math.sin(query.anim_time*90*2*2-150)*2", 0, 0]
				},
				"leaf_decor": {
					"rotation": [0, 0, "0-math.sin(query.anim_time*90*2*2-180)*2"]
				},
				"foot_left": {
					"rotation": ["0-math.sin(query.anim_time*90*2*2-90)*4", 0, 0]
				}
			}
		}
	}
}