{
	"format_version": "1.12.0",
	"minecraft:geometry": [
		{
			"description": {
				"identifier": "geometry.mewtwo_mega_y",
				"texture_width": 128,
				"texture_height": 128,
				"visible_bounds_width": 9,
				"visible_bounds_height": 4.5,
				"visible_bounds_offset": [0, 1.75, 0]
			},
			"bones": [
				{
					"name": "mewtwo_mega_y",
					"pivot": [0, 0, 0]
				},
				{
					"name": "body",
					"parent": "mewtwo_mega_y",
					"pivot": [0, 19, 0]
				},
				{
					"name": "torso",
					"parent": "body",
					"pivot": [0, 0.25, -0.5]
				},
				{
					"name": "chest3",
					"parent": "torso",
					"pivot": [0, 20.5, -0.5],
					"cubes": [
						{"origin": [-2.5, 17, -2.5], "size": [5, 6, 5], "uv": [26, 42]}
					]
				},
				{
					"name": "waist",
					"parent": "chest3",
					"pivot": [0, 23, 1.5],
					"cubes": [
						{"origin": [-1.5, 22.5, -1.5], "size": [3, 3, 3], "uv": [66, 64]}
					]
				},
				{
					"name": "chest",
					"parent": "waist",
					"pivot": [0, 25.5, -1.5],
					"rotation": [-7.5, 0, 0],
					"cubes": [
						{"origin": [-2, 25.5, -1.5], "size": [4, 4, 3], "uv": [16, 63]}
					]
				},
				{
					"name": "arms",
					"parent": "chest",
					"pivot": [2, 29.5, 1],
					"rotation": [10, 0, 0]
				},
				{
					"name": "bone34",
					"parent": "arms",
					"pivot": [2.025, 29.57059, 0.23296],
					"rotation": [0, 0, 42.5],
					"cubes": [
						{"origin": [2.02096, 27.57059, -0.76934], "size": [7, 2, 2], "uv": [36, 11]}
					]
				},
				{
					"name": "bone36",
					"parent": "bone34",
					"pivot": [9.02096, 27.57059, 1.23066],
					"cubes": [
						{"origin": [9.02096, 27.07059, -1.26934], "size": [5, 3, 3], "uv": [0, 59]}
					]
				},
				{
					"name": "bone38",
					"parent": "bone36",
					"pivot": [14.02096, 30.07059, 0.23066],
					"cubes": [
						{"origin": [14.02096, 27.07059, -1.26934], "size": [3, 3, 3], "inflate": 0.01, "uv": [24, 72]}
					]
				},
				{
					"name": "bone37",
					"parent": "bone38",
					"pivot": [16.67096, 28.22059, -0.51934],
					"rotation": [2.1614, 4.7642, 12.49554],
					"cubes": [
						{"origin": [16.68059, 27.63533, -1.03801], "size": [1, 1, 1], "uv": [76, 18]}
					]
				},
				{
					"name": "bone39",
					"parent": "bone37",
					"pivot": [17.68059, 28.63533, -0.53801],
					"cubes": [
						{"origin": [17.68059, 27.63533, -1.03801], "size": [2, 1, 1], "uv": [24, 70]}
					]
				},
				{
					"name": "bone43",
					"parent": "bone38",
					"pivot": [14.67096, 27.97059, -0.51934],
					"rotation": [31.8304, 52.55861, 54.1083],
					"cubes": [
						{"origin": [14.68059, 27.38533, -1.03801], "size": [1, 1, 1], "uv": [76, 22]}
					]
				},
				{
					"name": "bone44",
					"parent": "bone43",
					"pivot": [15.68059, 28.38533, -1.03801],
					"rotation": [0, 5, 0],
					"cubes": [
						{"origin": [15.63702, 27.38533, -1.03991], "size": [2, 1, 1], "uv": [72, 40]}
					]
				},
				{
					"name": "bone40",
					"parent": "bone38",
					"pivot": [16.67096, 28.22059, 0.98066],
					"rotation": [2.33515, -22.71546, 11.41378],
					"cubes": [
						{"origin": [16.68059, 27.63533, 0.46199], "size": [1, 1, 1], "uv": [76, 20]}
					]
				},
				{
					"name": "bone41",
					"parent": "bone40",
					"pivot": [17.68059, 28.63533, 0.96199],
					"cubes": [
						{"origin": [17.68059, 27.63533, 0.46199], "size": [2, 1, 1], "uv": [72, 38]}
					]
				},
				{
					"name": "bone35",
					"parent": "arms",
					"pivot": [-2, 29.57059, 0.23296],
					"rotation": [0, 0, -42.5],
					"cubes": [
						{"origin": [-8.99596, 27.57059, -0.76934], "size": [7, 2, 2], "uv": [36, 11], "mirror": true}
					]
				},
				{
					"name": "bone46",
					"parent": "bone35",
					"pivot": [-8.99596, 27.57059, 1.23066],
					"cubes": [
						{"origin": [-13.99596, 27.07059, -1.26934], "size": [5, 3, 3], "uv": [0, 59], "mirror": true}
					]
				},
				{
					"name": "bone47",
					"parent": "bone46",
					"pivot": [-13.99596, 30.07059, 0.23066],
					"cubes": [
						{"origin": [-16.99596, 27.07059, -1.26934], "size": [3, 3, 3], "inflate": 0.01, "uv": [24, 72], "mirror": true}
					]
				},
				{
					"name": "bone48",
					"parent": "bone47",
					"pivot": [-16.64596, 28.22059, -0.51934],
					"rotation": [2.1614, -4.7642, -12.49554],
					"cubes": [
						{"origin": [-17.65559, 27.63533, -1.03801], "size": [1, 1, 1], "uv": [76, 18], "mirror": true}
					]
				},
				{
					"name": "bone49",
					"parent": "bone48",
					"pivot": [-17.65559, 28.63533, -0.53801],
					"cubes": [
						{"origin": [-19.65559, 27.63533, -1.03801], "size": [2, 1, 1], "uv": [24, 70], "mirror": true}
					]
				},
				{
					"name": "bone50",
					"parent": "bone47",
					"pivot": [-14.64596, 27.97059, -0.51934],
					"rotation": [31.8304, -52.55861, -54.1083],
					"cubes": [
						{"origin": [-15.65559, 27.38533, -1.03801], "size": [1, 1, 1], "uv": [76, 22], "mirror": true}
					]
				},
				{
					"name": "bone51",
					"parent": "bone50",
					"pivot": [-15.65559, 28.38533, -1.03801],
					"rotation": [0, -5, 0],
					"cubes": [
						{"origin": [-17.61202, 27.38533, -1.03991], "size": [2, 1, 1], "uv": [72, 40], "mirror": true}
					]
				},
				{
					"name": "bone52",
					"parent": "bone47",
					"pivot": [-16.64596, 28.22059, 0.98066],
					"rotation": [2.33515, 22.71546, -11.41378],
					"cubes": [
						{"origin": [-17.65559, 27.63533, 0.46199], "size": [1, 1, 1], "uv": [76, 20], "mirror": true}
					]
				},
				{
					"name": "bone53",
					"parent": "bone52",
					"pivot": [-17.65559, 28.63533, 0.96199],
					"cubes": [
						{"origin": [-19.65559, 27.63533, 0.46199], "size": [2, 1, 1], "uv": [72, 38], "mirror": true}
					]
				},
				{
					"name": "bone45",
					"parent": "chest",
					"pivot": [0, 26.5, -1.5],
					"cubes": [
						{"origin": [0, 25.5, -2.5], "size": [0, 3, 2], "uv": [54, 11]}
					]
				},
				{
					"name": "bone11",
					"parent": "chest",
					"pivot": [0, 29.5, 1.5],
					"rotation": [7.5, 0, 0],
					"cubes": [
						{"origin": [-1, 29.5, -0.5], "size": [2, 4, 2], "uv": [74, 7]}
					]
				},
				{
					"name": "head",
					"parent": "bone11",
					"pivot": [0, 30.91667, 0.58333],
					"cubes": [
						{"origin": [-4, 30.75, -4.5], "size": [8, 8, 10], "uv": [0, 0]},
						{"origin": [-3.5, 38.75, -3.5], "size": [7, 2, 9], "uv": [28, 18]}
					]
				},
				{
					"name": "bone56",
					"parent": "head",
					"pivot": [0, 30.25, -3.5],
					"cubes": [
						{"origin": [-1, 31.725, -4.5], "size": [2, 0, 1], "uv": [1, 87]},
						{"origin": [-0.5, 31.7, -4], "size": [1, 0, 1], "uv": [2, 88]}
					]
				},
				{
					"name": "bone32",
					"parent": "head",
					"pivot": [2.4, 34.75, -4.3],
					"cubes": [
						{"origin": [1, 33.25, -4.525], "size": [3, 2, 0], "uv": [52, 16]},
						{"origin": [0.8, 34.75, -4.575], "size": [3, 1, 1], "pivot": [2.3, 35.25, -4.075], "rotation": [0, 0, -17.5], "uv": [36, 15]}
					]
				},
				{
					"name": "eyelid_left",
					"parent": "bone32",
					"pivot": [1, 33.25, -1.525],
					"cubes": [
						{"origin": [0, 33.25, -3.575], "size": [3, 2, 1], "inflate": 0.01, "uv": [1, 1]}
					]
				},
				{
					"name": "bone54",
					"parent": "bone32",
					"pivot": [2.4, 34.325, -4.55],
					"cubes": [
						{"origin": [1.425, 33.25, -4.55], "size": [2, 2, 0], "uv": [6, 76]},
						{"origin": [1.875, 33.9, -4.55], "size": [1, 1, 0], "inflate": 0.02, "uv": [26, 33]}
					]
				},
				{
					"name": "bone33",
					"parent": "head",
					"pivot": [-2.4, 34.75, -4.3],
					"cubes": [
						{"origin": [-4, 33.25, -4.525], "size": [3, 2, 0], "uv": [38, 53]},
						{"origin": [-3.8, 34.75, -4.575], "size": [3, 1, 1], "pivot": [-2.3, 35.25, -4.075], "rotation": [0, 0, 17.5], "uv": [44, 15]}
					]
				},
				{
					"name": "eyelid_right",
					"parent": "bone33",
					"pivot": [-1.5, 34.25, -3.075],
					"cubes": [
						{"origin": [-3, 33.25, -3.575], "size": [3, 2, 1], "inflate": 0.01, "uv": [1, 1]}
					]
				},
				{
					"name": "bone55",
					"parent": "bone33",
					"pivot": [-2.4, 34.325, -4.55],
					"cubes": [
						{"origin": [-3.425, 33.25, -4.55], "size": [2, 2, 0], "uv": [10, 76]},
						{"origin": [-2.875, 33.9, -4.55], "size": [1, 1, 0], "inflate": 0.02, "uv": [26, 34]}
					]
				},
				{
					"name": "bone",
					"parent": "head",
					"pivot": [3.8, 37.5, -1.75],
					"rotation": [29.94685, -1.874, 3.24875],
					"cubes": [
						{"origin": [3.3, 34.5, -3.75], "size": [1, 5, 3], "uv": [72, 30]},
						{"origin": [4.3, 39.5, -3.75], "size": [0, 3, 3], "uv": [60, 72]}
					]
				},
				{
					"name": "bone8",
					"parent": "head",
					"pivot": [-3.8, 37.5, -1.75],
					"rotation": [29.85232, 3.12035, -5.41802],
					"cubes": [
						{"origin": [-4.3, 34.5, -3.75], "size": [1, 5, 3], "uv": [52, 72]},
						{"origin": [-4.3, 39.5, -3.75], "size": [0, 3, 3], "uv": [74, 70]}
					]
				},
				{
					"name": "bone2",
					"parent": "head",
					"pivot": [4.55, 36, 0.25],
					"rotation": [-36.40419, 10.63625, 14.20573],
					"cubes": [
						{"origin": [3.50688, 33.97067, -1.18301], "size": [1, 8, 3], "uv": [0, 65]}
					]
				},
				{
					"name": "bone3",
					"parent": "bone2",
					"pivot": [4.55, 42, 0.25],
					"rotation": [0, 0, -48.25],
					"cubes": [
						{"origin": [3.50688, 41.97067, -1.18301], "size": [1, 5, 3], "uv": [36, 72]}
					]
				},
				{
					"name": "bone4",
					"parent": "bone3",
					"pivot": [4.55, 47, 0.25],
					"rotation": [0, 0, -45],
					"cubes": [
						{"origin": [3.50688, 46.97067, -1.18301], "size": [1, 4, 3], "inflate": 0.01, "uv": [18, 46]}
					]
				},
				{
					"name": "bone5",
					"parent": "head",
					"pivot": [-4.55, 36, 0.25],
					"rotation": [-36.40419, -10.63625, -14.20573],
					"cubes": [
						{"origin": [-4.50688, 33.97067, -1.18301], "size": [1, 8, 3], "uv": [8, 65]}
					]
				},
				{
					"name": "bone6",
					"parent": "bone5",
					"pivot": [-4.55, 42, 0.25],
					"rotation": [0, 0, 48],
					"cubes": [
						{"origin": [-4.50688, 41.97067, -1.18301], "size": [1, 5, 3], "uv": [44, 72]}
					]
				},
				{
					"name": "bone7",
					"parent": "bone6",
					"pivot": [-4.55, 47, 0.25],
					"rotation": [0, 0, 45.25],
					"cubes": [
						{"origin": [-4.50688, 46.97067, -1.18301], "size": [1, 4, 3], "inflate": 0.02, "uv": [74, 0]}
					]
				},
				{
					"name": "bone42",
					"parent": "head",
					"pivot": [0, 31.75, -4.25],
					"rotation": [5, 0, 0],
					"cubes": [
						{"origin": [-1, 30.75, -5.25], "size": [2, 2, 3], "uv": [60, 24]}
					]
				},
				{
					"name": "bone9",
					"parent": "head",
					"pivot": [0, 36.75, 4.5],
					"cubes": [
						{"origin": [-3.5, 32.75, 4.5], "size": [7, 8, 7], "inflate": -0.01, "uv": [0, 18]}
					]
				},
				{
					"name": "bone10",
					"parent": "bone9",
					"pivot": [0, 36.75, 10.4],
					"cubes": [
						{"origin": [-3.5, 33.25, 11.4], "size": [7, 7, 6], "inflate": -0.02, "uv": [28, 29]}
					]
				},
				{
					"name": "bone24",
					"parent": "bone10",
					"pivot": [0, 36.75, 16.4],
					"cubes": [
						{"origin": [-3, 33.75, 16.4], "size": [6, 6, 7], "uv": [0, 33]}
					]
				},
				{
					"name": "bone25",
					"parent": "bone24",
					"pivot": [0, 36.75, 23.3],
					"cubes": [
						{"origin": [-2.5, 34.25, 23.3], "size": [5, 5, 6], "uv": [36, 0]}
					]
				},
				{
					"name": "bone26",
					"parent": "bone25",
					"pivot": [0, 36.75, 28.3],
					"cubes": [
						{"origin": [-2, 34.75, 28.3], "size": [4, 4, 6], "uv": [18, 53]}
					]
				},
				{
					"name": "bone27",
					"parent": "bone26",
					"pivot": [0, 36.75, 33.3],
					"cubes": [
						{"origin": [-1.5, 35.25, 33.3], "size": [3, 3, 6], "uv": [54, 29]}
					]
				},
				{
					"name": "bone28",
					"parent": "bone27",
					"pivot": [0, 36.75, 39.275],
					"cubes": [
						{"origin": [-1.5, 35.25, 39.275], "size": [3, 3, 6], "inflate": -0.01, "uv": [38, 55]}
					]
				},
				{
					"name": "bone29",
					"parent": "bone28",
					"pivot": [0, 36.75, 45.275],
					"cubes": [
						{"origin": [-1, 35.75, 45.275], "size": [2, 2, 7], "uv": [56, 55]}
					]
				},
				{
					"name": "bone30",
					"parent": "bone29",
					"pivot": [0, 36.75, 51.275],
					"cubes": [
						{"origin": [-0.5, 36.25, 51.275], "size": [1, 1, 7], "uv": [58, 10]}
					]
				},
				{
					"name": "bone31",
					"parent": "bone30",
					"pivot": [0, 36.75, 58.275],
					"cubes": [
						{"origin": [-1.5, 36.25, 58.275], "size": [3, 5, 5], "inflate": -0.01, "uv": [58, 0]}
					]
				},
				{
					"name": "crystalL",
					"parent": "chest",
					"pivot": [1.5, 27.25488, 1.12845],
					"rotation": [-120, 0, -160],
					"cubes": [
						{"origin": [1, 26.1, -0.75], "size": [1, 2, 3], "inflate": -0.001, "uv": [8, 86]},
						{"origin": [1, 27.1, 0.4], "size": [1, 2, 1], "inflate": -0.01, "pivot": [1.5, 28.1, 0.85], "rotation": [-45, 0, 0], "uv": [15, 84]},
						{"origin": [1, 28.1, 1.25], "size": [1, 3, 1], "uv": [15, 80]},
						{"origin": [1.5, 26.85, -0.75], "size": [0, 6, 3], "uv": [8, 77]}
					]
				},
				{
					"name": "crystalR",
					"parent": "chest",
					"pivot": [-1.5, 27.25488, 1.12845],
					"rotation": [-120, 0, 160],
					"cubes": [
						{"origin": [-2, 26.1, -0.75], "size": [1, 2, 3], "inflate": -0.001, "uv": [8, 86]},
						{"origin": [-2, 27.1, 0.4], "size": [1, 2, 1], "inflate": -0.01, "pivot": [-1.5, 28.1, 0.85], "rotation": [-45, 0, 0], "uv": [15, 84]},
						{"origin": [-2, 28.1, 1.25], "size": [1, 3, 1], "uv": [15, 80]},
						{"origin": [-1.5, 26.85, -0.75], "size": [0, 6, 3], "uv": [8, 77]}
					]
				},
				{
					"name": "bone12",
					"parent": "body",
					"pivot": [2.75, 20, -0.25],
					"cubes": [
						{"origin": [2, 15, -2.75], "size": [4, 8, 5], "uv": [0, 46]}
					]
				},
				{
					"name": "bone13",
					"parent": "bone12",
					"pivot": [3.6, 15, -1.75],
					"rotation": [32.5, 0, 0],
					"cubes": [
						{"origin": [2.6, 10, -1.75], "size": [3, 5, 3], "uv": [30, 64]}
					]
				},
				{
					"name": "bone14",
					"parent": "bone13",
					"pivot": [4.1, 10, 1.25],
					"rotation": [-55, 0, 0],
					"cubes": [
						{"origin": [3.1, 2, -0.75], "size": [2, 8, 2], "uv": [16, 70]}
					]
				},
				{
					"name": "bone15",
					"parent": "bone14",
					"pivot": [4.1, 3, -0.75],
					"rotation": [20, 0, 0],
					"cubes": [
						{"origin": [2.6, -2, -1.75], "size": [3, 5, 3], "uv": [42, 64]}
					]
				},
				{
					"name": "bone16",
					"parent": "bone14",
					"pivot": [5.1, 4.5, -0.25],
					"rotation": [27.26553, 2.79009, -64.6139],
					"cubes": [
						{"origin": [3.17098, 1.56882, -0.19396], "size": [2, 3, 2], "uv": [64, 50]}
					]
				},
				{
					"name": "bone17",
					"parent": "bone14",
					"pivot": [2.9, 4.5, -0.25],
					"rotation": [27.26553, -2.79009, 64.6139],
					"cubes": [
						{"origin": [2.82902, 1.56882, -0.19396], "size": [2, 3, 2], "uv": [72, 50]}
					]
				},
				{
					"name": "bone18",
					"parent": "body",
					"pivot": [-2.75, 20, -0.25],
					"cubes": [
						{"origin": [-6, 15, -2.75], "size": [4, 8, 5], "uv": [0, 46], "mirror": true}
					]
				},
				{
					"name": "bone19",
					"parent": "bone18",
					"pivot": [-3.6, 15, -1.75],
					"rotation": [32.5, 0, 0],
					"cubes": [
						{"origin": [-5.6, 10, -1.75], "size": [3, 5, 3], "uv": [30, 64], "mirror": true}
					]
				},
				{
					"name": "bone20",
					"parent": "bone19",
					"pivot": [-4.1, 10, 1.25],
					"rotation": [-55, 0, 0],
					"cubes": [
						{"origin": [-5.1, 2, -0.75], "size": [2, 8, 2], "uv": [16, 70], "mirror": true}
					]
				},
				{
					"name": "bone21",
					"parent": "bone20",
					"pivot": [-4.1, 3, -0.75],
					"rotation": [20, 0, 0],
					"cubes": [
						{"origin": [-5.6, -2, -1.75], "size": [3, 5, 3], "uv": [42, 64], "mirror": true}
					]
				},
				{
					"name": "bone22",
					"parent": "bone20",
					"pivot": [-5.1, 4.5, -0.25],
					"rotation": [27.26553, -2.79009, 64.6139],
					"cubes": [
						{"origin": [-5.17098, 1.56882, -0.19396], "size": [2, 3, 2], "uv": [64, 50], "mirror": true}
					]
				},
				{
					"name": "bone23",
					"parent": "bone20",
					"pivot": [-2.9, 4.5, -0.25],
					"rotation": [27.26553, 2.79009, -64.6139],
					"cubes": [
						{"origin": [-4.82902, 1.56882, -0.19396], "size": [2, 3, 2], "uv": [72, 50], "mirror": true}
					]
				}
			]
		}
	]
}