{
	"format_version": "1.12.0",
	"minecraft:geometry": [
		{
			"description": {
				"identifier": "geometry.Mew",
				"texture_width": 64,
				"texture_height": 64,
				"visible_bounds_width": 6,
				"visible_bounds_height": 3.5,
				"visible_bounds_offset": [0, 1.25, 0]
			},
			"bones": [
				{
					"name": "mew",
					"pivot": [0, 0, 0]
				},
				{
					"name": "body",
					"parent": "mew",
					"pivot": [0, 5.5, 0.5]
				},
				{
					"name": "torso",
					"parent": "body",
					"pivot": [0, 5.5, 0.5],
					"cubes": [
						{"origin": [-3, 3, -2.5], "size": [6, 5, 6], "uv": [0, 13]}
					]
				},
				{
					"name": "tail",
					"parent": "torso",
					"pivot": [-0.5, 5.29937, 3.22188],
					"rotation": [-11, 0, 0],
					"cubes": [
						{"origin": [-0.5, 4.79937, 3.22188], "size": [1, 1, 4], "uv": [6, 40]}
					]
				},
				{
					"name": "tail2",
					"parent": "tail",
					"pivot": [0, 5.29937, 7.22188],
					"cubes": [
						{"origin": [-0.5, 4.79937, 7.22188], "size": [1, 1, 4], "uv": [31, 39]}
					]
				},
				{
					"name": "tail3",
					"parent": "tail2",
					"pivot": [0, 5.29937, 11.22188],
					"cubes": [
						{"origin": [-0.5, 4.79937, 11.22188], "size": [1, 1, 4], "uv": [39, 22]}
					]
				},
				{
					"name": "tail4",
					"parent": "tail3",
					"pivot": [0, 5.29937, 15.22188],
					"cubes": [
						{"origin": [-0.5, 4.79937, 15.22188], "size": [1, 1, 4], "uv": [39, 10]}
					]
				},
				{
					"name": "tail5",
					"parent": "tail4",
					"pivot": [0, 5.29937, 19.22188],
					"cubes": [
						{"origin": [-0.5, 4.79937, 19.22188], "size": [1, 1, 4], "uv": [0, 37]}
					]
				},
				{
					"name": "tail6",
					"parent": "tail5",
					"pivot": [0, 5.29937, 23.22188],
					"cubes": [
						{"origin": [-0.5, 4.79937, 23.22188], "size": [1, 1, 4], "uv": [16, 36]}
					]
				},
				{
					"name": "tail7",
					"parent": "tail6",
					"pivot": [0, 5.29937, 26.22188],
					"cubes": [
						{"origin": [-1.5, 3.79937, 26.22188], "size": [3, 3, 5], "uv": [23, 8]},
						{"origin": [-1, 4.29937, 27.72188], "size": [2, 2, 5], "inflate": -0.1, "uv": [21, 0]}
					]
				},
				{
					"name": "chest",
					"parent": "torso",
					"pivot": [0, 9.5, 0.5],
					"cubes": [
						{"origin": [-2.5, 8, -2], "size": [5, 3, 5], "uv": [19, 19]}
					]
				},
				{
					"name": "neck",
					"parent": "chest",
					"pivot": [0, 11.53015, 0.17101],
					"cubes": [
						{"origin": [-2, 9.53015, -1.32899], "size": [4, 4, 3], "uv": [28, 27]}
					]
				},
				{
					"name": "head",
					"parent": "neck",
					"pivot": [0, 13.26378, 0.34719],
					"cubes": [
						{"origin": [-3.5, 13.09503, -3.67708], "size": [7, 6, 7], "uv": [0, 0]},
						{"origin": [3.51, 15.09503, -3.17708], "size": [0, 2, 1], "uv": [0, 3]},
						{"origin": [-3.51, 15.09503, -3.17708], "size": [0, 2, 1], "uv": [2, 4]},
						{"origin": [1, 17.09503, -0.17708], "size": [3, 3, 2], "pivot": [2.5, 18.59503, 0.82292], "rotation": [90, -45, -60], "uv": [35, 34]},
						{"origin": [-4, 17.09503, -0.17708], "size": [3, 3, 2], "pivot": [-2.5, 18.59503, 0.82292], "rotation": [90, 45, 60], "uv": [10, 35]},
						{"origin": [2, 16.59503, -3.68], "size": [1, 1, 0], "uv": [5, 2]},
						{"origin": [-3, 16.59503, -3.68], "size": [1, 1, 0], "uv": [4, 4]},
						{"origin": [-2, 12.94503, -4.97708], "size": [4, 3, 2], "inflate": -0.2, "uv": [34, 5]}
					]
				},
				{
					"name": "arm_left",
					"parent": "chest",
					"pivot": [2, 11, 0.5],
					"cubes": [
						{"origin": [2, 10, -0.5], "size": [3, 1, 2], "uv": [39, 27]}
					]
				},
				{
					"name": "arm_left2",
					"parent": "arm_left",
					"pivot": [5, 11, 0.5],
					"cubes": [
						{"origin": [5, 10, -0.5], "size": [2, 1, 2], "uv": [34, 10]},
						{"origin": [6.75, 10.01, 0], "size": [1, 0, 1], "uv": [1, 4]},
						{"origin": [6.25, 10, -1], "size": [1, 0, 1], "pivot": [7, 10, -0.5], "rotation": [0, 45, 0], "uv": [4, 0]},
						{"origin": [6.25, 10, 1], "size": [1, 0, 1], "pivot": [7, 10, 1.5], "rotation": [0, -45, 0], "uv": [3, 3]}
					]
				},
				{
					"name": "arm_right",
					"parent": "chest",
					"pivot": [-2, 11, 0.5],
					"cubes": [
						{"origin": [-5, 10, -0.5], "size": [3, 1, 2], "uv": [18, 16]}
					]
				},
				{
					"name": "arm_right2",
					"parent": "arm_right",
					"pivot": [-5, 11, 0.5],
					"cubes": [
						{"origin": [-7, 10, -0.5], "size": [2, 1, 2], "uv": [28, 16]},
						{"origin": [-7.75, 10, 0], "size": [1, 0, 1], "uv": [3, 1]},
						{"origin": [-7.25, 10, -1], "size": [1, 0, 1], "pivot": [-7, 10, -0.5], "rotation": [0, -45, 0], "uv": [2, 2]},
						{"origin": [-7.25, 10, 1], "size": [1, 0, 1], "pivot": [-7, 10, 1.5], "rotation": [0, 45, 0], "uv": [2, 0]}
					]
				},
				{
					"name": "leg_left",
					"parent": "body",
					"pivot": [3.5, 3, -0.75],
					"cubes": [
						{"origin": [2, 3.025, -0.85], "size": [3, 4, 4], "inflate": 0.1, "uv": [0, 24]},
						{"origin": [2.5, 1.25, -0.85], "size": [2, 3, 3], "pivot": [3.5, 2.25, 1.15], "rotation": [-45, 0, 0], "uv": [34, 16]}
					]
				},
				{
					"name": "bone11",
					"parent": "leg_left",
					"pivot": [3.5, 1.20667, 1.11],
					"cubes": [
						{"origin": [2.5, 0.2, -2.35], "size": [2, 1, 4], "inflate": 0.2, "uv": [30, 0]}
					]
				},
				{
					"name": "bone21",
					"parent": "bone11",
					"pivot": [3.5, 1.2, -2.5],
					"cubes": [
						{"origin": [2.5, 0.2, -5.75], "size": [2, 1, 3], "inflate": 0.2, "uv": [38, 0]},
						{"origin": [3, 0.01, -5.96], "size": [1, 1, 1], "uv": [0, 0]},
						{"origin": [3, 0.41, -5.96], "size": [1, 1, 3], "uv": [10, 24]}
					]
				},
				{
					"name": "leg_right",
					"parent": "body",
					"pivot": [-3.5, 3, -0.75],
					"cubes": [
						{"origin": [-5, 3.025, -0.85], "size": [3, 4, 4], "inflate": 0.1, "uv": [14, 27]},
						{"origin": [-4.5, 1.25, -0.85], "size": [2, 3, 3], "pivot": [-3.5, 2.25, 1.15], "rotation": [-45, 0, 0], "uv": [25, 34]}
					]
				},
				{
					"name": "bone13",
					"parent": "leg_right",
					"pivot": [-3.5, 1.20667, 1.11],
					"cubes": [
						{"origin": [-4.5, 0.2, -2.35], "size": [2, 1, 4], "inflate": 0.2, "uv": [0, 32]}
					]
				},
				{
					"name": "bone20",
					"parent": "bone13",
					"pivot": [-3.5, 1.2, -2.5],
					"cubes": [
						{"origin": [-4.5, 0.2, -5.75], "size": [2, 1, 3], "inflate": 0.2, "uv": [37, 39]},
						{"origin": [-4, 0.01, -5.96], "size": [1, 1, 1], "uv": [0, 2]},
						{"origin": [-4, 0.41, -5.96], "size": [1, 1, 3], "uv": [23, 40]}
					]
				}
			]
		}
	]
}