{
	"format_version": "1.8.0",
	"animations": {
		"animation.coalossal.pose": {
			"loop": true,
			"bones": {
				"torso": {
					"rotation": [-2.5, 0, 0]
				},
				"head": {
					"rotation": [-22.5, 0, 0]
				},
				"jaw": {
					"rotation": [27.5, 0, 0]
				},
				"bone37": {
					"rotation": [0, 0, 2.5]
				},
				"bone38": {
					"rotation": [0, 0, 7.5]
				},
				"bone40": {
					"rotation": [0, 42.5, 0]
				},
				"bone17": {
					"rotation": [-16.79706, -18.17408, 0.4196],
					"position": [0, -1, 0]
				},
				"bone20": {
					"rotation": [17.5, 0, 0]
				},
				"bone52": {
					"rotation": [0, 0, -2.5]
				},
				"bone54": {
					"rotation": [0, 0, -7.5]
				},
				"bone55": {
					"rotation": [0, -47.5, 0]
				},
				"bone24": {
					"rotation": [3.20294, 18.17408, -0.4196],
					"position": [0, 0, 0]
				},
				"bone25": {
					"rotation": [-5, 0, 0]
				},
				"foot_right": {
					"rotation": [2.5, 0, 0]
				}
			}
		},
		"animation.coalossal.ground_idle": {
			"loop": true,
			"bones": {
				"head": {
					"rotation": ["12.5+math.sin(q.anim_time*90*1-90)*4", 0, 0]
				},
				"bone37": {
					"rotation": [0, "0+math.sin(q.anim_time*90*1-90)*4", "5+math.sin(q.anim_time*90*1)*4"]
				},
				"bone40": {
					"rotation": [0, "30+math.sin(q.anim_time*90*1-90)*4", 0]
				},
				"bone17": {
					"rotation": [0, -15, 0],
					"position": [0, 0, 0]
				},
				"bone52": {
					"rotation": [0, "0-math.sin(q.anim_time*90*1-90)*4", "-7.5-math.sin(q.anim_time*90*1)*4"]
				},
				"bone55": {
					"rotation": [0, "-30-math.sin(q.anim_time*90*1-90)*4", 0]
				},
				"bone24": {
					"rotation": [0, 15, 0],
					"position": [0, 0, 0]
				},
				"bone46": {
					"position": [0, 0.25, 0]
				},
				"bone43": {
					"position": [0, 0.25, 0]
				},
				"torso": {
					"rotation": ["0+math.sin(q.anim_time*90*1-90)*2", 0, 0],
					"position": [0, "0-math.sin(q.anim_time*90*1)*0.5", 0]
				},
				"coal": {
					"rotation": ["0+math.sin(q.anim_time*90*1)*4", 0, 0]
				},
				"bone31": {
					"rotation": ["0+math.sin(q.anim_time*90*1-90)*4", 0, 0]
				},
				"bone32": {
					"rotation": ["0+math.sin(q.anim_time*90*1-90)*4", 0, 0]
				},
				"bone20": {
					"rotation": ["0+math.sin(q.anim_time*90*1)*2", 0, 0]
				}
			}
		},
		"animation.coalossal.battle_idle": {
			"loop": true,
			"bones": {
				"head": {
					"rotation": ["12.5+math.sin(q.anim_time*90*1-90)*4", 0, 0]
				},
				"bone37": {
					"rotation": [0, "0+math.sin(q.anim_time*90*1-90)*4", "5+math.sin(q.anim_time*90*1)*4"]
				},
				"bone40": {
					"rotation": [0, "75+math.sin(q.anim_time*90*1-90)*4", 0]
				},
				"bone17": {
					"rotation": [0, -15, 0],
					"position": [0, 0, -3]
				},
				"bone52": {
					"rotation": [0, "0-math.sin(q.anim_time*90*1-90)*4", "-7.5-math.sin(q.anim_time*90*1)*4"]
				},
				"bone55": {
					"rotation": [0, "-67.5-math.sin(q.anim_time*90*1-90)*4", 0]
				},
				"bone24": {
					"rotation": [0, 15, 0],
					"position": [0, 0, 0]
				},
				"bone46": {
					"position": [0, 0.25, 0]
				},
				"bone43": {
					"position": [0, 0.25, 0]
				},
				"torso": {
					"rotation": ["10+math.sin(q.anim_time*90*1-90)*2", 0, 0],
					"position": [0, "0-math.sin(q.anim_time*90*1)*0.5", 0]
				},
				"coal": {
					"rotation": ["0+math.sin(q.anim_time*90*1)*4", 0, 0]
				},
				"bone31": {
					"rotation": ["0+math.sin(q.anim_time*90*1-90)*4", 0, 0]
				},
				"bone32": {
					"rotation": ["0+math.sin(q.anim_time*90*1-90)*4", 0, 0]
				},
				"bone20": {
					"rotation": ["0+math.sin(q.anim_time*90*1)*2", 0, 0]
				}
			}
		},
		"animation.coalossal.ground_walk": {
			"loop": true,
			"animation_length": 2,
			"bones": {
				"body": {
					"position": {
						"0.0": [0, 0, 0],
						"0.9583": [0, 0, 0],
						"1.0": [0, -1, 0],
						"1.0417": [0, 0, 0],
						"1.9583": [0, 0, 0],
						"2.0": [0, -1, 0]
					}
				},
				"torso": {
					"rotation": [
						"12.5+math.cos((q.anim_time)*90*8/2-90)*2",
						"math.cos((q.anim_time)*90*8/4-90)*15+math.cos((q.anim_time)*90*8/4-90)*2",
						"0-math.cos((q.anim_time)*90*8/4)*5"
					],
					"position": ["0-math.cos((q.anim_time)*90*8/4-90)*0.5", "0-math.cos((q.anim_time)*90*8/2)*1", 0]
				},
				"head": {
					"rotation": ["0-math.cos((q.anim_time)*90*8/4-90)*2", "-math.cos((q.anim_time)*90*8/4-90)*15", 0]
				},
				"bone8": {
					"rotation": [0, 0, 0]
				},
				"coal": {
					"rotation": [0, 0, "0-math.cos((q.anim_time)*90*8/4)*5"]
				},
				"bone31": {
					"rotation": [0, 0, "0-math.cos((q.anim_time)*90*8/4-90)*5"]
				},
				"bone32": {
					"rotation": [0, 0, "0-math.cos((q.anim_time)*90*8/4)*5"]
				},
				"bone37": {
					"rotation": {
						"0.0": {
							"post": [0, -30, 0],
							"lerp_mode": "catmullrom"
						},
						"1.0": {
							"post": [0, 20, 0],
							"lerp_mode": "catmullrom"
						},
						"2.0": {
							"post": [0, -30, 0],
							"lerp_mode": "catmullrom"
						}
					}
				},
				"bone40": {
					"rotation": {
						"0.0": {
							"post": [0, 55, 0],
							"lerp_mode": "catmullrom"
						},
						"0.25": {
							"post": [0, 38.23, 0],
							"lerp_mode": "catmullrom"
						},
						"1.0": {
							"post": [0, 65, 0],
							"lerp_mode": "catmullrom"
						},
						"1.2083": {
							"post": [0, 71.38, 0],
							"lerp_mode": "catmullrom"
						},
						"2.0": {
							"post": [0, 55, 0],
							"lerp_mode": "catmullrom"
						}
					}
				},
				"bone52": {
					"rotation": {
						"0.0": {
							"post": [0, -37.5, 0],
							"lerp_mode": "catmullrom"
						},
						"1.0": {
							"post": [0, 20, 0],
							"lerp_mode": "catmullrom"
						},
						"2.0": {
							"post": [0, -37.5, 0],
							"lerp_mode": "catmullrom"
						}
					}
				},
				"bone55": {
					"rotation": {
						"0.0": {
							"post": [0, -47.5, 0],
							"lerp_mode": "catmullrom"
						},
						"0.2917": {
							"post": [0, -59.42, 0],
							"lerp_mode": "catmullrom"
						},
						"1.0": {
							"post": [0, -32.5, 0],
							"lerp_mode": "catmullrom"
						},
						"1.3333": {
							"post": [0, -24.51, 0],
							"lerp_mode": "catmullrom"
						},
						"2.0": {
							"post": [0, -47.5, 0],
							"lerp_mode": "catmullrom"
						}
					}
				},
				"bone17": {
					"rotation": {
						"0.0": [-12.79362, -12.19908, 2.74715],
						"1.0": [21.98073, -11.13799, 0.83637],
						"1.9167": {
							"pre": [-8.01927, -11.13799, 0.83637],
							"post": [-8.01927, -11.13799, 0.83637],
							"lerp_mode": "catmullrom"
						},
						"2.0": [-12.79362, -12.19908, 2.74715]
					},
					"position": {
						"0.0": [0, -1, -3],
						"1.0": [0, -0.5, 4],
						"1.9167": {
							"pre": [0, 1.5, -2],
							"post": [0, 1.5, -2],
							"lerp_mode": "catmullrom"
						},
						"2.0": [0, -1, -3]
					}
				},
				"bone20": {
					"rotation": {
						"0.0": [12.5, 0, 0],
						"1.0": [-2.5, 0, 0],
						"1.9167": [10, 0, 0],
						"2.0": [12.5, 0, 0]
					}
				},
				"bone19": {
					"rotation": {
						"0.0": [0, 0, 0],
						"1.0": [-20, 0, 0],
						"1.9167": [0, 0, 0],
						"2.0": [0, 0, 0]
					}
				},
				"bone24": {
					"rotation": {
						"0.0": [7.7614, 14.8687, 2.00307],
						"0.9167": {
							"pre": [-9.7386, 14.8687, 2.00307],
							"post": [-9.7386, 14.8687, 2.00307],
							"lerp_mode": "catmullrom"
						},
						"1.0": [-2.58807, 14.98539, -0.66963],
						"2.0": [7.7614, 14.8687, 2.00307]
					},
					"position": {
						"0.0": [0, -0.25, 4],
						"0.9167": {
							"pre": [0, 1.75, -3],
							"post": [0, 1.75, -3],
							"lerp_mode": "catmullrom"
						},
						"1.0": [0, -0.375, -3],
						"2.0": [0, -0.25, 4]
					}
				},
				"bone25": {
					"rotation": {
						"0.0": [0, 0, 0],
						"0.9167": [7.5, 0, 0],
						"1.0": [2.5, 0, 0],
						"2.0": [0, 0, 0]
					}
				},
				"foot_right": {
					"rotation": {
						"0.0": [-7.5, 0, 0],
						"0.9167": [0, 0, 0],
						"1.0": [0, 0, 0],
						"2.0": [-7.5, 0, 0]
					}
				}
			}
		},
		"animation.coalossal.ground_walk_test": {
			"loop": true,
			"animation_length": 10,
			"bones": {
				"coalossal": {
					"rotation": {
						"0.0": [0, 0, 0],
						"2.0": [0, 0, 0],
						"4.0": [0, 0, 0],
						"6.0": [0, 0, 0],
						"8.0": [0, 0, 0]
					},
					"position": {
						"0.0": [0, 0, "-query.anim_time *90 *0.1"],
						"2.0": [0, 0, "-query.anim_time *90 *0.1"],
						"4.0": [0, 0, "-query.anim_time *90 *0.1"],
						"6.0": [0, 0, "-query.anim_time *90 *0.1"],
						"8.0": [0, 0, "-query.anim_time *90 *0.1"]
					}
				},
				"body": {
					"position": {
						"0.0": [0, 0, 0],
						"0.9583": [0, 0, 0],
						"1.0": [0, -1, 0],
						"1.0417": [0, 0, 0],
						"1.9583": [0, 0, 0],
						"2.0": [0, -1, 0],
						"2.0417": [0, 0, 0],
						"2.9583": [0, 0, 0],
						"3.0": [0, -1, 0],
						"3.0417": [0, 0, 0],
						"3.9583": [0, 0, 0],
						"4.0": [0, -1, 0],
						"4.0417": [0, 0, 0],
						"4.9583": [0, 0, 0],
						"5.0": [0, -1, 0],
						"5.0417": [0, 0, 0],
						"5.9583": [0, 0, 0],
						"6.0": [0, -1, 0],
						"6.0417": [0, 0, 0],
						"6.9583": [0, 0, 0],
						"7.0": [0, -1, 0],
						"7.0417": [0, 0, 0],
						"7.9583": [0, 0, 0],
						"8.0": [0, -1, 0],
						"8.0417": [0, 0, 0],
						"8.9583": [0, 0, 0],
						"9.0": [0, -1, 0],
						"9.0417": [0, 0, 0],
						"9.9583": [0, 0, 0],
						"10.0": [0, -1, 0]
					}
				},
				"torso": {
					"rotation": {
						"0.0": ["12.5+math.cos((q.anim_time)*90*8/2-90)*2", "math.cos((q.anim_time)*90*8/4-90)*15", "0-math.cos((q.anim_time)*90*8/4)*5"],
						"2.0": ["12.5+math.cos((q.anim_time)*90*8/2-90)*2", "math.cos((q.anim_time)*90*8/4-90)*15", "0-math.cos((q.anim_time)*90*8/4)*5"],
						"4.0": ["12.5+math.cos((q.anim_time)*90*8/2-90)*2", "math.cos((q.anim_time)*90*8/4-90)*15", "0-math.cos((q.anim_time)*90*8/4)*5"],
						"6.0": ["12.5+math.cos((q.anim_time)*90*8/2-90)*2", "math.cos((q.anim_time)*90*8/4-90)*15", "0-math.cos((q.anim_time)*90*8/4)*5"],
						"8.0": ["12.5+math.cos((q.anim_time)*90*8/2-90)*2", "math.cos((q.anim_time)*90*8/4-90)*15", "0-math.cos((q.anim_time)*90*8/4)*5"]
					},
					"position": {
						"0.0": ["0-math.cos((q.anim_time)*90*8/4-90)*0.5", "0-math.cos((q.anim_time)*90*8/2)*1", 0],
						"2.0": ["0-math.cos((q.anim_time)*90*8/4-90)*0.5", "0-math.cos((q.anim_time)*90*8/2)*1", 0],
						"4.0": ["0-math.cos((q.anim_time)*90*8/4-90)*0.5", "0-math.cos((q.anim_time)*90*8/2)*1", 0],
						"6.0": ["0-math.cos((q.anim_time)*90*8/4-90)*0.5", "0-math.cos((q.anim_time)*90*8/2)*1", 0],
						"8.0": ["0-math.cos((q.anim_time)*90*8/4-90)*0.5", "0-math.cos((q.anim_time)*90*8/2)*1", 0]
					}
				},
				"head": {
					"rotation": {
						"0.0": ["0-math.cos((q.anim_time)*90*8/4-90)*2", "-math.cos((q.anim_time)*90*8/4-90)*15", 0],
						"2.0": ["0-math.cos((q.anim_time)*90*8/4-90)*2", "-math.cos((q.anim_time)*90*8/4-90)*15", 0],
						"4.0": ["0-math.cos((q.anim_time)*90*8/4-90)*2", "-math.cos((q.anim_time)*90*8/4-90)*15", 0],
						"6.0": ["0-math.cos((q.anim_time)*90*8/4-90)*2", "-math.cos((q.anim_time)*90*8/4-90)*15", 0],
						"8.0": ["0-math.cos((q.anim_time)*90*8/4-90)*2", "-math.cos((q.anim_time)*90*8/4-90)*15", 0]
					}
				},
				"bone8": {
					"rotation": {
						"0.0": [0, 0, 0],
						"2.0": [0, 0, 0],
						"4.0": [0, 0, 0],
						"6.0": [0, 0, 0],
						"8.0": [0, 0, 0]
					}
				},
				"coal": {
					"rotation": {
						"0.0": [0, 0, "0-math.cos((q.anim_time)*90*8/4)*5"],
						"2.0": [0, 0, "0-math.cos((q.anim_time)*90*8/4)*5"],
						"4.0": [0, 0, "0-math.cos((q.anim_time)*90*8/4)*5"],
						"6.0": [0, 0, "0-math.cos((q.anim_time)*90*8/4)*5"],
						"8.0": [0, 0, "0-math.cos((q.anim_time)*90*8/4)*5"]
					}
				},
				"bone31": {
					"rotation": {
						"0.0": [0, 0, "0-math.cos((q.anim_time)*90*8/4-90)*5"],
						"2.0": [0, 0, "0-math.cos((q.anim_time)*90*8/4-90)*5"],
						"4.0": [0, 0, "0-math.cos((q.anim_time)*90*8/4-90)*5"],
						"6.0": [0, 0, "0-math.cos((q.anim_time)*90*8/4-90)*5"],
						"8.0": [0, 0, "0-math.cos((q.anim_time)*90*8/4-90)*5"]
					}
				},
				"bone32": {
					"rotation": {
						"0.0": [0, 0, "0-math.cos((q.anim_time)*90*8/4)*5"],
						"2.0": [0, 0, "0-math.cos((q.anim_time)*90*8/4)*5"],
						"4.0": [0, 0, "0-math.cos((q.anim_time)*90*8/4)*5"],
						"6.0": [0, 0, "0-math.cos((q.anim_time)*90*8/4)*5"],
						"8.0": [0, 0, "0-math.cos((q.anim_time)*90*8/4)*5"]
					}
				},
				"bone37": {
					"rotation": {
						"0.0": {
							"post": [0, -30, 0],
							"lerp_mode": "catmullrom"
						},
						"1.0": {
							"post": [0, 20, 0],
							"lerp_mode": "catmullrom"
						},
						"2.0": {
							"post": [0, -30, 0],
							"lerp_mode": "catmullrom"
						},
						"3.0": {
							"post": [0, 20, 0],
							"lerp_mode": "catmullrom"
						},
						"4.0": {
							"post": [0, -30, 0],
							"lerp_mode": "catmullrom"
						},
						"5.0": {
							"post": [0, 20, 0],
							"lerp_mode": "catmullrom"
						},
						"6.0": {
							"post": [0, -30, 0],
							"lerp_mode": "catmullrom"
						},
						"7.0": {
							"post": [0, 20, 0],
							"lerp_mode": "catmullrom"
						},
						"8.0": {
							"post": [0, -30, 0],
							"lerp_mode": "catmullrom"
						},
						"9.0": {
							"post": [0, 20, 0],
							"lerp_mode": "catmullrom"
						},
						"10.0": {
							"post": [0, -30, 0],
							"lerp_mode": "catmullrom"
						}
					}
				},
				"bone40": {
					"rotation": {
						"0.0": {
							"post": [0, 55, 0],
							"lerp_mode": "catmullrom"
						},
						"0.25": {
							"post": [0, 38.23, 0],
							"lerp_mode": "catmullrom"
						},
						"1.0": {
							"post": [0, 65, 0],
							"lerp_mode": "catmullrom"
						},
						"1.2083": {
							"post": [0, 71.38, 0],
							"lerp_mode": "catmullrom"
						},
						"2.0": {
							"post": [0, 55, 0],
							"lerp_mode": "catmullrom"
						},
						"2.25": {
							"post": [0, 38.23, 0],
							"lerp_mode": "catmullrom"
						},
						"3.0": {
							"post": [0, 65, 0],
							"lerp_mode": "catmullrom"
						},
						"3.2083": {
							"post": [0, 71.38, 0],
							"lerp_mode": "catmullrom"
						},
						"4.0": {
							"post": [0, 55, 0],
							"lerp_mode": "catmullrom"
						},
						"4.25": {
							"post": [0, 38.23, 0],
							"lerp_mode": "catmullrom"
						},
						"5.0": {
							"post": [0, 65, 0],
							"lerp_mode": "catmullrom"
						},
						"5.2083": {
							"post": [0, 71.38, 0],
							"lerp_mode": "catmullrom"
						},
						"6.0": {
							"post": [0, 55, 0],
							"lerp_mode": "catmullrom"
						},
						"6.25": {
							"post": [0, 38.23, 0],
							"lerp_mode": "catmullrom"
						},
						"7.0": {
							"post": [0, 65, 0],
							"lerp_mode": "catmullrom"
						},
						"7.2083": {
							"post": [0, 71.38, 0],
							"lerp_mode": "catmullrom"
						},
						"8.0": {
							"post": [0, 55, 0],
							"lerp_mode": "catmullrom"
						},
						"8.25": {
							"post": [0, 38.23, 0],
							"lerp_mode": "catmullrom"
						},
						"9.0": {
							"post": [0, 65, 0],
							"lerp_mode": "catmullrom"
						},
						"9.2083": {
							"post": [0, 71.38, 0],
							"lerp_mode": "catmullrom"
						},
						"10.0": {
							"post": [0, 55, 0],
							"lerp_mode": "catmullrom"
						}
					}
				},
				"bone52": {
					"rotation": {
						"0.0": {
							"post": [0, -37.5, 0],
							"lerp_mode": "catmullrom"
						},
						"1.0": {
							"post": [0, 20, 0],
							"lerp_mode": "catmullrom"
						},
						"2.0": {
							"post": [0, -37.5, 0],
							"lerp_mode": "catmullrom"
						},
						"3.0": {
							"post": [0, 20, 0],
							"lerp_mode": "catmullrom"
						},
						"4.0": {
							"post": [0, -37.5, 0],
							"lerp_mode": "catmullrom"
						},
						"5.0": {
							"post": [0, 20, 0],
							"lerp_mode": "catmullrom"
						},
						"6.0": {
							"post": [0, -37.5, 0],
							"lerp_mode": "catmullrom"
						},
						"7.0": {
							"post": [0, 20, 0],
							"lerp_mode": "catmullrom"
						},
						"8.0": {
							"post": [0, -37.5, 0],
							"lerp_mode": "catmullrom"
						},
						"9.0": {
							"post": [0, 20, 0],
							"lerp_mode": "catmullrom"
						},
						"10.0": {
							"post": [0, -37.5, 0],
							"lerp_mode": "catmullrom"
						}
					}
				},
				"bone55": {
					"rotation": {
						"0.0": {
							"post": [0, -47.5, 0],
							"lerp_mode": "catmullrom"
						},
						"0.2917": {
							"post": [0, -59.42, 0],
							"lerp_mode": "catmullrom"
						},
						"1.0": {
							"post": [0, -32.5, 0],
							"lerp_mode": "catmullrom"
						},
						"1.3333": {
							"post": [0, -24.51, 0],
							"lerp_mode": "catmullrom"
						},
						"2.0": {
							"post": [0, -47.5, 0],
							"lerp_mode": "catmullrom"
						},
						"2.2917": {
							"post": [0, -59.42, 0],
							"lerp_mode": "catmullrom"
						},
						"3.0": {
							"post": [0, -32.5, 0],
							"lerp_mode": "catmullrom"
						},
						"3.3333": {
							"post": [0, -24.51, 0],
							"lerp_mode": "catmullrom"
						},
						"4.0": {
							"post": [0, -47.5, 0],
							"lerp_mode": "catmullrom"
						},
						"4.2917": {
							"post": [0, -59.42, 0],
							"lerp_mode": "catmullrom"
						},
						"5.0": {
							"post": [0, -32.5, 0],
							"lerp_mode": "catmullrom"
						},
						"5.3333": {
							"post": [0, -24.51, 0],
							"lerp_mode": "catmullrom"
						},
						"6.0": {
							"post": [0, -47.5, 0],
							"lerp_mode": "catmullrom"
						},
						"6.2917": {
							"post": [0, -59.42, 0],
							"lerp_mode": "catmullrom"
						},
						"7.0": {
							"post": [0, -32.5, 0],
							"lerp_mode": "catmullrom"
						},
						"7.3333": {
							"post": [0, -24.51, 0],
							"lerp_mode": "catmullrom"
						},
						"8.0": {
							"post": [0, -47.5, 0],
							"lerp_mode": "catmullrom"
						},
						"8.2917": {
							"post": [0, -59.42, 0],
							"lerp_mode": "catmullrom"
						},
						"9.0": {
							"post": [0, -32.5, 0],
							"lerp_mode": "catmullrom"
						},
						"9.3333": {
							"post": [0, -24.51, 0],
							"lerp_mode": "catmullrom"
						},
						"10.0": {
							"post": [0, -47.5, 0],
							"lerp_mode": "catmullrom"
						}
					}
				},
				"bone17": {
					"rotation": {
						"0.0": [-12.79362, -12.19908, 2.74715],
						"1.0": [21.98073, -11.13799, 0.83637],
						"1.9167": {
							"pre": [-8.01927, -11.13799, 0.83637],
							"post": [-8.01927, -11.13799, 0.83637],
							"lerp_mode": "catmullrom"
						},
						"2.0": [-12.79362, -12.19908, 2.74715],
						"3.0": [21.98073, -11.13799, 0.83637],
						"3.9167": {
							"pre": [-8.01927, -11.13799, 0.83637],
							"post": [-8.01927, -11.13799, 0.83637],
							"lerp_mode": "catmullrom"
						},
						"4.0": [-12.79362, -12.19908, 2.74715],
						"5.0": [21.98073, -11.13799, 0.83637],
						"5.9167": {
							"pre": [-8.01927, -11.13799, 0.83637],
							"post": [-8.01927, -11.13799, 0.83637],
							"lerp_mode": "catmullrom"
						},
						"6.0": [-12.79362, -12.19908, 2.74715],
						"7.0": [21.98073, -11.13799, 0.83637],
						"7.9167": {
							"pre": [-8.01927, -11.13799, 0.83637],
							"post": [-8.01927, -11.13799, 0.83637],
							"lerp_mode": "catmullrom"
						},
						"8.0": [-12.79362, -12.19908, 2.74715],
						"9.0": [21.98073, -11.13799, 0.83637],
						"9.9167": {
							"pre": [-8.01927, -11.13799, 0.83637],
							"post": [-8.01927, -11.13799, 0.83637],
							"lerp_mode": "catmullrom"
						},
						"10.0": [-12.79362, -12.19908, 2.74715]
					},
					"position": {
						"0.0": [0, -1, -3],
						"1.0": [0, -0.5, 4],
						"1.9167": {
							"pre": [0, 1.5, -2],
							"post": [0, 1.5, -2],
							"lerp_mode": "catmullrom"
						},
						"2.0": [0, -1, -3],
						"3.0": [0, -0.5, 4],
						"3.9167": {
							"pre": [0, 1.5, -2],
							"post": [0, 1.5, -2],
							"lerp_mode": "catmullrom"
						},
						"4.0": [0, -1, -3],
						"5.0": [0, -0.5, 4],
						"5.9167": {
							"pre": [0, 1.5, -2],
							"post": [0, 1.5, -2],
							"lerp_mode": "catmullrom"
						},
						"6.0": [0, -1, -3],
						"7.0": [0, -0.5, 4],
						"7.9167": {
							"pre": [0, 1.5, -2],
							"post": [0, 1.5, -2],
							"lerp_mode": "catmullrom"
						},
						"8.0": [0, -1, -3],
						"9.0": [0, -0.5, 4],
						"9.9167": {
							"pre": [0, 1.5, -2],
							"post": [0, 1.5, -2],
							"lerp_mode": "catmullrom"
						},
						"10.0": [0, -1, -3]
					}
				},
				"bone20": {
					"rotation": {
						"0.0": [12.5, 0, 0],
						"1.0": [-2.5, 0, 0],
						"1.9167": [10, 0, 0],
						"2.0": [12.5, 0, 0],
						"3.0": [-2.5, 0, 0],
						"3.9167": [10, 0, 0],
						"4.0": [12.5, 0, 0],
						"5.0": [-2.5, 0, 0],
						"5.9167": [10, 0, 0],
						"6.0": [12.5, 0, 0],
						"7.0": [-2.5, 0, 0],
						"7.9167": [10, 0, 0],
						"8.0": [12.5, 0, 0],
						"9.0": [-2.5, 0, 0],
						"9.9167": [10, 0, 0],
						"10.0": [12.5, 0, 0]
					}
				},
				"bone19": {
					"rotation": {
						"0.0": [0, 0, 0],
						"1.0": [-20, 0, 0],
						"1.9167": [0, 0, 0],
						"2.0": [0, 0, 0],
						"3.0": [-20, 0, 0],
						"3.9167": [0, 0, 0],
						"4.0": [0, 0, 0],
						"5.0": [-20, 0, 0],
						"5.9167": [0, 0, 0],
						"6.0": [0, 0, 0],
						"7.0": [-20, 0, 0],
						"7.9167": [0, 0, 0],
						"8.0": [0, 0, 0],
						"9.0": [-20, 0, 0],
						"9.9167": [0, 0, 0],
						"10.0": [0, 0, 0]
					}
				},
				"bone24": {
					"rotation": {
						"0.0": [7.7614, 14.8687, 2.00307],
						"0.9167": {
							"pre": [-9.7386, 14.8687, 2.00307],
							"post": [-9.7386, 14.8687, 2.00307],
							"lerp_mode": "catmullrom"
						},
						"1.0": [-2.58807, 14.98539, -0.66963],
						"2.0": [7.7614, 14.8687, 2.00307],
						"2.9167": {
							"pre": [-9.7386, 14.8687, 2.00307],
							"post": [-9.7386, 14.8687, 2.00307],
							"lerp_mode": "catmullrom"
						},
						"3.0": [-2.58807, 14.98539, -0.66963],
						"4.0": [7.7614, 14.8687, 2.00307],
						"4.9167": {
							"pre": [-9.7386, 14.8687, 2.00307],
							"post": [-9.7386, 14.8687, 2.00307],
							"lerp_mode": "catmullrom"
						},
						"5.0": [-2.58807, 14.98539, -0.66963],
						"6.0": [7.7614, 14.8687, 2.00307],
						"6.9167": {
							"pre": [-9.7386, 14.8687, 2.00307],
							"post": [-9.7386, 14.8687, 2.00307],
							"lerp_mode": "catmullrom"
						},
						"7.0": [-2.58807, 14.98539, -0.66963],
						"8.0": [7.7614, 14.8687, 2.00307],
						"8.9167": {
							"pre": [-9.7386, 14.8687, 2.00307],
							"post": [-9.7386, 14.8687, 2.00307],
							"lerp_mode": "catmullrom"
						},
						"9.0": [-2.58807, 14.98539, -0.66963],
						"10.0": [7.7614, 14.8687, 2.00307]
					},
					"position": {
						"0.0": [0, -0.25, 4],
						"0.9167": {
							"pre": [0, 1.75, -3],
							"post": [0, 1.75, -3],
							"lerp_mode": "catmullrom"
						},
						"1.0": [0, -0.375, -3],
						"2.0": [0, -0.25, 4],
						"2.9167": {
							"pre": [0, 1.75, -3],
							"post": [0, 1.75, -3],
							"lerp_mode": "catmullrom"
						},
						"3.0": [0, -0.375, -3],
						"4.0": [0, -0.25, 4],
						"4.9167": {
							"pre": [0, 1.75, -3],
							"post": [0, 1.75, -3],
							"lerp_mode": "catmullrom"
						},
						"5.0": [0, -0.375, -3],
						"6.0": [0, -0.25, 4],
						"6.9167": {
							"pre": [0, 1.75, -3],
							"post": [0, 1.75, -3],
							"lerp_mode": "catmullrom"
						},
						"7.0": [0, -0.375, -3],
						"8.0": [0, -0.25, 4],
						"8.9167": {
							"pre": [0, 1.75, -3],
							"post": [0, 1.75, -3],
							"lerp_mode": "catmullrom"
						},
						"9.0": [0, -0.375, -3],
						"10.0": [0, -0.25, 4]
					}
				},
				"bone25": {
					"rotation": {
						"0.0": [0, 0, 0],
						"0.9167": [7.5, 0, 0],
						"1.0": [2.5, 0, 0],
						"2.0": [0, 0, 0],
						"2.9167": [7.5, 0, 0],
						"3.0": [2.5, 0, 0],
						"4.0": [0, 0, 0],
						"4.9167": [7.5, 0, 0],
						"5.0": [2.5, 0, 0],
						"6.0": [0, 0, 0],
						"6.9167": [7.5, 0, 0],
						"7.0": [2.5, 0, 0],
						"8.0": [0, 0, 0],
						"8.9167": [7.5, 0, 0],
						"9.0": [2.5, 0, 0],
						"10.0": [0, 0, 0]
					}
				},
				"foot_right": {
					"rotation": {
						"0.0": [-7.5, 0, 0],
						"0.9167": [0, 0, 0],
						"1.0": [0, 0, 0],
						"2.0": [-7.5, 0, 0],
						"2.9167": [0, 0, 0],
						"3.0": [0, 0, 0],
						"4.0": [-7.5, 0, 0],
						"4.9167": [0, 0, 0],
						"5.0": [0, 0, 0],
						"6.0": [-7.5, 0, 0],
						"6.9167": [0, 0, 0],
						"7.0": [0, 0, 0],
						"8.0": [-7.5, 0, 0],
						"8.9167": [0, 0, 0],
						"9.0": [0, 0, 0],
						"10.0": [-7.5, 0, 0]
					}
				}
			}
		}
	}
}