{
	"format_version": "1.8.0",
	"animations": {
		"animation.aromatisse.pose": {
			"loop": true,
			"bones": {
				"arm_right": {
					"rotation": [1.30962, -7.38542, -10.08453],
					"position": [2, 0, 0]
				},
				"forearm_right": {
					"rotation": [0, 0, -67.5],
					"position": [0.86884, 0.60837, 0.1]
				},
				"hand_right": {
					"rotation": [0, 0, -12.5],
					"position": [0.24407, 0.05411, -0.1]
				},
				"arm_left": {
					"rotation": [2.66399, 14.76689, 10.34527]
				},
				"forearm_left": {
					"rotation": [0, 0, 97.5],
					"position": [-0.89355, 0.87411, 0.1]
				},
				"hand_left": {
					"rotation": [0, 0, -60],
					"position": [-0.77452, 0.15849, -0.1]
				},
				"leg_right": {
					"rotation": [-12.5, 0, 0],
					"position": [0, -0.5, -3]
				},
				"foreleg_right": {
					"rotation": [12.5, 0, 0],
					"position": [0, 0.39178, -0.48815]
				},
				"ear_right_mid": {
					"rotation": [0, -15, 10]
				},
				"foreear_right_mid": {
					"rotation": [0, 0, -5]
				},
				"ear_left_mid": {
					"rotation": [0, 15, -10]
				},
				"foreear_left_mid": {
					"rotation": [0, 0, 5]
				},
				"beak": {
					"position": [0, 0, 0]
				}
			}
		},
		"animation.aromatisse.ground_idle": {
			"loop": true,
			"bones": {
				"arm_right": {
					"rotation": [1.30962, "-7.3854178758+math.sin(q.anim_time*90*2-60)*1.5", -10.08453],
					"position": [2, 0, 0]
				},
				"forearm_right": {
					"rotation": [0, 0, "-67.5+math.sin(q.anim_time*90*2-90)*1"],
					"position": [0.86884, 0.60837, 0.1]
				},
				"hand_right": {
					"rotation": [0, 0, "-12.5+math.sin(q.anim_time*90*2-120)*0.5"],
					"position": [0.24407, 0.05411, -0.1]
				},
				"arm_left": {
					"rotation": [2.66399, "14.7668896086+math.sin(q.anim_time*90*2-60)*1.5", 10.34527]
				},
				"forearm_left": {
					"rotation": [0, 0, "97.5+math.sin(q.anim_time*90*2-90)*1"],
					"position": [-0.89355, 0.87411, 0.1]
				},
				"hand_left": {
					"rotation": [0, 0, "-60+math.sin(q.anim_time*90*2-90)*0.5"],
					"position": [-0.77452, 0.15849, -0.1]
				},
				"leg_right": {
					"rotation": [-12.5, "0-math.sin(q.anim_time*90*2+30)*1", 0],
					"position": [0, -0.5, -3]
				},
				"foreleg_right": {
					"rotation": [12.5, "0-math.sin(q.anim_time*90*2+0)*0.5", 0],
					"position": [0, 0.39178, -0.48815]
				},
				"torso": {
					"rotation": [0, "0+math.sin(q.anim_time*90*2+30)*1.5", "0+math.sin(q.anim_time*90*2-30)*1.5"]
				},
				"neck": {
					"rotation": ["0+math.sin(q.anim_time*90*2-30)*1.5", 0, 0]
				},
				"ear_right_top": {
					"rotation": ["0+math.sin(q.anim_time*90*2-150)*3", 0, 0]
				},
				"ear_right_side": {
					"rotation": [0, "0+math.sin(q.anim_time*90*2-150)*2", 0]
				},
				"ear_right_mid": {
					"rotation": ["0+math.sin(q.anim_time*90*2-90)*1.5", -15, 10]
				},
				"foreear_right_mid": {
					"rotation": ["0+math.sin(q.anim_time*90*2-120)*2", 0, -5]
				},
				"ear_left_top": {
					"rotation": ["0+math.sin(q.anim_time*90*2-150)*3", 0, 0]
				},
				"ear_left_side": {
					"rotation": [0, "0-math.sin(q.anim_time*90*2-150)*2", 0]
				},
				"ear_left_mid": {
					"rotation": ["0+math.sin(q.anim_time*90*2-90)*1.5", 15, -10]
				},
				"foreear_left_mid": {
					"rotation": ["0+math.sin(q.anim_time*90*2-120)*2", 0, 5]
				},
				"beak": {
					"position": [0, 0, 0]
				},
				"leg_left": {
					"rotation": [0, "0+math.sin(q.anim_time*90*2+30)*1", 0]
				},
				"foreleg_left": {
					"rotation": [0, "0+math.sin(q.anim_time*90*2+0)*0.5", 0]
				},
				"top_decor1": {
					"rotation": ["0+math.sin(q.anim_time*90*2-90)*2", 0, "0+math.sin(q.anim_time*90*2-60)*1"]
				},
				"top_decor2": {
					"rotation": [0, "0+math.sin(q.anim_time*90*2-30)*1.5", "0+math.sin(q.anim_time*90*2-60)*2"]
				},
				"top_decor3": {
					"rotation": [0, 0, "0+math.sin(q.anim_time*90*2-90)*2"]
				},
				"top_decor4": {
					"rotation": [0, 0, "0+math.sin(q.anim_time*90*2-90)*2"]
				},
				"top_decor5": {
					"rotation": [0, "0+math.sin(q.anim_time*90*2-30)*1.5", "0+math.sin(q.anim_time*90*2-60)*2"]
				},
				"top_decor6": {
					"rotation": ["0+math.sin(q.anim_time*90*2-90)*2", 0, "0+math.sin(q.anim_time*90*2-60)*1"]
				},
				"top_decor7": {
					"rotation": ["0+math.sin(q.anim_time*90*2-90)*2", 0, "0+math.sin(q.anim_time*90*2-60)*1"]
				},
				"top_decor8": {
					"rotation": ["0+math.sin(q.anim_time*90*2-90)*2", 0, "0+math.sin(q.anim_time*90*2-60)*1"]
				},
				"bottom_decor1": {
					"rotation": ["0+math.sin(q.anim_time*90*2-60)*2", 0, "0+math.sin(q.anim_time*90*2-60)*2"],
					"position": [0, 0.1, 0]
				},
				"bottom_decor2": {
					"rotation": ["0+math.sin(q.anim_time*90*2-120)*2", 0, "0+math.sin(q.anim_time*90*2-120)*2"],
					"position": [0, 0.1, 0]
				},
				"bottom_decor3": {
					"rotation": ["0+math.sin(q.anim_time*90*2-90)*2", 0, "0+math.sin(q.anim_time*90*2-90)*2"],
					"position": [0, 0.1, 0]
				},
				"bottom_decor4": {
					"rotation": ["0+math.sin(q.anim_time*90*2-90)*2", 0, "0+math.sin(q.anim_time*90*2-90)*2"],
					"position": [0, 0.1, 0]
				},
				"bottom_decor5": {
					"rotation": ["0+math.sin(q.anim_time*90*2-90)*2", 0, "0+math.sin(q.anim_time*90*2-90)*2"],
					"position": [0, 0.1, 0]
				},
				"bottom_decor6": {
					"rotation": ["0+math.sin(q.anim_time*90*2-90)*2", 0, "0+math.sin(q.anim_time*90*2-90)*2"],
					"position": [0, 0.1, 0]
				},
				"bottom_decor7": {
					"rotation": ["0+math.sin(q.anim_time*90*2-120)*2", 0, "0+math.sin(q.anim_time*90*2-120)*2"],
					"position": [0, 0.1, 0]
				},
				"bottom_decor8": {
					"rotation": ["0+math.sin(q.anim_time*90*2-60)*2", 0, "0+math.sin(q.anim_time*90*2-60)*2"],
					"position": [0, 0.1, 0]
				},
				"neck1": {
					"rotation": ["0+math.sin(q.anim_time*90*2-90)*2", 0, 0]
				},
				"neck2": {
					"rotation": ["0+math.sin(q.anim_time*90*2-90)*2", 0, 0]
				},
				"neck3": {
					"rotation": ["0+math.sin(q.anim_time*90*2-90)*2", 0, "0+math.sin(q.anim_time*90*2-60)*1"]
				},
				"neck4": {
					"rotation": ["0+math.sin(q.anim_time*90*2-90)*2", 0, "0+math.sin(q.anim_time*90*2-60)*1"]
				},
				"neck5": {
					"rotation": ["0+math.sin(q.anim_time*90*2-90)*2", 0, "0+math.sin(q.anim_time*90*2-60)*1"]
				},
				"neck6": {
					"rotation": ["0+math.sin(q.anim_time*90*2-90)*2", 0, "0+math.sin(q.anim_time*90*2-60)*1"]
				}
			}
		},
		"animation.aromatisse.ground_walk": {
			"loop": true,
			"bones": {
				"arm_right": {
					"rotation": [1.30962, "-7.3854178758+math.sin(q.anim_time*90*2*2-60)*1.5", -10.08453],
					"position": [2, 0, 0]
				},
				"forearm_right": {
					"rotation": [0, 0, "-67.5+math.sin(q.anim_time*90*2*2-90)*1"],
					"position": [0.86884, 0.60837, 0.1]
				},
				"hand_right": {
					"rotation": [0, 0, "-12.5+math.sin(q.anim_time*90*2*2-120)*0.5"],
					"position": [0.24407, 0.05411, -0.1]
				},
				"arm_left": {
					"rotation": [2.66399, "14.7668896086+math.sin(q.anim_time*90*2*2-60)*1.5", 10.34527]
				},
				"forearm_left": {
					"rotation": [0, 0, "97.5+math.sin(q.anim_time*90*2*2-90)*1"],
					"position": [-0.89355, 0.87411, 0.1]
				},
				"hand_left": {
					"rotation": [0, 0, "-60+math.sin(q.anim_time*90*2*2-90)*0.5"],
					"position": [-0.77452, 0.15849, -0.1]
				},
				"leg_right": {
					"rotation": [0, "0-math.sin(q.anim_time*90*2+30)*1", 0],
					"position": [0, "0+math.clamp(math.sin(q.anim_time*90*4+60)*1,-0.25,2)", "0-math.sin(q.anim_time*90*4-0)*0.5"]
				},
				"foreleg_right": {
					"rotation": ["0-math.sin(q.anim_time*90*4-30)*4", "0-math.sin(q.anim_time*90*2+0)*0.5", 0]
				},
				"torso": {
					"rotation": [0, "0+math.sin(q.anim_time*90*2*2+30)*1.5", "0+math.sin(q.anim_time*90*2*2-30)*1.5"]
				},
				"neck": {
					"rotation": ["0+math.sin(q.anim_time*90*2*2-30)*1.5", 0, 0]
				},
				"ear_right_top": {
					"rotation": ["0+math.sin(q.anim_time*90*2*2-150)*3", 0, 0]
				},
				"ear_right_side": {
					"rotation": [0, "0+math.sin(q.anim_time*90*2*2-150)*2", 0]
				},
				"ear_right_mid": {
					"rotation": ["0+math.sin(q.anim_time*90*2*2-90)*1.5", -15, 10]
				},
				"foreear_right_mid": {
					"rotation": ["0+math.sin(q.anim_time*90*2*2-120)*2", 0, -5]
				},
				"ear_left_top": {
					"rotation": ["0+math.sin(q.anim_time*90*2*2-150)*3", 0, 0]
				},
				"ear_left_side": {
					"rotation": [0, "0-math.sin(q.anim_time*90*2*2-150)*2", 0]
				},
				"ear_left_mid": {
					"rotation": ["0+math.sin(q.anim_time*90*2*2-90)*1.5", 15, -10]
				},
				"foreear_left_mid": {
					"rotation": ["0+math.sin(q.anim_time*90*2*2-120)*2", 0, 5]
				},
				"beak": {
					"position": [0, 0, 0]
				},
				"leg_left": {
					"rotation": [0, "0+math.sin(q.anim_time*90*2+30)*1", 0],
					"position": [0, "0-math.clamp(math.sin(q.anim_time*90*4+60)*1,-2,0.25)", "0+math.sin(q.anim_time*90*4-0)*0.5"]
				},
				"foreleg_left": {
					"rotation": ["0+math.sin(q.anim_time*90*4-30)*4", "0+math.sin(q.anim_time*90*2+0)*0.5", 0]
				},
				"top_decor1": {
					"rotation": ["0+math.sin(q.anim_time*90*2*2-90)*2", 0, "0+math.sin(q.anim_time*90*2*2-60)*1"]
				},
				"top_decor2": {
					"rotation": [0, "0+math.sin(q.anim_time*90*2*2-30)*1.5", "0+math.sin(q.anim_time*90*2*2-60)*2"]
				},
				"top_decor3": {
					"rotation": [0, 0, "0+math.sin(q.anim_time*90*2*2-90)*2"]
				},
				"top_decor4": {
					"rotation": [0, 0, "0+math.sin(q.anim_time*90*2*2-90)*2"]
				},
				"top_decor5": {
					"rotation": [0, "0+math.sin(q.anim_time*90*2*2-30)*1.5", "0+math.sin(q.anim_time*90*2*2-60)*2"]
				},
				"top_decor6": {
					"rotation": ["0+math.sin(q.anim_time*90*2*2-90)*2", 0, "0+math.sin(q.anim_time*90*2*2-60)*1"]
				},
				"top_decor7": {
					"rotation": ["0+math.sin(q.anim_time*90*2*2-90)*2", 0, "0+math.sin(q.anim_time*90*2*2-60)*1"]
				},
				"top_decor8": {
					"rotation": ["0+math.sin(q.anim_time*90*2*2-90)*2", 0, "0+math.sin(q.anim_time*90*2*2-60)*1"]
				},
				"bottom_decor1": {
					"rotation": ["0+math.sin(q.anim_time*90*2*2-60)*2", 0, "0+math.sin(q.anim_time*90*2*2-60)*2"],
					"position": [0, 0.1, 0]
				},
				"bottom_decor2": {
					"rotation": ["0+math.sin(q.anim_time*90*2*2-120)*2", 0, "0+math.sin(q.anim_time*90*2*2-120)*2"],
					"position": [0, 0.1, 0]
				},
				"bottom_decor3": {
					"rotation": ["0+math.sin(q.anim_time*90*2*2-90)*2", 0, "0+math.sin(q.anim_time*90*2*2-90)*2"],
					"position": [0, 0.1, 0]
				},
				"bottom_decor4": {
					"rotation": ["0+math.sin(q.anim_time*90*2*2-90)*2", 0, "0+math.sin(q.anim_time*90*2*2-90)*2"],
					"position": [0, 0.1, 0]
				},
				"bottom_decor5": {
					"rotation": ["0+math.sin(q.anim_time*90*2*2-90)*2", 0, "0+math.sin(q.anim_time*90*2*2-90)*2"],
					"position": [0, 0.1, 0]
				},
				"bottom_decor6": {
					"rotation": ["0+math.sin(q.anim_time*90*2*2-90)*2", 0, "0+math.sin(q.anim_time*90*2*2-90)*2"],
					"position": [0, 0.1, 0]
				},
				"bottom_decor7": {
					"rotation": ["0+math.sin(q.anim_time*90*2*2-120)*2", 0, "0+math.sin(q.anim_time*90*2*2-120)*2"],
					"position": [0, 0.1, 0]
				},
				"bottom_decor8": {
					"rotation": ["0+math.sin(q.anim_time*90*2*2-60)*2", 0, "0+math.sin(q.anim_time*90*2*2-60)*2"],
					"position": [0, 0.1, 0]
				},
				"neck1": {
					"rotation": ["0+math.sin(q.anim_time*90*2*2-90)*2", 0, 0]
				},
				"neck2": {
					"rotation": ["0+math.sin(q.anim_time*90*2*2-90)*2", 0, 0]
				},
				"neck3": {
					"rotation": ["0+math.sin(q.anim_time*90*2*2-90)*2", 0, "0+math.sin(q.anim_time*90*2*2-60)*1"]
				},
				"neck4": {
					"rotation": ["0+math.sin(q.anim_time*90*2*2-90)*2", 0, "0+math.sin(q.anim_time*90*2*2-60)*1"]
				},
				"neck5": {
					"rotation": ["0+math.sin(q.anim_time*90*2*2-90)*2", 0, "0+math.sin(q.anim_time*90*2*2-60)*1"]
				},
				"neck6": {
					"rotation": ["0+math.sin(q.anim_time*90*2*2-90)*2", 0, "0+math.sin(q.anim_time*90*2*2-60)*1"]
				}
			}
		},
		"animation.aromatisse.blink": {
			"animation_length": 0.1667,
			"bones": {
				"eyelid_right": {
					"position": {
						"0.0": [0, 0, -0.125],
						"0.125": [0, 0, -0.125],
						"0.1667": [0, 0, 0]
					}
				},
				"eyelid_left": {
					"position": {
						"0.0": [0, 0, -0.125],
						"0.125": [0, 0, -0.125],
						"0.1667": [0, 0, 0]
					}
				}
			}
		}
	}
}