{
	"format_version": "1.12.0",
	"minecraft:geometry": [
		{
			"description": {
				"identifier": "geometry.glameow",
				"texture_width": 64,
				"texture_height": 64,
				"visible_bounds_width": 4,
				"visible_bounds_height": 2.5,
				"visible_bounds_offset": [0, 0.75, 0]
			},
			"bones": [
				{
					"name": "glameow",
					"pivot": [0, 0, 0]
				},
				{
					"name": "body",
					"parent": "glameow",
					"pivot": [0, 0, 0],
					"cubes": [
						{"origin": [-2, 5, -4], "size": [4, 4, 10], "uv": [0, 0]},
						{"origin": [-1, 8.5, -0.75], "size": [1, 2, 0], "pivot": [-1, 9, -1], "rotation": [-15, -25, 0], "uv": [18, 0]},
						{"origin": [0, 8.5, -0.75], "size": [1, 2, 0], "pivot": [1, 9, -1], "rotation": [-15, 25, 0], "uv": [4, 16]},
						{"origin": [-1.5, 8.5, -2], "size": [0, 2, 1], "pivot": [-1.5, 9, -1.5], "rotation": [0, 15, -25], "uv": [4, 15]},
						{"origin": [-1.5, 8.5, -4], "size": [0, 2, 1], "pivot": [-1.5, 9, -3.5], "rotation": [17.5, -15, -25], "uv": [4, 15]},
						{"origin": [1.5, 8.5, -2], "size": [0, 2, 1], "pivot": [1.5, 9, -1.5], "rotation": [0, -15, 25], "uv": [0, 0]},
						{"origin": [1.5, 8.5, -4], "size": [0, 2, 1], "pivot": [1.5, 9, -3.5], "rotation": [15, 15, 25], "uv": [7, 0]}
					]
				},
				{
					"name": "neck",
					"parent": "body",
					"pivot": [0, 9, -1.5],
					"cubes": [
						{"origin": [-1, 8.5, -3.5], "size": [2, 4, 2], "pivot": [0, 9, -2.5], "rotation": [15, 0, 0], "uv": [16, 27]}
					]
				},
				{
					"name": "head",
					"parent": "neck",
					"pivot": [0, 11, -3.5],
					"cubes": [
						{"origin": [-3.5, 11, -8], "size": [7, 6, 7], "uv": [0, 14]},
						{"origin": [-6, 12.25, -8.01], "size": [3, 0.25, 0], "pivot": [-3, 12.5, -8.01], "rotation": [0, 0, -10], "uv": [0, 39]},
						{"origin": [-6, 11.5, -8.01], "size": [3, 0.25, 0], "pivot": [-3, 11.75, -8.01], "rotation": [0, 0, -20], "uv": [0, 39]},
						{"origin": [3, 12.25, -8.01], "size": [3, 0.25, 0], "pivot": [3, 12.5, -8.01], "rotation": [0, 0, 10], "uv": [0, 39]},
						{"origin": [3, 11.5, -8.01], "size": [3, 0.25, 0], "pivot": [3, 11.75, -8.01], "rotation": [0, 0, 20], "uv": [0, 40]}
					]
				},
				{
					"name": "eye_l",
					"parent": "head",
					"pivot": [2.5, 15.25, -8.01],
					"cubes": [
						{"origin": [0.5, 13.25, -8.01], "size": [2, 2, 0], "pivot": [2.5, 15.25, -8.01], "rotation": [0, 0, -25], "uv": [0, 16]},
						{"origin": [0.75, 13.25, -8.02], "size": [1, 1, 0], "pivot": [2.5, 15.25, -8.01], "rotation": [0, 0, -25], "uv": [0, 0]}
					]
				},
				{
					"name": "eyelid_l",
					"parent": "eye_l",
					"pivot": [-2.5, 15.25, -8.01],
					"cubes": [
						{"origin": [0.5, 13.25, -8], "size": [2, 2, 0], "pivot": [2.5, 15.25, -8.01], "rotation": [0, 0, -25], "uv": [15, 45]}
					]
				},
				{
					"name": "eye_r",
					"parent": "head",
					"pivot": [2.5, 15.25, -8.01],
					"cubes": [
						{"origin": [-2.5, 13.25, -8.01], "size": [2, 2, 0], "pivot": [-2.5, 15.25, -8.01], "rotation": [0, 0, 25], "uv": [0, 18]},
						{"origin": [-1.75, 13.25, -8.02], "size": [1, 1, 0], "pivot": [-2.5, 15.25, -8.01], "rotation": [0, 0, 25], "uv": [7, 0]}
					]
				},
				{
					"name": "eyelid_r",
					"parent": "eye_r",
					"pivot": [2.5, 15.25, -8.01],
					"cubes": [
						{"origin": [-2.5, 13.25, -8], "size": [2, 2, 0], "pivot": [-2.5, 15.25, -8.01], "rotation": [0, 0, 25], "uv": [0, 45]}
					]
				},
				{
					"name": "snout",
					"parent": "head",
					"pivot": [2.5, 15.25, -8.01],
					"cubes": [
						{"origin": [-2, 10.99, -8.5], "size": [4, 2, 1], "uv": [0, 7]},
						{"origin": [-0.25, 12.25, -8.51], "size": [0.5, 0.5, 0], "uv": [1, 40]}
					]
				},
				{
					"name": "mouth",
					"parent": "snout",
					"pivot": [2.5, 15.25, -8.01],
					"cubes": [
						{"origin": [-1, 11, -8.49], "size": [2, 1, 0], "uv": [0, 20]}
					]
				},
				{
					"name": "ear_l",
					"parent": "head",
					"pivot": [3.5, 15.5, -4],
					"rotation": [-10, -20, 55],
					"cubes": [
						{"origin": [0.75, 12.25, -5], "size": [5, 4, 2], "uv": [0, 58]},
						{"origin": [0.75, 16.25, -5], "size": [4, 2, 2], "uv": [0, 54]},
						{"origin": [0.75, 18.25, -5], "size": [3, 2, 2], "uv": [0, 50]},
						{"origin": [1.25, 20.25, -5], "size": [2, 1, 2], "uv": [0, 47]}
					]
				},
				{
					"name": "ear_r",
					"parent": "head",
					"pivot": [-3.5, 15.5, -4],
					"rotation": [-10, 20, -55],
					"cubes": [
						{"origin": [-5.75, 12.25, -5], "size": [5, 4, 2], "uv": [15, 58]},
						{"origin": [-4.75, 16.25, -5], "size": [4, 2, 2], "uv": [15, 54]},
						{"origin": [-3.75, 18.25, -5], "size": [3, 2, 2], "uv": [15, 50]},
						{"origin": [-3.25, 20.25, -5], "size": [2, 1, 2], "uv": [15, 47]}
					]
				},
				{
					"name": "thigh_fr",
					"parent": "body",
					"pivot": [-1.5, 7, -2.75],
					"rotation": [15, 0, 0],
					"cubes": [
						{"origin": [-2.5, 4, -3.5], "size": [2, 4, 2], "uv": [8, 27]}
					]
				},
				{
					"name": "leg_fr",
					"parent": "thigh_fr",
					"pivot": [-1.5, 4, -1.5],
					"rotation": [-20, 0, 0],
					"cubes": [
						{"origin": [-2.51, 0, -3.5], "size": [2, 4, 2], "uv": [0, 27]},
						{"origin": [-2.52, -0.25, -4], "size": [2, 1, 2], "pivot": [-1.49, 1, -1.5], "rotation": [5, 0, 0], "uv": [28, 11]}
					]
				},
				{
					"name": "thigh_fl",
					"parent": "body",
					"pivot": [1.5, 7, -2.5],
					"rotation": [15, 0, 0],
					"cubes": [
						{"origin": [0.5, 4, -3.5], "size": [2, 4, 2], "uv": [31, 58]}
					]
				},
				{
					"name": "leg_fl",
					"parent": "thigh_fl",
					"pivot": [1.5, 4, -1.5],
					"rotation": [-20, 0, 0],
					"cubes": [
						{"origin": [0.51, 0, -3.5], "size": [2, 4, 2], "uv": [31, 52]},
						{"origin": [0.52, -0.25, -4], "size": [2, 1, 2], "pivot": [1.51, 1, -1.5], "rotation": [5, 0, 0], "uv": [31, 49]}
					]
				},
				{
					"name": "thigh_br",
					"parent": "body",
					"pivot": [-1.5, 7, 4.25],
					"rotation": [5, 0, 0],
					"cubes": [
						{"origin": [-2.5, 4, 3], "size": [2, 4, 3], "uv": [0, 0]}
					]
				},
				{
					"name": "leg_br",
					"parent": "thigh_br",
					"pivot": [-1.5, 4, 6],
					"rotation": [-10, 0, 0],
					"cubes": [
						{"origin": [-2.51, 0, 4], "size": [2, 4, 2], "uv": [0, 27]},
						{"origin": [-2.5, 0, 3.5], "size": [2, 1, 2], "pivot": [-1.5, 1, 6], "rotation": [5, 0, 0], "uv": [28, 11]}
					]
				},
				{
					"name": "thigh_bl",
					"parent": "body",
					"pivot": [1.5, 7, 4.25],
					"rotation": [5, 0, 0],
					"cubes": [
						{"origin": [0.5, 4, 3], "size": [2, 4, 3], "uv": [41, 57]}
					]
				},
				{
					"name": "leg_bl",
					"parent": "thigh_bl",
					"pivot": [1.5, 4, 6],
					"rotation": [-10, 0, 0],
					"cubes": [
						{"origin": [0.51, 0, 4], "size": [2, 4, 2], "uv": [42, 51]},
						{"origin": [0.5, 0, 3.5], "size": [2, 1, 2], "pivot": [1.5, 1, 6], "rotation": [5, 0, 0], "uv": [42, 48]}
					]
				},
				{
					"name": "tail_base",
					"parent": "body",
					"pivot": [0, 8, 6],
					"rotation": [37.5, 0, 0],
					"cubes": [
						{"origin": [-0.5, 7.5, 5.5], "size": [1, 1, 3], "uv": [28, 7]}
					]
				},
				{
					"name": "curl",
					"parent": "tail_base",
					"pivot": [0.5, 8, 8.5],
					"rotation": [0, 10, 0],
					"cubes": [
						{"origin": [-2.5, 7.5, 7.5], "size": [3, 1, 1], "uv": [28, 23]}
					]
				},
				{
					"name": "curl2",
					"parent": "curl",
					"pivot": [-2.5, 7.5, 8],
					"rotation": [0, 15, 45],
					"cubes": [
						{"origin": [-5.5, 7.5, 7.5], "size": [3, 1, 1], "uv": [28, 23]}
					]
				},
				{
					"name": "curl3",
					"parent": "curl2",
					"pivot": [-5.5, 7.5, 8],
					"rotation": [0, 15, 45],
					"cubes": [
						{"origin": [-8.5, 7.5, 7.5], "size": [3, 1, 1], "uv": [28, 23]}
					]
				},
				{
					"name": "curl4",
					"parent": "curl3",
					"pivot": [-8.5, 7.5, 8],
					"rotation": [0, 15, 45],
					"cubes": [
						{"origin": [-11.5, 7.5, 7.5], "size": [3, 1, 1], "uv": [28, 23]}
					]
				},
				{
					"name": "curl5",
					"parent": "curl4",
					"pivot": [-11.5, 7.5, 8],
					"rotation": [0, 15, 45],
					"cubes": [
						{"origin": [-14.5, 7.5, 7.5], "size": [3, 1, 1], "uv": [28, 23]}
					]
				},
				{
					"name": "curl6",
					"parent": "curl5",
					"pivot": [-14.5, 7.5, 8],
					"rotation": [0, 15, 45],
					"cubes": [
						{"origin": [-17.5, 7.5, 7.5], "size": [3, 1, 1], "uv": [28, 23]}
					]
				},
				{
					"name": "curl7",
					"parent": "curl6",
					"pivot": [-17.5, 7.5, 8],
					"rotation": [0, 15, 45],
					"cubes": [
						{"origin": [-20.5, 7.5, 7.5], "size": [3, 1, 1], "uv": [28, 23]}
					]
				},
				{
					"name": "curl8",
					"parent": "curl7",
					"pivot": [-20.5, 7.5, 8],
					"rotation": [0, 15, 45],
					"cubes": [
						{"origin": [-23.5, 7.5, 7.5], "size": [3, 1, 1], "uv": [28, 23]}
					]
				},
				{
					"name": "curl9",
					"parent": "curl8",
					"pivot": [-23.5, 7.5, 8],
					"rotation": [0, 15, 45],
					"cubes": [
						{"origin": [-26.5, 7.5, 7.5], "size": [3, 1, 1], "uv": [28, 23]}
					]
				},
				{
					"name": "curl10",
					"parent": "curl9",
					"pivot": [-26.5, 7.5, 8],
					"rotation": [0, 15, 45],
					"cubes": [
						{"origin": [-29.5, 7.5, 7.5], "size": [3, 1, 1], "uv": [28, 23]}
					]
				},
				{
					"name": "curl11",
					"parent": "curl10",
					"pivot": [-29.5, 7.5, 8],
					"rotation": [0, 15, 45],
					"cubes": [
						{"origin": [-32.5, 7.5, 7.5], "size": [3, 1, 1], "uv": [28, 23]}
					]
				},
				{
					"name": "curl12",
					"parent": "curl11",
					"pivot": [-32.5, 7.5, 8],
					"rotation": [0, 15, 45],
					"cubes": [
						{"origin": [-35.5, 7.5, 7.5], "size": [3, 1, 1], "uv": [28, 23]}
					]
				},
				{
					"name": "curl13",
					"parent": "curl12",
					"pivot": [-35.5, 7.5, 8],
					"rotation": [0, 15, 45],
					"cubes": [
						{"origin": [-38.5, 7.5, 7.5], "size": [3, 1, 1], "uv": [28, 23]}
					]
				},
				{
					"name": "curl14",
					"parent": "curl13",
					"pivot": [-38.5, 7.5, 8],
					"rotation": [0, 15, 45],
					"cubes": [
						{"origin": [-41.5, 7.5, 7.5], "size": [3, 1, 1], "uv": [28, 23]}
					]
				},
				{
					"name": "curl15",
					"parent": "curl14",
					"pivot": [-41.5, 7.5, 8],
					"rotation": [0, 15, 45],
					"cubes": [
						{"origin": [-44.5, 7.5, 7.5], "size": [3, 1, 1], "uv": [28, 23]}
					]
				},
				{
					"name": "curl16",
					"parent": "curl15",
					"pivot": [-44.5, 7.5, 8],
					"rotation": [0, 15, 45],
					"cubes": [
						{"origin": [-47.5, 7.5, 7.5], "size": [3, 1, 1], "uv": [28, 23]}
					]
				},
				{
					"name": "curl17",
					"parent": "curl16",
					"pivot": [-47.5, 7.5, 8],
					"rotation": [0, 15, 45],
					"cubes": [
						{"origin": [-50.5, 7.5, 7.5], "size": [3, 1, 1], "uv": [28, 23]}
					]
				},
				{
					"name": "curl18",
					"parent": "curl17",
					"pivot": [-50.5, 7.5, 8],
					"rotation": [0, 15, 45],
					"cubes": [
						{"origin": [-53.5, 7.5, 7.5], "size": [3, 1, 1], "uv": [28, 23]}
					]
				},
				{
					"name": "curl19",
					"parent": "curl18",
					"pivot": [-53.5, 7.5, 8],
					"rotation": [0, 15, 45],
					"cubes": [
						{"origin": [-56.5, 7.5, 7.5], "size": [3, 1, 1], "uv": [28, 23]}
					]
				},
				{
					"name": "curl20",
					"parent": "curl19",
					"pivot": [-56.5, 7.5, 8],
					"rotation": [0, 15, 45],
					"cubes": [
						{"origin": [-59.5, 7.5, 7.5], "size": [3, 1, 1], "uv": [28, 23]}
					]
				},
				{
					"name": "curl21",
					"parent": "curl20",
					"pivot": [-59.5, 7.5, 8],
					"rotation": [0, 15, 45],
					"cubes": [
						{"origin": [-62.5, 7.5, 7.5], "size": [3, 1, 1], "uv": [28, 23]}
					]
				},
				{
					"name": "curl22",
					"parent": "curl21",
					"pivot": [-62.5, 7.5, 8],
					"rotation": [0, 15, 45],
					"cubes": [
						{"origin": [-65.5, 7.5, 7.5], "size": [3, 1, 1], "uv": [28, 23]}
					]
				},
				{
					"name": "curl23",
					"parent": "curl22",
					"pivot": [-65.5, 7.5, 8],
					"rotation": [0, 15, 45],
					"cubes": [
						{"origin": [-68.5, 7.5, 7.5], "size": [3, 1, 1], "uv": [28, 23]}
					]
				},
				{
					"name": "curl24",
					"parent": "curl23",
					"pivot": [-68.5, 7.5, 8],
					"rotation": [0, 25, 45],
					"cubes": [
						{"origin": [-71.5, 7.5, 7.5], "size": [3, 1, 1], "uv": [28, 23]}
					]
				},
				{
					"name": "curl25",
					"parent": "curl24",
					"pivot": [-71.5, 7.5, 8],
					"rotation": [0, 40, 45],
					"cubes": [
						{"origin": [-74.5, 7.5, 7.5], "size": [3, 1, 1], "uv": [28, 23]},
						{"origin": [-78.5, 6.5, 6.5], "size": [4, 3, 3], "uv": [21, 14]}
					]
				}
			]
		}
	]
}