{
	"format_version": "1.8.0",
	"animations": {
		"animation.spheal.ground_idle": {
			"loop": true,
			"bones": {
				"flipper_left": {
					"rotation": [17.80232, 36.43129, "22.4008+math.cos(q.anim_time*90*3+0)*3"],
					"position": [-0.77919, 0.38268, 0.4964]
				},
				"flipper_right": {
					"rotation": [14.1614, -37.80946, "-22.3717-math.cos(q.anim_time*90*3+0)*3"],
					"position": [0.77919, 0.38268, 0.4964]
				},
				"tail": {
					"rotation": ["27.5-math.cos(q.anim_time*90*3-45)*4", 0, 0]
				},
				"body": {
					"position": [0, -0.2, 0]
				},
				"torso": {
					"rotation": ["0-math.cos(q.anim_time*90*3+0)*1", "0-math.cos(q.anim_time*90*1.5+0)*1", 0],
					"position": [0, "0+math.cos(q.anim_time*90*3)*0.25", 0],
					"scale": [1, "1+math.cos(q.anim_time*90*3)*0.03", 1]
				}
			}
		},
		"animation.spheal.blink": {
			"animation_length": 0.16,
			"bones": {
				"eyelid_left": {
					"position": {
						"0.0": [0, 0, -0.1],
						"0.12": [0, 0, -0.1],
						"0.16": [0, 0, 0]
					}
				},
				"eyelid_right": {
					"position": {
						"0.0": [0, 0, -0.1],
						"0.12": [0, 0, -0.1],
						"0.16": [0, 0, 0]
					}
				}
			}
		},
		"animation.spheal.ground_walk": {
			"loop": true,
			"animation_length": 1,
			"bones": {
				"body": {
					"rotation": {
						"0.0": [0, 0, 0],
						"0.5": [180, 0, 0],
						"0.5417": {"pre": [180, 0, 0], "post": [-165, 0, 0]},
						"1.0": [0, 0, 0]
					},
					"position": {
						"0.0": [0, 1.5, 0],
						"0.125": [0, 4, 0],
						"0.25": [0, 1.7, 0],
						"0.4167": [0, 5, 0],
						"0.625": [0, 4, 0],
						"0.7917": [0, 4, -1],
						"0.9167": [0, 3, 0],
						"1.0": [0, 1.5, 0]
					}
				},
				"torso": {
					"rotation": ["0-math.cos(q.anim_time*90*3+45)*3", "0-math.sin(q.anim_time*90*3+135)*4", "0-math.cos(q.anim_time*90*3+45)*2"]
				},
				"ear_left": {
					"rotation": [-40, 0, 0]
				},
				"ear_right": {
					"rotation": [-40, 0, 0]
				},
				"tail": {
					"rotation": {
						"0.0": [-172.5, 0, 0],
						"0.5": {
							"pre": [-137.5, 0, 0],
							"post": [-137.5, 0, 0],
							"lerp_mode": "catmullrom"
						},
						"1.0": [-172.5, 0, 0]
					},
					"position": {
						"0.0": [0, -2, -2],
						"0.5": {
							"pre": [0, -2, -1],
							"post": [0, -2, -1],
							"lerp_mode": "catmullrom"
						},
						"1.0": [0, -2, -2]
					}
				},
				"flipper_left": {
					"rotation": {
						"0.0": [81.7442, 384.75075, 176.19466],
						"1.0": [81.7442, 384.75075, 176.19466]
					},
					"position": {
						"0.0": [0, 0, -1],
						"1.0": [0, 0, -1]
					}
				},
				"flipper_right": {
					"rotation": {
						"0.0": [81.7442, -384.75075, -176.19466],
						"1.0": [81.7442, -384.75075, -176.19466]
					},
					"position": {
						"0.0": [0, 0, -1],
						"1.0": [0, 0, -1]
					}
				}
			}
		},
		"animation.spheal.cry": {
			"animation_length": 1.2,
			"bones": {
				"torso": {
					"rotation": {
						"0.0": [0, 0, 0],
						"0.0417": {
							"pre": [2.5, 0, 0],
							"post": [2.5, 0, 0],
							"lerp_mode": "catmullrom"
						},
						"0.25": {
							"post": [-7.5, 0, 0],
							"lerp_mode": "catmullrom"
						},
						"0.5417": [0, 0, 0]
					},
					"position": {
						"0.0": [0, 0, 0],
						"0.0833": {
							"pre": [0, -0.7, 0],
							"post": [0, -0.7, 0],
							"lerp_mode": "catmullrom"
						},
						"0.25": {
							"post": [0, 2, 0],
							"lerp_mode": "catmullrom"
						},
						"0.375": {
							"post": [0, 2.75, 0],
							"lerp_mode": "catmullrom"
						},
						"0.5417": [0, 0, 0]
					},
					"scale": {
						"0.0": [1, 1, 1],
						"0.0833": {
							"pre": [1, 0.9, 1],
							"post": [1, 0.9, 1],
							"lerp_mode": "catmullrom"
						},
						"0.2083": {
							"post": [1, 1.02, 1],
							"lerp_mode": "catmullrom"
						},
						"0.4167": {
							"post": [1, 1.03, 1],
							"lerp_mode": "catmullrom"
						},
						"0.5417": [1, 1, 1]
					}
				},
				"flipper_left": {
					"rotation": {
						"0.0": [0, 0, 0],
						"0.0833": {
							"pre": [0, 0, -7.5],
							"post": [0, 0, -7.5],
							"lerp_mode": "catmullrom"
						},
						"0.2083": {
							"post": [0, 0, 22.5],
							"lerp_mode": "catmullrom"
						},
						"0.4583": {
							"post": [0, 0, 22.5],
							"lerp_mode": "catmullrom"
						},
						"0.5417": {
							"post": [0, 0, 0],
							"lerp_mode": "catmullrom"
						},
						"0.625": [0, 0, 0]
					},
					"position": {
						"0.0": [0, 0, 0],
						"0.2083": {
							"pre": [0, -0.5, 0],
							"post": [0, -0.5, 0],
							"lerp_mode": "catmullrom"
						},
						"0.4583": {
							"post": [0, -0.5, 0],
							"lerp_mode": "catmullrom"
						},
						"0.5417": {
							"post": [0, 0, 0],
							"lerp_mode": "catmullrom"
						},
						"0.625": [0, 0, 0]
					}
				},
				"flipper_right": {
					"rotation": {
						"0.0": [0, 0, 0],
						"0.0833": {
							"pre": [0, 0, 7.5],
							"post": [0, 0, 7.5],
							"lerp_mode": "catmullrom"
						},
						"0.2083": {
							"post": [0, 0, -22.5],
							"lerp_mode": "catmullrom"
						},
						"0.4583": {
							"post": [0, 0, -22.5],
							"lerp_mode": "catmullrom"
						},
						"0.5417": {
							"post": [0, 0, 0],
							"lerp_mode": "catmullrom"
						},
						"0.625": [0, 0, 0]
					},
					"position": {
						"0.0": [0, 0, 0],
						"0.2083": {
							"pre": [0, -0.5, 0],
							"post": [0, -0.5, 0],
							"lerp_mode": "catmullrom"
						},
						"0.4583": {
							"post": [0, -0.5, 0],
							"lerp_mode": "catmullrom"
						},
						"0.5417": {
							"post": [0, 0, 0],
							"lerp_mode": "catmullrom"
						},
						"0.625": [0, 0, 0]
					}
				},
				"open_mouth": {
					"position": {
						"0.0417": [0, 0, 0],
						"0.0833": [0, 0, -0.1],
						"0.2917": [0, 0, -0.1],
						"0.3333": [0, 0, 0]
					}
				},
				"snout": {
					"position": {
						"0.0": [0, 0, 0],
						"0.0833": [0, 0.2, 0],
						"0.25": [0, 0.2, 0],
						"0.3333": [0, 0, 0]
					}
				}
			},
			"sound_effects": {
				"0.0417": {
					"effect": "pokemon.spheal.cry"
				}
			}
		}
	}
}