{
	"format_version": "1.8.0",
	"animations": {
		"animation.terrakion.ground_idle": {
			"loop": true,
			"bones": {
				"torso": {
					"rotation": ["-3.9-math.cos(q.anim_time*90*1-30)*1/2", 0, 0]
				},
				"torso_up": {
					"rotation": [7.5, "math.cos(q.anim_time*90*1/2-60)*1/2", "-math.cos(q.anim_time*90*1/2)*1/2"]
				},
				"head": {
					"rotation": ["7.5+math.cos(q.anim_time*90*1-60)*3/2", "0-math.cos(q.anim_time*90*1/2-120)*1", 0]
				}
			}
		},
		"animation.terrakion.ground_walk": {
			"loop": true,
			"animation_length": 4,
			"bones": {
				"body": {
					"rotation": [0, 0, "math.clamp(math.sin(q.anim_time*90*4-90)*1,-0.8,0.8)+math.sin(q.anim_time*90*4-180)*1"],
					"position": [0, "-1.75+math.clamp(math.sin(q.anim_time*90*4)*1.1,0.5,1)+math.clamp(math.sin(q.anim_time*90*4+180)*1.1,0.5,1)", 0]
				},
				"leg_right": {
					"rotation": [
						"-20+math.clamp(15*(math.sin(q.anim_time*90*4-90+180)*1+1),-0,60)",
						0,
						"math.clamp(math.sin(q.anim_time*90*4-90+180)*1,-0.8,0.8)+math.sin(q.anim_time*90*4-180*0)*1"
					],
					"position": [
						0,
						"-math.clamp(-math.sin(q.anim_time*90*4+90+180*1)*0.01,0,0.01)+math.clamp(-math.sin(q.anim_time*90*4+20+180*1)*1,0.4,1)-0.4+math.clamp(math.sin(q.anim_time*90*4-130+180*1)*1.5,0.4,0.6)-0.3+(math.clamp(-math.sin(q.anim_time*90*2+70+180*1)*1,0.5,1)-0.5)*0.5+(math.clamp(-math.sin(q.anim_time*90*2+70+180*0)*1,0.5,1)+0.5)*0.5",
						0
					]
				},
				"knee_right": {
					"rotation": [
						"math.clamp(math.sin(q.anim_time*90*4+180)*10,0,10)-math.clamp(math.sin(q.anim_time*90*4-95+180)*10,0,45)-math.clamp(math.sin(q.anim_time*90*4+180*0)*10,0,45)",
						0,
						0
					],
					"position": [0, "math.clamp(math.sin(q.anim_time*90*4-130+180)*1,0.5,1)-math.clamp(math.sin(q.anim_time*90*4-40+180)*1,0.75,1)+0.25", 0]
				},
				"leg_left": {
					"rotation": [
						"-20+math.clamp(15*(math.sin(q.anim_time*90*4-90)*1+1),-0,60)",
						0,
						"-math.clamp(math.sin(q.anim_time*90*4-90)*1,-0.8,0.8)-math.sin(q.anim_time*90*4-180)*1"
					],
					"position": [
						0,
						"-math.clamp(-math.sin(q.anim_time*90*4+90+180*0)*0.01,0,0.01)+math.clamp(-math.sin(q.anim_time*90*4+20+180*0)*1,0.4,1)-0.4+math.clamp(math.sin(q.anim_time*90*4-130+180*0)*1.5,0.4,0.6)-0.3+(math.clamp(-math.sin(q.anim_time*90*2+70+180*0)*1,0.5,1)-0.5)*0.5+(math.clamp(-math.sin(q.anim_time*90*2+70+180*1)*1,0.5,1)+0)*0.5",
						0
					]
				},
				"knee_left": {
					"rotation": [
						"math.clamp(math.sin(q.anim_time*90*4)*10,0,10)-math.clamp(math.sin(q.anim_time*90*4-95)*10,0,45)-math.clamp(math.sin(q.anim_time*90*4+180)*10,0,45)",
						0,
						0
					],
					"position": [0, "math.clamp(math.sin(q.anim_time*90*4-130)*1,0.5,1)-math.clamp(math.sin(q.anim_time*90*4-40)*1,0.75,1)+0.25", 0]
				},
				"torso": {
					"rotation": ["math.sin(q.anim_time*90*4-90)*0.5-4.5", 0, 0]
				},
				"tail": {
					"rotation": ["math.sin(q.anim_time*90*8+90)*4-4", 0, 0]
				},
				"head": {
					"rotation": [
						"-math.sin(q.anim_time*90*4-90)*0.5+math.sin(q.anim_time*90*4*2-45)*1",
						0,
						"-math.clamp(math.sin(q.anim_time*90*4-90)*1,-0.8,0.8)-math.sin(q.anim_time*90*4-180)*1"
					],
					"position": ["math.sin(q.anim_time*90*4-45)*0.1", "math.sin(-q.anim_time*90*4*2-45)*0.1", 0]
				},
				"arm_right": {
					"rotation": [
						"20-math.clamp(20*(math.sin(q.anim_time*90*4-90+33+180)*1+1),-0,60)",
						0,
						"math.clamp(math.sin(q.anim_time*90*4-90+180)*1,-0.8,0.8)+math.sin(q.anim_time*90*4-180*0)*1"
					],
					"position": [
						0,
						"0.8*(math.clamp(math.sin(q.anim_time*90*4-155+180)*1.6,1,1.6)-0.2)+0.5*(math.clamp(math.sin(q.anim_time*90*4-75+180)*1.8,1,1.8)-1)-0.2*(math.clamp(math.sin(q.anim_time*90*4+180)*1.4,1,1.4)+1)-math.clamp(math.sin(q.anim_time*90*4)*1,0,0.75)",
						0
					]
				},
				"elbow_right": {
					"rotation": [
						"math.clamp(math.sin(q.anim_time*90*4-180*1+33)*40,0,40)+(math.clamp(math.sin(q.anim_time*90*2-90*3)*1,0.5,1)*1-0.5)*30+(math.clamp(math.sin(q.anim_time*90*2-90*1)*1,0.5,1)*1-0.5)*30",
						0,
						0
					]
				},
				"hand_right": {
					"rotation": ["-20+math.clamp(10*(math.sin(q.anim_time*90*4-90-180*1)*1+1),-0,60)+math.clamp(math.sin(q.anim_time*90*4-180*1+10)*30,-2.5,30)", 0, 0],
					"position": [0, "math.clamp(math.sin(q.anim_time*90*4-120+180)*1.1,0.9,1)-0.9+math.clamp(math.sin(q.anim_time*90*2-130+90)*1.3,0.9,1)-0.9", 0]
				},
				"arm_left": {
					"rotation": [
						"20-math.clamp(20*(math.sin(q.anim_time*90*4-90+33)*1+1),-0,60)",
						0,
						"-math.clamp(math.sin(q.anim_time*90*4-90)*1,-0.8,0.8)-math.sin(q.anim_time*90*4-180)*1"
					],
					"position": [
						0,
						"0.8*(math.clamp(math.sin(q.anim_time*90*4-155)*1.6,1,1.6)-0.2)+0.5*(math.clamp(math.sin(q.anim_time*90*4-75)*1.8,1,1.8)-1)-0.2*(math.clamp(math.sin(q.anim_time*90*4)*1.4,1,1.4)+1)-math.clamp(math.sin(q.anim_time*90*4-180)*1,0,0.75)",
						0
					]
				},
				"elbow_left": {
					"rotation": [
						"math.clamp(math.sin(q.anim_time*90*4-180*0+33)*40,0,40)+(math.clamp(math.sin(q.anim_time*90*2-90*0)*1,0.5,1)*1-0.5)*30+(math.clamp(math.sin(q.anim_time*90*2-90*2)*1,0.5,1)*1-0.5)*30",
						0,
						0
					]
				},
				"hand_left": {
					"rotation": ["-20+math.clamp(10*(math.sin(q.anim_time*90*4-90-180*0)*1+1),-0,60)+math.clamp(math.sin(q.anim_time*90*4-180*0+10)*30,-5,30)", 0, 0],
					"position": [0, "math.clamp(math.sin(q.anim_time*90*4-120)*1.1,0.9,1)-0.9+math.clamp(math.sin(q.anim_time*90*2-130)*1.3,0.9,1)-0.9", 0]
				},
				"bone2": {
					"rotation": [
						"-math.clamp(math.sin(q.anim_time*90*4+180*1)*10,0,10)+math.clamp(math.sin(q.anim_time*90*4+10+180*0)*25,0,45)-(-20+math.clamp(11*(math.sin(q.anim_time*90*4-90+180*1)*1+1),-0,60))+math.clamp(math.sin(q.anim_time*90*4-130+180*1)*00,50,100)-50",
						0,
						0
					],
					"position": [0, "(math.clamp(math.sin(q.anim_time*90*4-110+180*0)*1,0.5,1)-0.5)*0.7", 0]
				},
				"bone3": {
					"rotation": [
						"-math.clamp(math.sin(q.anim_time*90*4+180*0)*10,0,10)+math.clamp(math.sin(q.anim_time*90*4+10+180*1)*25,0,45)-(-20+math.clamp(11*(math.sin(q.anim_time*90*4-90+180*0)*1+1),-0,60))+math.clamp(math.sin(q.anim_time*90*4-130+180*0)*00,50,100)-50",
						0,
						0
					],
					"position": [0, "(math.clamp(math.sin(q.anim_time*90*4-110+180)*1,0.5,1)-0.5)*0.7", 0]
				},
				"torso_up": {
					"rotation": [7.5, 0, 0]
				}
			}
		},
		"animation.terrakion.cry": {
			"animation_length": 1.5,
			"bones": {
				"torso": {
					"rotation": {
						"0.0": [0, 0, 0],
						"0.0833": {
							"pre": [-1.1, 0, 0],
							"post": [-1.1, 0, 0],
							"lerp_mode": "catmullrom"
						},
						"0.2917": {
							"post": [-1.8, 0, 0],
							"lerp_mode": "catmullrom"
						},
						"0.5": [0.2, 0, 0],
						"0.625": [-0.51, 0, "0-math.cos(q.anim_time*90*18)*1/2"],
						"0.8333": [-2.29, 0, "0-math.cos(q.anim_time*90*18-60)*1"],
						"1.0833": [-0.76, 0, "0-math.cos(q.anim_time*90*18-120)*1/2"],
						"1.2917": [-0.07, 0, 0.06],
						"1.3333": {
							"pre": [0, 0, 0],
							"post": [0, 0, 0],
							"lerp_mode": "catmullrom"
						},
						"1.5": {
							"post": [0, 0, 0],
							"lerp_mode": "catmullrom"
						}
					}
				},
				"torso_up": {
					"rotation": {
						"0.0": [0, 0, 0],
						"0.0833": {
							"pre": [1.5, 0, 0],
							"post": [1.5, 0, 0],
							"lerp_mode": "catmullrom"
						},
						"0.2917": {
							"post": [2.4, 0, 0],
							"lerp_mode": "catmullrom"
						},
						"0.4167": {
							"post": [2.2, 0, 0],
							"lerp_mode": "catmullrom"
						},
						"0.5": {
							"post": [1.4, 0, 0],
							"lerp_mode": "catmullrom"
						},
						"0.625": {
							"post": [1.5, 0, 0],
							"lerp_mode": "catmullrom"
						},
						"0.7917": {
							"post": [2.4, 0, 0],
							"lerp_mode": "catmullrom"
						},
						"0.9583": {
							"post": [0.85, 0, 0],
							"lerp_mode": "catmullrom"
						},
						"1.2083": {
							"post": [0, 0, 0],
							"lerp_mode": "catmullrom"
						},
						"1.5": [0, 0, 0]
					}
				},
				"head": {
					"rotation": {
						"0.0": [0, 0, 0],
						"0.0833": {
							"pre": [5, 0, 0],
							"post": [5, 0, 0],
							"lerp_mode": "catmullrom"
						},
						"0.2083": {
							"post": [-3, 0, 0],
							"lerp_mode": "catmullrom"
						},
						"0.3333": {
							"post": [-5.2, 0, 0],
							"lerp_mode": "catmullrom"
						},
						"0.5417": {
							"post": [-5, 0, 0],
							"lerp_mode": "catmullrom"
						},
						"0.7083": {
							"post": [-11, 0, 0],
							"lerp_mode": "catmullrom"
						},
						"0.875": {
							"post": [-12.74, 0, 0],
							"lerp_mode": "catmullrom"
						},
						"1.0833": {
							"post": [-7.58, 0, 0],
							"lerp_mode": "catmullrom"
						},
						"1.25": {
							"post": [0, 0, 0],
							"lerp_mode": "catmullrom"
						},
						"1.5": [0, 0, 0]
					}
				}
			}
		},
		"animation.terrakion.recoil": {
			"animation_length": 1,
			"bones": {
				"torso": {
					"rotation": {
						"0.0": [0, 0, 0],
						"0.0417": {
							"pre": [-2.5, 0, 0],
							"post": [-2.5, 0, 0],
							"lerp_mode": "catmullrom"
						},
						"0.2083": {
							"post": [-3.3, 0, 0],
							"lerp_mode": "catmullrom"
						},
						"0.3333": {
							"post": [-2.24, 0, 0],
							"lerp_mode": "catmullrom"
						},
						"0.625": {
							"post": [-0.4, 0, 0],
							"lerp_mode": "catmullrom"
						},
						"0.9167": {
							"post": [0, 0, 0],
							"lerp_mode": "catmullrom"
						},
						"1.0": [0, 0, 0]
					}
				},
				"torso_up": {
					"rotation": {
						"0.0": [0, 0, 0],
						"0.0417": {
							"pre": [2.5, 0, 0],
							"post": [2.5, 0, 0],
							"lerp_mode": "catmullrom"
						},
						"0.2917": {
							"post": [3.5, 0, 0],
							"lerp_mode": "catmullrom"
						},
						"0.5": {
							"post": [1.5, 0, 0],
							"lerp_mode": "catmullrom"
						},
						"0.7917": {
							"post": [0.26, 0, 0],
							"lerp_mode": "catmullrom"
						},
						"0.9167": {
							"post": [0, 0, 0],
							"lerp_mode": "catmullrom"
						},
						"1.0": [0, 0, 0]
					}
				},
				"head": {
					"rotation": {
						"0.0": [0, 0, 0],
						"0.0833": {
							"pre": [6.2, 0, 0],
							"post": [6.2, 0, 0],
							"lerp_mode": "catmullrom"
						},
						"0.2917": {
							"post": [6.2, 0, 0],
							"lerp_mode": "catmullrom"
						},
						"0.5": {
							"post": [3.1, 0, 0],
							"lerp_mode": "catmullrom"
						},
						"0.7083": {
							"post": [0.6, 0, 0],
							"lerp_mode": "catmullrom"
						},
						"0.9167": {
							"post": [0, 0, 0],
							"lerp_mode": "catmullrom"
						},
						"1.0": [0, 0, 0]
					}
				},
				"eye_close_right": {
					"position": {
						"0.0": [0, 0, 0],
						"0.0417": {"pre": [0, 0, 0], "post": [0, 0, -0.1]},
						"0.375": {"pre": [0, 0, -0.1], "post": [0, 0, 0]}
					}
				},
				"eye_close_left": {
					"position": {
						"0.0": [0, 0, 0],
						"0.0417": {"pre": [0, 0, 0], "post": [0, 0, -0.1]},
						"0.375": {"pre": [0, 0, -0.1], "post": [0, 0, 0]}
					}
				}
			}
		},
		"animation.terrakion.blink": {
			"animation_length": 0.1667,
			"bones": {
				"eye_close_right": {
					"position": {
						"0.0": [0, 0, -0.1],
						"0.125": [0, 0, -0.1],
						"0.1667": {"pre": [0, 0, -0.1], "post": [0, 0, 0]}
					}
				},
				"eye_close_left": {
					"position": {
						"0.0": [0, 0, -0.1],
						"0.125": [0, 0, -0.1],
						"0.1667": {"pre": [0, 0, -0.1], "post": [0, 0, 0]}
					}
				}
			}
		},
		"animation.terrakion.battle_idle": {
			"loop": true,
			"animation_length": 16.3333,
			"bones": {
				"leg_right": {
					"rotation": ["14.8123-math.sin(q.anim_time*90*1)*1", 7.25346, 12.19801],
					"position": ["0+math.sin(q.anim_time*90*1)*0.1", "-1.75+math.sin(q.anim_time*90*1)*0.01", "-1+math.sin(q.anim_time*90*1)*0.075"]
				},
				"knee_right": {
					"rotation": ["-13.9255-math.sin(q.anim_time*90*1)*-1", -3.05401, -12.12694]
				},
				"bone2": {
					"rotation": [2.5, 0, 0]
				},
				"leg_left": {
					"rotation": ["14.6911-math.sin(q.anim_time*90*1)*1", -7.25346, -12.19801],
					"position": ["0-math.sin(q.anim_time*90*1)*0.1", "-1.75+math.sin(q.anim_time*90*1)*0.01", "-1+math.sin(q.anim_time*90*1)*0.075"]
				},
				"knee_left": {
					"rotation": ["-13.9255-math.sin(q.anim_time*90*1)*-1", 3.05401, 12.12694]
				},
				"bone3": {
					"rotation": [2.5, 0, 0]
				},
				"torso": {
					"rotation": [-3.99999, "0.0213+math.cos(q.anim_time*90*1/2-60)*1", "0.0223-math.cos(q.anim_time*90*1/2)*1/2"],
					"position": [0, 0.25, 0]
				},
				"torso_up": {
					"rotation": ["12.5-math.cos(q.anim_time*90*1-30)*1/2", 0, 0]
				},
				"arm_right": {
					"rotation": ["6.1916+math.sin(q.anim_time*90*1-45)*2", 16.45329, 6.6543],
					"position": ["-0.0842-math.sin(q.anim_time*90*1-45)*0.05", 0, "-0.5-math.sin(q.anim_time*90*1-55)*0.2"]
				},
				"elbow_right": {
					"rotation": ["-6.0065+math.sin(q.anim_time*90*1-45)*-5/2", -0.10021, -7.49933]
				},
				"hand_right": {
					"rotation": [2.5, 0, 0]
				},
				"arm_left": {
					"rotation": ["6.1916+math.sin(q.anim_time*90*1-45)*2", -16.45329, -6.6543],
					"position": ["0.0842+math.sin(q.anim_time*90*1-45)*0.05", 0, "-0.5-math.sin(q.anim_time*90*1-55)*0.2"]
				},
				"elbow_left": {
					"rotation": ["-6.0065+math.sin(q.anim_time*90*1-45)*-5/2", -0.10021, 7.49933]
				},
				"hand_left": {
					"rotation": [2.5, 0, 0]
				}
			}
		},
		"animation.terrakion.sleep": {
			"loop": true,
			"animation_length": 16.3333,
			"bones": {
				"leg_right": {
					"rotation": ["14.8123-math.sin(q.anim_time*90*1)*1", 7.25346, 12.19801],
					"position": ["0+math.sin(q.anim_time*90*1)*0.1", "-1.75+math.sin(q.anim_time*90*1)*0.01", "-1+math.sin(q.anim_time*90*1)*0.075"]
				},
				"knee_right": {
					"rotation": ["-13.9255-math.sin(q.anim_time*90*1)*-1", -3.05401, -12.12694]
				},
				"bone2": {
					"rotation": [2.5, 0, 0]
				},
				"leg_left": {
					"rotation": ["14.6911-math.sin(q.anim_time*90*1)*1", -7.25346, -12.19801],
					"position": ["0-math.sin(q.anim_time*90*1)*0.1", "-1.75+math.sin(q.anim_time*90*1)*0.01", "-1+math.sin(q.anim_time*90*1)*0.075"]
				},
				"knee_left": {
					"rotation": ["-13.9255-math.sin(q.anim_time*90*1)*-1", 3.05401, 12.12694]
				},
				"bone3": {
					"rotation": [2.5, 0, 0]
				},
				"torso": {
					"rotation": [-3.99999, "0.0213+math.cos(q.anim_time*90*1/2-60)*1", "0.0223-math.cos(q.anim_time*90*1/2)*1/2"],
					"position": [0, 0.25, 0]
				},
				"torso_up": {
					"rotation": ["12.5-math.cos(q.anim_time*90*1-30)*1/2", 0, 0]
				},
				"head": {
					"rotation": [10, 0, 0]
				},
				"eye_close_right": {
					"position": [0, 0, -0.1]
				},
				"arm_right": {
					"rotation": ["6.1916+math.sin(q.anim_time*90*1-45)*2", 16.45329, 6.6543],
					"position": ["-0.0842-math.sin(q.anim_time*90*1-45)*0.05", 0, "-0.5-math.sin(q.anim_time*90*1-55)*0.2"]
				},
				"elbow_right": {
					"rotation": ["-6.0065+math.sin(q.anim_time*90*1-45)*-5/2", -0.10021, -7.49933]
				},
				"hand_right": {
					"rotation": [2.5, 0, 0]
				},
				"arm_left": {
					"rotation": ["6.1916+math.sin(q.anim_time*90*1-45)*2", -16.45329, -6.6543],
					"position": ["0.0842+math.sin(q.anim_time*90*1-45)*0.05", 0, "-0.5-math.sin(q.anim_time*90*1-55)*0.2"]
				},
				"elbow_left": {
					"rotation": ["-6.0065+math.sin(q.anim_time*90*1-45)*-5/2", -0.10021, 7.49933]
				},
				"hand_left": {
					"rotation": [2.5, 0, 0]
				},
				"eye_close_left": {
					"position": [0, 0, -0.1]
				}
			}
		}
	}
}