{
	"format_version": "1.8.0",
	"animations": {
		"animation.munkidori.ground_idle": {
			"loop": true,
			"bones": {
				"head": {
					"rotation": ["4+1*math.sin(q.anim_time*90*2-60)", "2*math.sin(q.anim_time*90*1-60)", "2*math.sin(q.anim_time*90*1-60)"]
				},
				"body": {
					"rotation": [-7.5, 0, 0]
				},
				"right_arm": {
					"rotation": ["27.1215285416+1*math.sin(q.anim_time*100*2-60)", -35.61843, -47.94115]
				},
				"right_arm_lower": {
					"rotation": [0, "-57.5+1*math.sin(q.anim_time*100*2-60)", 0]
				},
				"right_hand": {
					"rotation": [0, 0, -25]
				},
				"upper_body": {
					"rotation": ["2.5+1*math.sin(q.anim_time*90*2-60)", 0, "0+1*math.sin(q.anim_time*90*2-60)"]
				},
				"left_arm": {
					"rotation": ["27.1215285416+1*math.sin(q.anim_time*100*2-60)", 35.61843, 47.94115]
				},
				"left_arm_lower": {
					"rotation": [0, "57.5-1*math.sin(q.anim_time*100*2-60)", 0]
				},
				"left_hand": {
					"rotation": [0, 0, 25]
				}
			}
		},
		"animation.munkidori.ground_walk": {
			"loop": true,
			"animation_length": 4,
			"bones": {
				"head": {
					"rotation": ["12.5-math.abs(math.sin(q.anim_time*90*4-50)*4)", 0, "0-math.abs(math.sin(q.anim_time*90*4-50)*2)"],
					"position": [0, -1, -3]
				},
				"body": {
					"rotation": ["20-math.sin(q.anim_time*90*8)*1", 0, 0]
				},
				"right_arm": {
					"rotation": [32.6326, -40.24635, "-44.7440514378+math.clamp(math.sin(q.anim_time*90*4-180)*5,-2,180)"]
				},
				"right_arm_lower": {
					"rotation": [67.62341, "-52.7413648291+math.abs(math.sin(q.anim_time*90*4-50)*4)", "-56.334643345530+math.abs(math.sin(q.anim_time*90*4-50)*4)"]
				},
				"right_hand": {
					"rotation": [0, 0, -25]
				},
				"left_leg": {
					"rotation": ["5+math.sin(q.anim_time*90*4-90)*25", 0, 0]
				},
				"left_leg_lower": {
					"rotation": ["30+math.clamp(math.sin(q.anim_time*90*4-180)*25,-5,180)", 0, 0]
				},
				"left_foot": {
					"rotation": [-12.5, 0, 0]
				},
				"right_leg": {
					"rotation": ["5+math.sin(q.anim_time*90*4+90)*25", 0, 0]
				},
				"right_leg_lower": {
					"rotation": ["30+math.clamp(-math.sin(q.anim_time*90*4-180)*25,-5,180)", 0, 0]
				},
				"right_foot": {
					"rotation": [-12.5, 0, 0]
				},
				"upper_body": {
					"rotation": ["-5-math.sin(q.anim_time*90*8)*1", 0, 0],
					"position": [0, "1+math.clamp(math.sin(q.anim_time*90*4+90*0)*1  ,0,180)", -2]
				},
				"left_arm": {
					"rotation": [32.6326, 40.24635, "44.7440514378-math.clamp(math.sin(q.anim_time*90*4-180)*5,-2,180)"]
				},
				"left_arm_lower": {
					"rotation": [67.62341, "52.7413648291-math.abs(math.sin(q.anim_time*90*4-50)*4)", "56.334643345530-math.abs(math.sin(q.anim_time*90*4-50)*4 )"]
				},
				"left_hand": {
					"rotation": [0, 0, 25]
				},
				"hair3": {
					"rotation": {
						"0.0": ["-1+2*math.sin(q.anim_time*120*100-180)", 0, 0],
						"0.2917": ["-13.5+2*math.sin(q.anim_time*120*100-180)", 0, 0]
					}
				}
			}
		},
		"animation.munkidori.blink": {
			"animation_length": 0.375,
			"bones": {
				"right_closed_eyelid": {
					"position": {
						"0.0": [0, 0, -1],
						"0.3333": [0, 0, -1],
						"0.375": [0, 0, 0]
					}
				},
				"left_closed_eyelid": {
					"position": {
						"0.0": [0, 0, -1],
						"0.3333": [0, 0, -1],
						"0.375": [0, 0, 0]
					}
				}
			}
		},
		"animation.munkidori.cry": {
			"loop": true,
			"animation_length": 1.5,
			"bones": {
				"mouth": {
					"position": {
						"0.0": [0, 0, 0],
						"0.75": [0, -1, 0],
						"1.5": [0, 0, 0]
					}
				}
			}
		}
	}
}