{
	"format_version": "1.12.0",
	"minecraft:geometry": [
		{
			"description": {
				"identifier": "geometry.riolupmd",
				"texture_width": 64,
				"texture_height": 64,
				"visible_bounds_width": 8,
				"visible_bounds_height": 7,
				"visible_bounds_offset": [0, 2.5, 0]
			},
			"bones": [
				{
					"name": "riolupmd",
					"pivot": [0, 0, 0]
				},
				{
					"name": "body",
					"parent": "riolupmd",
					"pivot": [0, 12, 0]
				},
				{
					"name": "waist",
					"parent": "body",
					"pivot": [0, 11.5, 0],
					"cubes": [
						{"origin": [-2, 9.6, -2], "size": [4, 4, 4], "inflate": -0.15, "uv": [0, 27]}
					]
				},
				{
					"name": "tail",
					"parent": "waist",
					"pivot": [0, 12, 2],
					"cubes": [
						{"origin": [0, 10, 1], "size": [0, 3, 5], "uv": [8, 45]}
					]
				},
				{
					"name": "tail2",
					"parent": "tail",
					"pivot": [0, 8, 6],
					"cubes": [
						{"origin": [0, 7, 6], "size": [0, 5, 6], "inflate": 0.01, "uv": [1, 52]}
					]
				},
				{
					"name": "tail3",
					"parent": "tail2",
					"pivot": [0, 7, 12],
					"cubes": [
						{"origin": [0, 5, 12.02], "size": [0, 7, 3], "inflate": 0.01, "uv": [1, 47]}
					]
				},
				{
					"name": "torso",
					"parent": "waist",
					"pivot": [0, 13.4, 0.5],
					"cubes": [
						{"origin": [-1.5, 12.2, -1.5], "size": [3, 5, 3], "inflate": -0.1, "uv": [40, 14]},
						{"origin": [-1, 18, -1], "size": [2, 3, 2], "uv": [56, 19]},
						{"origin": [-1.5, 17.3, -1.5], "size": [3, 1, 3], "inflate": 0.3, "uv": [38, 9]}
					]
				},
				{
					"name": "scarf",
					"parent": "torso",
					"pivot": [-1.5, 17.7, 1.7]
				},
				{
					"name": "scarf1",
					"parent": "scarf",
					"pivot": [-1.5, 17.7, 1.6],
					"rotation": [-32, -30, 0],
					"cubes": [
						{"origin": [-1.5, 17.2, 1.6], "size": [0, 1, 2], "uv": [16, 33]},
						{"origin": [-1.5, 16.7, 3.6], "size": [0, 2, 5], "uv": [16, 26]}
					]
				},
				{
					"name": "scarf2",
					"parent": "scarf",
					"pivot": [-1.5, 17.6, 1.6],
					"rotation": [-20, -5, 0],
					"cubes": [
						{"origin": [-1.5, 17.1, 1.6], "size": [0, 1, 1], "uv": [20, 34]},
						{"origin": [-1.5, 16.6, 2.6], "size": [0, 2, 4], "uv": [16, 29]}
					]
				},
				{
					"name": "head",
					"parent": "torso",
					"pivot": [0, 18, 0],
					"cubes": [
						{"origin": [-3.5, 18, -3.5], "size": [7, 7, 7], "uv": [0, 0]},
						{"origin": [-3.49, 25, -2.2], "size": [2, 3, 3], "pivot": [-2.4, 25, -2.2], "rotation": [-45, 0, 0], "uv": [54, 13]},
						{"origin": [1.49, 25, -2.2], "size": [2, 3, 3], "pivot": [2.4, 25, -2.2], "rotation": [-45, 0, 0], "uv": [54, 7]}
					]
				},
				{
					"name": "eyes",
					"parent": "head",
					"pivot": [1, 17.8, -1]
				},
				{
					"name": "eyes_right",
					"parent": "eyes",
					"pivot": [0.5, -23, -0.5]
				},
				{
					"name": "eye_right",
					"parent": "eyes_right",
					"pivot": [-2, 21, -2.5],
					"cubes": [
						{"origin": [-3.51, 20.9, -3.51], "size": [2, 1, 2], "inflate": 0.002, "uv": [56, 39]},
						{"origin": [-3.51, 21, -3.51], "size": [2, 1, 2], "inflate": 0.002, "uv": [56, 39]},
						{"origin": [-3.51, 19.8, -3.51], "size": [2, 2, 1], "uv": [58, 29]}
					]
				},
				{
					"name": "eye_right_emote",
					"parent": "eyes_right",
					"pivot": [-2.4, 21.3, -2.5],
					"cubes": [
						{"origin": [-1.8, 20.3, -3.5], "size": [1, 1, 1], "inflate": 0.011, "uv": [54, 29]}
					]
				},
				{
					"name": "eye_right_emote2",
					"parent": "eyes_right",
					"pivot": [-1.2, 21.5, -2.9],
					"cubes": [
						{"origin": [-1.7, 20, -3.4], "size": [1, 3, 1], "inflate": 0.01, "uv": [56, 35]}
					]
				},
				{
					"name": "pupil_right",
					"parent": "eyes_right",
					"pivot": [-1.85, 20.9, -3],
					"cubes": [
						{"origin": [-2.4, 19.8, -3.5], "size": [1.1, 1, 1], "inflate": 0.015, "uv": [12, 28]},
						{"origin": [-2.4, 19.9, -3.5], "size": [1.1, 1, 1], "inflate": 0.015, "uv": [12, 28]},
						{"origin": [-2.4, 20.9, -3.5], "size": [1.1, 1, 1], "inflate": 0.015, "uv": [12, 27]},
						{"origin": [-2.4, 21, -3.5], "size": [1.1, 1, 1], "inflate": 0.015, "uv": [12, 27]}
					]
				},
				{
					"name": "eyelid_right_happy",
					"parent": "eyes_right",
					"pivot": [-1.9, 21, -2.4],
					"cubes": [
						{"origin": [-3.4, 20, -3.4], "size": [3, 2, 2], "inflate": 0.02, "uv": [54, 53]}
					]
				},
				{
					"name": "eyelid_right",
					"parent": "eyes_right",
					"pivot": [-1.9, 20.8, -2.4],
					"cubes": [
						{"origin": [-3.4, 19.8, -3.4], "size": [2, 2, 2], "inflate": 0.02, "uv": [56, 45]},
						{"origin": [-3.4, 21, -3.4], "size": [2, 1, 2], "inflate": 0.02, "uv": [56, 45]},
						{"origin": [-1.7, 20, -3.4], "size": [1, 2, 1], "inflate": 0.021, "uv": [56, 61]}
					]
				},
				{
					"name": "eyes_left",
					"parent": "eyes",
					"pivot": [0.5, 17, -0.5]
				},
				{
					"name": "eye_left",
					"parent": "eyes_left",
					"pivot": [2, 21, -2.5],
					"cubes": [
						{"origin": [1.51, 20.9, -3.51], "size": [2, 1, 2], "inflate": 0.002, "uv": [56, 42]},
						{"origin": [1.51, 21, -3.51], "size": [2, 1, 2], "inflate": 0.002, "uv": [56, 42]},
						{"origin": [1.51, 19.8, -3.51], "size": [2, 2, 1], "uv": [58, 32]}
					]
				},
				{
					"name": "eye_left_emote",
					"parent": "eyes_left",
					"pivot": [2.3, 21.3, -2.5],
					"cubes": [
						{"origin": [0.8, 20.3, -3.5], "size": [1, 1, 1], "inflate": 0.011, "uv": [54, 31]}
					]
				},
				{
					"name": "eye_left_emote2",
					"parent": "eyes_left",
					"pivot": [1.2, 21.5, -2.9],
					"cubes": [
						{"origin": [0.7, 20, -3.4], "size": [1, 3, 1], "inflate": 0.01, "uv": [60, 35]}
					]
				},
				{
					"name": "pupil_left",
					"parent": "eyes_left",
					"pivot": [1.85, 20.9, -3],
					"cubes": [
						{"origin": [1.3, 19.8, -3.5], "size": [1.1, 1, 1], "inflate": 0.015, "uv": [0, 28]},
						{"origin": [1.3, 19.9, -3.5], "size": [1.1, 1, 1], "inflate": 0.015, "uv": [0, 28]},
						{"origin": [1.3, 21, -3.5], "size": [1.1, 1, 1], "inflate": 0.015, "uv": [0, 27]},
						{"origin": [1.3, 20.9, -3.5], "size": [1.1, 1, 1], "inflate": 0.015, "uv": [0, 27]}
					]
				},
				{
					"name": "eyelid_left_happy",
					"parent": "eyes_left",
					"pivot": [1.9, 21, -2.4],
					"cubes": [
						{"origin": [0.4, 20, -3.4], "size": [3, 2, 2], "inflate": 0.02, "uv": [54, 57]}
					]
				},
				{
					"name": "eyelid_left",
					"parent": "eyes_left",
					"pivot": [1.9, 21, -2.4],
					"cubes": [
						{"origin": [1.4, 19.8, -3.4], "size": [2, 2, 2], "inflate": 0.02, "uv": [56, 49]},
						{"origin": [1.4, 21, -3.4], "size": [2, 1, 2], "inflate": 0.02, "uv": [56, 49]},
						{"origin": [0.7, 20, -3.4], "size": [1, 2, 1], "inflate": 0.021, "uv": [60, 61]}
					]
				},
				{
					"name": "snout",
					"parent": "head",
					"pivot": [0, 20.5, -3.5],
					"rotation": [7.5, 0, 0],
					"cubes": [
						{"origin": [-1.5, 18.5, -5.5], "size": [3, 2, 3], "uv": [28, 14]}
					]
				},
				{
					"name": "mouths",
					"parent": "head",
					"pivot": [1, 33.5, -2]
				},
				{
					"name": "jaw",
					"parent": "mouths",
					"pivot": [0, 18.4, -3.5],
					"cubes": [
						{"origin": [-1, 18, -4.5], "size": [2, 1, 1], "uv": [0, 2]}
					]
				},
				{
					"name": "mouth_open",
					"parent": "mouths",
					"pivot": [0, 19.25121, -2.35123],
					"cubes": [
						{"origin": [-1, 18.4, -3.01], "size": [2, 1, 0], "uv": [60, 26]},
						{"origin": [-1.5, 19, -3.02], "size": [3, 1, 0], "uv": [58, 25]}
					]
				},
				{
					"name": "mouth_open2",
					"parent": "mouths",
					"pivot": [0, 19.25121, -2.35123],
					"cubes": [
						{"origin": [-1.5, 18.4, -3.03], "size": [3, 1, 0], "uv": [58, 24]},
						{"origin": [-1, 19, -3.02], "size": [2, 1, 0], "uv": [60, 27]}
					]
				},
				{
					"name": "mouth_open3",
					"parent": "mouths",
					"pivot": [0, 19.25121, -2.35123],
					"cubes": [
						{"origin": [-1, 18.4, -3.03], "size": [2, 1, 0], "uv": [56, 26]},
						{"origin": [-1, 19, -3.02], "size": [2, 1, 0], "uv": [60, 27]}
					]
				},
				{
					"name": "teeth_clench",
					"parent": "mouths",
					"pivot": [0, 19.4, -3.01],
					"cubes": [
						{"origin": [-2, 18.9, -3.01], "size": [4, 1, 0], "uv": [56, 28]}
					]
				},
				{
					"name": "aura_sensors",
					"parent": "head",
					"pivot": [0, 0, 0.5]
				},
				{
					"name": "aura_sensor_right",
					"parent": "aura_sensors",
					"pivot": [-3.5, 23, 0],
					"rotation": [0, 0, -47.5],
					"cubes": [
						{"origin": [-7.5, 21, -1], "size": [4, 2, 2], "uv": [33, 0]}
					]
				},
				{
					"name": "aura_sensor_right2",
					"parent": "aura_sensor_right",
					"pivot": [-7.5, 22, 0],
					"cubes": [
						{"origin": [-13.5, 20.5, -1.5], "size": [7, 3, 3], "uv": [0, 14]}
					]
				},
				{
					"name": "aura_sensor_left",
					"parent": "aura_sensors",
					"pivot": [3.5, 23, 0],
					"rotation": [0, 0, 47.5],
					"cubes": [
						{"origin": [3.5, 21, -1], "size": [4, 2, 2], "uv": [21, 0]}
					]
				},
				{
					"name": "aura_sensor_left2",
					"parent": "aura_sensor_left",
					"pivot": [7.5, 22, 0],
					"cubes": [
						{"origin": [6.5, 20.5, -1.5], "size": [7, 3, 3], "uv": [0, 20]}
					]
				},
				{
					"name": "arm_right",
					"parent": "torso",
					"pivot": [-1.4, 16.8, 0],
					"cubes": [
						{"origin": [-4.4, 16.3, -0.5], "size": [3, 1, 1], "uv": [29, 4]}
					]
				},
				{
					"name": "arm_right2",
					"parent": "arm_right",
					"pivot": [-4.4, 17.3, 0.5],
					"cubes": [
						{"origin": [-7.4, 16.3, -1], "size": [3, 1, 2], "inflate": 0.01, "uv": [0, 36]},
						{"origin": [-8.9, 16.7, -0.5], "size": [3, 1, 1], "uv": [44, 0]}
					]
				},
				{
					"name": "hand_right",
					"parent": "arm_right2",
					"pivot": [-7.4, 17.3, 0],
					"cubes": [
						{"origin": [-9.4, 16.3, -1.5], "size": [2, 1, 3], "inflate": 0.02, "uv": [10, 39], "mirror": true}
					]
				},
				{
					"name": "finger_right_front",
					"parent": "hand_right",
					"pivot": [-9.4, 17.3, -0.8],
					"cubes": [
						{"origin": [-11.44, 16.3, -1.5], "size": [2, 1, 1], "inflate": 0.03, "uv": [6, 43], "mirror": true}
					]
				},
				{
					"name": "finger_right_middle",
					"parent": "hand_right",
					"pivot": [-9.4, 17.3, 0],
					"cubes": [
						{"origin": [-11.44, 16.3, -0.5], "size": [2, 1, 1], "inflate": 0.04, "uv": [6, 45], "mirror": true}
					]
				},
				{
					"name": "finger_right_back",
					"parent": "hand_right",
					"pivot": [-9.4, 17.3, 0.8],
					"cubes": [
						{"origin": [-11.44, 16.3, 0.5], "size": [2, 1, 1], "inflate": 0.03, "uv": [6, 47], "mirror": true}
					]
				},
				{
					"name": "arm_left",
					"parent": "torso",
					"pivot": [1.4, 16.8, 0],
					"cubes": [
						{"origin": [1.4, 16.3, -0.5], "size": [3, 1, 1], "uv": [21, 4]}
					]
				},
				{
					"name": "arm_left2",
					"parent": "arm_left",
					"pivot": [4.4, 17.3, 0.5],
					"cubes": [
						{"origin": [4.4, 16.3, -1], "size": [3, 1, 2], "inflate": 0.01, "uv": [10, 36]},
						{"origin": [5.6, 16.7, -0.5], "size": [3, 1, 1], "uv": [49, 14]}
					]
				},
				{
					"name": "hand_left",
					"parent": "arm_left2",
					"pivot": [7.4, 17.3, 0],
					"cubes": [
						{"origin": [7.4, 16.3, -1.5], "size": [2, 1, 3], "inflate": 0.02, "uv": [0, 39]}
					]
				},
				{
					"name": "finger_left_front",
					"parent": "hand_left",
					"pivot": [9.4, 17.3, -0.8],
					"cubes": [
						{"origin": [9.44, 16.3, -1.5], "size": [2, 1, 1], "inflate": 0.03, "uv": [0, 43]}
					]
				},
				{
					"name": "finger_left_middle",
					"parent": "hand_left",
					"pivot": [9.4, 17.3, 0],
					"cubes": [
						{"origin": [9.44, 16.3, -0.5], "size": [2, 1, 1], "inflate": 0.04, "uv": [0, 45]}
					]
				},
				{
					"name": "finger_left_back",
					"parent": "hand_left",
					"pivot": [9.4, 17.3, 0.8],
					"cubes": [
						{"origin": [9.44, 16.3, 0.5], "size": [2, 1, 1], "inflate": 0.03, "uv": [0, 47]}
					]
				},
				{
					"name": "leg_right",
					"parent": "body",
					"pivot": [-1, 11.5, 0],
					"cubes": [
						{"origin": [-3, 8.5, -2], "size": [3, 3, 4], "inflate": 0.2, "pivot": [-0.1, 12.5, 1], "rotation": [0, 0, 7.5], "uv": [30, 24]}
					]
				},
				{
					"name": "leg_right2",
					"parent": "leg_right",
					"pivot": [-2, 9.05, 0.05],
					"rotation": [-5, 0, 0],
					"cubes": [
						{"origin": [-3, 6.8, -0.86], "size": [2, 3, 2], "inflate": 0.01, "uv": [20, 14]}
					]
				},
				{
					"name": "leg_right3",
					"parent": "leg_right2",
					"pivot": [-2, 6.8, -0.86],
					"rotation": [32.5, 0, 0],
					"cubes": [
						{"origin": [-3, 4.8, -0.86], "size": [2, 2, 2], "uv": [40, 22]}
					]
				},
				{
					"name": "leg_right4",
					"parent": "leg_right3",
					"pivot": [-2, 4.8, 1.13],
					"rotation": [-27.5, 0, 0],
					"cubes": [
						{"origin": [-3.5, -0.2, -0.66], "size": [3, 5, 2], "uv": [44, 2]}
					]
				},
				{
					"name": "foot_right",
					"parent": "leg_right4",
					"pivot": [-2, -0.2, 1.35],
					"cubes": [
						{"origin": [-3.5, -1.2, -0.66], "size": [3, 2, 2], "inflate": 0.01, "uv": [28, 6]}
					]
				},
				{
					"name": "foot_right2",
					"parent": "foot_right",
					"pivot": [-2, -1.2, -0.66],
					"cubes": [
						{"origin": [-3.5, -1.2, -2.66], "size": [3, 2, 2], "inflate": 0.02, "uv": [44, 30]}
					]
				},
				{
					"name": "leg_left",
					"parent": "body",
					"pivot": [1, 11.5, 0],
					"cubes": [
						{"origin": [0, 8.5, -2], "size": [3, 3, 4], "inflate": 0.21, "pivot": [0.1, 12.5, 1], "rotation": [0, 0, -7.5], "uv": [16, 24]}
					]
				},
				{
					"name": "leg_left2",
					"parent": "leg_left",
					"pivot": [2, 9.05, 0.05],
					"rotation": [-5, 0, 0],
					"cubes": [
						{"origin": [1, 6.8, -0.86], "size": [2, 3, 2], "inflate": 0.01, "uv": [20, 19]}
					]
				},
				{
					"name": "leg_left3",
					"parent": "leg_left2",
					"pivot": [2, 6.8, -0.86],
					"rotation": [32.5, 0, 0],
					"cubes": [
						{"origin": [1, 4.8, -0.86], "size": [2, 2, 2], "uv": [28, 19]}
					]
				},
				{
					"name": "leg_left4",
					"parent": "leg_left3",
					"pivot": [2, 4.8, 1.13],
					"rotation": [-27.5, 0, 0],
					"cubes": [
						{"origin": [0.5, -0.2, -0.66], "size": [3, 5, 2], "uv": [54, 0]}
					]
				},
				{
					"name": "foot_left",
					"parent": "leg_left4",
					"pivot": [2, -0.2, 1.35],
					"cubes": [
						{"origin": [0.5, -1.2, -0.66], "size": [3, 2, 2], "inflate": 0.01, "uv": [28, 10]}
					]
				},
				{
					"name": "foot_left2",
					"parent": "foot_left",
					"pivot": [2, -1.2, -0.66],
					"cubes": [
						{"origin": [0.5, -1.2, -2.66], "size": [3, 2, 2], "inflate": 0.02, "uv": [44, 26]}
					]
				}
			]
		}
	]
}