{
	"format_version": "1.8.0",
	"animations": {
		"animation.lucariomega.ground_idle": {
			"loop": true,
			"bones": {
				"torso": {
					"rotation": [-1, -1, 0],
					"position": [0, "0+0.06*(math.sin(q.anim_time*90*1-90)*1+1)", 0]
				},
				"waist": {
					"rotation": ["-0.5-0.5*(math.sin(q.anim_time*90*1-90)*1+1)", 0, 0],
					"position": [0, "0+0.02*(math.sin(q.anim_time*90*1-90)*1+1)", 0]
				},
				"head": {
					"rotation": ["2+0.5*(math.sin(q.anim_time*90*1)*1+1)", 1, 0],
					"position": [0, "0+0.01*(math.sin(q.anim_time*90*1-90)*1+1)", 0]
				},
				"aura_sensor_inner_right": {
					"rotation": ["-16+1.5*(math.sin(q.anim_time*90*1-90)*1+1)", -12, 0]
				},
				"aura_sensor_outer_right": {
					"rotation": ["-24+0.5*(math.sin(q.anim_time*90*1-40)*1+1)", -15, 0]
				},
				"arm_right": {
					"rotation": [0, "18-1.5*(math.sin(q.anim_time*90*1)*1+1)", -64],
					"position": [0.2, "-0.2-0.06*(math.sin(q.anim_time*90*1-40)*1+1)", 0]
				},
				"arm_right2": {
					"rotation": [0, "-25-0.6*math.clamp(-math.sin(q.anim_time*90*3/2)*1+1,0,1)", 0]
				},
				"finger_right_front": {
					"rotation": [0, 0, -20]
				},
				"finger_right_middle": {
					"rotation": [0, 0, -15]
				},
				"finger_right_back": {
					"rotation": [0, 0, -20]
				},
				"arm_left": {
					"rotation": [0, "-18+1.5*(math.sin(q.anim_time*90*1)*1+1)", 64],
					"position": [-0.2, "-0.1-0.06*(math.sin(q.anim_time*90*1-40)*1+1)", 0]
				},
				"arm_left2": {
					"rotation": [0, "30-0.6*math.clamp(math.sin(q.anim_time*90*3/2)*1+1,0,1)+0.6*math.clamp(-math.sin(q.anim_time*90*3/2)*1+1,0,1)", 0]
				},
				"finger_left_front": {
					"rotation": [0, 0, 20]
				},
				"finger_left_middle": {
					"rotation": [0, 0, 15]
				},
				"finger_left_back": {
					"rotation": [0, 0, 20]
				},
				"tail": {
					"rotation": ["-40-1*(math.sin(q.anim_time*90*1)*1+1)", 0, 0]
				},
				"tail2": {
					"rotation": ["-25-0.5*(math.sin(q.anim_time*90*1)*1+1)", 0, 0]
				},
				"tail3": {
					"rotation": [-10, 0, 0]
				},
				"tail4": {
					"rotation": [0, 0, 0]
				},
				"chest": {
					"rotation": ["2.5+0.2*(math.sin(q.anim_time*90*1-90)*1+1)", 0, 0]
				},
				"leg_right": {
					"rotation": [-3.5, 0, 1],
					"position": [0, "-0.1+0.03*(math.sin(q.anim_time*90*1-90)*1+1)", 0]
				},
				"foot_right": {
					"rotation": [-4, 2, 0],
					"position": [0, "0-0.03*(math.sin(q.anim_time*90*1-90)*1+1)", 0]
				},
				"leg_left": {
					"rotation": [4.5, 0, -1],
					"position": [0, "-0.1+0.03*(math.sin(q.anim_time*90*1-90)*1+1)", 0]
				},
				"foot_left": {
					"rotation": [-0.0669, -3.41346, 1.41658],
					"position": [0, "0-0.03*(math.sin(q.anim_time*90*1-90)*1+1)", 0]
				},
				"leg_right2": {
					"rotation": [0, 6.5, 0]
				},
				"leg_left2": {
					"rotation": [2, -6.5, 0]
				},
				"aura_sensor_outer_right2": {
					"rotation": ["-15+1.5*(math.sin(q.anim_time*90*1-80)*1+1)", 0, 0]
				},
				"aura_sensor_outer_right3": {
					"rotation": ["-18+1*(math.sin(q.anim_time*90*1-120)*1+1)", 0, 0]
				},
				"aura_sensor_inner_right2": {
					"rotation": ["-12+1.5*(math.sin(q.anim_time*90*1-140)*1+1)", 0, 0]
				},
				"aura_sensor_inner_right3": {
					"rotation": ["-16+1.5*(math.sin(q.anim_time*90*1-180)*1+1)", 0, 0]
				},
				"hand_right": {
					"rotation": [0, -10, 0]
				},
				"hand_left": {
					"rotation": [0, 10, 0]
				},
				"foot_right2": {
					"rotation": [7, 0, 0]
				},
				"foot_left2": {
					"rotation": [1, 0, 0]
				},
				"foot_left3": {
					"rotation": [-8, 0, 0]
				},
				"aura_sensor_outer_right4": {
					"rotation": ["12+1*(math.sin(q.anim_time*90*1-160)*1+1)", 0, 0]
				},
				"aura_sensor_inner_right4": {
					"rotation": ["10+1.5*(math.sin(q.anim_time*90*1-220)*1+1)", 0, 0]
				},
				"aura_sensor_outer_left": {
					"rotation": ["-24+0.5*(math.sin(q.anim_time*90*1-40)*1+1)", 15, 0]
				},
				"aura_sensor_outer_left2": {
					"rotation": ["-15+1.5*(math.sin(q.anim_time*90*1-80)*1+1)", 0, 0]
				},
				"aura_sensor_outer_left3": {
					"rotation": ["-18+1*(math.sin(q.anim_time*90*1-120)*1+1)", 0, 0]
				},
				"aura_sensor_outer_left4": {
					"rotation": ["12+1*(math.sin(q.anim_time*90*1-160)*1+1)", 0, 0]
				},
				"aura_sensor_inner_left": {
					"rotation": ["-16+1.5*(math.sin(q.anim_time*90*1-90)*1+1)", 12, 0]
				},
				"aura_sensor_inner_left2": {
					"rotation": ["-12+1.5*(math.sin(q.anim_time*90*1-140)*1+1)", 0, 0]
				},
				"aura_sensor_inner_left3": {
					"rotation": ["-16+1.5*(math.sin(q.anim_time*90*1-180)*1+1)", 0, 0]
				},
				"aura_sensor_inner_left4": {
					"rotation": ["10+1.5*(math.sin(q.anim_time*90*1-220)*1+1)", 0, 0]
				}
			}
		},
		"animation.lucariomega.ground_walk": {
			"loop": true,
			"animation_length": 1,
			"bones": {
				"body": {
					"position": [0, "0 - (12/21) + math.abs(math.sin(((query.anim_time) - (1/4)) * 90 * 4+40) * (12/21))", 0]
				},
				"torso": {
					"rotation": [0, "0 - math.sin(((query.anim_time) - (0.25/4)) * 90 * 4) * 0", 0]
				},
				"head": {
					"rotation": ["1+math.clamp(math.sin(((query.anim_time) - (0.75/4)) * 90 * 8) * 0.6, 0, 0.6)", 0, 0],
					"position": [0, 0, "0 - (0 / 10)"]
				},
				"arm_left2": {
					"rotation": [0, "12+math.clamp(math.sin(((query.anim_time) + (0.75/4)) * 90 * 4+90) * 12, 0, 12)", 0]
				},
				"arm_right2": {
					"rotation": [0, "-12- math.clamp(math.sin(((query.anim_time) - (0.75/4)) * 90 * 4+90) * 12, 0, 12)", 0]
				},
				"torso2": {
					"rotation": [0, "0 - math.sin(((query.anim_time) - (0.5/4)) * 90 * 4) * 0", 0]
				},
				"leg_left": {
					"rotation": [
						"math.sin((query.anim_time) * 90 * 4+270) * 10",
						0,
						"0 - 0 + (math.clamp((math.sin(((query.anim_time - (1.75 / 4))) * 180 * 4) * 1) - math.clamp((math.sin(((query.anim_time - (1.75 / 4))) * 90 * 4) * 2), 0, 1), 0, 1)) * 0"
					],
					"position": [0, "math.clamp(math.sin(((query.anim_time) + (1/4)) * 90 * 4) * 0.1, 0, 0.1)", 0]
				},
				"leg_left2": {
					"rotation": {
						"0.0": [-33, 0, 0],
						"0.0417": [-31.75, 0, 0],
						"0.125": [-25.35, 0, 0],
						"0.2083": [-12.4, 0, 0],
						"0.3333": [2.1, 0, 0],
						"0.4167": [10, 0, 0],
						"0.5": [13.5, 0, 0],
						"0.6667": [6, 0, 0],
						"0.7083": [2.5, 0, 0],
						"0.8333": [-25.6, 0, 0],
						"0.875": [-30.25, 0, 0],
						"0.9167": [-32.7, 0, 0],
						"1.0": [-33, 0, 0]
					}
				},
				"foot_left": {
					"rotation": ["0 - math.clamp(math.sin(((query.anim_time) - (0.75/4)) * 90 * 4) * 0, -0, 0)", 0, 0]
				},
				"tail": {
					"rotation": ["-40-1*(math.sin(q.anim_time*90*8)*1+1)", 0, 0]
				},
				"tail2": {
					"rotation": ["-25-0.5*(math.sin(q.anim_time*90*8)*1+1)", 0, 0]
				},
				"tail3": {
					"rotation": [-10, 0, 0]
				},
				"arm_left": {
					"rotation": [0, "-5 - math.sin(((query.anim_time) - (0.5/4)) * 90 * 4+90) * 20", 62],
					"position": [0, -0.2, 0]
				},
				"arm_right": {
					"rotation": [0, "5 - math.sin(((query.anim_time) - (0.5/4)) * 90 * 4+90) * 20", -62],
					"position": [0, -0.2, 0]
				},
				"knee_left": {
					"rotation": ["0 - math.clamp(math.sin(((query.anim_time) - (0.75/4)) * 90 * 4) * 11, -11, 0)", 0, 0]
				},
				"knee_right": {
					"rotation": ["math.clamp(math.sin(((query.anim_time) - (0.75/4)) * 90 * 4) * 11, 0, 11)", 0, 0]
				},
				"dread_left": {
					"rotation": [0, 0, "-5*math.sin(q.anim_time*90*5.5*1.5)"]
				},
				"dread_right": {
					"rotation": [0, 0, "5*math.sin(q.anim_time*90*5.5*1.5)"]
				},
				"hand_left2": {
					"rotation": [0, 0, 35]
				},
				"hand_right2": {
					"rotation": [0, 0, -30]
				},
				"leg_left3": {
					"rotation": {
						"0.0": [25, 0, 0],
						"0.125": [4.55, 0, 0],
						"0.25": [1.35, 0, 0],
						"0.5": [4.5, 0, 0],
						"0.625": [25.25, 0, 0],
						"0.7917": [43.2, 0, 0],
						"0.875": [45.23, 0, 0],
						"0.9167": [42.55, 0, 0],
						"1.0": [25, 0, 0]
					}
				},
				"finger_right_front": {
					"rotation": [0, 0, -25]
				},
				"finger_right_middle": {
					"rotation": [0, 0, -20]
				},
				"finger_right_back": {
					"rotation": [0, 0, -25]
				},
				"finger_left_front": {
					"rotation": [0, 0, 25]
				},
				"finger_left_middle": {
					"rotation": [0, 0, 20]
				},
				"finger_left_back": {
					"rotation": [0, 0, 25]
				},
				"aura_sensor_outer_right": {
					"rotation": ["-24+1*(math.sin(q.anim_time*90*4-40)*1+1)", -15, 0]
				},
				"aura_sensor_inner_right": {
					"rotation": ["-16+1.5*(math.sin(q.anim_time*90*4-90)*1+1)", -12, 0]
				},
				"foot_left3": {
					"rotation": {
						"0.0": [-9.84, 0, 0],
						"0.125": [-5.57, 0, 0],
						"0.2083": [-4.6, 0, 0],
						"0.2917": [-8.5, 0, 0],
						"0.375": [-26.1, 0, 0],
						"0.4167": [-38.3, 0, 0],
						"0.5": [-30.3, 0, 0],
						"0.6667": [-21.24, 0, 0],
						"1.0": [-9.84, 0, 0]
					}
				},
				"leg_right": {
					"rotation": [
						"math.sin((query.anim_time) * 90 * 4+90) * 10",
						0,
						"0 - (math.clamp((math.sin(((query.anim_time + (0.25 / 4))) * 180 * 4) * 1) - math.clamp((math.sin(((query.anim_time + (0.25 / 4))) * 90 * 4) * 2), 0, 1), 0, 1)) * 0"
					],
					"position": [0, "math.clamp(math.sin(((query.anim_time) - (1/4)) * 90 * 4) * 0.1, 0, 0.1)", 0]
				},
				"leg_right2": {
					"rotation": {
						"0.0": [13.5, 0, 0],
						"0.1667": [6, 0, 0],
						"0.2083": [2.5, 0, 0],
						"0.3333": [-25.6, 0, 0],
						"0.375": [-30.25, 0, 0],
						"0.4167": [-32.7, 0, 0],
						"0.5": [-33, 0, 0],
						"0.5417": [-31.75, 0, 0],
						"0.625": [-25.35, 0, 0],
						"0.7083": [-12.4, 0, 0],
						"0.8333": [2.1, 0, 0],
						"0.9167": [10, 0, 0],
						"1.0": [13.5, 0, 0]
					}
				},
				"leg_right3": {
					"rotation": {
						"0.0": [4.5, 0, 0],
						"0.125": [25.25, 0, 0],
						"0.2917": [43.2, 0, 0],
						"0.375": [45.23, 0, 0],
						"0.4167": [42.55, 0, 0],
						"0.5": [25, 0, 0],
						"0.625": [4.55, 0, 0],
						"0.75": [1.35, 0, 0],
						"1.0": [4.5, 0, 0]
					}
				},
				"foot_right": {
					"rotation": ["math.clamp(math.sin(((query.anim_time) - (0.75/4)) * 90 * 4) * 0, 0, 0)", 0, 0]
				},
				"foot_right3": {
					"rotation": {
						"0.0": [-30.3, 0, 0],
						"0.1667": [-21.24, 0, 0],
						"0.5": [-9.84, 0, 0],
						"0.625": [-5.57, 0, 0],
						"0.7083": [-4.6, 0, 0],
						"0.7917": [-8.5, 0, 0],
						"0.875": [-26.1, 0, 0],
						"0.9167": [-38.3, 0, 0],
						"1.0": [-30.3, 0, 0]
					}
				},
				"waist": {
					"rotation": [-2.5, 0, 0],
					"position": {
						"0.1667": [0, 0, 0],
						"0.25": [0, -0.1, 0],
						"0.375": [0, 0, 0],
						"0.6667": [0, 0, 0],
						"0.75": [0, -0.1, 0],
						"0.875": [0, 0, 0]
					}
				},
				"chest": {
					"rotation": [5, 0, 0]
				},
				"foot_right2": {
					"rotation": {
						"0.0": [15, 0, 0],
						"0.5": [7.83, 0, 0],
						"0.5833": [6.63, 0, 0],
						"0.6667": [5, 0, 0],
						"0.75": [3.6, 0, 0],
						"0.8333": [4, 0, 0],
						"0.875": [9.5, 0, 0],
						"0.9167": [17.3, 0, 0],
						"1.0": [15, 0, 0]
					}
				},
				"foot_left2": {
					"rotation": {
						"0.0": [7.83, 0, 0],
						"0.0833": [6.63, 0, 0],
						"0.1667": [5, 0, 0],
						"0.25": [3.6, 0, 0],
						"0.3333": [4, 0, 0],
						"0.375": [9.5, 0, 0],
						"0.4167": [17.3, 0, 0],
						"0.5": [15, 0, 0],
						"1.0": [7.83, 0, 0]
					}
				},
				"tail4": {
					"rotation": [0, 0, 0]
				},
				"aura_sensor_outer_right2": {
					"rotation": ["-15+1.5*(math.sin(q.anim_time*90*4-80)*1+1)", 0, 0]
				},
				"aura_sensor_outer_right3": {
					"rotation": ["-18+1*(math.sin(q.anim_time*90*4-120)*1+1)", 0, 0]
				},
				"aura_sensor_inner_right2": {
					"rotation": ["-12+1.5*(math.sin(q.anim_time*90*4-140)*1+1)", 0, 0]
				},
				"aura_sensor_inner_right3": {
					"rotation": ["-16+1*(math.sin(q.anim_time*90*4-180)*1+1)", 0, 0]
				},
				"aura_sensor_outer_right4": {
					"rotation": ["12+1*(math.sin(q.anim_time*90*4-120)*1+1)", 0, 0]
				},
				"aura_sensor_inner_right4": {
					"rotation": ["10+1.2*(math.sin(q.anim_time*90*4-180)*1+1)", 0, 0]
				},
				"aura_sensor_outer_left": {
					"rotation": ["-24+1*(math.sin(q.anim_time*90*4-40)*1+1)", 15, 0]
				},
				"aura_sensor_outer_left2": {
					"rotation": ["-15+1.5*(math.sin(q.anim_time*90*4-80)*1+1)", 0, 0]
				},
				"aura_sensor_outer_left3": {
					"rotation": ["-15+1.5*(math.sin(q.anim_time*90*4-80)*1+1)", 0, 0]
				},
				"aura_sensor_outer_left4": {
					"rotation": ["12+1*(math.sin(q.anim_time*90*4-120)*1+1)", 0, 0]
				},
				"aura_sensor_inner_left": {
					"rotation": ["-16+1.5*(math.sin(q.anim_time*90*4-90)*1+1)", 12, 0]
				},
				"aura_sensor_inner_left2": {
					"rotation": ["-12+1.5*(math.sin(q.anim_time*90*4-140)*1+1)", 0, 0]
				},
				"aura_sensor_inner_left3": {
					"rotation": ["-16+1*(math.sin(q.anim_time*90*4-180)*1+1)", 0, 0]
				},
				"aura_sensor_inner_left4": {
					"rotation": ["10+1.2*(math.sin(q.anim_time*90*4-180)*1+1)", 0, 0]
				}
			}
		},
		"animation.lucariomega.ground_runwip": {
			"loop": true,
			"animation_length": 0.5,
			"bones": {
				"body": {
					"position": {
						"0.0": [0, -0.8, 1],
						"0.125": {
							"pre": [0, 0.4, -2],
							"post": [0, 0.4, -2],
							"lerp_mode": "catmullrom"
						},
						"0.25": {
							"post": [0, -0.8, 1],
							"lerp_mode": "catmullrom"
						},
						"0.375": {
							"post": [0, 0.4, -2],
							"lerp_mode": "catmullrom"
						},
						"0.5": [0, -0.8, 1]
					}
				},
				"torso": {
					"rotation": {
						"0.0": [48, 0, 0],
						"0.125": {
							"pre": [48, 0, 2],
							"post": [48, 0, 2],
							"lerp_mode": "catmullrom"
						},
						"0.25": {
							"post": [48, 0, 0],
							"lerp_mode": "catmullrom"
						},
						"0.375": {
							"post": [48, 0, -2],
							"lerp_mode": "catmullrom"
						},
						"0.5": [48, 0, 0]
					},
					"position": {
						"0.0": [0, 0.2, -1],
						"0.0417": [0, 0.6, -1],
						"0.2083": [0, 0.6, -1],
						"0.25": [0, 0.4, -1],
						"0.2917": [0, 0.6, -1],
						"0.4583": [0, 0.6, -1],
						"0.5": [0, 0.4, -1]
					}
				},
				"tail": {
					"rotation": ["-50-6*(math.sin(q.anim_time*90*16)*1+1)", 0, 0]
				},
				"tail2": {
					"rotation": [-5, 0, 0]
				},
				"tail3": {
					"rotation": [-10, 0, 0]
				},
				"waist": {
					"rotation": {
						"0.0": [1.5, 0, 0],
						"0.125": {
							"pre": [-1, 0, 1],
							"post": [-1, 0, 1],
							"lerp_mode": "catmullrom"
						},
						"0.25": {
							"post": [1.5, 0, 0],
							"lerp_mode": "catmullrom"
						},
						"0.375": {
							"post": [-1, 0, -1],
							"lerp_mode": "catmullrom"
						},
						"0.5": [1.5, 0, 0]
					},
					"position": {
						"0.0": [0, -0.1, -0.2],
						"0.0417": [0, 0, 0],
						"0.2083": [0, 0, 0],
						"0.25": [0, -0.1, -0.2],
						"0.2917": [0, 0, 0],
						"0.4583": [0, 0, 0],
						"0.5": [0, -0.1, -0.2]
					}
				},
				"chest": {
					"rotation": [-6, 0, 0],
					"position": {
						"0.0": [0, -0.1, -0.1],
						"0.0417": [0, 0, 0],
						"0.2083": [0, 0, 0],
						"0.25": [0, -0.1, -0.1],
						"0.2917": [0, 0, 0],
						"0.4583": [0, 0, 0],
						"0.5": [0, -0.1, -0.1]
					}
				},
				"head": {
					"rotation": {
						"0.0": [-37.5, 0, 0],
						"0.125": [-32.5, 0, -1],
						"0.25": [-37.5, 0, 0],
						"0.375": [-32.5, 0, 1],
						"0.5": [-37.5, 0, 0]
					},
					"position": [0, 0.4, -0.5]
				},
				"aura_sensor_outer_right": {
					"rotation": [20, 6, 0]
				},
				"aura_sensor_inner_right": {
					"rotation": [30, 0, 0]
				},
				"arm_right": {
					"rotation": {
						"0.0": [-15, 38.75, -47.5],
						"0.0417": [-15, 35, -50],
						"0.125": [-15, 42.5, -45],
						"0.2083": [-15, 42.5, -45],
						"0.2917": [-15, 35, -50],
						"0.375": [-15, 42.5, -45],
						"0.4583": [-15, 42.5, -45],
						"0.5": [-15, 38.75, -47.5]
					},
					"position": {
						"0.0": [0, -0.1, 0],
						"0.0417": [0, 0, 0],
						"0.2083": [0, 0, 0],
						"0.25": [0, -0.1, 0],
						"0.2917": [0, 0, 0],
						"0.4583": [0, 0, 0],
						"0.5": [0, -0.1, 0]
					}
				},
				"hand_right": {
					"rotation": {
						"0.0": [0, 0, -12.5],
						"0.0417": [0, 0, -15],
						"0.125": [0, 0, -10],
						"0.2083": [0, 0, -10],
						"0.25": [0, 0, -12.5],
						"0.2917": [0, 0, -15],
						"0.375": [0, 0, -10],
						"0.4583": [0, 0, -10],
						"0.5": [0, 0, -12.5]
					}
				},
				"arm_left": {
					"rotation": {
						"0.0": [-15, -38.75, 47.5],
						"0.0417": [-15, -35, 50],
						"0.125": [-15, -42.5, 45],
						"0.2083": [-15, -42.5, 45],
						"0.2917": [-15, -35, 50],
						"0.375": [-15, -42.5, 45],
						"0.4583": [-15, -42.5, 45],
						"0.5": [-15, -38.75, 47.5]
					},
					"position": {
						"0.0": [0, -0.1, 0],
						"0.0417": [0, 0, 0],
						"0.2083": [0, 0, 0],
						"0.25": [0, -0.1, 0],
						"0.2917": [0, 0, 0],
						"0.4583": [0, 0, 0],
						"0.5": [0, -0.1, 0]
					}
				},
				"hand_left": {
					"rotation": {
						"0.0": [0, 0, 12.5],
						"0.0417": [0, 0, 15],
						"0.125": [0, 0, 10],
						"0.2083": [0, 0, 10],
						"0.25": [0, 0, 12.5],
						"0.2917": [0, 0, 15],
						"0.375": [0, 0, 10],
						"0.4583": [0, 0, 10],
						"0.5": [0, 0, 12.5]
					}
				},
				"leg_right": {
					"rotation": {
						"0.0": [45, 0, 0],
						"0.0417": [50, 0, 0],
						"0.0833": [52.5, 0, 0],
						"0.125": [52.5, 0, 0],
						"0.1667": [25, 0, 0],
						"0.2083": [-5, 0, 0],
						"0.25": [-50, 0, 0],
						"0.2917": [-57.5, 0, 0],
						"0.3333": [-62.5, 0, 0],
						"0.375": [-55, 0, 0],
						"0.4167": [-50, 0, 0],
						"0.4583": [-22.5, 0, 0],
						"0.5": [45, 0, 0]
					}
				},
				"leg_right2": {
					"rotation": {
						"0.0": [0, 0, 0],
						"0.0417": [0, 0, 0],
						"0.0833": [7.5, 0, 0],
						"0.125": [7.5, 0, 0],
						"0.1667": [7.5, 0, 0],
						"0.2083": [15, 0, 0],
						"0.25": [40, 5, 2.5],
						"0.2917": [2.5, 5, 5],
						"0.3333": [-20, 5, 5],
						"0.375": [-7.5, 5, 5],
						"0.4167": [-10, 5, 5],
						"0.4583": [-10, 0, 0],
						"0.5": [0, 0, 0]
					},
					"position": {
						"0.25": [0, 0, 0],
						"0.2917": [0, 0, -1],
						"0.3333": [0, 0, 0]
					}
				},
				"leg_right3": {
					"rotation": {
						"0.0": [-25, 0, 0],
						"0.0417": [-25, 0, 0],
						"0.0833": [-22.5, 0, 0],
						"0.125": [-15, 0, 0],
						"0.1667": [15, 0, 0],
						"0.2083": [37.5, 0, 0],
						"0.25": [37.5, 0, 0],
						"0.2917": [40, 0, 0],
						"0.3333": [27.5, 0, 0],
						"0.375": [-27.5, 0, 0],
						"0.4167": [20, 0, 0],
						"0.4583": [32.5, 0, 0],
						"0.5": [-25, 0, 0]
					}
				},
				"leg_right4": {
					"rotation": {
						"0.0": [30, 0, 0],
						"0.0417": [32.5, 0, 0],
						"0.0833": [35, 0, 0],
						"0.125": [37.5, 0, 0],
						"0.1667": [37.5, 0, 0],
						"0.2083": [37.5, 0, 0],
						"0.25": [50, 0, 0],
						"0.2917": [57.5, 0, 0],
						"0.3333": [57.5, 0, 0],
						"0.375": [42.5, 0, 0],
						"0.4167": [17.5, 0, 0],
						"0.4583": [40, 0, 0],
						"0.5": [30, 0, 0]
					},
					"position": {
						"0.25": [0, 0, 0],
						"0.2917": [0, 1, 0],
						"0.3333": [0, 0, 0]
					}
				},
				"foot_right": {
					"rotation": {
						"0.0": [0, 0, 0],
						"0.0417": [7.5, 0, 0],
						"0.0833": [10, 0, 0],
						"0.125": [20, 0, 0],
						"0.1667": [20, 0, 0],
						"0.2083": [20, 0, 0],
						"0.25": [20, 0, 0],
						"0.2917": [-15, 0, 0],
						"0.3333": [-20, 0, 0],
						"0.375": [5, 0, 0],
						"0.4167": [5, 0, 0],
						"0.4583": [5, 0, 0],
						"0.5": [0, 0, 0]
					}
				},
				"foot_right2": {
					"rotation": {
						"0.0": [45, 0, 0],
						"0.0417": [45, 0, 0],
						"0.0833": [45, 0, 0],
						"0.125": [45, 0, 0],
						"0.1667": [45, 0, 0],
						"0.2083": [45, 0, 0],
						"0.25": [45, 0, 0],
						"0.2917": [45, 0, 0],
						"0.3333": [17.5, 0, 0],
						"0.375": [10, 0, 0],
						"0.4167": [17.5, 0, 0],
						"0.4583": [-27.5, 0, 0],
						"0.5": [45, 0, 0]
					}
				},
				"foot_right3": {
					"rotation": {
						"0.0": [0, 0, 0],
						"0.0417": [0, 0, 0],
						"0.0833": [0, 0, 0],
						"0.125": [0, 0, 0],
						"0.1667": [0, 0, 0],
						"0.2083": [0, 0, 0],
						"0.25": [0, 0, 0],
						"0.2917": [0, 0, 0],
						"0.3333": [0, 0, 0],
						"0.375": [0, 0, 0],
						"0.4167": [0, 0, 0],
						"0.4583": [-17.5, 0, 0],
						"0.5": [0, 0, 0]
					}
				},
				"leg_left": {
					"rotation": {
						"0.0": [-50, 0, 0],
						"0.0417": [-57.5, 0, 0],
						"0.0833": [-62.5, 0, 0],
						"0.125": [-55, 0, 0],
						"0.1667": [-50, 0, 0],
						"0.2083": [-22.5, 0, 0],
						"0.25": [45, 0, 0],
						"0.2917": [50, 0, 0],
						"0.3333": [52.5, 0, 0],
						"0.375": [52.5, 0, 0],
						"0.4167": [25, 0, 0],
						"0.4583": [-5, 0, 0],
						"0.5": [-50, 0, 0]
					}
				},
				"leg_left2": {
					"rotation": {
						"0.0": [40, -5, -2.5],
						"0.0417": [2.5, -5, -5],
						"0.0833": [-20, -5, -5],
						"0.125": [-7.5, -5, -5],
						"0.1667": [-10, -5, -5],
						"0.2083": [-10, 0, 0],
						"0.25": [0, 0, 0],
						"0.2917": [0, 0, 0],
						"0.3333": [7.5, 0, 0],
						"0.375": [7.5, 0, 0],
						"0.4167": [7.5, 0, 0],
						"0.4583": [15, 0, 0],
						"0.5": [40, -5, -2.5]
					},
					"position": {
						"0.0": [0, 0, 0],
						"0.0417": [0, 0, -1],
						"0.0833": [0, 0, 0],
						"0.5": [0, 0, 0]
					}
				},
				"leg_left3": {
					"rotation": {
						"0.0": [37.5, 0, 0],
						"0.0417": [40, 0, 0],
						"0.0833": [27.5, 0, 0],
						"0.125": [-27.5, 0, 0],
						"0.1667": [20, 0, 0],
						"0.2083": [32.5, 0, 0],
						"0.25": [-25, 0, 0],
						"0.2917": [-25, 0, 0],
						"0.3333": [-22.5, 0, 0],
						"0.375": [-15, 0, 0],
						"0.4167": [15, 0, 0],
						"0.4583": [37.5, 0, 0],
						"0.5": [37.5, 0, 0]
					}
				},
				"leg_left4": {
					"rotation": {
						"0.0": [50, 0, 0],
						"0.0417": [57.5, 0, 0],
						"0.0833": [57.5, 0, 0],
						"0.125": [42.5, 0, 0],
						"0.1667": [17.5, 0, 0],
						"0.2083": [40, 0, 0],
						"0.25": [30, 0, 0],
						"0.2917": [32.5, 0, 0],
						"0.3333": [35, 0, 0],
						"0.375": [37.5, 0, 0],
						"0.4167": [37.5, 0, 0],
						"0.4583": [37.5, 0, 0],
						"0.5": [50, 0, 0]
					},
					"position": {
						"0.0": [0, 0, 0],
						"0.0417": [0, 1, 0],
						"0.0833": [0, 0, 0],
						"0.5": [0, 0, 0]
					}
				},
				"foot_left": {
					"rotation": {
						"0.0": [20, 0, 0],
						"0.0417": [-15, 0, 0],
						"0.0833": [-20, 0, 0],
						"0.125": [5, 0, 0],
						"0.1667": [5, 0, 0],
						"0.2083": [5, 0, 0],
						"0.25": [0, 0, 0],
						"0.2917": [7.5, 0, 0],
						"0.3333": [10, 0, 0],
						"0.375": [20, 0, 0],
						"0.4167": [20, 0, 0],
						"0.4583": [20, 0, 0],
						"0.5": [20, 0, 0]
					}
				},
				"foot_left2": {
					"rotation": {
						"0.0": [45, 0, 0],
						"0.0417": [45, 0, 0],
						"0.0833": [17.5, 0, 0],
						"0.125": [10, 0, 0],
						"0.1667": [17.5, 0, 0],
						"0.2083": [-27.5, 0, 0],
						"0.25": [45, 0, 0],
						"0.2917": [45, 0, 0],
						"0.3333": [45, 0, 0],
						"0.375": [45, 0, 0],
						"0.4167": [45, 0, 0],
						"0.4583": [45, 0, 0],
						"0.5": [45, 0, 0]
					}
				},
				"foot_left3": {
					"rotation": {
						"0.0": [0, 0, 0],
						"0.0417": [0, 0, 0],
						"0.0833": [0, 0, 0],
						"0.125": [0, 0, 0],
						"0.1667": [0, 0, 0],
						"0.2083": [-17.5, 0, 0],
						"0.25": [0, 0, 0],
						"0.2917": [0, 0, 0],
						"0.3333": [0, 0, 0],
						"0.375": [0, 0, 0],
						"0.4167": [0, 0, 0],
						"0.4583": [0, 0, 0],
						"0.5": [0, 0, 0]
					}
				},
				"fluff": {
					"rotation": [0, 0, 0]
				},
				"fluff_left": {
					"rotation": [0, 0, 8]
				},
				"fluff_right": {
					"rotation": [0, 0, -8]
				},
				"aura_sensor_outer_right2": {
					"rotation": [-16, 0, 0]
				},
				"aura_sensor_outer_right3": {
					"rotation": [15, 0, 0]
				},
				"aura_sensor_inner_right2": {
					"rotation": [-15, 0, 0]
				},
				"aura_sensor_inner_right3": {
					"rotation": [15, 0, 0]
				},
				"aura_sensor_outer_right4": {
					"rotation": [-15, 0, 0]
				},
				"aura_sensor_inner_right4": {
					"rotation": [-15, 0, 0]
				},
				"aura_sensor_outer_left": {
					"rotation": [20, -6, 0]
				},
				"aura_sensor_outer_left2": {
					"rotation": [-16, 0, 0]
				},
				"aura_sensor_outer_left3": {
					"rotation": [15, 0, 0]
				},
				"aura_sensor_outer_left4": {
					"rotation": [-15, 0, 0]
				},
				"aura_sensor_inner_left": {
					"rotation": [30, 0, 0]
				},
				"aura_sensor_inner_left2": {
					"rotation": [-15, 0, 0]
				},
				"aura_sensor_inner_left3": {
					"rotation": [15, 0, 0]
				},
				"aura_sensor_inner_left4": {
					"rotation": [-15, 0, 0]
				}
			}
		},
		"animation.lucariomega.water_idle": {
			"loop": true,
			"bones": {
				"body": {
					"rotation": ["-math.clamp(math.sin(q.anim_time*90*2+80)*0.5,0,0.5)-math.clamp(math.sin(q.anim_time*90*2+80)*0.5,-0.5,0)", 0, 0],
					"position": [0, "-math.clamp(math.sin(q.anim_time*90*2-45)*0.25,0,0.25)-math.clamp(math.sin(q.anim_time*90*2-45)*0.25,-0.25,0)-0.5", 0]
				},
				"torso": {
					"rotation": [-5, 0, 0]
				},
				"tail": {
					"rotation": ["-22-1*(math.sin(q.anim_time*90*1)*1+1)", 0, 0]
				},
				"tail2": {
					"rotation": ["-22-0.5*(math.sin(q.anim_time*90*1)*1+1)", 0, 0]
				},
				"tail3": {
					"rotation": [-10, 0, 0]
				},
				"waist": {
					"rotation": [2.5, 0, 0]
				},
				"chest": {
					"rotation": [2.5, 0, 0]
				},
				"head": {
					"rotation": ["2.5-1.5*(math.sin(q.anim_time*90*2+45+180)*1)", 0, 0]
				},
				"aura_sensor_outer_right": {
					"rotation": ["-7+0.5*(math.sin(q.anim_time*90*1-40)*1+1)", -8, 0]
				},
				"aura_sensor_inner_right": {
					"rotation": ["-5+1.5*(math.sin(q.anim_time*90*1-90)*1+1)", -12, 0]
				},
				"arm_right": {
					"rotation": [
						"35+2*(math.sin(q.anim_time*90*2+45+180)*2-2)",
						"math.sin(query.anim_time*90*2+45+180)*10",
						"-12.5+2*(math.sin(q.anim_time*90*2+45+180)*1)"
					]
				},
				"arm_right2": {
					"rotation": [0, -45, 0]
				},
				"finger_right_front": {
					"rotation": [0, 0, -15]
				},
				"finger_right_middle": {
					"rotation": [0, 0, -10]
				},
				"finger_right_back": {
					"rotation": [0, 0, -15]
				},
				"arm_left": {
					"rotation": [
						"35+2*(math.sin(q.anim_time*90*2+45+180)*2-2)",
						"-math.sin(query.anim_time*90*2+45+180)*10",
						"12.5-2*(math.sin(q.anim_time*90*2+45+180)*1)"
					]
				},
				"arm_left2": {
					"rotation": [0, 45, 0]
				},
				"finger_left_front": {
					"rotation": [0, 0, 15]
				},
				"finger_left_middle": {
					"rotation": [0, 0, 10]
				},
				"finger_left_back": {
					"rotation": [0, 0, 15]
				},
				"leg_right": {
					"rotation": ["1.6*(math.sin(q.anim_time*90*4+90)*1+1)", 0, 0]
				},
				"leg_right2": {
					"rotation": ["5+8*(math.sin(q.anim_time*90*4+90)*1+1)", 0, 0]
				},
				"foot_right": {
					"rotation": [17.5, 0, 0]
				},
				"foot_right2": {
					"rotation": [15, 0, 0]
				},
				"leg_left": {
					"rotation": ["1.6*(math.sin(q.anim_time*90*4-90)*1+1)", 0, 0]
				},
				"leg_left2": {
					"rotation": ["5+8*(math.sin(q.anim_time*90*4-90)*1+1)", 0, 0]
				},
				"foot_left": {
					"rotation": [17.5, 0, 0]
				},
				"foot_left2": {
					"rotation": [15, 0, 0]
				},
				"tail4": {
					"rotation": [0, 0, 0]
				},
				"aura_sensor_outer_right2": {
					"rotation": ["-15+1.5*(math.sin(q.anim_time*90*1-80)*1+1)", 0, 0]
				},
				"aura_sensor_outer_right3": {
					"rotation": ["-15+1*(math.sin(q.anim_time*90*1-120)*1+1)", 0, 0]
				},
				"aura_sensor_inner_right2": {
					"rotation": ["-5+1.5*(math.sin(q.anim_time*90*1-140)*1+1)", 0, 0]
				},
				"aura_sensor_inner_right3": {
					"rotation": ["-10+1*(math.sin(q.anim_time*90*1-180)*1+1)", 0, 0]
				},
				"aura_sensor_outer_right4": {
					"rotation": ["10+1.5*(math.sin(q.anim_time*90*1-160)*1+1)", 0, 0]
				},
				"aura_sensor_inner_right4": {
					"rotation": ["12+1*(math.sin(q.anim_time*90*1-220)*1+1)", 0, 0]
				},
				"aura_sensor_outer_left": {
					"rotation": ["-7+0.5*(math.sin(q.anim_time*90*1-40)*1+1)", 8, 0]
				},
				"aura_sensor_outer_left2": {
					"rotation": ["-15+1.5*(math.sin(q.anim_time*90*1-80)*1+1)", 0, 0]
				},
				"aura_sensor_outer_left3": {
					"rotation": ["-15+1*(math.sin(q.anim_time*90*1-120)*1+1)", 0, 0]
				},
				"aura_sensor_outer_left4": {
					"rotation": ["10+1.5*(math.sin(q.anim_time*90*1-160)*1+1)", 0, 0]
				},
				"aura_sensor_inner_left": {
					"rotation": ["-5+1.5*(math.sin(q.anim_time*90*1-90)*1+1)", 12, 0]
				},
				"aura_sensor_inner_left2": {
					"rotation": ["-5+1.5*(math.sin(q.anim_time*90*1-140)*1+1)", 0, 0]
				},
				"aura_sensor_inner_left3": {
					"rotation": ["-10+1*(math.sin(q.anim_time*90*1-180)*1+1)", 0, 0]
				},
				"aura_sensor_inner_left4": {
					"rotation": ["12+1*(math.sin(q.anim_time*90*1-220)*1+1)", 0, 0]
				}
			}
		},
		"animation.lucariomega.water_swim": {
			"loop": true,
			"bones": {
				"body": {
					"rotation": ["37.5-math.clamp(math.sin(q.anim_time*90*4*2+80)*2,0,2)-math.clamp(math.sin(q.anim_time*90*4*2+80)*2,-2,0)", 0, 0],
					"position": [
						0,
						"-math.clamp(math.sin(q.anim_time*90*4*2-45)*0.25,0,5)-math.clamp(math.sin(q.anim_time*90*4*2-45)*0.5,-3,0)-0.5",
						"-math.clamp(math.sin(q.anim_time*90*4*2+90)*0.5,0,5)-math.clamp(math.sin(q.anim_time*90*4*2+90)*1,-3,0)-0.5"
					]
				},
				"tail": {
					"rotation": ["-22-1*(math.sin(q.anim_time*90*4)*1+1)", 0, 0]
				},
				"tail2": {
					"rotation": ["-22-0.5*(math.sin(q.anim_time*90*4)*1+1)", 0, 0]
				},
				"tail3": {
					"rotation": [-10, 0, 0]
				},
				"waist": {
					"rotation": [-5, 0, 0]
				},
				"chest": {
					"rotation": [-5, 0, 0]
				},
				"head": {
					"rotation": ["-25-2*(math.sin(q.anim_time*90*8+45+180)*1)", 0, 0]
				},
				"aura_sensor_outer_right": {
					"rotation": ["10+1*(math.sin(q.anim_time*90*8-40)*1+1)", 8, 0]
				},
				"aura_sensor_inner_right": {
					"rotation": ["4+2*(math.sin(q.anim_time*90*8-90)*1+1)", -6, 0]
				},
				"arm_right": {
					"rotation": [25, "-80+45*(math.sin(q.anim_time*90*4)*1.2+1)", "0+5*(math.sin(q.anim_time*90*4)*1+1)"]
				},
				"arm_right2": {
					"rotation": [0, "-45+25*(math.sin(q.anim_time*90*4-140)*1+1)", 0]
				},
				"hand_right": {
					"rotation": [12.5, 0, 0]
				},
				"arm_left": {
					"rotation": [25, "80-45*(math.sin(q.anim_time*90*4+180)*1.2+1)", "0-5*(math.sin(q.anim_time*90*4)*1+1)"]
				},
				"arm_left2": {
					"rotation": [0, "45-25*(math.sin(q.anim_time*90*4+40)*1+1)", 0]
				},
				"hand_left": {
					"rotation": [12.5, 0, 0]
				},
				"leg_right": {
					"rotation": ["0+3.5*(math.sin(q.anim_time*90*4+90)*1+1)", 0, 0]
				},
				"leg_right2": {
					"rotation": ["4+16*(math.sin(q.anim_time*90*4+90)*1+1)", 0, 0]
				},
				"foot_right": {
					"rotation": ["20-math.clamp(math.sin(q.anim_time*90*4*2+140)*6,0,200)-math.clamp(math.sin(q.anim_time*90*4*2+140)*10,-200,0)", 0, 0]
				},
				"leg_left": {
					"rotation": ["0+3.5*(math.sin(q.anim_time*90*4-90)*1+1)", 0, 0]
				},
				"leg_left2": {
					"rotation": ["4+16*(math.sin(q.anim_time*90*4-90)*1+1)", 0, 0]
				},
				"foot_left": {
					"rotation": ["20-math.clamp(math.sin(q.anim_time*90*4*2+140)*6,0,200)-math.clamp(math.sin(q.anim_time*90*4*2+140)*10,-200,0)", 0, 0]
				},
				"aura_sensor_outer_right2": {
					"rotation": ["-12+2*(math.sin(q.anim_time*90*8-80)*1+1)", 0, 0]
				},
				"aura_sensor_outer_right3": {
					"rotation": ["-15+2*(math.sin(q.anim_time*90*8-120)*1+1)", 0, 0]
				},
				"aura_sensor_inner_right2": {
					"rotation": ["-5+2*(math.sin(q.anim_time*90*8-140)*1+1)", 0, 0]
				},
				"aura_sensor_inner_right3": {
					"rotation": ["-10+2*(math.sin(q.anim_time*90*8-180)*1+1)", 0, 0]
				},
				"aura_sensor_outer_right4": {
					"rotation": ["10+1.5*(math.sin(q.anim_time*90*8-160)*1+1)", 0, 0]
				},
				"aura_sensor_inner_right4": {
					"rotation": ["8+1*(math.sin(q.anim_time*90*8-220)*1+1)", 0, 0]
				},
				"aura_sensor_outer_left": {
					"rotation": ["10+1*(math.sin(q.anim_time*90*8-40)*1+1)", -8, 0]
				},
				"aura_sensor_outer_left2": {
					"rotation": ["-12+2*(math.sin(q.anim_time*90*8-80)*1+1)", 0, 0]
				},
				"aura_sensor_outer_left3": {
					"rotation": ["-15+2*(math.sin(q.anim_time*90*8-120)*1+1)", 0, 0]
				},
				"aura_sensor_outer_left4": {
					"rotation": ["10+1.5*(math.sin(q.anim_time*90*8-160)*1+1)", 0, 0]
				},
				"aura_sensor_inner_left": {
					"rotation": ["4+2*(math.sin(q.anim_time*90*8-90)*1+1)", 6, 0]
				},
				"aura_sensor_inner_left2": {
					"rotation": ["-5+2*(math.sin(q.anim_time*90*8-140)*1+1)", 0, 0]
				},
				"aura_sensor_inner_left3": {
					"rotation": ["-10+2*(math.sin(q.anim_time*90*8-180)*1+1)", 0, 0]
				},
				"aura_sensor_inner_left4": {
					"rotation": ["8+1*(math.sin(q.anim_time*90*8-220)*1+1)", 0, 0]
				}
			}
		},
		"animation.lucariomega.battle_idlewip": {
			"loop": true,
			"bones": {
				"body": {
					"rotation": [0, 30, 0],
					"position": [0, -0.2, 0]
				},
				"torso": {
					"rotation": ["-8+0.3*(math.sin(q.anim_time*90*1)*1+1)", 0, 0],
					"position": [0, "0+0.05*(math.sin(q.anim_time*90*1-90)*1+1)", 0]
				},
				"tail": {
					"rotation": ["-38+0.8*(math.sin(q.anim_time*90*0.8)*1+1)", 0, 0]
				},
				"tail2": {
					"rotation": ["-20+1*(math.sin(q.anim_time*90*1+20)*1+1)", 0, 0]
				},
				"waist": {
					"rotation": ["-1.5+0.4*(math.sin(q.anim_time*90*1+20)*1+1)", -7.5, 0],
					"position": [0, "0+0.02*(math.sin(q.anim_time*90*1-90)*1+1)", 0]
				},
				"chest": {
					"rotation": ["12.5+0.5*(math.sin(q.anim_time*90*1+40)*1+1)", 0, 0]
				},
				"fluff2": {
					"rotation": [-3, 0, 3]
				},
				"head": {
					"rotation": ["4+0.4*(math.sin(q.anim_time*90*1+120)*1+1)", -21.5, "0.5+0.4*(math.sin(q.anim_time*90*1)*1+1)"],
					"position": [0, "0+0.01*(math.sin(q.anim_time*90*1-90)*1+1)", 0]
				},
				"pupil_right_wide": {
					"position": [0, 0.3, 0]
				},
				"pupil_right": {
					"position": [0, 0.5, 0]
				},
				"pupil_left_wide": {
					"position": [0, 0.3, 0]
				},
				"pupil_left": {
					"position": [0, 0.5, 0]
				},
				"aura_sensor_outer_right": {
					"rotation": [
						"-32+0.8*(math.sin(q.anim_time*90*2)*1)+1*(math.sin(q.anim_time*90*2/2)*1)",
						"-15+1.5*(math.sin(q.anim_time*90*2)*1)+1*(math.sin(q.anim_time*90*2/2)*1)",
						0
					]
				},
				"aura_sensor_outer_right2": {
					"rotation": ["12+3*(math.sin(q.anim_time*90*2+60)*1)+3*(math.sin(q.anim_time*90*2/2+60)*1)", 0, 0]
				},
				"aura_sensor_outer_right3": {
					"rotation": ["-20+3*(math.sin(q.anim_time*90*2+90)*1)-3*(math.sin(q.anim_time*90*2/2+90)*1)", 0, 0]
				},
				"aura_sensor_inner_right": {
					"rotation": ["-3+3*(math.sin(q.anim_time*90*1.8)*1+1)+2*(math.sin(q.anim_time*90*1.8/1.8)*1+1)", "-12+1*(math.sin(q.anim_time*90*0.8+60)*1+1)", 0]
				},
				"aura_sensor_inner_right2": {
					"rotation": ["-22+5*(math.sin(q.anim_time*90*1.2-30)*1+1)", 0, 0]
				},
				"aura_sensor_inner_right3": {
					"rotation": ["16-6*(math.sin(q.anim_time*90*1-60)*1+1)", 0, 0]
				},
				"arm_right": {
					"rotation": [16, "15-1.5*(math.sin(q.anim_time*90*1)*1+1)", "-45+1*(math.sin(q.anim_time*90*1)*1+1)"],
					"position": [0, "-0.4+0.04*(math.sin(q.anim_time*90*1-90)*1+1)", 0.3]
				},
				"arm_right2": {
					"rotation": [0, "-50+2*(math.sin(q.anim_time*90*1)*1+1)", 0]
				},
				"hand_right": {
					"rotation": [0, 10, "-15-2*(math.sin(q.anim_time*90*1+60)*1+1)"]
				},
				"finger_right_front": {
					"rotation": [0, 0, -35]
				},
				"finger_right_middle": {
					"rotation": [0, 0, -30]
				},
				"finger_right_back": {
					"rotation": [0, 0, -35]
				},
				"arm_left": {
					"rotation": [15, "-4+1.5*(math.sin(q.anim_time*90*1)*1+1)", "48-1*(math.sin(q.anim_time*90*1)*1+1)"],
					"position": [0, "-0.4+0.04*(math.sin(q.anim_time*90*1-90)*1+1)", 0]
				},
				"arm_left2": {
					"rotation": [0, "38-2*(math.sin(q.anim_time*90*1)*1+1)", 0]
				},
				"hand_left": {
					"rotation": [0, -8, "15+2*(math.sin(q.anim_time*90*1+60)*1+1)"]
				},
				"finger_left_front": {
					"rotation": [0, 0, 35]
				},
				"finger_left_middle": {
					"rotation": [0, 0, 30]
				},
				"finger_left_back": {
					"rotation": [0, 0, 35]
				},
				"leg_right": {
					"rotation": [-5, -2.5, 9],
					"position": [-0.1, "0+0.08*(math.sin(q.anim_time*90*1-90)*1+1)", -0.1]
				},
				"leg_right2": {
					"rotation": [14.5, 10, 2]
				},
				"leg_right3": {
					"rotation": [4.5, 6.5, 0]
				},
				"leg_right4": {
					"rotation": [-10, 0, 0]
				},
				"foot_right": {
					"rotation": [9.5, 0, -10.5],
					"position": [0, "0-0.08*(math.sin(q.anim_time*90*1-90)*1+1)", 0]
				},
				"foot_right2": {
					"rotation": [0, 0, 0]
				},
				"foot_right3": {
					"rotation": [-12.5, 0, 0]
				},
				"leg_left": {
					"rotation": [-11.5, -12, -8.5],
					"position": [0.4, "0+0.08*(math.sin(q.anim_time*90*1-90)*1+1)", -0.4]
				},
				"leg_left2": {
					"rotation": [8.5, -12.5, -12.5],
					"position": [0, 0.2, -0.5]
				},
				"leg_left3": {
					"rotation": [0, -7.5, 0],
					"position": [0.3, 0, 0]
				},
				"foot_left": {
					"rotation": [0.5, 0, 14.5],
					"position": ["0-0.02*(math.sin(q.anim_time*90*1-90)*1+1)", "0-0.06*(math.sin(q.anim_time*90*1-90)*1+1)", 0]
				},
				"foot_left2": {
					"rotation": [9, 0, 0]
				},
				"foot_left3": {
					"rotation": [-1, 0, 0]
				},
				"foot_spike_right": {
					"position": [0, 0, 0.2]
				},
				"foot_spike_left": {
					"position": [0, 0, 0.2]
				},
				"tail3": {
					"rotation": ["-10+1*(math.sin(q.anim_time*90*1+40)*1+1)", 0, 0]
				},
				"leg_left4": {
					"rotation": [5, 0, 0]
				}
			}
		},
		"animation.lucariomega.battle_idle": {
			"loop": true,
			"bones": {
				"body": {
					"rotation": [0, 60, 0],
					"position": [0, -0.2, 0]
				},
				"torso": {
					"rotation": ["-4+0.2*(math.sin(q.anim_time*90*1)*1+1)", 0, "0.1*(math.sin(q.anim_time*90*1)*1+1)"],
					"position": [0, "0+0.05*(math.sin(q.anim_time*90*1-90)*1+1)", 0.2]
				},
				"tail": {
					"rotation": ["-38+0.8*(math.sin(q.anim_time*90*0.8)*1+1)", 0, 0]
				},
				"tail2": {
					"rotation": ["-20+1*(math.sin(q.anim_time*90*1+20)*1+1)", 0, 0]
				},
				"waist": {
					"rotation": ["-4.5+0.2*(math.sin(q.anim_time*90*1+20)*1+1)", -0.5, "3+0.2*(math.sin(q.anim_time*90*1+20)*1+1)"],
					"position": [0, "0+0.02*(math.sin(q.anim_time*90*1-90)*1+1)", 0]
				},
				"chest": {
					"rotation": ["22+0.2*(math.sin(q.anim_time*90*1+40)*1+1)", 0, "-4+0.2*(math.sin(q.anim_time*90*1+40)*1+1)"]
				},
				"fluff2": {
					"rotation": [-3, 0, 3]
				},
				"head": {
					"rotation": ["8+0.4*(math.sin(q.anim_time*90*1+120)*1+1)", -60.5, "-12+0.4*(math.sin(q.anim_time*90*1)*1+1)"],
					"position": [0, "0+0.01*(math.sin(q.anim_time*90*1-90)*1+1)", 0]
				},
				"pupil_right_wide": {
					"position": [0, 0.3, 0]
				},
				"pupil_right": {
					"position": [0, 0.5, 0]
				},
				"pupil_left_wide": {
					"position": [0, 0.3, 0]
				},
				"pupil_left": {
					"position": [0, 0.5, 0]
				},
				"aura_sensor_outer_right": {
					"rotation": [
						"-12+0.4*(math.sin(q.anim_time*90*2)*1)+0.5*(math.sin(q.anim_time*90*2/2)*1)",
						"-2+0.5*(math.sin(q.anim_time*90*2+120)*1)+0.4*(math.sin(q.anim_time*90*2/2)*1)",
						"1*(math.sin(q.anim_time*90*2)*1)+1*(math.sin(q.anim_time*90*2/2)*1)"
					]
				},
				"aura_sensor_outer_right2": {
					"rotation": [
						"14+2*(math.sin(q.anim_time*90*2+60)*1)+2*(math.sin(q.anim_time*90*2/2+60)*1)",
						"0.5*(math.sin(q.anim_time*90*2+120)*1)+0.4*(math.sin(q.anim_time*90*2/2)*1)",
						"1.2*(math.sin(q.anim_time*90*2)*1)+1*(math.sin(q.anim_time*90*2/2)*1)"
					]
				},
				"aura_sensor_outer_right3": {
					"rotation": [
						"-24+2*(math.sin(q.anim_time*90*2+90)*1)-2*(math.sin(q.anim_time*90*2/2+90)*1)",
						"1*(math.sin(q.anim_time*90*2+120)*1)+0.8*(math.sin(q.anim_time*90*2/2)*1)",
						"1.2*(math.sin(q.anim_time*90*2)*1)+1*(math.sin(q.anim_time*90*2/2)*1)"
					]
				},
				"aura_sensor_inner_right": {
					"rotation": [
						"5+3*(math.sin(q.anim_time*90*1.8)*1+1)+2*(math.sin(q.anim_time*90*1.8/1.8)*1+1)",
						"-4+0.5*(math.sin(q.anim_time*90*2+120)*1)+0.4*(math.sin(q.anim_time*90*2/2)*1)",
						"1*(math.sin(q.anim_time*90*2+120)*1)+1*(math.sin(q.anim_time*90*2/2)*1)"
					]
				},
				"aura_sensor_inner_right2": {
					"rotation": [
						"-26+5*(math.sin(q.anim_time*90*1.2-30)*1+1)",
						"0.5*(math.sin(q.anim_time*90*2+120)*1)+0.4*(math.sin(q.anim_time*90*2/2)*1)",
						"1*(math.sin(q.anim_time*90*2+120)*1)+1.2*(math.sin(q.anim_time*90*2/2)*1)"
					]
				},
				"aura_sensor_inner_right3": {
					"rotation": [
						"22-6*(math.sin(q.anim_time*90*1-60)*1+1)",
						"0.5*(math.sin(q.anim_time*90*2+120)*1)+0.4*(math.sin(q.anim_time*90*2/2)*1)",
						"1.2*(math.sin(q.anim_time*90*2+120)*1)+1*(math.sin(q.anim_time*90*2/2)*1)"
					]
				},
				"arm_right": {
					"rotation": [-7, "-2.5-1.5*(math.sin(q.anim_time*90*1)*1+1)", "-46+1*(math.sin(q.anim_time*90*1)*1+1)"],
					"position": [0, "-0.4+0.04*(math.sin(q.anim_time*90*1-90)*1+1)", 0.1]
				},
				"arm_right2": {
					"rotation": [0, -20, "-6+2*(math.sin(q.anim_time*90*1)*1+1)"],
					"position": [0.4, 0, 0]
				},
				"hand_right": {
					"rotation": [0, 10, "-15-2*(math.sin(q.anim_time*90*1+60)*1+1)"]
				},
				"finger_right_front": {
					"rotation": [0, 0, -35]
				},
				"finger_right_middle": {
					"rotation": [0, 0, -30]
				},
				"finger_right_back": {
					"rotation": [0, 0, -35]
				},
				"arm_left": {
					"rotation": [-14, "-27+1.5*(math.sin(q.anim_time*90*1)*1+1)", "58-1*(math.sin(q.anim_time*90*1)*1+1)"],
					"position": [0, "-0.4+0.04*(math.sin(q.anim_time*90*1-90)*1+1)", 0.3]
				},
				"arm_left2": {
					"rotation": [0, 15, "15-2*(math.sin(q.anim_time*90*1)*1+1)"],
					"position": [-0.5, 0.1, 0]
				},
				"hand_left": {
					"rotation": [-5, 9, "8+2*(math.sin(q.anim_time*90*1+60)*1+1)"]
				},
				"finger_left_front": {
					"rotation": [0, 0, 35]
				},
				"finger_left_middle": {
					"rotation": [0, 0, 30]
				},
				"finger_left_back": {
					"rotation": [0, 0, 35]
				},
				"leg_right": {
					"rotation": [-4, -1, 17],
					"position": [-0.1, "0+0.08*(math.sin(q.anim_time*90*1-90)*1+1)", -0.1]
				},
				"leg_right2": {
					"rotation": [12.5, 10, 6]
				},
				"leg_right3": {
					"rotation": [-4.5, 6.5, 0]
				},
				"leg_right4": {
					"rotation": [5, 0, 0]
				},
				"foot_right": {
					"rotation": [7.5, -12.5, -22.5],
					"position": [0, "0-0.08*(math.sin(q.anim_time*90*1-90)*1+1)", 0]
				},
				"foot_right2": {
					"rotation": [-3, 0, 0]
				},
				"foot_right3": {
					"rotation": [-7.5, 0, 0]
				},
				"leg_left": {
					"rotation": [-16.5, -4, -11],
					"position": [0.4, "0+0.08*(math.sin(q.anim_time*90*1-90)*1+1)", -0.7]
				},
				"leg_left2": {
					"rotation": [2.5, -12.5, -12.5],
					"position": [0, 0.2, -0.5]
				},
				"leg_left3": {
					"rotation": [-7, -7.5, 0],
					"position": [0.3, 0, 0]
				},
				"foot_left": {
					"rotation": [-1.5, -2, 16.5],
					"position": ["-0.02*(math.sin(q.anim_time*90*1-90)*1+1)", "-0.06*(math.sin(q.anim_time*90*1-90)*1+1)", 0]
				},
				"foot_left2": {
					"rotation": [22, 0, 0]
				},
				"foot_left3": {
					"rotation": [-1, 0, 0]
				},
				"foot_spike_right": {
					"position": [0, 0, 0.2]
				},
				"foot_spike_left": {
					"position": [0, 0, 0.2]
				},
				"tail3": {
					"rotation": ["-10+1*(math.sin(q.anim_time*90*1+40)*1+1)", 0, 0]
				},
				"leg_left4": {
					"rotation": [11, 0, 0]
				},
				"fluff": {
					"rotation": [0, 0, 3]
				},
				"fluff_left": {
					"rotation": [0, 0, -13]
				},
				"aura_sensor_outer_right4": {
					"rotation": [
						"18+2*(math.sin(q.anim_time*90*2+90)*1)-2*(math.sin(q.anim_time*90*2/2+90)*1)",
						"0.8*(math.sin(q.anim_time*90*2+120)*1)+0.6*(math.sin(q.anim_time*90*2/2)*1)",
						"1.2*(math.sin(q.anim_time*90*2)*1)+1*(math.sin(q.anim_time*90*2/2)*1)"
					]
				},
				"aura_sensor_inner_right4": {
					"rotation": [
						"-12-6*(math.sin(q.anim_time*90*1-90)*1+1)",
						"0.5*(math.sin(q.anim_time*90*2+120)*1)+0.4*(math.sin(q.anim_time*90*2/2)*1)",
						"1.2*(math.sin(q.anim_time*90*2+120)*1)+1*(math.sin(q.anim_time*90*2/2)*1)"
					]
				},
				"aura_sensor_outer_left": {
					"rotation": [
						"-12+0.4*(math.sin(q.anim_time*90*2+90)*1)+0.5*(math.sin(q.anim_time*90*2/2)*1)",
						"2-0.5*(math.sin(q.anim_time*90*2+120)*1)-0.4*(math.sin(q.anim_time*90*2/2)*1)",
						"-1*(math.sin(q.anim_time*90*2)*1)-1*(math.sin(q.anim_time*90*2/2)*1)"
					]
				},
				"aura_sensor_outer_left2": {
					"rotation": [
						"14+2*(math.sin(q.anim_time*90*2+150)*1)+2*(math.sin(q.anim_time*90*2/2+60)*1)",
						"-0.5*(math.sin(q.anim_time*90*2+120)*1)-0.4*(math.sin(q.anim_time*90*2/2)*1)",
						"-1.2*(math.sin(q.anim_time*90*2)*1)-1*(math.sin(q.anim_time*90*2/2)*1)"
					]
				},
				"aura_sensor_outer_left3": {
					"rotation": [
						"-24+2*(math.sin(q.anim_time*90*2+180)*1)-2*(math.sin(q.anim_time*90*2/2+90)*1)",
						"-1*(math.sin(q.anim_time*90*2+120)*1)-0.8*(math.sin(q.anim_time*90*2/2)*1)",
						"-1.2*(math.sin(q.anim_time*90*2)*1)-1*(math.sin(q.anim_time*90*2/2)*1)"
					]
				},
				"aura_sensor_outer_left4": {
					"rotation": [
						"18+2*(math.sin(q.anim_time*90*2+180)*1)-2*(math.sin(q.anim_time*90*2/2+90)*1)",
						"-0.8*(math.sin(q.anim_time*90*2+120)*1)-0.6*(math.sin(q.anim_time*90*2/2)*1)",
						"-1.2*(math.sin(q.anim_time*90*2)*1)-1*(math.sin(q.anim_time*90*2/2)*1)"
					]
				},
				"aura_sensor_inner_left": {
					"rotation": [
						"5+3*(math.sin(q.anim_time*90*1.8+90)*1+1)+2*(math.sin(q.anim_time*90*1.8/1.8+90)*1+1)",
						"4-0.5*(math.sin(q.anim_time*90*2+120)*1)-0.4*(math.sin(q.anim_time*90*2/2)*1)",
						"-1*(math.sin(q.anim_time*90*2+120)*1)-1*(math.sin(q.anim_time*90*2/2)*1)"
					]
				},
				"aura_sensor_inner_left2": {
					"rotation": [
						"-26+5*(math.sin(q.anim_time*90*1.2-120)*1+1)",
						"-0.5*(math.sin(q.anim_time*90*2+120)*1)-0.4*(math.sin(q.anim_time*90*2/2)*1)",
						"-1*(math.sin(q.anim_time*90*2+120)*1)-1.2*(math.sin(q.anim_time*90*2/2)*1)"
					]
				},
				"aura_sensor_inner_left3": {
					"rotation": [
						"22-6*(math.sin(q.anim_time*90*1-150)*1+1)",
						"-0.5*(math.sin(q.anim_time*90*2+120)*1)-0.4*(math.sin(q.anim_time*90*2/2)*1)",
						"-1.2*(math.sin(q.anim_time*90*2+120)*1)-1*(math.sin(q.anim_time*90*2/2)*1)"
					]
				},
				"aura_sensor_inner_left4": {
					"rotation": [
						"-12-6*(math.sin(q.anim_time*90*1-180)*1+1)",
						"-0.5*(math.sin(q.anim_time*90*2+120)*1)-0.4*(math.sin(q.anim_time*90*2/2)*1)",
						"-1.2*(math.sin(q.anim_time*90*2+120)*1)-1*(math.sin(q.anim_time*90*2/2)*1)"
					]
				}
			}
		},
		"animation.lucariomega.battle_faintwip": {
			"loop": true,
			"animation_length": 3,
			"bones": {
				"body": {
					"rotation": {
						"0.0": [0, 60, 0],
						"0.375": [0, 40, 0],
						"0.7083": [0, 40, 0],
						"1.3333": [0, 40, 0],
						"1.5833": [0, 40, 0],
						"2.0833": [0, 40, 0],
						"2.5": [0, 30, 0]
					},
					"position": {
						"0.0": [0, -0.2, 0],
						"0.375": [2.4, 0, 5.7],
						"0.7083": [2.4, 0, 5.7],
						"1.3333": [2.4, 0, 5.7],
						"1.5833": [2.4, 0, 5.7],
						"2.0833": [2.4, 0, 5.7],
						"2.5": [-4.1, -10.5, -7]
					}
				},
				"torso": {
					"rotation": {
						"0.0": [-9, 0, 0],
						"0.375": [-9, 0, 0],
						"0.7083": [1, -2, 0],
						"1.3333": [1, -2, 0],
						"1.5833": [-4, -2, 0],
						"2.0833": [-4, -2, 0],
						"2.5": [-6, -2, 0]
					},
					"position": {
						"0.0": [0, 0, 0.2],
						"0.375": [0, 0, 0.2],
						"0.7083": [0, 0, -0.2],
						"1.3333": [0, 0, -0.2],
						"1.5833": [0, 0, 0],
						"2.0833": [0, 0, 0],
						"2.5": [0, 0, 0.4]
					}
				},
				"tail": {
					"rotation": {
						"0.0": [-38, 0, 0],
						"0.7083": [-38, 0, 0],
						"1.3333": [-38, 0, 0],
						"1.5833": [-38, 0, 0],
						"2.0833": [-38, 0, 0]
					}
				},
				"tail2": {
					"rotation": {
						"0.0": [-20, 0, 0],
						"2.0833": [-20, 0, 0],
						"2.5": [0, 0, 0]
					}
				},
				"waist": {
					"rotation": {
						"0.0": [-12, -0.5, -2],
						"0.375": [-7, -0.5, -2],
						"0.7083": [1, 0, 0],
						"1.3333": [1, 0, 0],
						"1.5833": [-4, 0, 0],
						"2.0833": [-4, 0, 0],
						"2.5": [-6, 0, 0]
					}
				},
				"chest": {
					"rotation": {
						"0.0": [27, 0, -4],
						"0.375": [2, 0, -4],
						"0.7083": [22, 0, 0],
						"1.3333": [22, 0, 0],
						"1.5833": [-13, 0, 0],
						"2.0833": [-13, 0, 0],
						"2.5": [-16, 0, 0]
					}
				},
				"fluff2": {
					"rotation": [-3, 0, 3]
				},
				"head": {
					"rotation": {
						"0.0": [33, -48, -12],
						"0.375": [-2, -33, -7],
						"0.7083": [25, 0, 0],
						"1.3333": [25, 0, 0],
						"1.5833": [-15, 0, 0],
						"2.0833": [-15, 0, 0]
					},
					"position": [0, 0, 0]
				},
				"pupil_right_wide": {
					"position": [0, 0.3, 0]
				},
				"pupil_right": {
					"position": [0, 0.5, 0]
				},
				"pupil_left_wide": {
					"position": [0, 0.3, 0]
				},
				"pupil_left": {
					"position": [0, 0.5, 0]
				},
				"aura_sensor_outer_right": {
					"rotation": [-12, -2, 0]
				},
				"aura_sensor_outer_right2": {
					"rotation": [14, 0, 0]
				},
				"aura_sensor_outer_right3": {
					"rotation": [-24, 0, 0]
				},
				"aura_sensor_inner_right": {
					"rotation": [5, -4, 0]
				},
				"aura_sensor_inner_right2": {
					"rotation": [-26, 0, 0]
				},
				"aura_sensor_inner_right3": {
					"rotation": [22, 0, 0]
				},
				"arm_right": {
					"rotation": {
						"0.0": [-7, 20, -46],
						"0.375": [-7, 35, -46],
						"0.7083": [-85, -10, -60],
						"1.3333": [-85, -10, -60],
						"1.5833": [-145, -10, -10],
						"2.0833": [-145, -10, -10]
					},
					"position": {
						"0.0": [0, -0.4, 0.1],
						"0.375": [0, -0.4, 0.1],
						"0.7083": [0, -0.4, -0.5],
						"1.3333": [0, -0.4, -0.5],
						"2.0833": [0, -0.4, -0.5]
					}
				},
				"arm_right2": {
					"rotation": {
						"0.0": [0, -45, -6],
						"0.375": [0, -65, -6],
						"0.7083": [0, 0, -95],
						"1.3333": [0, 0, -95],
						"1.5833": [0, 0, -60],
						"2.0833": [0, 0, -60]
					},
					"position": [0.4, 0, 0]
				},
				"hand_right": {
					"rotation": {
						"0.0": [0, 10, -15],
						"0.375": [0, 10, -15],
						"0.7083": [-5, -9, -15],
						"1.3333": [-5, -9, -15],
						"1.5833": [-5, -9, -15],
						"2.0833": [-5, -9, -15]
					}
				},
				"finger_right_front": {
					"rotation": [0, 0, -35]
				},
				"finger_right_middle": {
					"rotation": [0, 0, -30]
				},
				"finger_right_back": {
					"rotation": [0, 0, -35]
				},
				"arm_left": {
					"rotation": {
						"0.0": [-14, -32, 63],
						"0.375": [-14, -47, 63],
						"0.7083": [-85, 10, 60],
						"1.3333": [-85, 10, 60],
						"1.5833": [-145, 10, 10],
						"2.0833": [-145, 10, 10]
					},
					"position": {
						"0.0": [0, -0.4, 0.3],
						"0.375": [0, -0.4, 0.3],
						"0.7083": [0, -0.4, -0.5],
						"1.3333": [0, -0.4, -0.5],
						"2.0833": [0, -0.4, -0.5]
					}
				},
				"arm_left2": {
					"rotation": {
						"0.0": [0, 30, 15],
						"0.375": [0, 45, 15],
						"0.7083": [0, 0, 95],
						"1.3333": [0, 0, 95],
						"1.5833": [0, 0, 60],
						"2.0833": [0, 0, 60]
					},
					"position": {
						"0.0": [-0.5, 0.1, 0],
						"0.7083": [-0.5, 0.1, 0],
						"1.3333": [-0.5, 0.1, 0],
						"2.0833": [-0.5, 0.1, 0]
					}
				},
				"hand_left": {
					"rotation": {
						"0.0": [-5, 9, 8],
						"0.375": [-5, 9, 8],
						"0.7083": [-5, 9, 15],
						"1.3333": [-5, 9, 15],
						"1.5833": [-5, 0, 15],
						"2.0833": [-5, 0, 15]
					}
				},
				"finger_left_front": {
					"rotation": [0, 0, 35]
				},
				"finger_left_middle": {
					"rotation": [0, 0, 30]
				},
				"finger_left_back": {
					"rotation": [0, 0, 35]
				},
				"leg_right": {
					"rotation": {
						"0.0": [-4, -1, 17],
						"0.375": [0, -1, 7],
						"0.7083": [0, -1, 7],
						"1.3333": [0, -1, 7],
						"1.5833": [0, -1, 7],
						"2.0833": [0, -1, 7],
						"2.5": [0, -3, -3]
					},
					"position": {
						"0.0": [-0.1, 0, -0.1],
						"0.375": [-0.1, 0, -0.1],
						"0.7083": [-0.1, 0, -0.1],
						"1.3333": [-0.1, 0, -0.1],
						"1.5833": [-0.1, 0, -0.1],
						"2.0833": [-0.1, 0, -0.1]
					}
				},
				"leg_right2": {
					"rotation": {
						"0.0": [12.5, 10, 6],
						"0.375": [0, 10, 6],
						"0.7083": [0, 10, 6],
						"1.3333": [0, 10, 6],
						"1.5833": [0, 10, 6],
						"2.0833": [0, 10, 6],
						"2.5": [25.5, -9, 6]
					}
				},
				"leg_right3": {
					"rotation": {
						"0.0": [-4.5, 6.5, 0],
						"0.375": [-7, 1.5, 0],
						"0.7083": [-7, 1.5, 0],
						"1.3333": [-7, 1.5, 0],
						"1.5833": [-7, 1.5, 0],
						"2.0833": [-7, 1.5, 0],
						"2.5": [13, -8.5, 0]
					}
				},
				"leg_right4": {
					"rotation": {
						"0.0": [5, 0, 0],
						"0.375": [0, 0, 0],
						"0.7083": [0, 0, 0],
						"1.3333": [0, 0, 0],
						"1.5833": [0, 0, 0],
						"2.0833": [0, 0, 0],
						"2.5": [70, 0, 0]
					},
					"position": {
						"2.0833": [0, 0, 0],
						"2.5": [0, 0.7, 0]
					}
				},
				"foot_right": {
					"rotation": {
						"0.0": [7.5, -12.5, -22.5],
						"0.375": [5, -12.5, -15.5],
						"0.7083": [5, -12.5, -15.5],
						"1.3333": [5, -12.5, -15.5],
						"1.5833": [5, -12.5, -15.5],
						"2.0833": [5, -12.5, -15.5],
						"2.5": [-19, -2.5, -6.5]
					}
				},
				"foot_right2": {
					"rotation": {
						"0.0": [-3, 0, 0],
						"0.375": [4, 0, 0],
						"0.7083": [4, 0, 0],
						"1.3333": [4, 0, 0],
						"1.5833": [4, 0, 0],
						"2.0833": [4, 0, 0],
						"2.5": [34, 0, 0]
					}
				},
				"foot_right3": {
					"rotation": {
						"0.0": [-7.5, 0, 0],
						"0.375": [0, 0, 0],
						"0.7083": [0, 0, 0],
						"1.3333": [0, 0, 0],
						"1.5833": [0, 0, 0],
						"2.0833": [0, 0, 0],
						"2.5": [-120, 0, 0]
					},
					"position": {
						"2.0833": [0, 0, 0],
						"2.5": [0, 3, 0]
					}
				},
				"leg_left": {
					"rotation": {
						"0.0": [-16.5, -4, -11],
						"0.375": [-1, -4, -1],
						"0.7083": [-1, -4, -1],
						"1.3333": [-1, -4, -1],
						"1.5833": [-1, -4, -1],
						"2.0833": [-1, -4, -1],
						"2.5": [0, 3, 3]
					},
					"position": {
						"0.0": [0.4, 0, -0.7],
						"0.375": [0.4, 0, 0],
						"0.7083": [0.4, 0, 0],
						"1.3333": [0.4, 0, 0],
						"1.5833": [0.4, 0, 0],
						"2.0833": [0.4, 0, 0]
					}
				},
				"leg_left2": {
					"rotation": {
						"0.0": [2.5, -12.5, -12.5],
						"0.375": [0, -12.5, -12.5],
						"0.7083": [0, -12.5, -12.5],
						"1.3333": [0, -12.5, -12.5],
						"1.5833": [0, -12.5, -12.5],
						"2.0833": [0, -12.5, -12.5],
						"2.5": [35, 13, -12.5]
					},
					"position": {
						"0.0": [0, 0.2, -0.5],
						"0.7083": [0, 0.2, -0.5],
						"1.3333": [0, 0.2, -0.5],
						"1.5833": [0, 0.2, -0.5],
						"2.0833": [0, 0.2, -0.5]
					}
				},
				"leg_left3": {
					"rotation": {
						"0.0": [-7, -7.5, 0],
						"0.375": [0, -7.5, 0],
						"0.7083": [0, -7.5, 0],
						"1.3333": [0, -7.5, 0],
						"1.5833": [0, -7.5, 0],
						"2.0833": [0, -7.5, 0],
						"2.5": [10, 0, 0]
					},
					"position": {
						"0.0": [0.3, 0, 0],
						"0.7083": [0.3, 0, 0],
						"1.3333": [0.3, 0, 0],
						"1.5833": [0.3, 0, 0],
						"2.0833": [0.3, 0, 0]
					}
				},
				"foot_left": {
					"rotation": {
						"0.0": [-1.5, -2, 16.5],
						"0.375": [4.5, -2, 12.5],
						"0.7083": [4.5, -2, 12.5],
						"1.3333": [4.5, -2, 12.5],
						"1.5833": [4.5, -2, 12.5],
						"2.0833": [4.5, -2, 12.5],
						"2.5": [-30.5, 10, -2.5]
					}
				},
				"foot_left2": {
					"rotation": {
						"0.0": [22, 0, 0],
						"0.375": [-1, 0, 0],
						"0.7083": [-1, 0, 0],
						"1.3333": [-1, 0, 0],
						"1.5833": [-1, 0, 0],
						"2.0833": [-1, 0, 0],
						"2.5": [37.5, 0, 0]
					}
				},
				"foot_left3": {
					"rotation": {
						"0.0": [-1, 0, 0],
						"2.0833": [0, 0, 0],
						"2.5": [-106, 0, 0]
					},
					"position": {
						"2.0833": [0, 0, 0],
						"2.5": [0, 3, 0]
					}
				},
				"foot_spike_right": {
					"position": {
						"0.0": [0, 0, 0.2],
						"2.0833": [0, 0, 0.2],
						"2.5": [0, 0, 3.6]
					}
				},
				"foot_spike_left": {
					"position": {
						"0.0": [0, 0, 0.2],
						"2.0833": [0, 0, 0.2],
						"2.5": [0, 0, 2.7]
					}
				},
				"tail3": {
					"rotation": {
						"0.0": [-10, 0, 0],
						"2.0833": [-10, 0, 0],
						"2.5": [25, 0, 0]
					}
				},
				"leg_left4": {
					"rotation": {
						"0.0": [11, 0, 0],
						"0.375": [4, 0, 0],
						"0.7083": [4, 0, 0],
						"1.3333": [4, 0, 0],
						"1.5833": [4, 0, 0],
						"2.0833": [4, 0, 0],
						"2.5": [59.5, 0, 0]
					},
					"position": {
						"2.0833": [0, 0, 0],
						"2.5": [0, 0.5, 0]
					}
				},
				"fluff": {
					"rotation": [0, 0, 3]
				},
				"fluff_left": {
					"rotation": [0, 0, -13]
				},
				"aura_sensor_outer_right4": {
					"rotation": [18, 0, 0]
				},
				"aura_sensor_inner_right4": {
					"rotation": [-12, 0, 0]
				},
				"aura_sensor_outer_left": {
					"rotation": [-12, 2, 0]
				},
				"aura_sensor_outer_left2": {
					"rotation": [14, 0, 0]
				},
				"aura_sensor_outer_left3": {
					"rotation": [-24, 0, 0]
				},
				"aura_sensor_outer_left4": {
					"rotation": [18, 0, 0]
				},
				"aura_sensor_inner_left": {
					"rotation": [5, 4, 0]
				},
				"aura_sensor_inner_left2": {
					"rotation": [-26, 0, 0]
				},
				"aura_sensor_inner_left3": {
					"rotation": [22, 0, 0]
				},
				"aura_sensor_inner_left4": {
					"rotation": [-12, 0, 0]
				},
				"guiding_plate1": {
					"rotation": {
						"0.0": [0, 65, 0],
						"2.0833": [0, 36, 0]
					},
					"position": {
						"0.0": [0.7, 0, 12.5],
						"2.0833": [0.22, 0, 12.25]
					}
				},
				"guiding_plate2": {
					"rotation": {
						"0.0": [0, 38, 0],
						"2.0833": [0, 14.5, 0]
					},
					"position": {
						"0.0": [-3.75, 0, -10.65],
						"2.0833": [4.45, 0, 3.05]
					}
				}
			}
		},
		"animation.lucariomega.sleep": {
			"loop": true,
			"bones": {
				"body": {
					"position": [0, -15.6, 4]
				},
				"waist": {
					"rotation": [5, 0, 0],
					"position": [0, "0+0.05*(math.sin(q.anim_time*90*1-90)*1+1)", 0]
				},
				"chest": {
					"rotation": [25, 0, 0]
				},
				"head": {
					"rotation": ["22.5+(math.sin(q.anim_time*90*1+45)*1+1)", 0, 0]
				},
				"pupil_right_wide": {
					"position": [0, 0, 0.01]
				},
				"pupil_left_wide": {
					"position": [0, 0, 0.01]
				},
				"aura_sensor_inner_right": {
					"rotation": [-35, 0, 5]
				},
				"aura_sensor_outer_right": {
					"rotation": [-92, -25, 58.5]
				},
				"arm_right": {
					"rotation": [22.5, -40, "-27.5+0.5*(math.sin(q.anim_time*90*1-90)*1+1)"]
				},
				"arm_right2": {
					"rotation": [0, -42.5, 0]
				},
				"finger_right_front": {
					"rotation": [0, 0, -12.5]
				},
				"finger_right_middle": {
					"rotation": [0, 0, -10]
				},
				"finger_right_back": {
					"rotation": [0, 0, -12.5]
				},
				"arm_left": {
					"rotation": [-20, 22.5, "65+0.5*(math.sin(q.anim_time*90*1-90)*1+1)"],
					"position": [0, -1.7, -0.8]
				},
				"finger_left_front": {
					"rotation": [0, 0, -20],
					"position": [-1, 0, 0]
				},
				"finger_left_middle": {
					"rotation": [0, 0, -20],
					"position": [-1, 0, 0]
				},
				"finger_left_back": {
					"rotation": [0, 0, -17.5],
					"position": [-1, 0, 0]
				},
				"leg_left": {
					"rotation": [-120, -27.5, 42.5]
				},
				"leg_left2": {
					"rotation": [42.5, -58, -35],
					"position": [-0.3, 0, 0.5]
				},
				"leg_left3": {
					"rotation": [8.5, 2.5, 0]
				},
				"leg_left4": {
					"rotation": [35, 0, 0]
				},
				"foot_left": {
					"rotation": [12.5, 2, 0]
				},
				"foot_left2": {
					"rotation": [5, 0, 0]
				},
				"eyelid_right": {
					"position": [-0.1, 0, -0.1]
				},
				"eyelid_left": {
					"position": [0.1, 0, -0.1]
				},
				"tail": {
					"rotation": [-45, 0, 0]
				},
				"tail2": {
					"rotation": [30, 0, 0],
					"position": [0, -0.5, -2]
				},
				"tail3": {
					"rotation": [15, 0, 0],
					"position": [0, -1.1, -0.6]
				},
				"tail4": {
					"rotation": [-5, 0, 0]
				},
				"hand_left": {
					"rotation": [0, 0, -20]
				},
				"hand_right": {
					"rotation": [0, 0, 20]
				},
				"aura_sensor_outer_right2": {
					"rotation": [-32.5, 0, 0]
				},
				"aura_sensor_inner_right2": {
					"rotation": [-28, 0, 0]
				},
				"leg_right": {
					"rotation": [-112.5, 42.5, 10]
				},
				"leg_right2": {
					"rotation": [27.5, 35, 0],
					"position": [0.5, 0, 0.5]
				},
				"leg_right3": {
					"rotation": [9.24629, -12.09367, 7.10606]
				},
				"leg_right4": {
					"rotation": [2.5, 0, 0]
				},
				"foot_right": {
					"rotation": [35, 0, 0]
				},
				"foot_right2": {
					"rotation": [7.5, 0, 0]
				},
				"pupil_right": {
					"position": [0, 0, 0.2]
				},
				"pupil_left": {
					"position": [0, 0, 0.1]
				},
				"aura_sensor_outer_right3": {
					"rotation": [-5, 0, 12]
				},
				"aura_sensor_inner_right3": {
					"rotation": [-38, 0, 0]
				},
				"aura_sensor_outer_right4": {
					"rotation": [15, 0, 0]
				},
				"aura_sensor_inner_right4": {
					"rotation": [10, 0, 0]
				},
				"aura_sensor_outer_left": {
					"rotation": [-115, 0, -60]
				},
				"aura_sensor_outer_left2": {
					"rotation": [-20, 0, -10]
				},
				"aura_sensor_outer_left3": {
					"rotation": [25, 0, 0]
				},
				"aura_sensor_outer_left4": {
					"rotation": [-20, 0, 0]
				},
				"aura_sensor_inner_left": {
					"rotation": [-42.5, 0, -10]
				},
				"aura_sensor_inner_left2": {
					"rotation": [-25, 0, -10]
				},
				"aura_sensor_inner_left3": {
					"rotation": [-35, 0, 0]
				},
				"aura_sensor_inner_left4": {
					"rotation": [15, 0, 0]
				}
			}
		},
		"animation.lucariomega.blink": {
			"animation_length": 0.1667,
			"bones": {
				"pupil_right_wide": {
					"position": {
						"0.0": [0, 0, 0.01],
						"0.125": [0, 0, 0.01],
						"0.1667": [0, 0, 0]
					}
				},
				"pupil_left_wide": {
					"position": {
						"0.0": [0, 0, 0.01],
						"0.125": [0, 0, 0.01],
						"0.1667": [0, 0, 0]
					}
				},
				"eyelid_right": {
					"position": {
						"0.0": [-0.1, 0, -0.1],
						"0.125": {
							"pre": [-0.1, 0, -0.1],
							"post": [-0.1, 0, -0.1]
						},
						"0.1667": {
							"pre": [-0.1, 0, -0.1],
							"post": [0, 0, 0]
						}
					}
				},
				"eyelid_left": {
					"position": {
						"0.0": [0.1, 0, -0.1],
						"0.125": {
							"pre": [0.1, 0, -0.1],
							"post": [0.1, 0, -0.1]
						},
						"0.1667": {
							"pre": [0.1, 0, -0.1],
							"post": [0, 0, 0]
						}
					}
				},
				"pupil_right": {
					"position": {
						"0.0": [0, 0, 0.1],
						"0.125": {
							"pre": [0, 0, 0.1],
							"post": [0, 0, 0.1]
						},
						"0.1667": {
							"pre": [0, 0, 0.1],
							"post": [0, 0, 0]
						}
					}
				},
				"pupil_left": {
					"position": {
						"0.0": [0, 0, 0.1],
						"0.125": {
							"pre": [0, 0, 0.1],
							"post": [0, 0, 0.1]
						},
						"0.1667": {
							"pre": [0, 0, 0.1],
							"post": [0, 0, 0]
						}
					}
				}
			}
		},
		"animation.lucariomega.cry": {
			"animation_length": 0.75,
			"bones": {
				"chest": {
					"rotation": {
						"0.0": [0, 0, 0],
						"0.125": [-0.5, 0, 0],
						"0.25": [-0.46, 0, 0],
						"0.5": [-0.07, 0, 0],
						"0.625": [0, 0, 0]
					}
				},
				"head": {
					"rotation": {
						"0.0": [0, 0, 0],
						"0.0417": [-1.5, 0, 0],
						"0.0833": [-1.6, 0, 0],
						"0.1667": [-1.37, 0, 0],
						"0.2917": [0.58, 0, 0],
						"0.375": [0.68, 0, 0],
						"0.5417": [-0.42, 0, 0],
						"0.5833": [-0.5, 0, 0],
						"0.6667": [-0.02, 0, 0],
						"0.7083": [0.07, 0, 0],
						"0.75": [0, 0, 0]
					}
				},
				"fangs": {
					"position": {
						"0.0": [0, 0, 0],
						"0.0417": {
							"pre": [0, 0, 0],
							"post": [0, -1, 0]
						},
						"0.5833": {
							"pre": [0, -1, 0],
							"post": [0, -1, 0]
						},
						"0.625": {
							"pre": [0, -1, 0],
							"post": [0, 0, 0]
						}
					}
				},
				"jaw": {
					"position": {
						"0.0": [0, 0, 0],
						"0.0417": {
							"pre": [0, 0, 0],
							"post": [0, 1, 0]
						},
						"0.5833": {
							"pre": [0, 1, 0],
							"post": [0, 1, 0]
						},
						"0.625": {
							"pre": [0, 1, 0],
							"post": [0, 0, 0]
						}
					}
				},
				"mouth_open2": {
					"position": {
						"0.0": [0, 0, 0],
						"0.0417": {
							"pre": [0, 0, 0],
							"post": [0, -1.1, -1]
						},
						"0.125": {
							"pre": [0, -1.1, -1],
							"post": [0, -1.1, -1]
						},
						"0.25": [0, -0.9, -1.01],
						"0.4167": [0, -0.9, -1.01],
						"0.5": [0, -1, -1.01],
						"0.5833": [0, -0.8, -1.01],
						"0.625": {
							"pre": [0, -0.8, -1.01],
							"post": [0, 0, 0]
						}
					}
				}
			},
			"sound_effects": {
				"0.0": {
					"effect": "pokemon.lucario.cry"
				}
			}
		},
		"animation.lucariomega.angerspike": {
			"animation_length": 2.5,
			"bones": {
				"hand_right": {
					"rotation": {
						"0.5": [0, 0, 0],
						"0.5417": [0, 0, -0.2],
						"0.5833": [0, 0, 0],
						"0.625": [0, 0, -0.52],
						"0.6667": [0, 0, 0],
						"0.7083": [0, 0, -0.7],
						"0.75": [0, 0, 0],
						"0.7917": [0, 0, -0.8],
						"0.8333": [0, 0, 0],
						"0.875": [0, 0, -0.9],
						"0.9167": [0, 0, 0],
						"0.9583": [0, 0, -1],
						"1.0": [0, 0, 0],
						"1.0417": [0, 0, -1],
						"1.0833": [0, 0, 0],
						"1.125": [0, 0, -1],
						"1.1667": [0, 0, 0],
						"1.2083": [0, 0, -1],
						"1.25": [0, 0, 0],
						"1.2917": [0, 0, -1],
						"1.3333": [0, 0, 0],
						"1.375": [0, 0, -1],
						"1.4167": [0, 0, 0],
						"1.4583": [0, 0, -1],
						"1.5": [0, 0, 0],
						"1.5417": [0, 0, -1],
						"1.5833": [0, 0, 0],
						"1.625": [0, 0, -0.9],
						"1.6667": [0, 0, 0],
						"1.7083": [0, 0, -0.8],
						"1.75": [0, 0, 0],
						"1.7917": [0, 0, -0.7],
						"1.8333": [0, 0, 0],
						"1.875": [0, 0, -0.52],
						"1.9167": [0, 0, 0],
						"1.9583": [0, 0, -0.2],
						"2.0": [0, 0, 0]
					}
				},
				"hand_left": {
					"rotation": {
						"0.5": [0, 0, 0],
						"0.5417": [0, 0, 0.2],
						"0.5833": [0, 0, 0],
						"0.625": [0, 0, 0.52],
						"0.6667": [0, 0, 0],
						"0.7083": [0, 0, 0.7],
						"0.75": [0, 0, 0],
						"0.7917": [0, 0, 0.8],
						"0.8333": [0, 0, 0],
						"0.875": [0, 0, 0.9],
						"0.9167": [0, 0, 0],
						"0.9583": [0, 0, 1],
						"1.0": [0, 0, 0],
						"1.0417": [0, 0, 1],
						"1.0833": [0, 0, 0],
						"1.125": [0, 0, 1],
						"1.1667": [0, 0, 0],
						"1.2083": [0, 0, 1],
						"1.25": [0, 0, 0],
						"1.2917": [0, 0, 1],
						"1.3333": [0, 0, 0],
						"1.375": [0, 0, 1],
						"1.4167": [0, 0, 0],
						"1.4583": [0, 0, 1],
						"1.5": [0, 0, 0],
						"1.5417": [0, 0, 1],
						"1.5833": [0, 0, 0],
						"1.625": [0, 0, 0.9],
						"1.6667": [0, 0, 0],
						"1.7083": [0, 0, 0.8],
						"1.75": [0, 0, 0],
						"1.7917": [0, 0, 0.7],
						"1.8333": [0, 0, 0],
						"1.875": [0, 0, 0.52],
						"1.9167": [0, 0, 0],
						"1.9583": [0, 0, 0.2],
						"2.0": [0, 0, 0]
					}
				},
				"arm_right2": {
					"rotation": {
						"0.5": [0, 0, 0],
						"0.5417": [0, -0.2, 0],
						"0.5833": [0, 0, 0],
						"0.625": [0, -0.42, 0],
						"0.6667": [0, 0, 0],
						"0.7083": [0, -0.6, 0],
						"0.75": [0, 0, 0],
						"0.7917": [0, -0.7, 0],
						"0.8333": [0, 0, 0],
						"0.875": [0, -0.8, 0],
						"0.9167": [0, 0, 0],
						"0.9583": [0, -0.9, 0],
						"1.0": [0, 0, 0],
						"1.0417": [0, -0.9, 0],
						"1.0833": [0, 0, 0],
						"1.125": [0, -0.9, 0],
						"1.1667": [0, 0, 0],
						"1.2083": [0, -0.9, 0],
						"1.25": [0, 0, 0],
						"1.2917": [0, -0.9, 0],
						"1.3333": [0, 0, 0],
						"1.375": [0, -0.9, 0],
						"1.4167": [0, 0, 0],
						"1.4583": [0, -0.9, 0],
						"1.5": [0, 0, 0],
						"1.5417": [0, -0.9, 0],
						"1.5833": [0, 0, 0],
						"1.625": [0, -0.8, 0],
						"1.6667": [0, 0, 0],
						"1.7083": [0, -0.7, 0],
						"1.75": [0, 0, 0],
						"1.7917": [0, -0.6, 0],
						"1.8333": [0, 0, 0],
						"1.875": [0, -0.42, 0],
						"1.9167": [0, 0, 0],
						"1.9583": [0, -0.2, 0],
						"2.0": [0, 0, 0]
					}
				},
				"arm_left2": {
					"rotation": {
						"0.5": [0, 0, 0],
						"0.5417": [0, 0.2, 0],
						"0.5833": [0, 0, 0],
						"0.625": [0, 0.42, 0],
						"0.6667": [0, 0, 0],
						"0.7083": [0, 0.6, 0],
						"0.75": [0, 0, 0],
						"0.7917": [0, 0.7, 0],
						"0.8333": [0, 0, 0],
						"0.875": [0, 0.8, 0],
						"0.9167": [0, 0, 0],
						"0.9583": [0, 0.9, 0],
						"1.0": [0, 0, 0],
						"1.0417": [0, 0.9, 0],
						"1.0833": [0, 0, 0],
						"1.125": [0, 0.9, 0],
						"1.1667": [0, 0, 0],
						"1.2083": [0, 0.9, 0],
						"1.25": [0, 0, 0],
						"1.2917": [0, 0.9, 0],
						"1.3333": [0, 0, 0],
						"1.375": [0, 0.9, 0],
						"1.4167": [0, 0, 0],
						"1.4583": [0, 0.9, 0],
						"1.5": [0, 0, 0],
						"1.5417": [0, 0.9, 0],
						"1.5833": [0, 0, 0],
						"1.625": [0, 0.8, 0],
						"1.6667": [0, 0, 0],
						"1.7083": [0, 0.7, 0],
						"1.75": [0, 0, 0],
						"1.7917": [0, 0.6, 0],
						"1.8333": [0, 0, 0],
						"1.875": [0, 0.42, 0],
						"1.9167": [0, 0, 0],
						"1.9583": [0, 0.2, 0],
						"2.0": [0, 0, 0]
					}
				},
				"finger_right_front": {
					"rotation": {
						"0.5": [0, 0, 0],
						"0.5417": [0, -0.2, 0],
						"0.5833": [0, 0, 0],
						"0.625": [0, -0.42, 0],
						"0.6667": [0, 0, 0],
						"0.7083": [0, -0.6, 0],
						"0.75": [0, 0, 0],
						"0.7917": [0, -0.7, 0],
						"0.8333": [0, 0, 0],
						"0.875": [0, -0.8, 0],
						"0.9167": [0, 0, 0],
						"0.9583": [0, -0.9, 0],
						"1.0": [0, 0, 0],
						"1.0417": [0, -0.9, 0],
						"1.0833": [0, 0, 0],
						"1.125": [0, -0.9, 0],
						"1.1667": [0, 0, 0],
						"1.2083": [0, -0.9, 0],
						"1.25": [0, 0, 0],
						"1.2917": [0, -0.9, 0],
						"1.3333": [0, 0, 0],
						"1.375": [0, -0.9, 0],
						"1.4167": [0, 0, 0],
						"1.4583": [0, -0.9, 0],
						"1.5": [0, 0, 0],
						"1.5417": [0, -0.9, 0],
						"1.5833": [0, 0, 0],
						"1.625": [0, -0.8, 0],
						"1.6667": [0, 0, 0],
						"1.7083": [0, -0.7, 0],
						"1.75": [0, 0, 0],
						"1.7917": [0, -0.6, 0],
						"1.8333": [0, 0, 0],
						"1.875": [0, -0.42, 0],
						"1.9167": [0, 0, 0],
						"1.9583": [0, -0.2, 0],
						"2.0": [0, 0, 0]
					}
				},
				"finger_right_middle": {
					"rotation": {
						"0.5": [0, 0, 0],
						"0.5417": [0, -0.2, 0],
						"0.5833": [0, 0, 0],
						"0.625": [0, -0.42, 0],
						"0.6667": [0, 0, 0],
						"0.7083": [0, -0.6, 0],
						"0.75": [0, 0, 0],
						"0.7917": [0, -0.7, 0],
						"0.8333": [0, 0, 0],
						"0.875": [0, -0.8, 0],
						"0.9167": [0, 0, 0],
						"0.9583": [0, -0.9, 0],
						"1.0": [0, 0, 0],
						"1.0417": [0, -0.9, 0],
						"1.0833": [0, 0, 0],
						"1.125": [0, -0.9, 0],
						"1.1667": [0, 0, 0],
						"1.2083": [0, -0.9, 0],
						"1.25": [0, 0, 0],
						"1.2917": [0, -0.9, 0],
						"1.3333": [0, 0, 0],
						"1.375": [0, -0.9, 0],
						"1.4167": [0, 0, 0],
						"1.4583": [0, -0.9, 0],
						"1.5": [0, 0, 0],
						"1.5417": [0, -0.9, 0],
						"1.5833": [0, 0, 0],
						"1.625": [0, -0.8, 0],
						"1.6667": [0, 0, 0],
						"1.7083": [0, -0.7, 0],
						"1.75": [0, 0, 0],
						"1.7917": [0, -0.6, 0],
						"1.8333": [0, 0, 0],
						"1.875": [0, -0.42, 0],
						"1.9167": [0, 0, 0],
						"1.9583": [0, -0.2, 0],
						"2.0": [0, 0, 0]
					}
				},
				"finger_right_back": {
					"rotation": {
						"0.5": [0, 0, 0],
						"0.5417": [0, -0.2, 0],
						"0.5833": [0, 0, 0],
						"0.625": [0, -0.42, 0],
						"0.6667": [0, 0, 0],
						"0.7083": [0, -0.6, 0],
						"0.75": [0, 0, 0],
						"0.7917": [0, -0.7, 0],
						"0.8333": [0, 0, 0],
						"0.875": [0, -0.8, 0],
						"0.9167": [0, 0, 0],
						"0.9583": [0, -0.9, 0],
						"1.0": [0, 0, 0],
						"1.0417": [0, -0.9, 0],
						"1.0833": [0, 0, 0],
						"1.125": [0, -0.9, 0],
						"1.1667": [0, 0, 0],
						"1.2083": [0, -0.9, 0],
						"1.25": [0, 0, 0],
						"1.2917": [0, -0.9, 0],
						"1.3333": [0, 0, 0],
						"1.375": [0, -0.9, 0],
						"1.4167": [0, 0, 0],
						"1.4583": [0, -0.9, 0],
						"1.5": [0, 0, 0],
						"1.5417": [0, -0.9, 0],
						"1.5833": [0, 0, 0],
						"1.625": [0, -0.8, 0],
						"1.6667": [0, 0, 0],
						"1.7083": [0, -0.7, 0],
						"1.75": [0, 0, 0],
						"1.7917": [0, -0.6, 0],
						"1.8333": [0, 0, 0],
						"1.875": [0, -0.42, 0],
						"1.9167": [0, 0, 0],
						"1.9583": [0, -0.2, 0],
						"2.0": [0, 0, 0]
					}
				},
				"finger_left_front": {
					"rotation": {
						"0.5": [0, 0, 0],
						"0.5417": [0, 0.2, 0],
						"0.5833": [0, 0, 0],
						"0.625": [0, 0.42, 0],
						"0.6667": [0, 0, 0],
						"0.7083": [0, 0.6, 0],
						"0.75": [0, 0, 0],
						"0.7917": [0, 0.7, 0],
						"0.8333": [0, 0, 0],
						"0.875": [0, 0.8, 0],
						"0.9167": [0, 0, 0],
						"0.9583": [0, 0.9, 0],
						"1.0": [0, 0, 0],
						"1.0417": [0, 0.9, 0],
						"1.0833": [0, 0, 0],
						"1.125": [0, 0.9, 0],
						"1.1667": [0, 0, 0],
						"1.2083": [0, 0.9, 0],
						"1.25": [0, 0, 0],
						"1.2917": [0, 0.9, 0],
						"1.3333": [0, 0, 0],
						"1.375": [0, 0.9, 0],
						"1.4167": [0, 0, 0],
						"1.4583": [0, 0.9, 0],
						"1.5": [0, 0, 0],
						"1.5417": [0, 0.9, 0],
						"1.5833": [0, 0, 0],
						"1.625": [0, 0.8, 0],
						"1.6667": [0, 0, 0],
						"1.7083": [0, 0.7, 0],
						"1.75": [0, 0, 0],
						"1.7917": [0, 0.6, 0],
						"1.8333": [0, 0, 0],
						"1.875": [0, 0.42, 0],
						"1.9167": [0, 0, 0],
						"1.9583": [0, 0.2, 0],
						"2.0": [0, 0, 0]
					}
				},
				"finger_left_middle": {
					"rotation": {
						"0.5": [0, 0, 0],
						"0.5417": [0, 0.2, 0],
						"0.5833": [0, 0, 0],
						"0.625": [0, 0.42, 0],
						"0.6667": [0, 0, 0],
						"0.7083": [0, 0.6, 0],
						"0.75": [0, 0, 0],
						"0.7917": [0, 0.7, 0],
						"0.8333": [0, 0, 0],
						"0.875": [0, 0.8, 0],
						"0.9167": [0, 0, 0],
						"0.9583": [0, 0.9, 0],
						"1.0": [0, 0, 0],
						"1.0417": [0, 0.9, 0],
						"1.0833": [0, 0, 0],
						"1.125": [0, 0.9, 0],
						"1.1667": [0, 0, 0],
						"1.2083": [0, 0.9, 0],
						"1.25": [0, 0, 0],
						"1.2917": [0, 0.9, 0],
						"1.3333": [0, 0, 0],
						"1.375": [0, 0.9, 0],
						"1.4167": [0, 0, 0],
						"1.4583": [0, 0.9, 0],
						"1.5": [0, 0, 0],
						"1.5417": [0, 0.9, 0],
						"1.5833": [0, 0, 0],
						"1.625": [0, 0.8, 0],
						"1.6667": [0, 0, 0],
						"1.7083": [0, 0.7, 0],
						"1.75": [0, 0, 0],
						"1.7917": [0, 0.6, 0],
						"1.8333": [0, 0, 0],
						"1.875": [0, 0.42, 0],
						"1.9167": [0, 0, 0],
						"1.9583": [0, 0.2, 0],
						"2.0": [0, 0, 0]
					}
				},
				"finger_left_back": {
					"rotation": {
						"0.5": [0, 0, 0],
						"0.5417": [0, 0.2, 0],
						"0.5833": [0, 0, 0],
						"0.625": [0, 0.42, 0],
						"0.6667": [0, 0, 0],
						"0.7083": [0, 0.6, 0],
						"0.75": [0, 0, 0],
						"0.7917": [0, 0.7, 0],
						"0.8333": [0, 0, 0],
						"0.875": [0, 0.8, 0],
						"0.9167": [0, 0, 0],
						"0.9583": [0, 0.9, 0],
						"1.0": [0, 0, 0],
						"1.0417": [0, 0.9, 0],
						"1.0833": [0, 0, 0],
						"1.125": [0, 0.9, 0],
						"1.1667": [0, 0, 0],
						"1.2083": [0, 0.9, 0],
						"1.25": [0, 0, 0],
						"1.2917": [0, 0.9, 0],
						"1.3333": [0, 0, 0],
						"1.375": [0, 0.9, 0],
						"1.4167": [0, 0, 0],
						"1.4583": [0, 0.9, 0],
						"1.5": [0, 0, 0],
						"1.5417": [0, 0.9, 0],
						"1.5833": [0, 0, 0],
						"1.625": [0, 0.8, 0],
						"1.6667": [0, 0, 0],
						"1.7083": [0, 0.7, 0],
						"1.75": [0, 0, 0],
						"1.7917": [0, 0.6, 0],
						"1.8333": [0, 0, 0],
						"1.875": [0, 0.42, 0],
						"1.9167": [0, 0, 0],
						"1.9583": [0, 0.2, 0],
						"2.0": [0, 0, 0]
					}
				}
			}
		},
		"animation.lucariomega.twitch1": {
			"animation_length": 0.08333,
			"bones": {
				"head": {
					"rotation": {
						"0.0": [0, 0, 0],
						"0.0417": [0.1, 0, 0.3],
						"0.0833": [0, 0, 0]
					}
				},
				"aura_sensors": {
					"rotation": {
						"0.0": [0, 0, 0],
						"0.0417": [-0.1, 0, -0.3],
						"0.0833": [0, 0, 0]
					}
				},
				"arm_right2": {
					"rotation": {
						"0.0": [0, 0, 0],
						"0.0417": [0, -0.5, 0],
						"0.0833": [0, 0, 0]
					}
				},
				"finger_right_front": {
					"rotation": {
						"0.0": [0, 0, 0],
						"0.0417": [0, 0, -2],
						"0.0833": [0, 0, 0]
					}
				},
				"finger_right_middle": {
					"rotation": {
						"0.0": [0, 0, 0],
						"0.0417": [0, 0, 2],
						"0.0833": [0, 0, 0]
					}
				},
				"finger_right_back": {
					"rotation": {
						"0.0": [0, 0, 0],
						"0.0417": [0, 0, -1],
						"0.0833": [0, 0, 0]
					}
				}
			}
		},
		"animation.lucariomega.twitch2": {
			"animation_length": 0.08333,
			"bones": {
				"head": {
					"rotation": {
						"0.0": [0, 0, 0],
						"0.0417": [0.1, 0, -0.3],
						"0.0833": [0, 0, 0]
					}
				},
				"aura_sensors": {
					"rotation": {
						"0.0": [0, 0, 0],
						"0.0417": [-0.1, 0, 0.3],
						"0.0833": [0, 0, 0]
					}
				},
				"arm_left2": {
					"rotation": {
						"0.0": [0, 0, 0],
						"0.0417": [0, 0.5, 0],
						"0.0833": [0, 0, 0]
					}
				},
				"finger_left_front": {
					"rotation": {
						"0.0": [0, 0, 0],
						"0.0417": [0, 0, 2],
						"0.0833": [0, 0, 0]
					}
				},
				"finger_left_middle": {
					"rotation": {
						"0.0": [0, 0, 0],
						"0.0417": [0, 0, -2],
						"0.0833": [0, 0, 0]
					}
				},
				"finger_left_back": {
					"rotation": {
						"0.0": [0, 0, 0],
						"0.0417": [0, 0, 1],
						"0.0833": [0, 0, 0]
					}
				}
			}
		},
		"animation.lucariomega.lookaround": {
			"animation_length": 3,
			"bones": {
				"waist": {
					"rotation": {
						"0.125": [0, 0, 0],
						"0.25": [2, 0.75, 0],
						"0.375": [3, 1.5, 0],
						"0.5833": [3.35, 1.5, 0],
						"0.7917": [3.5, 1.5, 0],
						"1.2917": [3.5, -1.5, 0],
						"1.5": [3.5, -1.5, 0],
						"1.7083": [3.5, -1.5, 0],
						"1.8333": [3.4, -0.86, 0],
						"2.0": [3.1, 0, 0],
						"2.1667": [2.08, 0, 0],
						"2.3333": [0.9, 0, 0],
						"2.6667": [0.2, 0, 0],
						"3.0": [0, 0, 0]
					}
				},
				"head": {
					"rotation": {
						"0.0833": [0, 0, 0],
						"0.375": {
							"pre": [0, 16.96, 0],
							"post": [0, 16.96, 0],
							"lerp_mode": "catmullrom"
						},
						"1.125": {
							"post": [0, 16.5, 0],
							"lerp_mode": "catmullrom"
						},
						"1.375": {
							"post": [0, -15, 0],
							"lerp_mode": "catmullrom"
						},
						"2.125": {
							"post": [0, -15.67, 0],
							"lerp_mode": "catmullrom"
						},
						"2.75": [0, 0, 0]
					}
				},
				"pupil_right": {
					"position": {
						"0.2917": [0, 0, 0],
						"0.3333": {
							"pre": [0, 0, 0],
							"post": [0, 0, 0.1]
						},
						"1.25": {
							"pre": [0, 0, 0.1],
							"post": [0, 0, 0.1]
						},
						"1.2917": {
							"pre": [0, 0, 0.1],
							"post": [0.4, 0, 0]
						},
						"2.375": {
							"pre": [0.4, 0, 0],
							"post": [0.4, 0, 0]
						},
						"2.4167": {
							"pre": [0.4, 0, 0],
							"post": [0, 0, 0]
						}
					}
				},
				"pupil_right_wide": {
					"position": {
						"0.2917": [0, 0, 0],
						"0.3333": {
							"pre": [0, 0, 0],
							"post": [-0.8, 0, -0.1]
						},
						"1.25": {
							"pre": [-0.8, 0, -0.1],
							"post": [-0.8, 0, -0.1]
						},
						"1.2917": {
							"pre": [-0.8, 0, -0.1],
							"post": [0, 0, 0]
						}
					}
				},
				"pupil_left": {
					"position": {
						"0.2917": [0, 0, 0],
						"0.3333": {
							"pre": [0, 0, 0],
							"post": [-0.4, 0, 0]
						},
						"1.25": {
							"pre": [-0.4, 0, 0],
							"post": [-0.4, 0, 0]
						},
						"1.2917": {
							"pre": [-0.4, 0, 0],
							"post": [0, 0, 0.1]
						},
						"2.375": {
							"pre": [0, 0, 0.1],
							"post": [0, 0, 0.1]
						},
						"2.4167": {
							"pre": [0, 0, 0.1],
							"post": [0, 0, 0]
						}
					}
				},
				"pupil_left_wide": {
					"position": {
						"1.25": [0, 0, 0],
						"1.2917": {
							"pre": [0, 0, 0],
							"post": [0.8, 0, -0.1]
						},
						"2.375": {
							"pre": [0.8, 0, -0.1],
							"post": [0.8, 0, -0.1]
						},
						"2.4167": {
							"pre": [0.8, 0, -0.1],
							"post": [0, 0, 0]
						}
					}
				},
				"arm_right": {
					"rotation": {
						"0.1667": [0, 0, 0],
						"0.5": {
							"pre": [0, 5, 0],
							"post": [0, 5, 0],
							"lerp_mode": "catmullrom"
						},
						"2.0": {
							"post": [0, 5, 0],
							"lerp_mode": "catmullrom"
						},
						"2.6667": {
							"post": [0, 0, 0],
							"lerp_mode": "catmullrom"
						}
					}
				},
				"arm_right2": {
					"rotation": {
						"0.1667": [0, 0, 0],
						"0.5": {
							"pre": [0, -8, 0],
							"post": [0, -8, 0],
							"lerp_mode": "catmullrom"
						},
						"2.0": {
							"post": [0, -8, 0],
							"lerp_mode": "catmullrom"
						},
						"2.6667": [0, 0, 0]
					}
				},
				"arm_left": {
					"rotation": {
						"0.1667": [0, 0, 0],
						"0.5": {
							"pre": [0, -5, 0],
							"post": [0, -5, 0],
							"lerp_mode": "catmullrom"
						},
						"2.0": {
							"post": [0, -5, 0],
							"lerp_mode": "catmullrom"
						},
						"2.6667": {
							"post": [0, 0, 0],
							"lerp_mode": "catmullrom"
						}
					}
				},
				"arm_left2": {
					"rotation": {
						"0.1667": [0, 0, 0],
						"0.5": {
							"pre": [0, 8, 0],
							"post": [0, 8, 0],
							"lerp_mode": "catmullrom"
						},
						"2.0": {
							"post": [0, 8, 0],
							"lerp_mode": "catmullrom"
						},
						"2.6667": [0, 0, 0]
					}
				}
			}
		}
	}
}