{
	"format_version": "1.8.0",
	"animations": {
		"animation.gengar.ground_idle": {
			"loop": true,
			"bones": {
				"arm_left": {
					"rotation": [
						45,
						0,
						"20*math.sin(q.anim_time*90*2)*0.4-2.25*math.sin(q.anim_time*90*2-30)*0.4-2.25*math.sin(q.anim_time*90*2-60)*0.4+2.25*math.sin(q.anim_time*90*2-90)*0.4+30"
					]
				},
				"arm_left2": {
					"rotation": [0, 15, 0]
				},
				"tail": {
					"rotation": [
						"-20+(2.25*math.sin(q.anim_time*90*2)*0.4-2.25*math.sin(q.anim_time*90*2-30)*0.4-2.25*math.sin(q.anim_time*90*2-60)*0.4+2.25*math.sin(q.anim_time*90*2-90)*0.4)*5",
						0,
						"(2.25*math.sin(q.anim_time*90*2)*0.4-2.25*math.sin(q.anim_time*90*2-30)*0.4+2.25*math.sin(q.anim_time*90*2-60)*0.4-2.25*math.sin(q.anim_time*90*2-90)*0.4)*5"
					]
				},
				"tail2": {
					"rotation": [
						"7.5+(2.25*math.sin(q.anim_time*90*2)*0.4-2.25*math.sin(q.anim_time*90*2-30)*0.4-2.25*math.sin(q.anim_time*90*2-60)*0.4+2.25*math.sin(q.anim_time*90*2-90)*0.4)*10",
						0,
						"0+(2.25*math.sin(q.anim_time*90*2)*0.4-2.25*math.sin(q.anim_time*90*2-30)*0.4+2.25*math.sin(q.anim_time*90*2-60)*0.4-2.25*math.sin(q.anim_time*90*2-90)*0.4)*5"
					]
				},
				"torso": {
					"rotation": [
						0,
						0,
						"(2.25*math.sin(q.anim_time*90*2)*0.4-2.25*math.sin(q.anim_time*90*2-30)*0.4+2.25*math.sin(q.anim_time*90*2-60)*0.4-2.25*math.sin(q.anim_time*90*2-90)*0.4)*2.5"
					],
					"position": [
						"(2.25*math.sin(q.anim_time*90*2)*0.4-2.25*math.sin(q.anim_time*90*2-30)*0.4+2.25*math.sin(q.anim_time*90*2-60)*0.4-2.25*math.sin(q.anim_time*90*2-90)*0.4)*1",
						"(2.25*math.sin(q.anim_time*180*2)*0.4-2.25*math.sin(q.anim_time*180*2-30)*0.4-2.25*math.sin(q.anim_time*180*2-60)*0.4+2.25*math.sin(q.anim_time*180*2-90))*-0.2",
						0
					]
				},
				"spike_left": {
					"rotation": [0, 0, 0]
				},
				"arm_right": {
					"rotation": [
						45,
						0,
						"20*math.sin(q.anim_time*90*2)*0.4-2.25*math.sin(q.anim_time*90*2-30)*0.4-2.25*math.sin(q.anim_time*90*2-60)*0.4+2.25*math.sin(q.anim_time*90*2-90)*0.4-30"
					]
				},
				"arm_right2": {
					"rotation": [0, -15, 0]
				},
				"tail3": {
					"rotation": ["(0.2*math.sin(q.anim_time*90*15))*2.5", 0, 0]
				},
				"leg_right": {
					"rotation": [
						0,
						15,
						"(2.25*math.sin(q.anim_time*90*2)*0.4-2.25*math.sin(q.anim_time*90*2-30)*0.4+2.25*math.sin(q.anim_time*90*2-60)*0.4-2.25*math.sin(q.anim_time*90*2-90)*0.4)*5"
					],
					"position": [
						"(2.25*math.sin(q.anim_time*90*2)*0.4-2.25*math.sin(q.anim_time*90*2-30)*0.4+2.25*math.sin(q.anim_time*90*2-60)*0.4-2.25*math.sin(q.anim_time*90*2-90)*0.4)*0.4",
						"(2.25*math.sin(q.anim_time*90*2)*0.4-2.25*math.sin(q.anim_time*90*2-30)*0.4+2.25*math.sin(q.anim_time*90*2-60)*0.4-2.25*math.sin(q.anim_time*90*2-90)*0.4)*1",
						0
					]
				},
				"leg_right2": {
					"rotation": [
						0,
						0,
						"(2.25*math.sin(q.anim_time*90*2)*0.4-2.25*math.sin(q.anim_time*90*2-30)*0.4+2.25*math.sin(q.anim_time*90*2-60)*0.4-2.25*math.sin(q.anim_time*90*2-90)*0.4)*-5"
					],
					"position": [
						0,
						"((2.25*math.sin(q.anim_time*90*2)*0.4-2.25*math.sin(q.anim_time*90*2-30)*0.4+2.25*math.sin(q.anim_time*90*2-60)*0.4-2.25*math.sin(q.anim_time*90*2-90)*0.4)*-0.2+(2.25*math.sin(q.anim_time*90*2)*0.4-2.25*math.sin(q.anim_time*90*2-30)*0.4+2.25*math.sin(q.anim_time*90*2-60)*0.4-2.25*math.sin(q.anim_time*90*2-90)*0.4)*1)*-1",
						0
					]
				},
				"leg_left": {
					"rotation": [
						0,
						-15,
						"(2.25*math.sin(q.anim_time*90*2)*0.4-2.25*math.sin(q.anim_time*90*2-30)*0.4+2.25*math.sin(q.anim_time*90*2-60)*0.4-2.25*math.sin(q.anim_time*90*2-90)*0.4)*5"
					],
					"position": [
						"(2.25*math.sin(q.anim_time*90*2)*0.4-2.25*math.sin(q.anim_time*90*2-30)*0.4+2.25*math.sin(q.anim_time*90*2-60)*0.4-2.25*math.sin(q.anim_time*90*2-90)*0.4)*0.4",
						"(2.25*math.sin(q.anim_time*90*2)*0.4-2.25*math.sin(q.anim_time*90*2-30)*0.4+2.25*math.sin(q.anim_time*90*2-60)*0.4-2.25*math.sin(q.anim_time*90*2-90)*0.4)*-1",
						0
					]
				},
				"leg_left2": {
					"rotation": [
						0,
						0,
						"(2.25*math.sin(q.anim_time*90*2)*0.4-2.25*math.sin(q.anim_time*90*2-30)*0.4+2.25*math.sin(q.anim_time*90*2-60)*0.4-2.25*math.sin(q.anim_time*90*2-90)*0.4)*-5"
					],
					"position": [
						0,
						"(2.25*math.sin(q.anim_time*90*2)*0.4-2.25*math.sin(q.anim_time*90*2-30)*0.4+2.25*math.sin(q.anim_time*90*2-60)*0.4-2.25*math.sin(q.anim_time*90*2-90)*0.4)*-0.2+(2.25*math.sin(q.anim_time*90*2)*0.4-2.25*math.sin(q.anim_time*90*2-30)*0.4+2.25*math.sin(q.anim_time*90*2-60)*0.4-2.25*math.sin(q.anim_time*90*2-90)*0.4)*1",
						0
					]
				}
			}
		},
		"animation.gengar.ground_walk": {
			"loop": true,
			"bones": {
				"arm_left": {
					"rotation": [
						50,
						"(5-4*math.sin(q.anim_time*90*3-0)+math.clamp(3*math.sin(q.anim_time*90*2-0)*1,0,3))*-1-20",
						"(5-4*math.sin(q.anim_time*90*3-0)+math.clamp(3*math.sin(q.anim_time*90*2-0)*1,0,3))*1+30"
					]
				},
				"arm_left2": {
					"rotation": [0, "(5-4*math.sin(q.anim_time*90*3+30)+math.clamp(3*math.sin(q.anim_time*90*2+30)*1,0,3))*-2+22", 0]
				},
				"leg_left": {
					"rotation": ["(5-4*math.sin(q.anim_time*90*3-0)+math.clamp(3*math.sin(q.anim_time*90*2-0)*1,0,3))*2", -15, 0]
				},
				"leg_left2": {
					"rotation": [15, 0, 0]
				},
				"torso": {
					"rotation": ["5-4*math.sin(q.anim_time*90*3-30)+math.clamp(3*math.sin(q.anim_time*90*2-30)*1,0,3)", 0, "(0.2*math.sin(q.anim_time*90*15))*0.5"]
				},
				"arm_right": {
					"rotation": [
						50,
						"-((5-4*math.sin(q.anim_time*90*3-0)+math.clamp(3*math.sin(q.anim_time*90*2-0)*1,0,3))*-1-20)",
						"-((5-4*math.sin(q.anim_time*90*3-0)+math.clamp(3*math.sin(q.anim_time*90*2-0)*1,0,3))*1+30)"
					]
				},
				"arm_right2": {
					"rotation": [0, "-((5-4*math.sin(q.anim_time*90*3+30)+math.clamp(3*math.sin(q.anim_time*90*2+30)*1,0,3))*-2+22)", 0]
				},
				"tail": {
					"rotation": [
						"-17.5+(2.25*math.sin(q.anim_time*90*2)*0.4-2.25*math.sin(q.anim_time*90*2-30)*0.4-2.25*math.sin(q.anim_time*90*2-60)*0.4+2.25*math.sin(q.anim_time*90*2-90)*0.4)*5",
						0,
						"0+(2.25*math.sin(q.anim_time*90*2)*0.4-2.25*math.sin(q.anim_time*90*2-30)*0.4+2.25*math.sin(q.anim_time*90*2-60)*0.4-2.25*math.sin(q.anim_time*90*2-90)*0.4)*5"
					]
				},
				"tail2": {
					"rotation": [
						"(2.25*math.sin(q.anim_time*90*2)*0.4-2.25*math.sin(q.anim_time*90*2-30)*0.4-2.25*math.sin(q.anim_time*90*2-60)*0.4+2.25*math.sin(q.anim_time*90*2-90)*0.4)*10",
						0,
						"(2.25*math.sin(q.anim_time*90*2)*0.4-2.25*math.sin(q.anim_time*90*2-30)*0.4+2.25*math.sin(q.anim_time*90*2-60)*0.4-2.25*math.sin(q.anim_time*90*2-90)*0.4)*5"
					]
				},
				"tail3": {
					"rotation": ["(0.2*math.sin(q.anim_time*90*15))*7.5", 0, 0]
				},
				"leg_right": {
					"rotation": ["(5-4*math.sin(q.anim_time*90*3-0)+math.clamp(3*math.sin(q.anim_time*90*2-0)*1,0,3))*2", 15, 0]
				},
				"leg_right2": {
					"rotation": [15, 0, 0]
				},
				"corps": {
					"position": [
						"0.5*math.sin(q.anim_time*90*3/2)-0.5*math.sin(q.anim_time*90*3/2-60)",
						"2+1*math.sin(q.anim_time*90*3)*0.4-1*math.sin(q.anim_time*90*3-30)*0.4-1*math.sin(q.anim_time*90*3-60)*0.4+1*math.sin(q.anim_time*90*3-90)*0.4",
						"1.25*math.sin(q.anim_time*90*3)*0.4-1.*math.sin(q.anim_time*90*3-30)*0.4+1*math.sin(q.anim_time*90*3-60)*0.4-1.25*math.sin(q.anim_time*90*3-90)*0.4"
					]
				},
				"body": {
					"rotation": [0, 0, 0]
				}
			}
		},
		"animation.gengar.air_idle": {
			"loop": true,
			"bones": {
				"arm_left": {
					"rotation": [
						45,
						0,
						"20*math.sin(q.anim_time*90*2)*0.4-2.25*math.sin(q.anim_time*90*2-30)*0.4-2.25*math.sin(q.anim_time*90*2-60)*0.4+2.25*math.sin(q.anim_time*90*2-90)*0.4+30"
					]
				},
				"arm_left2": {
					"rotation": [0, 15, 0]
				},
				"tail": {
					"rotation": [
						"-20+(2.25*math.sin(q.anim_time*90*2)*0.4-2.25*math.sin(q.anim_time*90*2-30)*0.4-2.25*math.sin(q.anim_time*90*2-60)*0.4+2.25*math.sin(q.anim_time*90*2-90)*0.4)*5",
						0,
						"(2.25*math.sin(q.anim_time*90*2)*0.4-2.25*math.sin(q.anim_time*90*2-30)*0.4+2.25*math.sin(q.anim_time*90*2-60)*0.4-2.25*math.sin(q.anim_time*90*2-90)*0.4)*5"
					]
				},
				"tail2": {
					"rotation": [
						"7.5+(2.25*math.sin(q.anim_time*90*2)*0.4-2.25*math.sin(q.anim_time*90*2-30)*0.4-2.25*math.sin(q.anim_time*90*2-60)*0.4+2.25*math.sin(q.anim_time*90*2-90)*0.4)*10",
						0,
						"0+(2.25*math.sin(q.anim_time*90*2)*0.4-2.25*math.sin(q.anim_time*90*2-30)*0.4+2.25*math.sin(q.anim_time*90*2-60)*0.4-2.25*math.sin(q.anim_time*90*2-90)*0.4)*5"
					]
				},
				"torso": {
					"rotation": [
						0,
						0,
						"(2.25*math.sin(q.anim_time*90*2)*0.4-2.25*math.sin(q.anim_time*90*2-30)*0.4+2.25*math.sin(q.anim_time*90*2-60)*0.4-2.25*math.sin(q.anim_time*90*2-90)*0.4)*2.5"
					],
					"position": [
						"(2.25*math.sin(q.anim_time*90*2)*0.4-2.25*math.sin(q.anim_time*90*2-30)*0.4+2.25*math.sin(q.anim_time*90*2-60)*0.4-2.25*math.sin(q.anim_time*90*2-90)*0.4)*-0.75",
						"(2.25*math.sin(q.anim_time*180*2)*0.4-2.25*math.sin(q.anim_time*180*2-30)*0.4-2.25*math.sin(q.anim_time*180*2-60)*0.4+2.25*math.sin(q.anim_time*180*2-90))*-0.2",
						0
					]
				},
				"spike_left": {
					"rotation": [0, 0, 0]
				},
				"arm_right": {
					"rotation": [
						45,
						0,
						"20*math.sin(q.anim_time*90*2)*0.4-2.25*math.sin(q.anim_time*90*2-30)*0.4-2.25*math.sin(q.anim_time*90*2-60)*0.4+2.25*math.sin(q.anim_time*90*2-90)*0.4-30"
					]
				},
				"arm_right2": {
					"rotation": [0, -15, 0]
				},
				"tail3": {
					"rotation": ["(0.2*math.sin(q.anim_time*90*15))*2.5", 0, 0]
				},
				"leg_right": {
					"rotation": [
						0,
						15,
						"(2.25*math.sin(q.anim_time*90*2)*0.4-2.25*math.sin(q.anim_time*90*2-30)*0.4+2.25*math.sin(q.anim_time*90*2-60)*0.4-2.25*math.sin(q.anim_time*90*2-120)*0.4)*7.5"
					],
					"position": [
						"(2.25*math.sin(q.anim_time*90*2)*0.4-2.25*math.sin(q.anim_time*90*2-30)*0.4+2.25*math.sin(q.anim_time*90*2-60)*0.4-2.25*math.sin(q.anim_time*90*2-90)*0.4)*-0.75",
						"(2.25*math.sin(q.anim_time*90*2)*0.4-2.25*math.sin(q.anim_time*90*2-30)*0.4+2.25*math.sin(q.anim_time*90*2-60)*0.4-2.25*math.sin(q.anim_time*90*2-90)*0.4)*1",
						0
					]
				},
				"leg_right2": {
					"rotation": [
						"(2.25*math.sin(q.anim_time*90*2)*0.4-2.25*math.sin(q.anim_time*90*2-30)*0.4+2.25*math.sin(q.anim_time*90*2-60)*0.4-2.25*math.sin(q.anim_time*90*2-120)*0.4)*-5+5",
						0,
						0
					]
				},
				"leg_left": {
					"rotation": [
						0,
						-15,
						"(2.25*math.sin(q.anim_time*90*2)*0.4-2.25*math.sin(q.anim_time*90*2-30)*0.4+2.25*math.sin(q.anim_time*90*2-60)*0.4-2.25*math.sin(q.anim_time*90*2-120)*0.4)*7.5"
					],
					"position": [
						"(2.25*math.sin(q.anim_time*90*2)*0.4-2.25*math.sin(q.anim_time*90*2-30)*0.4+2.25*math.sin(q.anim_time*90*2-60)*0.4-2.25*math.sin(q.anim_time*90*2-90)*0.4)*-0.75",
						"(2.25*math.sin(q.anim_time*90*2)*0.4-2.25*math.sin(q.anim_time*90*2-30)*0.4+2.25*math.sin(q.anim_time*90*2-60)*0.4-2.25*math.sin(q.anim_time*90*2-90)*0.4)*-1",
						0
					]
				},
				"leg_left2": {
					"rotation": [
						"(2.25*math.sin(q.anim_time*90*2)*0.4-2.25*math.sin(q.anim_time*90*2-30)*0.4+2.25*math.sin(q.anim_time*90*2-60)*0.4-2.25*math.sin(q.anim_time*90*2-120)*0.4)*5+5",
						0,
						0
					]
				}
			}
		},
		"animation.gengar.blink": {
			"animation_length": 0.1667,
			"bones": {
				"eye_right": {
					"position": {
						"0.0": [0, 0, 0.1],
						"0.125": [0, 0, 0],
						"0.1667": [0, 0, 0]
					}
				},
				"eye_left": {
					"position": {
						"0.0": [0, 0, 0.1],
						"0.125": [0, 0, 0],
						"0.1667": [0, 0, 0]
					}
				}
			}
		},
		"animation.gengar.sleep": {
			"loop": true,
			"bones": {
				"corps": {
					"position": [0, -5, 0]
				},
				"torso": {
					"rotation": ["-7.5+Math.cos((query.anim_time - 0.2) * 90) * 2", 0, -10]
				},
				"eye_right": {
					"position": [0, 0, 1]
				},
				"eye_left": {
					"position": [0, 0, 1]
				},
				"mouth_2": {
					"position": [0, "Math.cos((query.anim_time - 0.2) * 90) * 0.5-0.5", 0]
				},
				"mouth_3": {
					"position": [0, "Math.cos((query.anim_time - 0.2) * 90) * 0.5-2", 0]
				},
				"teeth": {
					"position": [0, 0, 0]
				},
				"arm_right": {
					"rotation": [13.70245, "-44.75+Math.cos((query.anim_time - 0.2) * 90) * 2", -73.79582]
				},
				"arm_right2": {
					"rotation": [0, -22.5, 0]
				},
				"arm_left": {
					"rotation": [13.70245, "44.75+Math.cos((query.anim_time - 0.2) * 90) * 2", 73.79582]
				},
				"arm_left2": {
					"rotation": [0, 15, 0]
				},
				"tail": {
					"rotation": ["2.5476+Math.cos((query.anim_time - 0.2) * 90) * 2-(-7.5+Math.cos((query.anim_time - 0.2) * 90) * 2)", 0.72953, 7.46464]
				},
				"tail2": {
					"rotation": [
						"(2.25*math.sin(q.anim_time*90*2)*0.4-2.25*math.sin(q.anim_time*90*2-30)*0.4-2.25*math.sin(q.anim_time*90*2-60)*0.4+2.25*math.sin(q.anim_time*90*2-90)*0.4)*10",
						0,
						"(2.25*math.sin(q.anim_time*90*2)*0.4-2.25*math.sin(q.anim_time*90*2-30)*0.4+2.25*math.sin(q.anim_time*90*2-60)*0.4-2.25*math.sin(q.anim_time*90*2-90)*0.4)*5"
					]
				},
				"tail3": {
					"rotation": ["(0.2*math.sin(q.anim_time*45*15))*7.5", 0, 0]
				},
				"leg_right": {
					"rotation": [-84.36696, "27.3866+Math.cos((query.anim_time - 0.2) * 90-30) * 1", "2.5978+Math.cos((query.anim_time - 0.2) * 90-30) * 1"],
					"position": [0.5, -1, -4]
				},
				"leg_left": {
					"rotation": [-81.73489, "-24.7716-Math.cos((query.anim_time - 0.2) * 90-30) * 1", "-3.483-Math.cos((query.anim_time - 0.2) * 90-30) * 1"],
					"position": [-0.8, -0.3, -4]
				}
			}
		},
		"animation.gengar.cry": {
			"animation_length": 1.25,
			"bones": {
				"mouth_2": {
					"position": {
						"0.0": [0, 0, 0],
						"0.0417": [0, 0, 0],
						"0.125": [0, -3, 0],
						"1.0417": [0, -3, 0],
						"1.1667": [0, 0, 0]
					}
				},
				"teeth": {
					"position": {
						"0.0": [0, 0, 0],
						"0.0417": [0, 0, 0],
						"0.125": [0, -1, 0],
						"1.0417": [0, -1, 0],
						"1.1667": [0, 0, 0]
					}
				},
				"mouth_3": {
					"position": {
						"0.0": [0, 0, 0],
						"0.0417": [0, 0, 0],
						"0.0833": [0, -2.5, 0],
						"0.125": [0, -3, 0],
						"1.0417": [0, -3, 0],
						"1.1667": [0, 0, 0]
					}
				},
				"torso": {
					"rotation": {
						"0.0": {
							"post": [0, 0, 0],
							"lerp_mode": "catmullrom"
						},
						"0.0417": {
							"post": [10, 0, 0],
							"lerp_mode": "catmullrom"
						},
						"0.2083": {
							"post": [-2.5, 0, 0],
							"lerp_mode": "catmullrom"
						},
						"0.625": {
							"post": [-5, 0, 0],
							"lerp_mode": "catmullrom"
						},
						"1.25": [0, 0, 0]
					}
				},
				"arm_right": {
					"rotation": {
						"0.0": {
							"post": [0, 0, 0],
							"lerp_mode": "catmullrom"
						},
						"0.0417": {
							"post": [0, -40, -20],
							"lerp_mode": "catmullrom"
						},
						"0.2083": {
							"post": [0, 15, 20],
							"lerp_mode": "catmullrom"
						},
						"0.625": {
							"post": [0, 17.5, 22.5],
							"lerp_mode": "catmullrom"
						},
						"1.25": [0, 0, 0]
					}
				},
				"arm_left": {
					"rotation": {
						"0.0": {
							"post": [0, 0, 0],
							"lerp_mode": "catmullrom"
						},
						"0.0417": {
							"post": [0, 40, 20],
							"lerp_mode": "catmullrom"
						},
						"0.2083": {
							"post": [0, -15, -20],
							"lerp_mode": "catmullrom"
						},
						"0.625": {
							"post": [0, -17.5, -22.5],
							"lerp_mode": "catmullrom"
						},
						"1.25": [0, 0, 0]
					}
				}
			},
			"sound_effects": {
				"0.0": {
					"effect": "pokemon.gengar.cry"
				}
			}
		},
		"animation.gengar.laugh_quirk": {
			"animation_length": 1.4,
			"bones": {
				"mouth_2": {
					"scale": 0.5
				},
				"teeth": {
					"position": {
						"0.0": [0, -1, 0],
						"0.16": [0, 0.4, 0],
						"0.2": {
							"pre": [0, 0.4, 0],
							"post": [0, "0.5*math.sin(q.anim_time*90*15)", 0]
						},
						"1.04": {
							"pre": [0, "0.5*math.sin(q.anim_time*90*15)", 0],
							"post": [0, -1, 0]
						}
					},
					"scale": 2
				},
				"torso": {
					"rotation": {
						"0.0": {
							"post": [0, 0, 0],
							"lerp_mode": "catmullrom"
						},
						"0.08": {
							"post": [-2.5, 0, 0],
							"lerp_mode": "catmullrom"
						},
						"0.16": [6.74, 0, 0],
						"0.2": {
							"pre": [6.74, 0, 0],
							"post": ["7.5+(0.2*math.sin(q.anim_time*90*15))*2.5", 0, 0]
						},
						"1.04": {
							"pre": ["7.5+(0.2*math.sin(q.anim_time*90*15))*2.5", 0, 0],
							"post": [6.74, 0, 0]
						},
						"1.24": [0, 0, 0]
					}
				},
				"eye_right": {
					"position": {
						"0.0": [0, 0, 0],
						"0.12": [0, 0, 0],
						"0.24": [0, 0, 1],
						"1.24": [0, 0, 0]
					}
				},
				"eye_left": {
					"position": {
						"0.0": [0, 0, 0],
						"0.12": [0, 0, 0],
						"0.24": [0, 0, 1],
						"1.24": [0, 0, 0]
					}
				},
				"arm_right": {
					"rotation": {
						"0.0": {
							"post": [0, 0, 0],
							"lerp_mode": "catmullrom"
						},
						"0.16": {
							"post": [-11.50505, -56.94931, -50.12833],
							"lerp_mode": "catmullrom"
						},
						"1.12": {
							"post": [-24.23982, -57.35435, -40.93494],
							"lerp_mode": "catmullrom"
						},
						"1.4": [0, 0, 0]
					},
					"position": {
						"0.0": {
							"post": [0, 0, 0],
							"lerp_mode": "catmullrom"
						},
						"0.16": {
							"post": [0, -1, -4],
							"lerp_mode": "catmullrom"
						},
						"1.12": {
							"post": [0, -1, -4],
							"lerp_mode": "catmullrom"
						},
						"1.2": [0, 0, 0],
						"1.4": [0, 0, 0]
					}
				},
				"arm_right2": {
					"rotation": {
						"0.08": {
							"pre": [0, 0, 0],
							"post": [0, 0, 0],
							"lerp_mode": "catmullrom"
						},
						"0.16": {
							"post": [0, -27.5, 0],
							"lerp_mode": "catmullrom"
						},
						"1.12": {
							"post": [0, -30, 0],
							"lerp_mode": "catmullrom"
						},
						"1.4": [0, 0, 0]
					}
				}
			}
		}
	}
}