{
	"format_version": "1.8.0",
	"animations": {
		"animation.articuno.ground_idle": {
			"loop": true,
			"bones": {
				"head": {
					"rotation": [42.5, 0, 0],
					"position": [0, 2.07955, -0.32188]
				},
				"torso": {
					"rotation": ["-37.5-math.cos((query.anim_time - 0.5) * 90) * 2", "0-math.cos((query.anim_time - 0.2) * 90) * 2", 0],
					"position": [0, -1.70121, 0.25778]
				},
				"fire": {
					"rotation": [45, 0, 0]
				},
				"wing_open_right": {
					"scale": 0
				},
				"leg_right": {
					"rotation": [0, 15, 0],
					"position": [0, -1.1, 0]
				},
				"leg_right2": {
					"rotation": [7.5, 0, 0]
				},
				"leg_right3": {
					"rotation": [0, 0, 0]
				},
				"leg_right4": {
					"rotation": [-25, 0, 0]
				},
				"foot_right": {
					"rotation": [17.5, 0, 0]
				},
				"wing_closed_left": {
					"rotation": ["90-math.cos((query.anim_time - 0.7) * 90) * 2", "15-math.cos((query.anim_time - 0.5) * 90) * 2", 90],
					"position": [-0.01528, -1.72, -5.6237]
				},
				"wing_closed_left2": {
					"rotation": [0, -15, 0],
					"position": [0.51764, 0, -1.93185]
				},
				"wing_closed_left3": {
					"rotation": [42.5, 0, 0]
				},
				"wing_closed_left4": {
					"rotation": [17.5, 0, 0]
				},
				"toe_inner_right3": {
					"rotation": [0, -25, 0]
				},
				"toe_inner_right2": {
					"rotation": [0, 25, 0]
				},
				"leg_left": {
					"rotation": [0, -15, 0],
					"position": [0, -1.1, 0]
				},
				"leg_left2": {
					"rotation": [7.5, 0, 0]
				},
				"leg_left3": {
					"rotation": [0, 0, 0]
				},
				"leg_left4": {
					"rotation": [-25, 0, 0]
				},
				"foot_left": {
					"rotation": [17.5, 0, 0]
				},
				"toe_inner_left3": {
					"rotation": [0, 25, 0]
				},
				"toe_inner_left2": {
					"rotation": [0, -25, 0]
				},
				"wing_open_left": {
					"scale": "0"
				},
				"wing_closed_right": {
					"rotation": ["90-math.cos((query.anim_time - 0.5) * 90) * 2", "-15+math.cos((query.anim_time - 0.5) * 90) * 2", -90],
					"position": [0.01528, -1.72, -5.6237]
				},
				"wing_closed_right2": {
					"rotation": [0, 15, 0],
					"position": [-0.51764, 0, -1.93185]
				},
				"wing_closed_right3": {
					"rotation": [42.5, 0, 0]
				},
				"wing_closed_right4": {
					"rotation": [17.5, 0, 0]
				},
				"body": {
					"rotation": [0, 0, 0]
				},
				"neck": {
					"rotation": ["0-math.cos((query.anim_time - 0.7) * 90) * 2", "0+math.cos((query.anim_time - 0.5) * 90) * 2", 0]
				}
			}
		},
		"animation.articuno.ground_walk": {
			"loop": true,
			"bones": {
				"fire_left": {
					"rotation": ["2.5+math.sin(q.anim_time*90*6-25+180)*2", "math.sin(q.anim_time*90*3-20+180)*0.75", 0]
				},
				"fire_left2": {
					"rotation": ["2.5+math.sin(q.anim_time*90*6-50+180)*3", "math.sin(q.anim_time*90*3-40+180)*1", 0]
				},
				"fire_right": {
					"rotation": ["2.5+math.sin(q.anim_time*90*6-25+180)*2", "math.sin(q.anim_time*90*3-20+180)*0.75", 0]
				},
				"fire_right2": {
					"rotation": ["2.5+math.sin(q.anim_time*90*6-50+180)*3", "math.sin(q.anim_time*90*3-40+180)*1", 0]
				},
				"hair": {
					"rotation": ["0+math.sin(q.anim_time*90*6-95+180)*3", 0, 0]
				},
				"hair_left": {
					"rotation": ["0+math.sin(q.anim_time*90*6-90+180)*4", 0, 0]
				},
				"hair_right": {
					"rotation": ["0+math.sin(q.anim_time*90*6-90+180)*4", 0, 0]
				},
				"hair_left2": {
					"rotation": ["0+math.sin(q.anim_time*90*6-85+180)*3", 0, 0]
				},
				"hair_right2": {
					"rotation": ["0+math.sin(q.anim_time*90*6-85+180)*3", 0, 0]
				},
				"wing_left2": {
					"rotation": [0, -107.5, 0],
					"position": [0, -0.01, 0]
				},
				"wing_left3": {
					"rotation": [0, -62.5, 0],
					"position": [-1, -0.01, -2]
				},
				"wing_right3": {
					"rotation": [0, 62.5, 0],
					"position": [1, -0.01, -1]
				},
				"claw_middle_left": {
					"rotation": ["0+math.clamp(math.sin(query.anim_time*90*3*-1-330)*15,-0,12.5)", 0, 0]
				},
				"claw_back_left": {
					"rotation": ["0+math.clamp(math.sin(query.anim_time*90*3*-1-330)*15,-12.5,0)", 0, 0]
				},
				"claw_outer_left": {
					"rotation": ["0+math.clamp(math.sin(query.anim_time*90*3*-1-330)*15,-0,12.5)", 0, 0]
				},
				"claw_inner_left": {
					"rotation": ["0+math.clamp(math.sin(query.anim_time*90*3*-1-330)*15,-0,12.5)", 0, 0]
				},
				"claw_middle_right": {
					"rotation": ["0+math.clamp(math.sin(query.anim_time*90*3*-1-330+180)*15,-0,12.5)", 0, 0]
				},
				"claw_back_right": {
					"rotation": ["0+math.clamp(math.sin(query.anim_time*90*3*-1-330+180)*15,-12.5,0)", 0, 0]
				},
				"claw_inner_right": {
					"rotation": ["0+math.clamp(math.sin(query.anim_time*90*3*-1-330+180)*15,-0,12.5)", 0, 0]
				},
				"claw_outer_right": {
					"rotation": ["0+math.clamp(math.sin(query.anim_time*90*3*-1-330+180)*15,-0,12.5)", 0, 0]
				},
				"toe_right_middle": {
					"rotation": [
						"0+math.clamp(math.sin(query.anim_time*90*3*-1-300+180)*29.5,-27,0)+math.clamp(math.sin(query.anim_time*90*3*-1-300+180)*30,-0,27.5)",
						0,
						0
					]
				},
				"toe_right_inner": {
					"rotation": [
						"-1.3208+math.clamp(math.sin(query.anim_time*90*3*-1-300+180)*29.5,-27,0)+math.clamp(math.sin(query.anim_time*90*3*-1-300+180)*30,-0,27.5)",
						-2.79056,
						4.67594
					]
				},
				"toe_right_outer": {
					"rotation": [
						"-1.3208+math.clamp(math.sin(query.anim_time*90*3*-1-300+180)*29.5,-27,0)+math.clamp(math.sin(query.anim_time*90*3*-1-300+180)*30,-0,27.5)",
						2.79056,
						-4.67594
					]
				},
				"toe_right_back": {
					"rotation": ["math.clamp(math.sin(query.anim_time*90*3*-1-300+180)*27.5,-0,25)+math.clamp(math.sin(query.anim_time*90*3*-1-300+180)*22.5,-20,0)", 0, 0]
				},
				"toe_left_middle": {
					"rotation": ["0+math.clamp(math.sin(query.anim_time*90*3*-1-300)*29.5,-27,0)+math.clamp(math.sin(query.anim_time*90*3*-1-300)*30,-0,27.5)", 0, 0]
				},
				"toe_left_inner": {
					"rotation": ["-1.5203+math.clamp(math.sin(query.anim_time*90*3*-1-300)*29.5,-27,0)+math.clamp(math.sin(query.anim_time*90*3*-1-300)*30,-0,27.5)", 7.13182, -4.77156]
				},
				"toe_left_outer": {
					"rotation": ["-1.5203+math.clamp(math.sin(query.anim_time*90*3*-1-300)*29.5,-27,0)+math.clamp(math.sin(query.anim_time*90*3*-1-300)*30,-0,27.5)", -7.13182, 4.77156]
				},
				"toe_left_back": {
					"rotation": ["0+math.clamp(math.sin(query.anim_time*90*3*-1-300)*27.5,-0,25)+math.clamp(math.sin(query.anim_time*90*3*-1-300)*22.5,-20,0)", 0, 0]
				},
				"body": {
					"position": [0, "0+math.clamp(math.sin(query.anim_time*90*6*-1-30)*1,-0,1)+math.clamp(math.sin(query.anim_time*90*6*-1-30)*1,-0.9,0)", 0]
				},
				"torso": {
					"rotation": ["-37.5+math.sin(q.anim_time*90*6+0+180)*2", "math.sin(q.anim_time*90*3-60+180)*2.5", "math.sin(q.anim_time*90*3+0)*2.5"]
				},
				"fire": {
					"rotation": [47.5, 0, 0]
				},
				"fire2": {
					"rotation": ["-12.5+Math.cos((query.anim_time - 0.5) * 90) * 2", -37.5, 0]
				},
				"fire3": {
					"rotation": ["-5.4937+Math.cos((query.anim_time - 0.8) * 90) * 2", -24.91806, 1.88358]
				},
				"fire4": {
					"rotation": ["23.9046+Math.cos((query.anim_time - 1.1) * 90) * 2", -38.75807, -7.57883]
				},
				"fire6": {
					"rotation": ["35+Math.cos((query.anim_time - 1.4) * 90) * 2", -17.5, 0]
				},
				"fire7": {
					"rotation": ["10+Math.cos((query.anim_time - 1.7) * 90) * 2", 0, 0]
				},
				"fire8": {
					"rotation": ["-30+Math.cos((query.anim_time - 2) * 90) * 2", 0, 0],
					"position": [0, 0, 0]
				},
				"fire9": {
					"rotation": ["-17.5+Math.cos((query.anim_time - 2.3) * 90) * 2", 0, 0],
					"position": [0.2, 0, 0]
				},
				"wing_open_left": {
					"scale": 0
				},
				"wing_open_right": {
					"scale": 0
				},
				"head": {
					"rotation": [42.5, 0, 0],
					"position": [0, 2.07955, -0.32188]
				},
				"leg_right": {
					"rotation": [
						"0+math.clamp(math.sin(query.anim_time*90*3*-1-50+180)*17.5,-17.5,0)+math.clamp(math.sin(query.anim_time*90*3*-1-50+180)*22.5,-0,20)",
						0,
						0
					],
					"position": [0, "-1+math.clamp(math.sin(query.anim_time*90*3*-1-60+180)*1,0.3,1)", "1-math.sin(q.anim_time*90*3-80)*2"]
				},
				"foot_right": {
					"rotation": [
						"-7.5+math.clamp(math.sin(query.anim_time*90*3*-1-175+180)*7.5,-7.5,0)+math.clamp(math.sin(query.anim_time*90*3*-1-175+180)*22.5,-0,20)",
						0,
						0
					]
				},
				"toe_middle_right": {
					"rotation": [
						"0+math.clamp(math.sin(query.anim_time*90*3*-1-300+180)*29.5,-27,0)+math.clamp(math.sin(query.anim_time*90*3*-1-300+180)*30,-0,27.5)",
						0,
						0
					]
				},
				"toe_back_right": {
					"rotation": [
						"0+math.clamp(math.sin(query.anim_time*90*3*-1-300+180)*27.5,-0,25)+math.clamp(math.sin(query.anim_time*90*3*-1-300+180)*22.5,-20,0)",
						0,
						0
					]
				},
				"toe_outer_right": {
					"rotation": [
						"-1.3208+math.clamp(math.sin(query.anim_time*90*3*-1-300+180)*29.5,-27,0)+math.clamp(math.sin(query.anim_time*90*3*-1-300+180)*30,-0,27.5)",
						2.79056,
						-4.67594
					]
				},
				"toe_inner_right": {
					"rotation": [
						"-1.3208+math.clamp(math.sin(query.anim_time*90*3*-1-300+180)*29.5,-27,0)+math.clamp(math.sin(query.anim_time*90*3*-1-300+180)*30,-0,27.5)",
						-2.79056,
						4.67594
					]
				},
				"leg_left": {
					"rotation": ["0+math.clamp(math.sin(query.anim_time*90*3*-1-50)*17.5,-17.5,0)+math.clamp(math.sin(query.anim_time*90*3*-1-50)*22.5,-0,20)", 0, 0],
					"position": [0, "0+math.clamp(math.sin(query.anim_time*90*3*-1-60)*1,0.3,1)", "1+math.sin(q.anim_time*90*3-80)*2"]
				},
				"foot_left": {
					"rotation": ["-7.5+math.clamp(math.sin(query.anim_time*90*3*-1-175)*7.5,-7.5,0)+math.clamp(math.sin(query.anim_time*90*3*-1-175)*22.5,-0,20)", 0, 0]
				},
				"toe_middle_left": {
					"rotation": ["0+math.clamp(math.sin(query.anim_time*90*3*-1-300)*29.5,-27,0)+math.clamp(math.sin(query.anim_time*90*3*-1-300)*30,-0,27.5)", 0, 0]
				},
				"toe_back_left": {
					"rotation": ["0+math.clamp(math.sin(query.anim_time*90*3*-1-300)*27.5,-0,25)+math.clamp(math.sin(query.anim_time*90*3*-1-300)*22.5,-20,0)", 0, 0]
				},
				"toe_outer_left": {
					"rotation": ["-1.5203+math.clamp(math.sin(query.anim_time*90*3*-1-300)*29.5,-27,0)+math.clamp(math.sin(query.anim_time*90*3*-1-300)*30,-0,27.5)", -7.13182, 4.77156]
				},
				"toe_inner_left": {
					"rotation": ["-1.5203+math.clamp(math.sin(query.anim_time*90*3*-1-300)*29.5,-27,0)+math.clamp(math.sin(query.anim_time*90*3*-1-300)*30,-0,27.5)", 7.13182, -4.77156]
				},
				"wing_closed_left": {
					"rotation": [90, 15, 90],
					"position": [-0.01528, -1.72, -5.6237]
				},
				"wing_closed_left2": {
					"rotation": [0, -15, 0],
					"position": [0.51764, 0, -1.93185]
				},
				"wing_closed_left3": {
					"rotation": [42.74529, -5.52235, -5.08269]
				},
				"wing_closed_left4": {
					"rotation": [18.07779, -14.2906, -4.60659]
				},
				"leg_right3": {
					"rotation": [
						"0+math.clamp(math.sin(query.anim_time*90*3*-1-150+180)*35.5,-32.5,0)+math.clamp(math.sin(query.anim_time*90*3*-1-150+180)*17.5,-0,15)",
						0,
						0
					]
				},
				"toe_inner_right3": {
					"rotation": [
						"-1.4706+math.clamp(math.sin(query.anim_time*90*3*-1-300+180)*27.5,-0,25)+math.clamp(math.sin(query.anim_time*90*3*-1-300+180)*22.5,-20,0)",
						-21.14722,
						7.86668
					],
					"position": [-0.19134, -0.15409, 0.43548]
				},
				"toe_inner_right6": {
					"rotation": [
						"0+math.clamp(math.sin(query.anim_time*90*3*-1-300+180)*27.5,-0,25)+math.clamp(math.sin(query.anim_time*90*3*-1-300+180)*22.5,-20,0)",
						0,
						0
					]
				},
				"toe_inner_right2": {
					"rotation": [
						"-1.1479+math.clamp(math.sin(query.anim_time*90*3*-1-300+180)*27.5,-0,25)+math.clamp(math.sin(query.anim_time*90*3*-1-300+180)*22.5,-20,0)",
						18.81002,
						-6.92235
					],
					"position": [0.17101, -0.15673, 0.44294]
				},
				"leg_left3": {
					"rotation": ["0+math.clamp(math.sin(query.anim_time*90*3*-1-150)*35.5,-32.5,0)+math.clamp(math.sin(query.anim_time*90*3*-1-150)*17.5,-0,15)", 0, 0]
				},
				"toe_inner_left3": {
					"rotation": ["1.3441+math.clamp(math.sin(query.anim_time*90*3*-1-300)*27.5,-0,25)+math.clamp(math.sin(query.anim_time*90*3*-1-300)*22.5,-20,0)", 18.23389, 8.3609]
				},
				"toe_inner_left6": {
					"rotation": ["0+math.clamp(math.sin(query.anim_time*90*3*-1-300)*27.5,-0,25)+math.clamp(math.sin(query.anim_time*90*3*-1-300)*22.5,-20,0)", 0, 0]
				},
				"toe_inner_left2": {
					"rotation": ["1.3441+math.clamp(math.sin(query.anim_time*90*3*-1-300)*27.5,-0,25)+math.clamp(math.sin(query.anim_time*90*3*-1-300)*22.5,-20,0)", -18.23389, -8.3609]
				},
				"wing_closed_right2": {
					"rotation": [0, 15, 0],
					"position": [-0.51764, 0, -1.93185]
				},
				"wing_closed_right": {
					"rotation": [90, -15, -90],
					"position": [0.01528, -1.72, -5.6237]
				},
				"wing_closed_right3": {
					"rotation": [42.74529, 5.52235, 5.08269]
				},
				"wing_closed_right4": {
					"rotation": [18.07779, 14.2906, 4.60659]
				}
			}
		},
		"animation.articuno.battle_idle": {
			"loop": true,
			"bones": {
				"head": {
					"rotation": ["42.5+math.cos((query.anim_time - 0.5) * 130) * 4", 0, 0],
					"position": [0, 2.07955, -0.32188]
				},
				"torso": {
					"rotation": ["-25-math.cos((query.anim_time - 0.5) * 130) * 4", "0-math.cos((query.anim_time - 0.2) * 90) * 2", 0],
					"position": [0, -0.90631, -0.42262]
				},
				"fire": {
					"rotation": [40, 0, 0]
				},
				"fire02": {
					"rotation": [-5, 0, 0]
				},
				"wing_open_right": {
					"rotation": [-29.14652, -7.47475, "12.5105-math.cos((query.anim_time - 0.7) * 130) * 4"],
					"position": [1.93592, -0.42956, 0.26018]
				},
				"leg_right": {
					"rotation": [0, 15, 0],
					"position": [0, -1.1, 0]
				},
				"leg_right2": {
					"rotation": [7.5, 0, 0]
				},
				"leg_right3": {
					"rotation": [0, 0, 0]
				},
				"leg_right4": {
					"rotation": [-25, 0, 0]
				},
				"foot_right": {
					"rotation": [17.5, 0, 0]
				},
				"wing_closed_left": {
					"rotation": [-18.9, -34.85, -3.49],
					"position": [-0.45555, -1.55685, -0.64168],
					"scale": 0
				},
				"wing_closed_left2": {
					"rotation": [0, -15, 0],
					"position": [0.51764, 0, -1.93185]
				},
				"wing_closed_left3": {
					"rotation": [42.5, 0, 0]
				},
				"wing_closed_left4": {
					"rotation": [17.5, 0, 0]
				},
				"toe_inner_right3": {
					"rotation": [0, -25, 0]
				},
				"toe_inner_right2": {
					"rotation": [0, 25, 0]
				},
				"leg_left": {
					"rotation": [0, -15, 0],
					"position": [0, -1.1, 0]
				},
				"leg_left2": {
					"rotation": [7.5, 0, 0]
				},
				"leg_left3": {
					"rotation": [0, 0, 0]
				},
				"leg_left4": {
					"rotation": [-25, 0, 0]
				},
				"foot_left": {
					"rotation": [17.5, 0, 0]
				},
				"toe_inner_left3": {
					"rotation": [0, 25, 0]
				},
				"toe_inner_left2": {
					"rotation": [0, -25, 0]
				},
				"wing_open_left": {
					"rotation": [-29.14652, 7.47475, "-12.5105+math.cos((query.anim_time - 0.7) * 130) * 4"],
					"position": [-1.93592, -0.42956, 0.26018]
				},
				"wing_closed_right": {
					"rotation": [-18.9, 34.85, 3.49],
					"position": [0.45555, -1.55685, -0.64168],
					"scale": 0
				},
				"wing_closed_right2": {
					"rotation": [0, 15, 0],
					"position": [-0.51764, 0, -1.93185]
				},
				"wing_closed_right3": {
					"rotation": [42.5, 0, 0]
				},
				"wing_closed_right4": {
					"rotation": [17.5, 0, 0]
				},
				"wing_open_right2": {
					"rotation": [1.59176, -32.46527, "-2.9635-math.cos((query.anim_time - 0.9) * 130) * 4"],
					"position": [1.76339, 0, 0.9173]
				},
				"wing_open_right3": {
					"rotation": [0.65426, -4.95712, "-7.5283-math.cos((query.anim_time - 1.1) * 130) * 4"],
					"position": [0.99619, 0, 0.08716]
				},
				"feather_right": {
					"rotation": [0, 0, 0]
				},
				"wing_open_left2": {
					"rotation": [1.59176, 32.46527, "2.9635+math.cos((query.anim_time - 0.9) * 130) * 4"],
					"position": [-3.44857, 0.08724, 1.99088]
				},
				"wing_open_left3": {
					"rotation": [0.65426, 4.95712, "7.5283+math.cos((query.anim_time - 1.1) * 130) * 4"],
					"position": [-0.99619, 0, 0.08716]
				},
				"feather_left": {
					"rotation": [0, 0, 0]
				},
				"chest": {
					"rotation": [-10, 0, 0]
				},
				"jaw": {
					"rotation": ["42.5+math.cos((query.anim_time - 0.5) * 130) * 4", 0, 0]
				},
				"neck": {
					"rotation": ["0-math.cos((query.anim_time - 0.5) * 130) * 4", "0+math.cos((query.anim_time - 0.2) * 90) * 2", 0]
				}
			}
		},
		"animation.articuno.air_idle": {
			"loop": true,
			"animation_length": 1.3333,
			"bones": {
				"fire_left": {
					"rotation": [8.0352, -0.67621, 4.9829]
				},
				"fire_right": {
					"rotation": [8.1839, 0.88782, -6.47533]
				},
				"fire_left2": {
					"rotation": [12.64619, -1.47498, 22.81474]
				},
				"fire_right2": {
					"rotation": [12.64619, 1.47498, -22.81474]
				},
				"hair4": {
					"rotation": ["-27.5+math.sin(q.anim_time*90*3)*5", 0, 0]
				},
				"hair2": {
					"rotation": ["math.sin(q.anim_time*90*3-90)*1", 0, 0]
				},
				"hair3": {
					"rotation": ["-2.5+math.sin(q.anim_time*90*3+60)*5", 0, 0]
				},
				"hair5": {
					"rotation": ["15+math.sin(q.anim_time*90*3-120)*20", 0, 0]
				},
				"hair6": {
					"rotation": ["math.sin(q.anim_time*90*3-210)*20", 0, 0]
				},
				"toe_outer_left": {
					"rotation": ["40+math.sin(q.anim_time*90*3-170)*5", 0, 0]
				},
				"wing_open_left": {
					"rotation": {
						"0.0": {
							"post": [-15, 5, 17],
							"lerp_mode": "catmullrom"
						},
						"0.125": {
							"post": [-14.05169, -4.62889, -27.79239],
							"lerp_mode": "catmullrom"
						},
						"0.3333": {
							"post": [-11.98514, -9.79709, -53.58204],
							"lerp_mode": "catmullrom"
						},
						"0.5": {
							"post": [-12.6067, -7.10863, -42.34742],
							"lerp_mode": "catmullrom"
						},
						"0.7917": {
							"post": [-9.31925, 5.38021, 49.62254],
							"lerp_mode": "catmullrom"
						},
						"1.0": {
							"post": [-7.79957, 7.8591, 65.10455],
							"lerp_mode": "catmullrom"
						},
						"1.2083": {
							"post": [-11.81925, 5.38021, 49.62254],
							"lerp_mode": "catmullrom"
						},
						"1.3333": {
							"post": [-15, 5, 17],
							"lerp_mode": "catmullrom"
						}
					},
					"position": {
						"0.0": {
							"post": [0, -0.5, 0],
							"lerp_mode": "catmullrom"
						},
						"0.3333": {
							"post": [0, 0, 0],
							"lerp_mode": "catmullrom"
						},
						"0.625": {
							"post": [0, -0.2, 0],
							"lerp_mode": "catmullrom"
						},
						"1.0": {
							"post": [0, -0.8, 0],
							"lerp_mode": "catmullrom"
						},
						"1.3333": {
							"post": [0, -0.5, 0],
							"lerp_mode": "catmullrom"
						}
					}
				},
				"wing_open_left2": {
					"rotation": {
						"0.0": {
							"post": [-7.56513, -3.37843, 44.83411],
							"lerp_mode": "catmullrom"
						},
						"0.3333": {
							"post": [0, 0, -18],
							"lerp_mode": "catmullrom"
						},
						"0.6667": {
							"post": [0, 5, -35.22],
							"lerp_mode": "catmullrom"
						},
						"1.0": {
							"post": [0, 0, 22],
							"lerp_mode": "catmullrom"
						},
						"1.3333": {
							"post": [-7.56513, -3.37843, 44.83411],
							"lerp_mode": "catmullrom"
						}
					}
				},
				"wing_open_left3": {
					"rotation": {
						"0.0": {
							"post": [0, -10, 32],
							"lerp_mode": "catmullrom"
						},
						"0.1667": {
							"post": [-0.45173, -7.48094, 42.82179],
							"lerp_mode": "catmullrom"
						},
						"0.375": {
							"post": [0, -5, -8.35],
							"lerp_mode": "catmullrom"
						},
						"0.625": {
							"post": [0, -2.5, -30.41],
							"lerp_mode": "catmullrom"
						},
						"0.9167": {
							"post": [0, 0, -30.4],
							"lerp_mode": "catmullrom"
						},
						"1.1667": {
							"post": [0, -5, 10.42],
							"lerp_mode": "catmullrom"
						},
						"1.3333": {
							"post": [0, -10, 32],
							"lerp_mode": "catmullrom"
						}
					}
				},
				"wing_open_left4": {
					"rotation": {
						"0.0": {
							"post": [0, 0, 27],
							"lerp_mode": "catmullrom"
						},
						"0.2083": {
							"post": [0, 0, 28.83],
							"lerp_mode": "catmullrom"
						},
						"0.375": {
							"post": [0, 0, 19.15],
							"lerp_mode": "catmullrom"
						},
						"0.625": {
							"post": [0, 0, -11.41],
							"lerp_mode": "catmullrom"
						},
						"0.9167": {
							"post": [0, 0, -21.9],
							"lerp_mode": "catmullrom"
						},
						"1.1667": {
							"post": [0, 0, -5.14],
							"lerp_mode": "catmullrom"
						},
						"1.3333": {
							"post": [0, 0, 27],
							"lerp_mode": "catmullrom"
						}
					}
				},
				"wing_open_right": {
					"rotation": {
						"0.0": {
							"post": [-15, -5, -17],
							"lerp_mode": "catmullrom"
						},
						"0.125": {
							"post": [-14.05169, 4.62889, 27.79239],
							"lerp_mode": "catmullrom"
						},
						"0.3333": {
							"post": [-11.98514, 9.79709, 53.58204],
							"lerp_mode": "catmullrom"
						},
						"0.5": {
							"post": [-12.6067, 7.10863, 42.34742],
							"lerp_mode": "catmullrom"
						},
						"0.7917": {
							"post": [-9.31925, -5.38021, -49.62254],
							"lerp_mode": "catmullrom"
						},
						"1.0": {
							"post": [-7.79957, -7.8591, -65.10455],
							"lerp_mode": "catmullrom"
						},
						"1.2083": {
							"post": [-11.81925, -5.38021, -49.62254],
							"lerp_mode": "catmullrom"
						},
						"1.3333": {
							"post": [-15, -5, -17],
							"lerp_mode": "catmullrom"
						}
					},
					"position": {
						"0.0": {
							"post": [0, -0.5, 0],
							"lerp_mode": "catmullrom"
						},
						"0.3333": {
							"post": [0, 0, 0],
							"lerp_mode": "catmullrom"
						},
						"0.625": {
							"post": [0, -0.2, 0],
							"lerp_mode": "catmullrom"
						},
						"1.0": {
							"post": [0, -0.8, 0],
							"lerp_mode": "catmullrom"
						},
						"1.3333": {
							"post": [0, -0.5, 0],
							"lerp_mode": "catmullrom"
						}
					}
				},
				"wing_open_right2": {
					"rotation": {
						"0.0": {
							"post": [-7.56513, 3.37843, -44.83411],
							"lerp_mode": "catmullrom"
						},
						"0.3333": {
							"post": [0, 0, 18],
							"lerp_mode": "catmullrom"
						},
						"0.6667": {
							"post": [0, -5, 35.22],
							"lerp_mode": "catmullrom"
						},
						"1.0": {
							"post": [0, 0, -22],
							"lerp_mode": "catmullrom"
						},
						"1.3333": {
							"post": [-7.56513, 3.37843, -44.83411],
							"lerp_mode": "catmullrom"
						}
					}
				},
				"wing_open_right3": {
					"rotation": {
						"0.0": {
							"post": [0, 10, -32],
							"lerp_mode": "catmullrom"
						},
						"0.1667": {
							"post": [-0.45173, 7.48094, -42.82179],
							"lerp_mode": "catmullrom"
						},
						"0.375": {
							"post": [0, 5, 8.35],
							"lerp_mode": "catmullrom"
						},
						"0.625": {
							"post": [0, 2.5, 30.41],
							"lerp_mode": "catmullrom"
						},
						"0.9167": {
							"post": [0, 0, 30.4],
							"lerp_mode": "catmullrom"
						},
						"1.1667": {
							"post": [0, 5, -10.42],
							"lerp_mode": "catmullrom"
						},
						"1.3333": {
							"post": [0, 10, -32],
							"lerp_mode": "catmullrom"
						}
					}
				},
				"wing_open_right4": {
					"rotation": {
						"0.0": {
							"post": [0, 0, -27],
							"lerp_mode": "catmullrom"
						},
						"0.2083": {
							"post": [0, 0, -28.83],
							"lerp_mode": "catmullrom"
						},
						"0.375": {
							"post": [0, 0, -19.15],
							"lerp_mode": "catmullrom"
						},
						"0.625": {
							"post": [0, 0, 11.41],
							"lerp_mode": "catmullrom"
						},
						"0.9167": {
							"post": [0, 0, 21.9],
							"lerp_mode": "catmullrom"
						},
						"1.1667": {
							"post": [0, 0, 5.14],
							"lerp_mode": "catmullrom"
						},
						"1.3333": {
							"post": [0, 0, -27],
							"lerp_mode": "catmullrom"
						}
					}
				},
				"body": {
					"rotation": ["-10+math.sin(q.anim_time*90*3-60)*-1", 0, 0],
					"position": [0, "1+math.sin(q.anim_time*90*3-30)*-2", "math.sin(q.anim_time*90*3-30)*-0.5"]
				},
				"torso": {
					"rotation": ["-27.5+math.sin(q.anim_time*90*3-90)*-3", 0, 0]
				},
				"fire": {
					"rotation": [50, 0, 0]
				},
				"neck": {
					"rotation": ["0+math.sin(q.anim_time*90*3-70)*-2", 0, 0]
				},
				"head": {
					"rotation": ["42.5+math.sin(q.anim_time*90*3-70)*5", 0, 0],
					"position": [0, 2.1613, -0.55742]
				},
				"feather_right3": {
					"rotation": {
						"0.0": {
							"post": [0, 0, -27],
							"lerp_mode": "catmullrom"
						},
						"0.2083": {
							"post": [0, 0, -28.83],
							"lerp_mode": "catmullrom"
						},
						"0.375": {
							"post": [0, 0, -19.15],
							"lerp_mode": "catmullrom"
						},
						"0.625": {
							"post": [0, 0, 11.41],
							"lerp_mode": "catmullrom"
						},
						"0.9167": {
							"post": [0, 0, 21.9],
							"lerp_mode": "catmullrom"
						},
						"1.1667": {
							"post": [0, 0, 5.14],
							"lerp_mode": "catmullrom"
						},
						"1.3333": {
							"post": [0, 0, -27],
							"lerp_mode": "catmullrom"
						}
					}
				},
				"feather_right2": {
					"rotation": {
						"0.0": {
							"post": [0, 0, -27],
							"lerp_mode": "catmullrom"
						},
						"0.2083": {
							"post": [0, 0, -28.83],
							"lerp_mode": "catmullrom"
						},
						"0.375": {
							"post": [0, 0, -19.15],
							"lerp_mode": "catmullrom"
						},
						"0.625": {
							"post": [0, 0, 11.41],
							"lerp_mode": "catmullrom"
						},
						"0.9167": {
							"post": [0, 0, 21.9],
							"lerp_mode": "catmullrom"
						},
						"1.1667": {
							"post": [0, 0, 5.14],
							"lerp_mode": "catmullrom"
						},
						"1.3333": {
							"post": [0, 0, -27],
							"lerp_mode": "catmullrom"
						}
					}
				},
				"feather_right": {
					"rotation": {
						"0.0": {
							"post": [0, 0, -27],
							"lerp_mode": "catmullrom"
						},
						"0.2083": {
							"post": [0, 0, -28.83],
							"lerp_mode": "catmullrom"
						},
						"0.375": {
							"post": [0, 0, -19.15],
							"lerp_mode": "catmullrom"
						},
						"0.625": {
							"post": [0, 0, 11.41],
							"lerp_mode": "catmullrom"
						},
						"0.9167": {
							"post": [0, 0, 21.9],
							"lerp_mode": "catmullrom"
						},
						"1.1667": {
							"post": [0, 0, 5.14],
							"lerp_mode": "catmullrom"
						},
						"1.3333": {
							"post": [0, 0, -27],
							"lerp_mode": "catmullrom"
						}
					}
				},
				"wing_closed_left": {
					"scale": 0
				},
				"feather_left3": {
					"rotation": {
						"0.0": {
							"post": [0, 0, 27],
							"lerp_mode": "catmullrom"
						},
						"0.2083": {
							"post": [0, 0, 28.83],
							"lerp_mode": "catmullrom"
						},
						"0.375": {
							"post": [0, 0, 19.15],
							"lerp_mode": "catmullrom"
						},
						"0.625": {
							"post": [0, 0, -11.41],
							"lerp_mode": "catmullrom"
						},
						"0.9167": {
							"post": [0, 0, -21.9],
							"lerp_mode": "catmullrom"
						},
						"1.1667": {
							"post": [0, 0, -5.14],
							"lerp_mode": "catmullrom"
						},
						"1.3333": {
							"post": [0, 0, 27],
							"lerp_mode": "catmullrom"
						}
					}
				},
				"feather_left2": {
					"rotation": {
						"0.0": {
							"post": [0, 0, 27],
							"lerp_mode": "catmullrom"
						},
						"0.2083": {
							"post": [0, 0, 28.83],
							"lerp_mode": "catmullrom"
						},
						"0.375": {
							"post": [0, 0, 19.15],
							"lerp_mode": "catmullrom"
						},
						"0.625": {
							"post": [0, 0, -11.41],
							"lerp_mode": "catmullrom"
						},
						"0.9167": {
							"post": [0, 0, -21.9],
							"lerp_mode": "catmullrom"
						},
						"1.1667": {
							"post": [0, 0, -5.14],
							"lerp_mode": "catmullrom"
						},
						"1.3333": {
							"post": [0, 0, 27],
							"lerp_mode": "catmullrom"
						}
					}
				},
				"feather_left": {
					"rotation": {
						"0.0": {
							"post": [0, 0, 27],
							"lerp_mode": "catmullrom"
						},
						"0.2083": {
							"post": [0, 0, 28.83],
							"lerp_mode": "catmullrom"
						},
						"0.375": {
							"post": [0, 0, 19.15],
							"lerp_mode": "catmullrom"
						},
						"0.625": {
							"post": [0, 0, -11.41],
							"lerp_mode": "catmullrom"
						},
						"0.9167": {
							"post": [0, 0, -21.9],
							"lerp_mode": "catmullrom"
						},
						"1.1667": {
							"post": [0, 0, -5.14],
							"lerp_mode": "catmullrom"
						},
						"1.3333": {
							"post": [0, 0, 27],
							"lerp_mode": "catmullrom"
						}
					}
				},
				"leg_right": {
					"rotation": ["0+math.sin(q.anim_time*90*3-80)*-10", 15, 0],
					"position": [0, -1.1, 0]
				},
				"leg_right3": {
					"rotation": ["0+math.sin(q.anim_time*90*3-110)*15", 0, 0]
				},
				"leg_right4": {
					"rotation": [-25, 0, 0]
				},
				"foot_right": {
					"rotation": ["17.5+math.sin(q.anim_time*90*3-140)*5", 0, 0]
				},
				"toe_back_right": {
					"rotation": ["-15+math.sin(q.anim_time*90*3-180)*-15", 0, 0]
				},
				"toe_back_right2": {
					"rotation": ["-15+math.sin(q.anim_time*90*3-180)*-15", 0, 0]
				},
				"claw_back_right": {
					"rotation": [-15, 0, 0]
				},
				"toe_inner_right3": {
					"rotation": ["10+math.sin(q.anim_time*90*3-170)*5", -25, 0]
				},
				"toe_inner_right4": {
					"rotation": ["15+math.sin(q.anim_time*90*3-170)*5", 0, 0]
				},
				"claw_inner_right2": {
					"rotation": [15, 0, 0]
				},
				"toe_inner_right6": {
					"rotation": ["10+math.sin(q.anim_time*90*3-170)*5", 0, 0]
				},
				"toe_inner_right7": {
					"rotation": ["15+math.sin(q.anim_time*90*3-170)*5", 0, 0]
				},
				"claw_inner_right4": {
					"rotation": [15, 0, 0]
				},
				"toe_inner_right2": {
					"rotation": ["10+math.sin(q.anim_time*90*3-170)*5", 25, 0]
				},
				"toe_inner_right5": {
					"rotation": ["15+math.sin(q.anim_time*90*3-170)*5", 0, 0]
				},
				"claw_inner_right3": {
					"rotation": [20, 0, 0]
				},
				"leg_left": {
					"rotation": ["0+math.sin(q.anim_time*90*3-80)*-10", -15, 0],
					"position": [0, -1.1, 0]
				},
				"leg_left3": {
					"rotation": ["0+math.sin(q.anim_time*90*3-110)*15", 0, 0]
				},
				"leg_left4": {
					"rotation": [-25, 0, 0]
				},
				"foot_left": {
					"rotation": ["17.5+math.sin(q.anim_time*90*3-140)*5", 0, 0]
				},
				"toe_back_left": {
					"rotation": ["-15+math.sin(q.anim_time*90*3-180)*-15", 0, 0]
				},
				"toe_back_left2": {
					"rotation": ["-15+math.sin(q.anim_time*90*3-180)*-15", 0, 0]
				},
				"claw_back_left": {
					"rotation": [-15, 0, 0]
				},
				"toe_inner_left3": {
					"rotation": ["10+math.sin(q.anim_time*90*3-170)*5", 25, 0]
				},
				"toe_inner_left4": {
					"rotation": ["15+math.sin(q.anim_time*90*3-170)*5", 0, 0]
				},
				"claw_inner_left2": {
					"rotation": [15, 0, 0]
				},
				"toe_inner_left6": {
					"rotation": ["10+math.sin(q.anim_time*90*3-170)*5", 0, 0]
				},
				"toe_inner_left7": {
					"rotation": ["15+math.sin(q.anim_time*90*3-170)*5", 0, 0]
				},
				"claw_inner_left4": {
					"rotation": [15, 0, 0]
				},
				"toe_inner_left2": {
					"rotation": ["10+math.sin(q.anim_time*90*3-170)*5", -25, 0]
				},
				"toe_inner_left5": {
					"rotation": ["15+math.sin(q.anim_time*90*3-170)*5", 0, 0]
				},
				"claw_inner_left3": {
					"rotation": [20, 0, 0]
				},
				"wing_closed_right": {
					"scale": 0
				}
			}
		},
		"animation.articuno.air_fly": {
			"loop": true,
			"bones": {
				"fire_left": {
					"rotation": ["8.0352+math.sin(q.anim_time*90*12)*0.2", -0.67621, 4.9829]
				},
				"fire_right": {
					"rotation": ["8.1839+math.sin(q.anim_time*90*12-90)*0.2", 0.88782, -6.47533]
				},
				"fire_left2": {
					"rotation": ["12.6462+math.sin(q.anim_time*90*12+30)*0.2", -1.47498, 22.81474]
				},
				"fire_right2": {
					"rotation": ["12.6462+math.sin(q.anim_time*90*12+120)*0.2", 1.47498, -22.81474]
				},
				"hair4": {
					"rotation": ["math.sin(q.anim_time*90*2-60)*10", 0, "math.sin(q.anim_time*90*0.5-60)*2"]
				},
				"hair2": {
					"rotation": ["math.sin(q.anim_time*90*0.8-120)*2+math.sin(q.anim_time*90*2+120)*2", 0, 0]
				},
				"hair3": {
					"rotation": ["22.5+math.sin(q.anim_time*90*0.8-90)*-6+math.sin(q.anim_time*90*2+60)*3", 0, "math.sin(q.anim_time*90*0.5)*0.3"]
				},
				"hair5": {
					"rotation": ["math.sin(q.anim_time*90*2-150)*20", 0, "math.sin(q.anim_time*90*0.5-120)*3"]
				},
				"hair6": {
					"rotation": ["math.sin(q.anim_time*90*2-90)*-20+math.sin(q.anim_time*90*12-180)*2", 0, "math.sin(q.anim_time*90*0.5-180)*4"]
				},
				"toe_inner_right": {
					"rotation": ["50+math.sin(q.anim_time*90*0.8-150)*-4", 0, 0],
					"position": [0, -0.1, 0]
				},
				"claw_inner_right": {
					"rotation": [25, 0, 0]
				},
				"toe_middle_right": {
					"rotation": ["45+math.sin(q.anim_time*90*0.8-150)*-4", 0, 0],
					"position": [0, -0.1, 0]
				},
				"claw_middle_right": {
					"rotation": [20, 0, 0]
				},
				"toe_outer_right": {
					"rotation": ["50+math.sin(q.anim_time*90*0.8-150)*-4", 0, 0],
					"position": [0, -0.1, 0]
				},
				"claw_outer_right": {
					"rotation": [20, 0, 0]
				},
				"toe_inner_left": {
					"rotation": ["50+math.sin(q.anim_time*90*0.8-150)*-4", 0, 0],
					"position": [0, -0.1, 0]
				},
				"claw_inner_left": {
					"rotation": [25, 0, 0]
				},
				"toe_middle_left": {
					"rotation": ["45+math.sin(q.anim_time*90*0.8-150)*-4", 0, 0],
					"position": [0, -0.1, 0]
				},
				"claw_middle_left": {
					"rotation": [20, 0, 0]
				},
				"toe_outer_left": {
					"rotation": ["50+math.sin(q.anim_time*90*0.8-150)*-4", 0, 0],
					"position": [0, -0.1, 0]
				},
				"claw_outer_left": {
					"rotation": [20, 0, 0]
				},
				"wing_open_left4": {
					"rotation": [0, 0, "-7.5+math.sin(q.anim_time*90*0.8-240)*10+math.sin(q.anim_time*90*12-120)*-0.4"]
				},
				"wing_open_right4": {
					"rotation": [0, 0, "7.5+math.sin(q.anim_time*90*0.8-240)*-10+math.sin(q.anim_time*90*12-120)*0.4"]
				},
				"body": {
					"rotation": ["17.5+math.sin(q.anim_time*90*0.8-60)*-3", 0, "0+math.sin(q.anim_time*90*0.5-90)*1"],
					"position": ["math.sin(q.anim_time*90*0.5-90)*-3", "math.sin(q.anim_time*90*0.8)*-2", 0]
				},
				"torso": {
					"rotation": ["-17.5+math.sin(q.anim_time*90*0.8-90)*-1", 0, "0+math.sin(q.anim_time*90*0.5-120)*1"]
				},
				"wing_closed_left": {
					"scale": 0
				},
				"wing_open_right": {
					"rotation": ["-10+math.sin(q.anim_time*90*0.8)*-3+math.sin(q.anim_time*90*12-90)*0.2", 0, "math.sin(q.anim_time*90*0.8-60)*-2"],
					"position": [0, -0.5, 0]
				},
				"wing_open_right2": {
					"rotation": ["3.0271+math.sin(q.anim_time*90*0.8-60)*-1", -30.14283, "3.0545+math.sin(q.anim_time*90*0.8-120)*-4"],
					"position": [4.00357, -0.22631, 1.11064]
				},
				"wing_open_right3": {
					"rotation": [2.5, -0.1, "2.5+math.sin(q.anim_time*90*0.8-180)*-4+math.sin(q.anim_time*90*12)*0.2"],
					"position": [0.02183, -0.00095, -0.02181]
				},
				"feather_right4": {
					"rotation": [-0.65062, -2.45714, -0.49364]
				},
				"feather_right3": {
					"rotation": [-2.15291, -9.84363, -1.37544]
				},
				"feather_right2": {
					"rotation": [-3.32706, -17.2352, -1.59757]
				},
				"feather_right": {
					"rotation": [-4.07796, -22.15231, -1.30385]
				},
				"wing_open_left": {
					"rotation": ["-10+math.sin(q.anim_time*90*0.8)*-3+math.sin(q.anim_time*90*12-90)*0.2", 0, "math.sin(q.anim_time*90*0.8-60)*2"],
					"position": [0, -0.5, 0]
				},
				"wing_open_left2": {
					"rotation": ["2.7563+math.sin(q.anim_time*90*0.8-60)*1", 30.18652, "-4.055+math.sin(q.anim_time*90*0.8-120)*4"],
					"position": [-3.50361, -0.15565, 1.99574]
				},
				"wing_open_left3": {
					"rotation": [2.5, 0.1, "-2.5+math.sin(q.anim_time*90*0.8-180)*4+math.sin(q.anim_time*90*12)*-0.2"],
					"position": [-0.02183, -0.00095, -0.02181]
				},
				"feather_left4": {
					"rotation": [-0.65062, 2.45714, 0.49364]
				},
				"feather_left3": {
					"rotation": [-2.15291, 9.84363, 1.37544]
				},
				"feather_left2": {
					"rotation": [-3.32706, 17.2352, 1.59757]
				},
				"feather_left": {
					"rotation": [-4.07796, 22.15231, 1.30385]
				},
				"fire": {
					"rotation": ["2.5+math.sin(q.anim_time*90*0.8-120)*-3", 0, 0]
				},
				"neck": {
					"rotation": ["0+math.sin(q.anim_time*90*0.8-30)*-3", 0, "math.sin(q.anim_time*90*0.5-60)*-2"]
				},
				"head": {
					"rotation": ["9.998+math.sin(q.anim_time*90*0.8+90)*-6", -0.04146, -0.20566]
				},
				"leg_right": {
					"rotation": [55, 0, 0],
					"position": [0, 2, 0]
				},
				"leg_right2": {
					"rotation": [-17.5, 0, 0],
					"position": [0, 0.71529, 0.22553]
				},
				"foot_right": {
					"rotation": ["80+math.sin(q.anim_time*90*0.8-120)*-4", 20, -7],
					"position": [-0.25, 0.25, -0.75]
				},
				"toe_back_right": {
					"rotation": ["-127.5+math.sin(q.anim_time*90*0.8-150)*-4", 0, 0],
					"position": [0, -1.81412, -1.5807]
				},
				"claw_back_right": {
					"rotation": [-23.06545, 0.03421, 1.5838]
				},
				"toe_inner_right4": {
					"rotation": [25, 0, 0]
				},
				"claw_inner_right2": {
					"rotation": [25, 0, 0]
				},
				"toe_inner_right7": {
					"rotation": [15, 0, 0]
				},
				"claw_inner_right4": {
					"rotation": [25, 0, 0]
				},
				"toe_inner_right5": {
					"rotation": [37.5, 0, 0]
				},
				"claw_inner_right3": {
					"rotation": [20, 0, 0]
				},
				"leg_left": {
					"rotation": [55, 0, 0],
					"position": [0, 2, 0]
				},
				"leg_left2": {
					"rotation": [-17.5, 0, 0],
					"position": [0, 0.71529, 0.22553]
				},
				"foot_left": {
					"rotation": ["80+math.sin(q.anim_time*90*0.8-120)*-4", -20, 7],
					"position": [0.25, 0.25, -0.75]
				},
				"toe_back_left": {
					"rotation": ["-127.5+math.sin(q.anim_time*90*0.8-150)*-4", 0, 0],
					"position": [0, -1.81412, -1.5807]
				},
				"claw_back_left": {
					"rotation": [-23, 0, -1.5]
				},
				"toe_inner_left4": {
					"rotation": [25, 0, 0]
				},
				"claw_inner_left2": {
					"rotation": [25, 0, 0]
				},
				"toe_inner_left7": {
					"rotation": [15, 0, 0]
				},
				"claw_inner_left4": {
					"rotation": [25, 0, 0]
				},
				"toe_inner_left5": {
					"rotation": [37.5, 0, 0]
				},
				"claw_inner_left3": {
					"rotation": [20, 0, 0]
				},
				"wing_closed_right": {
					"scale": 0
				}
			}
		},
		"animation.articuno.air_fly_quirk": {
			"animation_length": 4.2083,
			"bones": {
				"fire_left": {
					"rotation": {
						"0.0": {
							"post": [0, 0, 0],
							"lerp_mode": "catmullrom"
						},
						"0.875": {
							"post": [0, 1, 0],
							"lerp_mode": "catmullrom"
						},
						"1.125": {
							"post": [0, 1, 0],
							"lerp_mode": "catmullrom"
						},
						"1.625": {
							"post": [1, -3, 0],
							"lerp_mode": "catmullrom"
						},
						"3.0": {
							"post": [0, 0, 0],
							"lerp_mode": "catmullrom"
						}
					}
				},
				"fire_right": {
					"rotation": {
						"0.0": {
							"post": [0, 0, 0],
							"lerp_mode": "catmullrom"
						},
						"0.875": {
							"post": [0, -1, 0],
							"lerp_mode": "catmullrom"
						},
						"1.125": {
							"post": [0, -1, 0],
							"lerp_mode": "catmullrom"
						},
						"1.625": {
							"post": [1, 3, 0],
							"lerp_mode": "catmullrom"
						},
						"3.0": {
							"post": [0, 0, 0],
							"lerp_mode": "catmullrom"
						}
					}
				},
				"fire_left2": {
					"rotation": {
						"0.0": {
							"post": [0, 0, 0],
							"lerp_mode": "catmullrom"
						},
						"0.875": {
							"post": [0, 2, 0],
							"lerp_mode": "catmullrom"
						},
						"1.125": {
							"post": [0, 2, 0],
							"lerp_mode": "catmullrom"
						},
						"1.625": {
							"post": [0, -7, 0],
							"lerp_mode": "catmullrom"
						},
						"3.0": {
							"post": [0, 0, 0],
							"lerp_mode": "catmullrom"
						}
					}
				},
				"fire_right2": {
					"rotation": {
						"0.0": {
							"post": [0, 0, 0],
							"lerp_mode": "catmullrom"
						},
						"0.875": {
							"post": [0, -2, 0],
							"lerp_mode": "catmullrom"
						},
						"1.125": {
							"post": [0, -2, 0],
							"lerp_mode": "catmullrom"
						},
						"1.625": {
							"post": [0, 7, 0],
							"lerp_mode": "catmullrom"
						},
						"3.0": {
							"post": [0, 0, 0],
							"lerp_mode": "catmullrom"
						}
					}
				},
				"hair4": {
					"rotation": {
						"0.0": {
							"post": [0, 0, 0],
							"lerp_mode": "catmullrom"
						},
						"0.7917": {
							"post": [-12.28, 0, 0],
							"lerp_mode": "catmullrom"
						},
						"1.2917": {
							"post": [11.57, 0, 0],
							"lerp_mode": "catmullrom"
						},
						"1.5": {
							"post": [11.57, 0, 0],
							"lerp_mode": "catmullrom"
						},
						"1.8333": {
							"post": [0.2, 0, 0],
							"lerp_mode": "catmullrom"
						},
						"2.75": {
							"post": [4.81, 0, 0],
							"lerp_mode": "catmullrom"
						},
						"4.0417": {
							"post": [0, 0, 0],
							"lerp_mode": "catmullrom"
						}
					}
				},
				"hair3": {
					"rotation": {
						"0.0": {
							"post": [0, 0, 0],
							"lerp_mode": "catmullrom"
						},
						"0.4583": {
							"post": [5.7, 0, 0],
							"lerp_mode": "catmullrom"
						},
						"0.8333": {
							"post": [15, 0, 0],
							"lerp_mode": "catmullrom"
						},
						"1.75": {
							"post": [-3, 0, 0],
							"lerp_mode": "catmullrom"
						},
						"2.2917": {
							"post": [3.8, 0, 0],
							"lerp_mode": "catmullrom"
						},
						"3.125": {
							"post": [0.69, 0, 0],
							"lerp_mode": "catmullrom"
						},
						"3.9167": {
							"post": [0, 0, 0],
							"lerp_mode": "catmullrom"
						}
					}
				},
				"hair5": {
					"rotation": {
						"0.0": {
							"post": [0, 0, 0],
							"lerp_mode": "catmullrom"
						},
						"0.6667": {
							"post": [-2.5, 0, 0],
							"lerp_mode": "catmullrom"
						},
						"1.25": {
							"post": [2.88, 0, 0],
							"lerp_mode": "catmullrom"
						},
						"1.625": {
							"post": [21.5, 0, 0],
							"lerp_mode": "catmullrom"
						},
						"2.0417": {
							"post": [4.49, 0, 0],
							"lerp_mode": "catmullrom"
						},
						"2.7083": {
							"post": [4.12, 0, 0],
							"lerp_mode": "catmullrom"
						},
						"4.2083": {
							"post": [0, 0, 0],
							"lerp_mode": "catmullrom"
						}
					}
				},
				"hair6": {
					"rotation": {
						"0.0": {
							"post": [0, 0, 0],
							"lerp_mode": "catmullrom"
						},
						"0.5417": {
							"post": [-5, 0, 0],
							"lerp_mode": "catmullrom"
						},
						"1.3333": {
							"post": [-5, 0, 0],
							"lerp_mode": "catmullrom"
						},
						"1.7917": {
							"post": [8.21, 0, 0],
							"lerp_mode": "catmullrom"
						},
						"2.0833": {
							"post": [-16.93, 0, 0],
							"lerp_mode": "catmullrom"
						},
						"3.125": {
							"post": [-3.19, 0, 0],
							"lerp_mode": "catmullrom"
						},
						"4.2083": {
							"post": [0, 0, 0],
							"lerp_mode": "catmullrom"
						}
					}
				},
				"wing_open_left4": {
					"rotation": {
						"0.0": {
							"post": [0, 0, 0],
							"lerp_mode": "catmullrom"
						},
						"0.4167": {
							"post": [0, 0, -5],
							"lerp_mode": "catmullrom"
						},
						"0.75": {
							"post": [0, 0, 20],
							"lerp_mode": "catmullrom"
						},
						"1.1667": {
							"post": [0, 0, -15],
							"lerp_mode": "catmullrom"
						},
						"1.625": {
							"post": [0, 0, -22.5],
							"lerp_mode": "catmullrom"
						},
						"1.875": {
							"post": [0, 0, 40],
							"lerp_mode": "catmullrom"
						},
						"2.375": {
							"post": [0, 0, 27.5],
							"lerp_mode": "catmullrom"
						},
						"2.7083": {
							"post": [0, 0, -15],
							"lerp_mode": "catmullrom"
						},
						"3.625": {
							"post": [0, 0, 0],
							"lerp_mode": "catmullrom"
						}
					}
				},
				"wing_open_right4": {
					"rotation": {
						"0.0": {
							"post": [0, 0, 0],
							"lerp_mode": "catmullrom"
						},
						"0.4167": {
							"post": [0, 0, 5],
							"lerp_mode": "catmullrom"
						},
						"0.75": {
							"post": [0, 0, -20],
							"lerp_mode": "catmullrom"
						},
						"1.1667": {
							"post": [0, 0, 15],
							"lerp_mode": "catmullrom"
						},
						"1.625": {
							"post": [0, 0, 22.5],
							"lerp_mode": "catmullrom"
						},
						"1.875": {
							"post": [0, 0, -40],
							"lerp_mode": "catmullrom"
						},
						"2.375": {
							"post": [0, 0, -27.5],
							"lerp_mode": "catmullrom"
						},
						"2.7083": {
							"post": [0, 0, 15],
							"lerp_mode": "catmullrom"
						},
						"3.625": {
							"post": [0, 0, 0],
							"lerp_mode": "catmullrom"
						}
					}
				},
				"body": {
					"rotation": {
						"0.0": {
							"post": [0, 0, 0],
							"lerp_mode": "catmullrom"
						},
						"0.5417": {
							"post": [1, 0, 0],
							"lerp_mode": "catmullrom"
						},
						"0.9583": {
							"post": [0.4, 0, 0],
							"lerp_mode": "catmullrom"
						},
						"1.3333": {
							"post": [-3, 0, 0],
							"lerp_mode": "catmullrom"
						},
						"1.625": {
							"post": [-7.03, 0, 0],
							"lerp_mode": "catmullrom"
						},
						"2.0": {
							"post": [-1, 0, 0],
							"lerp_mode": "catmullrom"
						},
						"2.4583": {
							"post": [4.33, 0, 0],
							"lerp_mode": "catmullrom"
						},
						"2.8333": {
							"post": [4.1, 0, 0],
							"lerp_mode": "catmullrom"
						},
						"3.3333": {
							"post": [0.81, 0, 0],
							"lerp_mode": "catmullrom"
						},
						"3.75": {
							"post": [0, 0, 0],
							"lerp_mode": "catmullrom"
						}
					},
					"position": {
						"0.0": {
							"post": [0, 0, 0],
							"lerp_mode": "catmullrom"
						},
						"0.5": {
							"post": [0, -1, 0],
							"lerp_mode": "catmullrom"
						},
						"0.875": {
							"post": [0, -2.75, 0],
							"lerp_mode": "catmullrom"
						},
						"1.25": {
							"post": [0, -3, 0],
							"lerp_mode": "catmullrom"
						},
						"1.7917": {
							"post": [0, 2, 0],
							"lerp_mode": "catmullrom"
						},
						"2.2083": {
							"post": [0, 2, 0],
							"lerp_mode": "catmullrom"
						},
						"3.0": {
							"post": [0, -0.4, 0],
							"lerp_mode": "catmullrom"
						},
						"3.75": {
							"post": [0, 0, 0],
							"lerp_mode": "catmullrom"
						}
					}
				},
				"wing_open_right": {
					"rotation": {
						"0.0": {
							"post": [0, 0, 0],
							"lerp_mode": "catmullrom"
						},
						"0.375": {
							"post": [0, 0.3, 0],
							"lerp_mode": "catmullrom"
						},
						"0.7917": {
							"post": [-5, -3.3, 34.5],
							"lerp_mode": "catmullrom"
						},
						"1.1667": {
							"post": [-5, -8.3, 34.5],
							"lerp_mode": "catmullrom"
						},
						"1.625": {
							"post": [10, -4.1, -48],
							"lerp_mode": "catmullrom"
						},
						"1.875": {
							"post": [20, 0, -41],
							"lerp_mode": "catmullrom"
						},
						"2.3333": {
							"post": [7.4, 0, 6],
							"lerp_mode": "catmullrom"
						},
						"2.9583": {
							"post": [0, 0, 0],
							"lerp_mode": "catmullrom"
						}
					},
					"position": {
						"0.0": {
							"post": [0, 0, 0],
							"lerp_mode": "catmullrom"
						},
						"0.375": {
							"post": [0, 0, 0],
							"lerp_mode": "catmullrom"
						},
						"0.7917": {
							"post": [0, 0.4, 0],
							"lerp_mode": "catmullrom"
						},
						"1.1667": {
							"post": [0, 0.4, 0],
							"lerp_mode": "catmullrom"
						},
						"1.625": {
							"post": [0, -0.7, 0],
							"lerp_mode": "catmullrom"
						},
						"1.875": {
							"post": [0, -0.5, 0],
							"lerp_mode": "catmullrom"
						},
						"2.3333": {
							"post": [0, 0.4, 0],
							"lerp_mode": "catmullrom"
						},
						"2.9583": {
							"post": [0, 0, 0],
							"lerp_mode": "catmullrom"
						}
					}
				},
				"wing_open_right2": {
					"rotation": {
						"0.0": {
							"post": [0, 0, 0],
							"lerp_mode": "catmullrom"
						},
						"0.4583": {
							"post": [0, 6.2, -10],
							"lerp_mode": "catmullrom"
						},
						"0.75": {
							"post": [0, 17.4, -17.5],
							"lerp_mode": "catmullrom"
						},
						"1.375": {
							"post": [0, -5, 27.5],
							"lerp_mode": "catmullrom"
						},
						"1.7083": {
							"post": [0, -3, -25],
							"lerp_mode": "catmullrom"
						},
						"2.125": {
							"post": [0, 0, -42.5],
							"lerp_mode": "catmullrom"
						},
						"2.4583": {
							"post": [0, 0, 7],
							"lerp_mode": "catmullrom"
						},
						"3.0833": {
							"post": [0, 0, 0],
							"lerp_mode": "catmullrom"
						}
					}
				},
				"wing_open_right3": {
					"rotation": {
						"0.0": {
							"post": [0, 0, 0],
							"lerp_mode": "catmullrom"
						},
						"0.3333": {
							"post": [0, 3.9, -15],
							"lerp_mode": "catmullrom"
						},
						"0.6667": {
							"post": [0, 6.1, -30],
							"lerp_mode": "catmullrom"
						},
						"1.125": {
							"post": [0, 0, 10],
							"lerp_mode": "catmullrom"
						},
						"1.5": {
							"post": [0, -2.8, 15.56],
							"lerp_mode": "catmullrom"
						},
						"1.7917": {
							"post": [0, 6.7, -30],
							"lerp_mode": "catmullrom"
						},
						"2.2917": {
							"post": [0, 5, -40],
							"lerp_mode": "catmullrom"
						},
						"2.625": {
							"post": [0, 0, 20],
							"lerp_mode": "catmullrom"
						},
						"3.4583": {
							"post": [0, 0, 0],
							"lerp_mode": "catmullrom"
						}
					}
				},
				"wing_open_left": {
					"rotation": {
						"0.0": {
							"post": [0, 0, 0],
							"lerp_mode": "catmullrom"
						},
						"0.375": {
							"post": [0, -0.3, 0],
							"lerp_mode": "catmullrom"
						},
						"0.7917": {
							"post": [-5, 3.3, -34.5],
							"lerp_mode": "catmullrom"
						},
						"1.1667": {
							"post": [-5, 8.3, -34.5],
							"lerp_mode": "catmullrom"
						},
						"1.625": {
							"post": [10, 4.1, 48],
							"lerp_mode": "catmullrom"
						},
						"1.875": {
							"post": [20, 0, 41],
							"lerp_mode": "catmullrom"
						},
						"2.3333": {
							"post": [7.4, 0, -6],
							"lerp_mode": "catmullrom"
						},
						"2.9583": {
							"post": [0, 0, 0],
							"lerp_mode": "catmullrom"
						}
					},
					"position": {
						"0.0": {
							"post": [0, 0, 0],
							"lerp_mode": "catmullrom"
						},
						"0.375": {
							"post": [0, 0, 0],
							"lerp_mode": "catmullrom"
						},
						"0.7917": {
							"post": [0, 0.4, 0],
							"lerp_mode": "catmullrom"
						},
						"1.1667": {
							"post": [0, 0.4, 0],
							"lerp_mode": "catmullrom"
						},
						"1.625": {
							"post": [0, -0.7, 0],
							"lerp_mode": "catmullrom"
						},
						"1.875": {
							"post": [0, -0.45, 0],
							"lerp_mode": "catmullrom"
						},
						"2.125": {
							"post": [0, -0.45, 0],
							"lerp_mode": "catmullrom"
						},
						"2.5": {
							"post": [0, 0.15, 0],
							"lerp_mode": "catmullrom"
						},
						"3.2083": {
							"post": [0, 0, 0],
							"lerp_mode": "catmullrom"
						}
					}
				},
				"wing_open_left2": {
					"rotation": {
						"0.0": {
							"post": [0, 0, 0],
							"lerp_mode": "catmullrom"
						},
						"0.4583": {
							"post": [0, -6.2, 10],
							"lerp_mode": "catmullrom"
						},
						"0.75": {
							"post": [0, -17.4, 17.5],
							"lerp_mode": "catmullrom"
						},
						"1.375": {
							"post": [0, 5, -27.5],
							"lerp_mode": "catmullrom"
						},
						"1.7083": {
							"post": [0, 3, 25],
							"lerp_mode": "catmullrom"
						},
						"2.125": {
							"post": [0, 0, 42.5],
							"lerp_mode": "catmullrom"
						},
						"2.4583": {
							"post": [0, 0, -7],
							"lerp_mode": "catmullrom"
						},
						"3.0833": {
							"post": [0, 0, 0],
							"lerp_mode": "catmullrom"
						}
					}
				},
				"wing_open_left3": {
					"rotation": {
						"0.0": {
							"post": [0, 0, 0],
							"lerp_mode": "catmullrom"
						},
						"0.3333": {
							"post": [0, -3.9, 15],
							"lerp_mode": "catmullrom"
						},
						"0.6667": {
							"post": [0, -6.1, 30],
							"lerp_mode": "catmullrom"
						},
						"1.125": {
							"post": [0, 0, -10],
							"lerp_mode": "catmullrom"
						},
						"1.5": {
							"post": [0, 2.8, -15.56],
							"lerp_mode": "catmullrom"
						},
						"1.7917": {
							"post": [0, -6.7, 30],
							"lerp_mode": "catmullrom"
						},
						"2.2917": {
							"post": [0, -5, 40],
							"lerp_mode": "catmullrom"
						},
						"2.625": {
							"post": [0, 0, -20],
							"lerp_mode": "catmullrom"
						},
						"3.4583": {
							"post": [0, 0, 0],
							"lerp_mode": "catmullrom"
						}
					}
				},
				"fire": {
					"rotation": {
						"0.0": {
							"post": [0, 0, 0],
							"lerp_mode": "catmullrom"
						},
						"0.875": {
							"post": [2.5, 0, 0],
							"lerp_mode": "catmullrom"
						},
						"1.5": {
							"post": [0, 0, 0],
							"lerp_mode": "catmullrom"
						},
						"2.1667": {
							"post": [-10, 0, 0],
							"lerp_mode": "catmullrom"
						},
						"2.9583": {
							"post": [2.5, 0, 0],
							"lerp_mode": "catmullrom"
						},
						"4.2083": {
							"post": [0, 0, 0],
							"lerp_mode": "catmullrom"
						}
					}
				},
				"neck": {
					"rotation": {
						"0.0": {
							"post": [0, 0, 0],
							"lerp_mode": "catmullrom"
						},
						"0.7917": {
							"post": [10, 0, 0],
							"lerp_mode": "catmullrom"
						},
						"1.3333": {
							"post": [0, 0, 0],
							"lerp_mode": "catmullrom"
						},
						"1.7917": {
							"post": [-5, 0, 0],
							"lerp_mode": "catmullrom"
						},
						"2.7083": {
							"post": [1.9, 0, 0],
							"lerp_mode": "catmullrom"
						},
						"3.3333": {
							"post": [1.2, 0, 0],
							"lerp_mode": "catmullrom"
						},
						"3.9167": {
							"post": [0, 0, 0],
							"lerp_mode": "catmullrom"
						}
					}
				},
				"head": {
					"rotation": {
						"0.0": {
							"post": [0, 0, 0],
							"lerp_mode": "catmullrom"
						},
						"0.3333": {
							"post": [-2.5, 0, 0],
							"lerp_mode": "catmullrom"
						},
						"0.7917": {
							"post": [-5, 0, 0],
							"lerp_mode": "catmullrom"
						},
						"1.0833": {
							"post": [-3.31, 0, 0],
							"lerp_mode": "catmullrom"
						},
						"1.5": {
							"post": [0.25, 0, 0],
							"lerp_mode": "catmullrom"
						},
						"2.1667": {
							"post": [2.49, 0, 0],
							"lerp_mode": "catmullrom"
						},
						"2.625": {
							"post": [2.49, 0, 0],
							"lerp_mode": "catmullrom"
						},
						"3.3333": {
							"post": [0.5, 0, 0],
							"lerp_mode": "catmullrom"
						},
						"3.875": {
							"post": [0, 0, 0],
							"lerp_mode": "catmullrom"
						}
					}
				},
				"foot_right": {
					"rotation": {
						"0.0": {
							"post": [0, 0, 0],
							"lerp_mode": "catmullrom"
						},
						"0.2083": {
							"post": [0, 0, 0],
							"lerp_mode": "catmullrom"
						},
						"0.7083": {
							"post": [5, 0, 0],
							"lerp_mode": "catmullrom"
						},
						"1.2083": {
							"post": [-5, 0, 0],
							"lerp_mode": "catmullrom"
						},
						"1.875": {
							"post": [-20, 0, 0],
							"lerp_mode": "catmullrom"
						},
						"2.8333": {
							"post": [2, 0, 0],
							"lerp_mode": "catmullrom"
						},
						"3.5833": {
							"post": [-1, 0, 0],
							"lerp_mode": "catmullrom"
						},
						"4.0417": {
							"post": [0, 0, 0],
							"lerp_mode": "catmullrom"
						}
					}
				},
				"foot_left": {
					"rotation": {
						"0.0": {
							"post": [0, 0, 0],
							"lerp_mode": "catmullrom"
						},
						"0.2083": {
							"post": [0, 0, 0],
							"lerp_mode": "catmullrom"
						},
						"0.7083": {
							"post": [5, 0, 0],
							"lerp_mode": "catmullrom"
						},
						"1.2083": {
							"post": [-5, 0, 0],
							"lerp_mode": "catmullrom"
						},
						"1.875": {
							"post": [-20, 0, 0],
							"lerp_mode": "catmullrom"
						},
						"2.8333": {
							"post": [2, 0, 0],
							"lerp_mode": "catmullrom"
						},
						"3.5833": {
							"post": [-1, 0, 0],
							"lerp_mode": "catmullrom"
						},
						"4.0417": {
							"post": [0, 0, 0],
							"lerp_mode": "catmullrom"
						}
					}
				}
			}
		},
		"animation.articuno.air_fly_quirk2": {
			"animation_length": 6.3333,
			"bones": {
				"fire_left": {
					"rotation": {
						"0.0": {
							"post": [0, 0, 0],
							"lerp_mode": "catmullrom"
						},
						"0.875": {
							"post": [0, 1, 0],
							"lerp_mode": "catmullrom"
						},
						"1.125": {
							"post": [0, 1, 0],
							"lerp_mode": "catmullrom"
						},
						"1.625": {
							"post": [1, -3, 0],
							"lerp_mode": "catmullrom"
						},
						"2.875": {
							"post": [0, 1, 0],
							"lerp_mode": "catmullrom"
						},
						"3.375": {
							"post": [1, -3, 0],
							"lerp_mode": "catmullrom"
						},
						"4.75": {
							"post": [0, 0, 0],
							"lerp_mode": "catmullrom"
						}
					}
				},
				"fire_right": {
					"rotation": {
						"0.0": {
							"post": [0, 0, 0],
							"lerp_mode": "catmullrom"
						},
						"0.875": {
							"post": [0, -1, 0],
							"lerp_mode": "catmullrom"
						},
						"1.125": {
							"post": [0, -1, 0],
							"lerp_mode": "catmullrom"
						},
						"1.625": {
							"post": [1, 3, 0],
							"lerp_mode": "catmullrom"
						},
						"2.875": {
							"post": [0, -1, 0],
							"lerp_mode": "catmullrom"
						},
						"3.375": {
							"post": [1, 3, 0],
							"lerp_mode": "catmullrom"
						},
						"4.75": {
							"post": [0, 0, 0],
							"lerp_mode": "catmullrom"
						}
					}
				},
				"fire_left2": {
					"rotation": {
						"0.0": {
							"post": [0, 0, 0],
							"lerp_mode": "catmullrom"
						},
						"0.875": {
							"post": [0, 2, 0],
							"lerp_mode": "catmullrom"
						},
						"1.125": {
							"post": [0, 2, 0],
							"lerp_mode": "catmullrom"
						},
						"1.625": {
							"post": [0, -7, 0],
							"lerp_mode": "catmullrom"
						},
						"2.875": {
							"post": [0, 2, 0],
							"lerp_mode": "catmullrom"
						},
						"3.375": {
							"post": [0, -7, 0],
							"lerp_mode": "catmullrom"
						},
						"4.75": {
							"post": [0, 0, 0],
							"lerp_mode": "catmullrom"
						}
					}
				},
				"fire_right2": {
					"rotation": {
						"0.0": {
							"post": [0, 0, 0],
							"lerp_mode": "catmullrom"
						},
						"0.875": {
							"post": [0, -2, 0],
							"lerp_mode": "catmullrom"
						},
						"1.125": {
							"post": [0, -2, 0],
							"lerp_mode": "catmullrom"
						},
						"1.625": {
							"post": [0, 7, 0],
							"lerp_mode": "catmullrom"
						},
						"2.875": {
							"post": [0, -2, 0],
							"lerp_mode": "catmullrom"
						},
						"3.375": {
							"post": [0, 7, 0],
							"lerp_mode": "catmullrom"
						},
						"4.75": {
							"post": [0, 0, 0],
							"lerp_mode": "catmullrom"
						}
					}
				},
				"hair4": {
					"rotation": {
						"0.0": {
							"post": [0, 0, 0],
							"lerp_mode": "catmullrom"
						},
						"0.7917": {
							"post": [-12.28, 0, 0],
							"lerp_mode": "catmullrom"
						},
						"1.2917": {
							"post": [11.57, 0, 0],
							"lerp_mode": "catmullrom"
						},
						"1.5": {
							"post": [11.57, 0, 0],
							"lerp_mode": "catmullrom"
						},
						"1.8333": {
							"post": [0.2, 0, 0],
							"lerp_mode": "catmullrom"
						},
						"3.0417": {
							"post": [11.57, 0, 0],
							"lerp_mode": "catmullrom"
						},
						"3.25": {
							"post": [11.57, 0, 0],
							"lerp_mode": "catmullrom"
						},
						"3.5833": {
							"post": [0.2, 0, 0],
							"lerp_mode": "catmullrom"
						},
						"4.5": {
							"post": [4.81, 0, 0],
							"lerp_mode": "catmullrom"
						},
						"5.7917": {
							"post": [0, 0, 0],
							"lerp_mode": "catmullrom"
						}
					}
				},
				"hair3": {
					"rotation": {
						"0.0": {
							"post": [0, 0, 0],
							"lerp_mode": "catmullrom"
						},
						"0.4583": {
							"post": [5.7, 0, 0],
							"lerp_mode": "catmullrom"
						},
						"0.8333": {
							"post": [15, 0, 0],
							"lerp_mode": "catmullrom"
						},
						"1.75": {
							"post": [-3, 0, 0],
							"lerp_mode": "catmullrom"
						},
						"2.2917": {
							"post": [3.8, 0, 0],
							"lerp_mode": "catmullrom"
						},
						"3.5": {
							"post": [-3, 0, 0],
							"lerp_mode": "catmullrom"
						},
						"4.0417": {
							"post": [3.8, 0, 0],
							"lerp_mode": "catmullrom"
						},
						"4.875": {
							"post": [0.69, 0, 0],
							"lerp_mode": "catmullrom"
						},
						"5.6667": {
							"post": [0, 0, 0],
							"lerp_mode": "catmullrom"
						}
					}
				},
				"hair5": {
					"rotation": {
						"0.0": {
							"post": [0, 0, 0],
							"lerp_mode": "catmullrom"
						},
						"0.6667": {
							"post": [-2.5, 0, 0],
							"lerp_mode": "catmullrom"
						},
						"1.25": {
							"post": [2.88, 0, 0],
							"lerp_mode": "catmullrom"
						},
						"1.625": {
							"post": [21.5, 0, 0],
							"lerp_mode": "catmullrom"
						},
						"2.0417": {
							"post": [4.49, 0, 0],
							"lerp_mode": "catmullrom"
						},
						"3.0": {
							"post": [2.88, 0, 0],
							"lerp_mode": "catmullrom"
						},
						"3.375": {
							"post": [21.5, 0, 0],
							"lerp_mode": "catmullrom"
						},
						"3.7917": {
							"post": [4.49, 0, 0],
							"lerp_mode": "catmullrom"
						},
						"4.4583": {
							"post": [4.12, 0, 0],
							"lerp_mode": "catmullrom"
						},
						"5.9583": {
							"post": [0, 0, 0],
							"lerp_mode": "catmullrom"
						}
					}
				},
				"hair6": {
					"rotation": {
						"0.0": {
							"post": [0, 0, 0],
							"lerp_mode": "catmullrom"
						},
						"0.5417": {
							"post": [-5, 0, 0],
							"lerp_mode": "catmullrom"
						},
						"1.3333": {
							"post": [-5, 0, 0],
							"lerp_mode": "catmullrom"
						},
						"1.7917": {
							"post": [8.21, 0, 0],
							"lerp_mode": "catmullrom"
						},
						"2.0833": {
							"post": [-16.93, 0, 0],
							"lerp_mode": "catmullrom"
						},
						"3.0833": {
							"post": [-5, 0, 0],
							"lerp_mode": "catmullrom"
						},
						"3.5417": {
							"post": [8.21, 0, 0],
							"lerp_mode": "catmullrom"
						},
						"3.8333": {
							"post": [-16.93, 0, 0],
							"lerp_mode": "catmullrom"
						},
						"4.875": {
							"post": [-3.19, 0, 0],
							"lerp_mode": "catmullrom"
						},
						"5.9583": {
							"post": [0, 0, 0],
							"lerp_mode": "catmullrom"
						}
					}
				},
				"wing_open_left4": {
					"rotation": {
						"0.0": {
							"post": [0, 0, 0],
							"lerp_mode": "catmullrom"
						},
						"0.4167": {
							"post": [0, 0, -5],
							"lerp_mode": "catmullrom"
						},
						"0.75": {
							"post": [0, 0, 20],
							"lerp_mode": "catmullrom"
						},
						"1.1667": {
							"post": [0, 0, -15],
							"lerp_mode": "catmullrom"
						},
						"1.625": {
							"post": [0, 0, -22.5],
							"lerp_mode": "catmullrom"
						},
						"1.875": {
							"post": [0, 0, 40],
							"lerp_mode": "catmullrom"
						},
						"2.375": {
							"post": [0, 0, 27.5],
							"lerp_mode": "catmullrom"
						},
						"2.9167": {
							"post": [0, 0, -15],
							"lerp_mode": "catmullrom"
						},
						"3.375": {
							"post": [0, 0, -22.5],
							"lerp_mode": "catmullrom"
						},
						"3.625": {
							"post": [0, 0, 40],
							"lerp_mode": "catmullrom"
						},
						"4.125": {
							"post": [0, 0, 27.5],
							"lerp_mode": "catmullrom"
						},
						"4.4583": {
							"post": [0, 0, -15],
							"lerp_mode": "catmullrom"
						},
						"5.375": {
							"post": [0, 0, 0],
							"lerp_mode": "catmullrom"
						}
					}
				},
				"wing_open_right4": {
					"rotation": {
						"0.0": {
							"post": [0, 0, 0],
							"lerp_mode": "catmullrom"
						},
						"0.4167": {
							"post": [0, 0, 5],
							"lerp_mode": "catmullrom"
						},
						"0.75": {
							"post": [0, 0, -20],
							"lerp_mode": "catmullrom"
						},
						"1.1667": {
							"post": [0, 0, 15],
							"lerp_mode": "catmullrom"
						},
						"1.625": {
							"post": [0, 0, 22.5],
							"lerp_mode": "catmullrom"
						},
						"1.875": {
							"post": [0, 0, -40],
							"lerp_mode": "catmullrom"
						},
						"2.375": {
							"post": [0, 0, -27.5],
							"lerp_mode": "catmullrom"
						},
						"2.9167": {
							"post": [0, 0, 15],
							"lerp_mode": "catmullrom"
						},
						"3.375": {
							"post": [0, 0, 22.5],
							"lerp_mode": "catmullrom"
						},
						"3.625": {
							"post": [0, 0, -40],
							"lerp_mode": "catmullrom"
						},
						"4.125": {
							"post": [0, 0, -27.5],
							"lerp_mode": "catmullrom"
						},
						"4.4583": {
							"post": [0, 0, 15],
							"lerp_mode": "catmullrom"
						},
						"5.375": {
							"post": [0, 0, 0],
							"lerp_mode": "catmullrom"
						}
					}
				},
				"body": {
					"rotation": {
						"0.0": {
							"post": [0, 0, 0],
							"lerp_mode": "catmullrom"
						},
						"0.5417": {
							"post": [1, 0, 0],
							"lerp_mode": "catmullrom"
						},
						"0.9583": {
							"post": [0.4, 0, 0],
							"lerp_mode": "catmullrom"
						},
						"1.3333": {
							"post": [-3, 0, 0],
							"lerp_mode": "catmullrom"
						},
						"1.625": {
							"post": [-7.03, 0, 0],
							"lerp_mode": "catmullrom"
						},
						"2.0": {
							"post": [-1, 0, 0],
							"lerp_mode": "catmullrom"
						},
						"2.4583": {
							"post": [4.33, 0, 0],
							"lerp_mode": "catmullrom"
						},
						"3.375": {
							"post": [-4.63, 0, 0],
							"lerp_mode": "catmullrom"
						},
						"3.75": {
							"post": [-1, 0, 0],
							"lerp_mode": "catmullrom"
						},
						"4.2083": {
							"post": [4.33, 0, 0],
							"lerp_mode": "catmullrom"
						},
						"4.5833": {
							"post": [4.1, 0, 0],
							"lerp_mode": "catmullrom"
						},
						"5.0833": {
							"post": [0.81, 0, 0],
							"lerp_mode": "catmullrom"
						},
						"6.0": {
							"post": [0, 0, 0],
							"lerp_mode": "catmullrom"
						}
					},
					"position": {
						"0.0": {
							"post": [0, 0, 0],
							"lerp_mode": "catmullrom"
						},
						"0.5": {
							"post": [0, -1, 0],
							"lerp_mode": "catmullrom"
						},
						"0.875": {
							"post": [0, -2.75, 0],
							"lerp_mode": "catmullrom"
						},
						"1.25": {
							"post": [0, -3, 0],
							"lerp_mode": "catmullrom"
						},
						"1.7917": {
							"post": [0, 2, 0],
							"lerp_mode": "catmullrom"
						},
						"2.2083": {
							"post": [0, 2, 0],
							"lerp_mode": "catmullrom"
						},
						"3.0417": {
							"post": [0, -2, 0],
							"lerp_mode": "catmullrom"
						},
						"3.5417": {
							"post": [0, 2.75, 0],
							"lerp_mode": "catmullrom"
						},
						"3.9583": {
							"post": [0, 2.75, 0],
							"lerp_mode": "catmullrom"
						},
						"4.9583": {
							"post": [0, -0.4, 0],
							"lerp_mode": "catmullrom"
						},
						"6.2917": {
							"post": [0, 0, 0],
							"lerp_mode": "catmullrom"
						}
					}
				},
				"wing_open_right": {
					"rotation": {
						"0.0": {
							"post": [0, 0, 0],
							"lerp_mode": "catmullrom"
						},
						"0.375": {
							"post": [0, 0.3, 0],
							"lerp_mode": "catmullrom"
						},
						"0.7917": {
							"post": [-5, -3.3, 34.5],
							"lerp_mode": "catmullrom"
						},
						"1.1667": {
							"post": [-5, -8.3, 34.5],
							"lerp_mode": "catmullrom"
						},
						"1.625": {
							"post": [10, -4.1, -48],
							"lerp_mode": "catmullrom"
						},
						"1.875": {
							"post": [20, 0, -41],
							"lerp_mode": "catmullrom"
						},
						"2.3333": {
							"post": [7.4, 0, 6],
							"lerp_mode": "catmullrom"
						},
						"2.9167": {
							"post": [-5, -8.3, 34.5],
							"lerp_mode": "catmullrom"
						},
						"3.375": {
							"post": [10, -4.1, -48],
							"lerp_mode": "catmullrom"
						},
						"3.625": {
							"post": [20, 0, -41],
							"lerp_mode": "catmullrom"
						},
						"4.0833": {
							"post": [7.4, 0, 6],
							"lerp_mode": "catmullrom"
						},
						"4.7083": {
							"post": [0, 0, 0],
							"lerp_mode": "catmullrom"
						}
					},
					"position": {
						"0.0": {
							"post": [0, 0, 0],
							"lerp_mode": "catmullrom"
						},
						"0.375": {
							"post": [0, 0, 0],
							"lerp_mode": "catmullrom"
						},
						"0.7917": {
							"post": [0, 0.4, 0],
							"lerp_mode": "catmullrom"
						},
						"1.1667": {
							"post": [0, 0.4, 0],
							"lerp_mode": "catmullrom"
						},
						"1.625": {
							"post": [0, -0.7, 0],
							"lerp_mode": "catmullrom"
						},
						"1.875": {
							"post": [0, -0.5, 0],
							"lerp_mode": "catmullrom"
						},
						"2.3333": {
							"post": [0, 0.05, 0],
							"lerp_mode": "catmullrom"
						},
						"2.9167": {
							"post": [0, 0.2, 0],
							"lerp_mode": "catmullrom"
						},
						"3.375": {
							"post": [0, -0.7, 0],
							"lerp_mode": "catmullrom"
						},
						"3.625": {
							"post": [0, -0.5, 0],
							"lerp_mode": "catmullrom"
						},
						"4.0833": {
							"post": [0, 0.4, 0],
							"lerp_mode": "catmullrom"
						},
						"5.0": {
							"post": [0, 0, 0],
							"lerp_mode": "catmullrom"
						}
					}
				},
				"wing_open_right2": {
					"rotation": {
						"0.0": {
							"post": [0, 0, 0],
							"lerp_mode": "catmullrom"
						},
						"0.4583": {
							"post": [0, 6.2, -10],
							"lerp_mode": "catmullrom"
						},
						"0.75": {
							"post": [0, 17.4, -17.5],
							"lerp_mode": "catmullrom"
						},
						"1.375": {
							"post": [0, -5, 27.5],
							"lerp_mode": "catmullrom"
						},
						"1.7083": {
							"post": [0, -3, -25],
							"lerp_mode": "catmullrom"
						},
						"2.125": {
							"post": [0, 0, -42.5],
							"lerp_mode": "catmullrom"
						},
						"2.4583": {
							"post": [0, 0, 7],
							"lerp_mode": "catmullrom"
						},
						"3.125": {
							"post": [0, -5, 27.5],
							"lerp_mode": "catmullrom"
						},
						"3.4583": {
							"post": [0, -3, -25],
							"lerp_mode": "catmullrom"
						},
						"3.875": {
							"post": [0, 0, -42.5],
							"lerp_mode": "catmullrom"
						},
						"4.2083": {
							"post": [0, 0, 7],
							"lerp_mode": "catmullrom"
						},
						"4.8333": {
							"post": [0, 0, 0],
							"lerp_mode": "catmullrom"
						}
					}
				},
				"wing_open_right3": {
					"rotation": {
						"0.0": {
							"post": [0, 0, 0],
							"lerp_mode": "catmullrom"
						},
						"0.3333": {
							"post": [0, 3.9, -15],
							"lerp_mode": "catmullrom"
						},
						"0.6667": {
							"post": [0, 6.1, -30],
							"lerp_mode": "catmullrom"
						},
						"1.125": {
							"post": [0, 0, 10],
							"lerp_mode": "catmullrom"
						},
						"1.5": {
							"post": [0, -2.8, 15.56],
							"lerp_mode": "catmullrom"
						},
						"1.7917": {
							"post": [0, 6.7, -30],
							"lerp_mode": "catmullrom"
						},
						"2.2917": {
							"post": [0, 5, -40],
							"lerp_mode": "catmullrom"
						},
						"2.875": {
							"post": [0, 0, 10],
							"lerp_mode": "catmullrom"
						},
						"3.25": {
							"post": [0, -2.8, 15.56],
							"lerp_mode": "catmullrom"
						},
						"3.5417": {
							"post": [0, 6.7, -30],
							"lerp_mode": "catmullrom"
						},
						"4.0417": {
							"post": [0, 5, -40],
							"lerp_mode": "catmullrom"
						},
						"4.375": {
							"post": [0, 0, 20],
							"lerp_mode": "catmullrom"
						},
						"5.2083": {
							"post": [0, 0, 0],
							"lerp_mode": "catmullrom"
						}
					}
				},
				"wing_open_left": {
					"rotation": {
						"0.0": {
							"post": [0, 0, 0],
							"lerp_mode": "catmullrom"
						},
						"0.375": {
							"post": [0, -0.3, 0],
							"lerp_mode": "catmullrom"
						},
						"0.7917": {
							"post": [-5, 3.3, -34.5],
							"lerp_mode": "catmullrom"
						},
						"1.1667": {
							"post": [-5, 8.3, -34.5],
							"lerp_mode": "catmullrom"
						},
						"1.625": {
							"post": [10, 4.1, 48],
							"lerp_mode": "catmullrom"
						},
						"1.875": {
							"post": [20, 0, 41],
							"lerp_mode": "catmullrom"
						},
						"2.3333": {
							"post": [7.4, 0, -6],
							"lerp_mode": "catmullrom"
						},
						"2.9167": {
							"post": [-5, 8.3, -34.5],
							"lerp_mode": "catmullrom"
						},
						"3.375": {
							"post": [10, 4.1, 48],
							"lerp_mode": "catmullrom"
						},
						"3.625": {
							"post": [20, 0, 41],
							"lerp_mode": "catmullrom"
						},
						"4.0833": {
							"post": [7.4, 0, -6],
							"lerp_mode": "catmullrom"
						},
						"4.7083": {
							"post": [0, 0, 0],
							"lerp_mode": "catmullrom"
						}
					},
					"position": {
						"0.0": {
							"post": [0, 0, 0],
							"lerp_mode": "catmullrom"
						},
						"0.375": {
							"post": [0, 0, 0],
							"lerp_mode": "catmullrom"
						},
						"0.7917": {
							"post": [0, 0.4, 0],
							"lerp_mode": "catmullrom"
						},
						"1.1667": {
							"post": [0, 0.4, 0],
							"lerp_mode": "catmullrom"
						},
						"1.625": {
							"post": [0, -0.7, 0],
							"lerp_mode": "catmullrom"
						},
						"1.875": {
							"post": [0, -0.5, 0],
							"lerp_mode": "catmullrom"
						},
						"2.3333": {
							"post": [0, 0.05, 0],
							"lerp_mode": "catmullrom"
						},
						"2.9167": {
							"post": [0, 0.2, 0],
							"lerp_mode": "catmullrom"
						},
						"3.375": {
							"post": [0, -0.7, 0],
							"lerp_mode": "catmullrom"
						},
						"3.625": {
							"post": [0, -0.5, 0],
							"lerp_mode": "catmullrom"
						},
						"4.0833": {
							"post": [0, 0.4, 0],
							"lerp_mode": "catmullrom"
						},
						"5.0": {
							"post": [0, 0, 0],
							"lerp_mode": "catmullrom"
						}
					}
				},
				"wing_open_left2": {
					"rotation": {
						"0.0": {
							"post": [0, 0, 0],
							"lerp_mode": "catmullrom"
						},
						"0.4583": {
							"post": [0, -6.2, 10],
							"lerp_mode": "catmullrom"
						},
						"0.75": {
							"post": [0, -17.4, 17.5],
							"lerp_mode": "catmullrom"
						},
						"1.375": {
							"post": [0, 5, -27.5],
							"lerp_mode": "catmullrom"
						},
						"1.7083": {
							"post": [0, 3, 25],
							"lerp_mode": "catmullrom"
						},
						"2.125": {
							"post": [0, 0, 42.5],
							"lerp_mode": "catmullrom"
						},
						"2.4583": {
							"post": [0, 0, -7],
							"lerp_mode": "catmullrom"
						},
						"3.125": {
							"post": [0, 5, -27.5],
							"lerp_mode": "catmullrom"
						},
						"3.4583": {
							"post": [0, 3, 25],
							"lerp_mode": "catmullrom"
						},
						"3.875": {
							"post": [0, 0, 42.5],
							"lerp_mode": "catmullrom"
						},
						"4.2083": {
							"post": [0, 0, -7],
							"lerp_mode": "catmullrom"
						},
						"4.8333": {
							"post": [0, 0, 0],
							"lerp_mode": "catmullrom"
						}
					}
				},
				"wing_open_left3": {
					"rotation": {
						"0.0": {
							"post": [0, 0, 0],
							"lerp_mode": "catmullrom"
						},
						"0.3333": {
							"post": [0, -3.9, 15],
							"lerp_mode": "catmullrom"
						},
						"0.6667": {
							"post": [0, -6.1, 30],
							"lerp_mode": "catmullrom"
						},
						"1.125": {
							"post": [0, 0, -10],
							"lerp_mode": "catmullrom"
						},
						"1.5": {
							"post": [0, 2.8, -15.56],
							"lerp_mode": "catmullrom"
						},
						"1.7917": {
							"post": [0, -6.7, 30],
							"lerp_mode": "catmullrom"
						},
						"2.2917": {
							"post": [0, -5, 40],
							"lerp_mode": "catmullrom"
						},
						"2.875": {
							"post": [0, 0, -10],
							"lerp_mode": "catmullrom"
						},
						"3.25": {
							"post": [0, 2.8, -15.56],
							"lerp_mode": "catmullrom"
						},
						"3.5417": {
							"post": [0, -6.7, 30],
							"lerp_mode": "catmullrom"
						},
						"4.0417": {
							"post": [0, -5, 40],
							"lerp_mode": "catmullrom"
						},
						"4.375": {
							"post": [0, 0, -20],
							"lerp_mode": "catmullrom"
						},
						"5.2083": {
							"post": [0, 0, 0],
							"lerp_mode": "catmullrom"
						}
					}
				},
				"fire": {
					"rotation": {
						"0.0": {
							"post": [0, 0, 0],
							"lerp_mode": "catmullrom"
						},
						"0.875": {
							"post": [2.5, 0, 0],
							"lerp_mode": "catmullrom"
						},
						"1.5": {
							"post": [0, 0, 0],
							"lerp_mode": "catmullrom"
						},
						"2.1667": {
							"post": [-10, 0, 0],
							"lerp_mode": "catmullrom"
						},
						"3.25": {
							"post": [0, 0, 0],
							"lerp_mode": "catmullrom"
						},
						"3.9167": {
							"post": [-10, 0, 0],
							"lerp_mode": "catmullrom"
						},
						"4.7083": {
							"post": [2.5, 0, 0],
							"lerp_mode": "catmullrom"
						},
						"5.9583": {
							"post": [0, 0, 0],
							"lerp_mode": "catmullrom"
						}
					}
				},
				"neck": {
					"rotation": {
						"0.0": {
							"post": [0, 0, 0],
							"lerp_mode": "catmullrom"
						},
						"0.7917": {
							"post": [10, 0, 0],
							"lerp_mode": "catmullrom"
						},
						"1.3333": {
							"post": [0, 0, 0],
							"lerp_mode": "catmullrom"
						},
						"1.7917": {
							"post": [-5, 0, 0],
							"lerp_mode": "catmullrom"
						},
						"3.0833": {
							"post": [0, 0, 0],
							"lerp_mode": "catmullrom"
						},
						"3.5417": {
							"post": [-5, 0, 0],
							"lerp_mode": "catmullrom"
						},
						"4.4583": {
							"post": [1.9, 0, 0],
							"lerp_mode": "catmullrom"
						},
						"5.0833": {
							"post": [1.2, 0, 0],
							"lerp_mode": "catmullrom"
						},
						"5.6667": {
							"post": [0, 0, 0],
							"lerp_mode": "catmullrom"
						}
					}
				},
				"head": {
					"rotation": {
						"0.0": {
							"post": [0, 0, 0],
							"lerp_mode": "catmullrom"
						},
						"0.3333": {
							"post": [-2.5, 0, 0],
							"lerp_mode": "catmullrom"
						},
						"0.7917": {
							"post": [-5, 0, 0],
							"lerp_mode": "catmullrom"
						},
						"1.0833": {
							"post": [-3.31, 0, 0],
							"lerp_mode": "catmullrom"
						},
						"1.5": {
							"post": [0.25, 0, 0],
							"lerp_mode": "catmullrom"
						},
						"2.1667": {
							"post": [2.49, 0, 0],
							"lerp_mode": "catmullrom"
						},
						"2.8333": {
							"post": [-3.31, 0, 0],
							"lerp_mode": "catmullrom"
						},
						"3.25": {
							"post": [0.25, 0, 0],
							"lerp_mode": "catmullrom"
						},
						"3.9167": {
							"post": [2.49, 0, 0],
							"lerp_mode": "catmullrom"
						},
						"4.375": {
							"post": [2.49, 0, 0],
							"lerp_mode": "catmullrom"
						},
						"5.0833": {
							"post": [0.5, 0, 0],
							"lerp_mode": "catmullrom"
						},
						"5.625": {
							"post": [0, 0, 0],
							"lerp_mode": "catmullrom"
						}
					}
				},
				"foot_right": {
					"rotation": {
						"0.0": {
							"post": [0, 0, 0],
							"lerp_mode": "catmullrom"
						},
						"0.2083": {
							"post": [0, 0, 0],
							"lerp_mode": "catmullrom"
						},
						"0.7083": {
							"post": [5, 0, 0],
							"lerp_mode": "catmullrom"
						},
						"1.2083": {
							"post": [-5, 0, 0],
							"lerp_mode": "catmullrom"
						},
						"1.875": {
							"post": [-20, 0, 0],
							"lerp_mode": "catmullrom"
						},
						"2.9583": {
							"post": [-5, 0, 0],
							"lerp_mode": "catmullrom"
						},
						"3.625": {
							"post": [-20, 0, 0],
							"lerp_mode": "catmullrom"
						},
						"4.5833": {
							"post": [2, 0, 0],
							"lerp_mode": "catmullrom"
						},
						"5.3333": {
							"post": [-1, 0, 0],
							"lerp_mode": "catmullrom"
						},
						"5.7917": {
							"post": [0, 0, 0],
							"lerp_mode": "catmullrom"
						}
					}
				},
				"foot_left": {
					"rotation": {
						"0.0": {
							"post": [0, 0, 0],
							"lerp_mode": "catmullrom"
						},
						"0.2083": {
							"post": [0, 0, 0],
							"lerp_mode": "catmullrom"
						},
						"0.7083": {
							"post": [5, 0, 0],
							"lerp_mode": "catmullrom"
						},
						"1.2083": {
							"post": [-5, 0, 0],
							"lerp_mode": "catmullrom"
						},
						"1.875": {
							"post": [-20, 0, 0],
							"lerp_mode": "catmullrom"
						},
						"2.9583": {
							"post": [-5, 0, 0],
							"lerp_mode": "catmullrom"
						},
						"3.625": {
							"post": [-20, 0, 0],
							"lerp_mode": "catmullrom"
						},
						"4.5833": {
							"post": [2, 0, 0],
							"lerp_mode": "catmullrom"
						},
						"5.3333": {
							"post": [-1, 0, 0],
							"lerp_mode": "catmullrom"
						},
						"5.7917": {
							"post": [0, 0, 0],
							"lerp_mode": "catmullrom"
						}
					}
				},
				"wing_closed_right": {
					"scale": 1
				}
			}
		},
		"animation.articuno.sleep": {
			"loop": true,
			"bones": {
				"head": {
					"rotation": [42.5, 0, 0],
					"position": [0, 0.03139, -0.08721]
				},
				"torso": {
					"rotation": [-37.5, 0, 0],
					"position": [0, -0.48, -1.33]
				},
				"fire": {
					"rotation": [52.5, 0, 0]
				},
				"wing_open_right": {
					"scale": 0
				},
				"leg_right": {
					"rotation": [0, 15, 0],
					"position": [0, -1.1, 0]
				},
				"leg_right2": {
					"rotation": [7.5, 0, 0]
				},
				"leg_right3": {
					"rotation": [0, 0, 0],
					"position": [0, 7.93156, 1.04421]
				},
				"leg_right4": {
					"rotation": [-25, 0, 0]
				},
				"foot_right": {
					"rotation": [17.5, 0, 0]
				},
				"wing_closed_left": {
					"rotation": [90, 15, 90],
					"position": [-0.01528, -0.72, -5.6237]
				},
				"wing_closed_left2": {
					"rotation": [0, -15, 0],
					"position": [0.51764, 0, -1.93185]
				},
				"wing_closed_left3": {
					"rotation": [42.5, 0, 0]
				},
				"wing_closed_left4": {
					"rotation": [18.07779, -14.2906, -4.60659]
				},
				"toe_inner_right3": {
					"rotation": [0, -25, 0]
				},
				"toe_inner_right2": {
					"rotation": [0, 25, 0]
				},
				"leg_left": {
					"rotation": [0, -15, 0],
					"position": [0, -1.1, 0]
				},
				"leg_left2": {
					"rotation": [7.5, 0, 0]
				},
				"leg_left3": {
					"rotation": [0, 0, 0],
					"position": [0, 7.93156, 1.04421]
				},
				"leg_left4": {
					"rotation": [-25, 0, 0]
				},
				"foot_left": {
					"rotation": [17.5, 0, 0]
				},
				"toe_inner_left3": {
					"rotation": [0, 25, 0]
				},
				"toe_inner_left2": {
					"rotation": [0, -25, 0]
				},
				"wing_open_left": {
					"scale": "0"
				},
				"body": {
					"position": [0, -8, 0]
				},
				"eyelid_left": {
					"position": [0.1, 0, -0.1]
				},
				"eyelid_right": {
					"position": [-0.1, 0, -0.1]
				},
				"wing_closed_right": {
					"rotation": [90, -15, -90],
					"position": [0.01528, -0.72, -5.6237]
				},
				"wing_closed_right2": {
					"rotation": [0, 15, 0],
					"position": [-0.51764, 0, -1.93185]
				},
				"wing_closed_right3": {
					"rotation": [42.5, 0, 0]
				},
				"wing_closed_right4": {
					"rotation": [18.29388, 16.66577, 5.41615]
				}
			}
		},
		"animation.articuno.cry": {
			"animation_length": 1.0833,
			"bones": {
				"neck": {
					"rotation": {
						"0.0": {
							"post": [0, 0, 0],
							"lerp_mode": "catmullrom"
						},
						"0.2083": {
							"post": [-10, 0, 0],
							"lerp_mode": "catmullrom"
						},
						"0.5": {
							"post": [2.5, 0, 0],
							"lerp_mode": "catmullrom"
						},
						"0.625": {
							"post": [0, 0, 0],
							"lerp_mode": "catmullrom"
						},
						"0.8333": {
							"post": [0, 0, 0],
							"lerp_mode": "catmullrom"
						}
					},
					"position": {
						"0.0": {
							"post": [0, 0, 0],
							"lerp_mode": "catmullrom"
						},
						"0.8333": {
							"post": [0, 0, 0],
							"lerp_mode": "catmullrom"
						}
					}
				},
				"head": {
					"rotation": {
						"0.0": {
							"post": [0, 0, 0],
							"lerp_mode": "catmullrom"
						},
						"0.2083": {
							"post": [7.5, 0, 0],
							"lerp_mode": "catmullrom"
						},
						"0.5": {
							"post": [-2.94, 0, 0],
							"lerp_mode": "catmullrom"
						},
						"0.8333": {
							"post": [0, 0, 0],
							"lerp_mode": "catmullrom"
						}
					},
					"position": {
						"0.0": {
							"post": [0, 0, 0],
							"lerp_mode": "catmullrom"
						},
						"0.8333": {
							"post": [0, 0, 0],
							"lerp_mode": "catmullrom"
						}
					}
				},
				"jaw": {
					"rotation": {
						"0.0": {
							"post": [0, 0, 0],
							"lerp_mode": "catmullrom"
						},
						"0.2083": {
							"post": [45, 0, 0],
							"lerp_mode": "catmullrom"
						},
						"0.4167": {
							"post": [45, 0, 0],
							"lerp_mode": "catmullrom"
						},
						"0.5": {
							"post": [0, 0, 0],
							"lerp_mode": "catmullrom"
						},
						"0.5833": {
							"post": [47.5, 0, 0],
							"lerp_mode": "catmullrom"
						},
						"0.8333": {
							"post": [0, 0, 0],
							"lerp_mode": "catmullrom"
						}
					},
					"position": {
						"0.0": {
							"post": [0, 0, 0],
							"lerp_mode": "catmullrom"
						},
						"0.8333": {
							"post": [0, 0, 0],
							"lerp_mode": "catmullrom"
						}
					}
				}
			}
		},
		"animation.articuno.recoil": {
			"animation_length": 1.5,
			"bones": {
				"torso2": {
					"rotation": {
						"0.0": [0, 0, 0],
						"0.0833": [4.98, 0, 0],
						"0.4167": {
							"pre": [0, 0, 0],
							"post": [0, 0, 0],
							"lerp_mode": "catmullrom"
						},
						"0.7083": {
							"post": [1.5, 0, 0],
							"lerp_mode": "catmullrom"
						},
						"1.4167": [0, 0, 0]
					}
				},
				"neck2": {
					"rotation": {
						"0.0": [0, 0, 0],
						"0.125": {
							"pre": [5, 0, 0],
							"post": [5, 0, 0],
							"lerp_mode": "catmullrom"
						},
						"0.5": {
							"post": [14.85, 0, 0],
							"lerp_mode": "catmullrom"
						},
						"1.1667": [0, 0, 0]
					}
				},
				"arm_right": {
					"rotation": {
						"0.0": [0, 0, 0],
						"0.125": {
							"pre": [0, -30, 0],
							"post": [0, -30, 0],
							"lerp_mode": "catmullrom"
						},
						"0.9167": {
							"post": [0, 0, 0],
							"lerp_mode": "catmullrom"
						},
						"1.2917": [0, 0, 0]
					}
				},
				"forearm_right": {
					"rotation": {
						"0.0": [0, 0, 0],
						"0.375": [0, -17.5, 0],
						"1.125": [0, 0, 0]
					}
				},
				"arm_left": {
					"rotation": {
						"0.0": [0, 0, 0],
						"0.125": {
							"pre": [0, 30, 0],
							"post": [0, 30, 0],
							"lerp_mode": "catmullrom"
						},
						"0.9167": {
							"post": [0, 0, 0],
							"lerp_mode": "catmullrom"
						},
						"1.2917": [0, 0, 0]
					}
				},
				"forearm_left": {
					"rotation": {
						"0.0": [0, 0, 0],
						"0.375": [0, 17.5, 0],
						"1.125": [0, 0, 0]
					}
				},
				"torso": {
					"rotation": {
						"0.0": [0, 0, 0],
						"0.125": [-12, 0, 0],
						"0.4583": {
							"pre": [2.24067, 0, 0],
							"post": [2.24067, 0, 0],
							"lerp_mode": "catmullrom"
						},
						"0.8333": {
							"post": [2.24067, 0, 0],
							"lerp_mode": "catmullrom"
						},
						"1.2917": [0, 0, 0]
					}
				},
				"fire": {
					"rotation": {
						"0.0": [0, 0, 0],
						"0.1667": {
							"pre": [17.5, 0, 0],
							"post": [17.5, 0, 0],
							"lerp_mode": "catmullrom"
						},
						"0.625": {
							"post": [15.38, 0, 0],
							"lerp_mode": "catmullrom"
						},
						"1.3333": [0, 0, 0]
					}
				},
				"neck": {
					"rotation": {
						"0.0": [0, 0, 0],
						"0.0833": {
							"pre": [-25, 0, 0],
							"post": [-25, 0, 0],
							"lerp_mode": "catmullrom"
						},
						"0.625": {
							"post": [-12.5, 0, 0],
							"lerp_mode": "catmullrom"
						},
						"1.125": {
							"post": [0, 0, 0],
							"lerp_mode": "catmullrom"
						},
						"1.5": [0, 0, 0]
					},
					"position": {
						"0.0": [0, 0, 0],
						"0.0833": [0, -2.2505, -0.49774],
						"1.125": [0, 0, 0]
					}
				},
				"head": {
					"rotation": {
						"0.0": [0, 0, 0],
						"0.125": {
							"pre": [10, 0, 0],
							"post": [10, 0, 0],
							"lerp_mode": "catmullrom"
						},
						"0.25": {
							"post": [-10, 0, 0],
							"lerp_mode": "catmullrom"
						},
						"0.5833": {
							"post": [-10, 0, 0],
							"lerp_mode": "catmullrom"
						},
						"0.9583": {
							"post": [0, 0, 0],
							"lerp_mode": "catmullrom"
						},
						"1.3333": [0, 0, 0]
					}
				},
				"eyelid_left": {
					"position": {
						"0.0": [0.1, 0, -0.02],
						"0.125": [0.1, 0, -0.02],
						"0.1667": [0, 0, 0]
					}
				},
				"eyelid_right": {
					"position": {
						"0.0": [-0.1, 0, -0.02],
						"0.125": [-0.1, 0, -0.02],
						"0.1667": [0, 0, 0]
					}
				}
			}
		},
		"animation.articuno.blink": {
			"animation_length": 0.1667,
			"bones": {
				"eyelid_left": {
					"position": {
						"0.0": [0.1, 0, -0.02],
						"0.125": [0, 0, 0],
						"0.1667": [0.1, 0, -0.02]
					}
				},
				"eyelid_right": {
					"position": {
						"0.0": [-0.1, 0, -0.02],
						"0.125": [0, 0, 0],
						"0.1667": [-0.1, 0, -0.02]
					}
				}
			}
		},
		"animation.articuno.tail_layer": {
			"loop": true,
			"bones": {
				"fire03": {
					"rotation": ["(math.sin((query.anim_time) * 90 * 1-45)*15)", 0, 0]
				},
				"fire04": {
					"rotation": ["math.sin((query.anim_time) * 90 * 1-90)*35", 0, 0]
				},
				"fire05": {
					"rotation": ["(math.sin((query.anim_time) * 90 * 1-180)*20)", 0, 0]
				},
				"fire06": {
					"rotation": ["math.sin((query.anim_time) * 90 * 1-180-45)*20*2", 0, 0]
				},
				"fire07": {
					"rotation": ["math.sin((query.anim_time) * 90 * 1-180-90)*20*2", 0, 0]
				},
				"fire08": {
					"rotation": ["math.sin((query.anim_time) * 90 * 1-180-90-45)*40*1.5", 0, 0]
				},
				"fire09": {
					"rotation": ["math.sin((query.anim_time) * 90 * 1)*40*1.5", 0, 0]
				},
				"fire10": {
					"rotation": ["math.sin((query.anim_time) * 90 * 1-45)*40*1.5", 0, 0]
				},
				"fire11": {
					"rotation": ["math.sin((query.anim_time) * 90 * 1-90)*40*1.5", 0, 0]
				},
				"fire12": {
					"rotation": ["math.sin((query.anim_time) * 90 * 1-90-45)*40*1.5", 0, 0]
				},
				"fire13": {
					"rotation": ["math.sin((query.anim_time) * 90 * 1-180)*40*1.5", 0, 0]
				},
				"fire14": {
					"rotation": ["math.sin((query.anim_time) * 90 * 1-180-45)*40*1.5", 0, 0]
				},
				"fire15": {
					"rotation": ["math.sin((query.anim_time) * 90 * 1-270)*40*1.5", 0, 0]
				},
				"fire16": {
					"rotation": ["math.sin((query.anim_time) * 90 * 1-270-45)*40*1.5", 0, 0]
				}
			}
		}
	}
}