{
	"format_version": "1.8.0",
	"animations": {
		"animation.fluttermane.ground_idle": {
			"loop": true,
			"animation_length": 4,
			"bones": {
				"head_main": {
					"rotation": {
						"0.0": {
							"post": [6.01, 0, 0],
							"lerp_mode": "catmullrom"
						},
						"1.5": {
							"post": [8, 0, 0],
							"lerp_mode": "catmullrom"
						},
						"4.0": {
							"post": [6.01, 0, 0],
							"lerp_mode": "catmullrom"
						}
					},
					"position": {
						"0.0": {
							"post": [0, -2.25, 1],
							"lerp_mode": "catmullrom"
						},
						"1.5": {
							"post": [0, 0.8, 1],
							"lerp_mode": "catmullrom"
						},
						"4.0": {
							"post": [0, -2.25, 1],
							"lerp_mode": "catmullrom"
						}
					}
				},
				"head": {
					"rotation": {
						"0.0": {
							"post": [-3, 0, 0],
							"lerp_mode": "catmullrom"
						},
						"1.5": {
							"post": [1, 0, 0],
							"lerp_mode": "catmullrom"
						},
						"4.0": {
							"post": [-3, 0, 0],
							"lerp_mode": "catmullrom"
						}
					}
				},
				"face_feather": {
					"rotation": ["-19-math.sin((query.anim_time) * 90 * 4 ) * 2 ", 0, "0+math.sin((query.anim_time) * 90 * 4 ) * 3"],
					"position": [0, 0, 0]
				},
				"hair_top_R": {
					"rotation": {
						"0.0": {
							"post": [0.96138, -0.11174, 0.25058],
							"lerp_mode": "catmullrom"
						},
						"0.2": {
							"post": [1.92227, -0.22768, 0.49924],
							"lerp_mode": "catmullrom"
						},
						"1.0": {
							"post": [1.92227, -0.22768, 0.49924],
							"lerp_mode": "catmullrom"
						},
						"1.2": {
							"post": [0.96138, -0.11174, 0.25058],
							"lerp_mode": "catmullrom"
						},
						"2.0": {
							"post": [0.96138, -0.11174, 0.25058],
							"lerp_mode": "catmullrom"
						},
						"2.2": {
							"post": [1.92227, -0.22768, 0.49924],
							"lerp_mode": "catmullrom"
						},
						"3.0": {
							"post": [1.92227, -0.22768, 0.49924],
							"lerp_mode": "catmullrom"
						},
						"3.2": {
							"post": [0.96138, -0.11174, 0.25058],
							"lerp_mode": "catmullrom"
						},
						"4.0": {
							"post": [0.96138, -0.11174, 0.25058],
							"lerp_mode": "catmullrom"
						}
					},
					"position": {
						"0.0": {
							"post": [-0.01029, -0.26033, 0.15185],
							"lerp_mode": "catmullrom"
						},
						"0.2": {
							"post": [-0.01821, -0.25755, 0.14797],
							"lerp_mode": "catmullrom"
						},
						"1.0": {
							"post": [-0.01821, -0.25755, 0.14797],
							"lerp_mode": "catmullrom"
						},
						"1.2": {
							"post": [-0.01821, -0.25755, 0.14797],
							"lerp_mode": "catmullrom"
						},
						"2.0": {
							"post": [-0.01821, -0.25755, 0.14797],
							"lerp_mode": "catmullrom"
						},
						"2.2": {
							"post": [-0.01821, -0.25755, 0.14797],
							"lerp_mode": "catmullrom"
						},
						"3.0": {
							"post": [-0.01821, -0.25755, 0.14797],
							"lerp_mode": "catmullrom"
						},
						"3.2": {
							"post": [-0.01821, -0.25755, 0.14797],
							"lerp_mode": "catmullrom"
						},
						"4.0": {
							"post": [-0.01821, -0.25755, 0.14797],
							"lerp_mode": "catmullrom"
						}
					}
				},
				"hair_t_middle_R": {
					"rotation": {
						"0.0": {
							"post": [-22.21199, 1.35307, -6.12412],
							"lerp_mode": "catmullrom"
						},
						"0.4": {
							"post": [-15.30378, 3.65095, -1.05055],
							"lerp_mode": "catmullrom"
						},
						"1.0": {
							"post": [-15.30378, 3.65095, -1.05055],
							"lerp_mode": "catmullrom"
						},
						"1.4": {
							"post": [-15.43744, 1.1948, -4.21073],
							"lerp_mode": "catmullrom"
						},
						"2.0": {
							"post": [-22.21199, 1.35307, -6.12412],
							"lerp_mode": "catmullrom"
						},
						"2.4": {
							"post": [-15.30378, 3.65095, -1.05055],
							"lerp_mode": "catmullrom"
						},
						"3.0": {
							"post": [-15.30378, 3.65095, -1.05055],
							"lerp_mode": "catmullrom"
						},
						"3.4": {
							"post": [-15.43744, 1.1948, -4.21073],
							"lerp_mode": "catmullrom"
						},
						"4.0": {
							"post": [-22.21199, 1.35307, -6.12412],
							"lerp_mode": "catmullrom"
						}
					},
					"position": {
						"0.0": {
							"post": [-0.02743, -0.31662, 0.2429],
							"lerp_mode": "catmullrom"
						},
						"1.0": {
							"post": [-0.02225, -0.14915, 0.13591],
							"lerp_mode": "catmullrom"
						},
						"1.6": {
							"post": [-0.02743, -0.31662, 0.2429],
							"lerp_mode": "catmullrom"
						},
						"2.0": {
							"post": [-0.02743, -0.31662, 0.2429],
							"lerp_mode": "catmullrom"
						},
						"3.0": {
							"post": [-0.0236, -0.14687, 0.14006],
							"lerp_mode": "catmullrom"
						},
						"3.6": {
							"post": [-0.02743, -0.31662, 0.2429],
							"lerp_mode": "catmullrom"
						},
						"4.0": {
							"post": [-0.02743, -0.31662, 0.2429],
							"lerp_mode": "catmullrom"
						}
					}
				},
				"hair_t_t_R": {
					"rotation": {
						"0.0": {
							"post": [9.58732, 8.95059, 4.50247],
							"lerp_mode": "catmullrom"
						},
						"1.0": {
							"post": [-28.745, 8.77558, -9.57158],
							"lerp_mode": "catmullrom"
						},
						"2.0": {
							"post": [11.58732, 8.95059, 4.50247],
							"lerp_mode": "catmullrom"
						},
						"3.0": {
							"post": [-28.745, 8.77558, -9.57158],
							"lerp_mode": "catmullrom"
						},
						"4.0": {
							"post": [9.58732, 8.95059, 4.50247],
							"lerp_mode": "catmullrom"
						}
					},
					"position": {
						"0.0": {
							"post": [0.17942, -0.26234, 0.40573],
							"lerp_mode": "catmullrom"
						},
						"1.0": {
							"post": [0.34109, -0.49686, 0.20888],
							"lerp_mode": "catmullrom"
						},
						"2.0": {
							"post": [0.20484, -0.2468, 0.18271],
							"lerp_mode": "catmullrom"
						},
						"3.0": {
							"post": [0.34109, -0.49686, 0.20888],
							"lerp_mode": "catmullrom"
						},
						"4.0": {
							"post": [0.17942, -0.26234, 0.40573],
							"lerp_mode": "catmullrom"
						}
					}
				},
				"feather_t_front_R": {
					"rotation": {
						"0.0": {
							"post": [14, 0, 0],
							"lerp_mode": "catmullrom"
						},
						"0.7": {
							"post": [6.75016, -1.26373, 5.72421],
							"lerp_mode": "catmullrom"
						},
						"1.0": {
							"post": [-4.24984, -1.26373, 5.72421],
							"lerp_mode": "catmullrom"
						},
						"1.8": {
							"post": [9, 0, 0],
							"lerp_mode": "catmullrom"
						},
						"2.0": {
							"post": [14, 0, 0],
							"lerp_mode": "catmullrom"
						},
						"2.7": {
							"post": [6.75016, -1.26373, 5.72421],
							"lerp_mode": "catmullrom"
						},
						"3.0": {
							"post": [-4.24984, -1.26373, 5.72421],
							"lerp_mode": "catmullrom"
						},
						"3.8": {
							"post": [9, 0, 0],
							"lerp_mode": "catmullrom"
						},
						"4.0": {
							"post": [14, 0, 0],
							"lerp_mode": "catmullrom"
						}
					}
				},
				"feather_top_R": {
					"rotation": {
						"0.0": {
							"post": [0, 0, 0],
							"lerp_mode": "catmullrom"
						},
						"0.7": {
							"post": [1.26307, 0.77567, -1.33428],
							"lerp_mode": "catmullrom"
						},
						"1.0": {
							"post": [1.26307, 0.77567, -1.33428],
							"lerp_mode": "catmullrom"
						},
						"1.8": {
							"post": [0, 0, 0],
							"lerp_mode": "catmullrom"
						},
						"2.0": {
							"post": [0, 0, 0],
							"lerp_mode": "catmullrom"
						},
						"2.8": {
							"post": [1.26307, 0.77567, -1.33428],
							"lerp_mode": "catmullrom"
						},
						"3.0": {
							"post": [1.26307, 0.77567, -1.33428],
							"lerp_mode": "catmullrom"
						},
						"3.8": {
							"post": [0, 0, 0],
							"lerp_mode": "catmullrom"
						},
						"4.0": {
							"post": [0, 0, 0],
							"lerp_mode": "catmullrom"
						}
					}
				},
				"feather_t_r_1": {
					"rotation": {
						"0.0": {
							"post": [18.05769, 7.70898, -1.87115],
							"lerp_mode": "catmullrom"
						},
						"1.0": {
							"post": [-14, 0, 0],
							"lerp_mode": "catmullrom"
						},
						"2.0": {
							"post": [18.05769, 7.70898, -1.87115],
							"lerp_mode": "catmullrom"
						},
						"3.0": {
							"post": [-14, 0, 0],
							"lerp_mode": "catmullrom"
						},
						"4.0": {
							"post": [18.05769, 7.70898, -1.87115],
							"lerp_mode": "catmullrom"
						}
					},
					"position": {
						"0.0": {
							"post": [-0.14258, -0.14476, 0.39599],
							"lerp_mode": "catmullrom"
						},
						"1.0": {
							"post": [-0.37872, 0.12093, 0.16568],
							"lerp_mode": "catmullrom"
						},
						"2.0": {
							"post": [-0.14258, -0.14476, 0.39599],
							"lerp_mode": "catmullrom"
						},
						"3.0": {
							"post": [-0.37872, 0.12093, 0.16568],
							"lerp_mode": "catmullrom"
						},
						"4.0": {
							"post": [-0.14258, -0.14476, 0.39599],
							"lerp_mode": "catmullrom"
						}
					}
				},
				"feather_t_r_2": {
					"rotation": {
						"0.0": {
							"post": [4.83876, -0.67676, 5.92344],
							"lerp_mode": "catmullrom"
						},
						"0.5": {
							"post": [4.83876, -0.67676, 5.92344],
							"lerp_mode": "catmullrom"
						},
						"1.0": {
							"post": [-15.2292, -9.46432, -5.49761],
							"lerp_mode": "catmullrom"
						},
						"1.5": {
							"post": [-15.2292, -9.46432, -5.49761],
							"lerp_mode": "catmullrom"
						},
						"2.0": {
							"post": [4.83876, -0.67676, 5.92344],
							"lerp_mode": "catmullrom"
						},
						"2.5": {
							"post": [4.83876, -0.67676, 5.92344],
							"lerp_mode": "catmullrom"
						},
						"3.0": {
							"post": [-15.2292, -9.46432, -5.49761],
							"lerp_mode": "catmullrom"
						},
						"3.5": {
							"post": [-15.2292, -9.46432, -5.49761],
							"lerp_mode": "catmullrom"
						},
						"4.0": {
							"post": [4.83876, -0.67676, 5.92344],
							"lerp_mode": "catmullrom"
						}
					}
				},
				"hair_top_L": {
					"rotation": {
						"0.0": {
							"post": [1.92227, 0.22768, -0.49924],
							"lerp_mode": "catmullrom"
						},
						"0.2": {
							"post": [2.88266, 0.34776, -0.74593],
							"lerp_mode": "catmullrom"
						},
						"1.0": {
							"post": [2.88266, 0.34776, -0.74593],
							"lerp_mode": "catmullrom"
						},
						"1.2": {
							"post": [1.92227, 0.22768, -0.49924],
							"lerp_mode": "catmullrom"
						},
						"2.0": {
							"post": [1.92227, 0.22768, -0.49924],
							"lerp_mode": "catmullrom"
						},
						"2.2": {
							"post": [2.88266, 0.34776, -0.74593],
							"lerp_mode": "catmullrom"
						},
						"3.0": {
							"post": [2.88266, 0.34776, -0.74593],
							"lerp_mode": "catmullrom"
						},
						"3.2": {
							"post": [1.92227, 0.22768, -0.49924],
							"lerp_mode": "catmullrom"
						},
						"4.0": {
							"post": [1.92227, 0.22768, -0.49924],
							"lerp_mode": "catmullrom"
						}
					},
					"position": {
						"0.0": {
							"post": [0.01765, 0.00074, 0.00175],
							"lerp_mode": "catmullrom"
						},
						"0.2": {
							"post": [0.01765, 0.00074, 0.00175],
							"lerp_mode": "catmullrom"
						},
						"1.0": {
							"post": [0.01765, 0.00074, 0.00175],
							"lerp_mode": "catmullrom"
						},
						"1.2": {
							"post": [0.01765, 0.00074, 0.00175],
							"lerp_mode": "catmullrom"
						},
						"2.0": {
							"post": [0.01765, 0.00074, 0.00175],
							"lerp_mode": "catmullrom"
						},
						"2.2": {
							"post": [0.01765, 0.00074, 0.00175],
							"lerp_mode": "catmullrom"
						},
						"3.0": {
							"post": [0.01765, 0.00074, 0.00175],
							"lerp_mode": "catmullrom"
						},
						"3.2": {
							"post": [0.01765, 0.00074, 0.00175],
							"lerp_mode": "catmullrom"
						},
						"4.0": {
							"post": [0.01765, 0.00074, 0.00175],
							"lerp_mode": "catmullrom"
						}
					}
				},
				"hair_t_middle_L": {
					"rotation": {
						"0.0": {
							"post": [-12.21535, 1.49003, 3.31015],
							"lerp_mode": "catmullrom"
						},
						"0.4": {
							"post": [-15.30378, -3.65095, 1.05055],
							"lerp_mode": "catmullrom"
						},
						"1.0": {
							"post": [-15.30378, -3.65095, 1.05055],
							"lerp_mode": "catmullrom"
						},
						"1.4": {
							"post": [-22.21199, -1.35307, 6.12412],
							"lerp_mode": "catmullrom"
						},
						"2.0": {
							"post": [-22.21199, -1.35307, 6.12412],
							"lerp_mode": "catmullrom"
						},
						"2.4": {
							"post": [-15.30378, -3.65095, 1.05055],
							"lerp_mode": "catmullrom"
						},
						"3.0": {
							"post": [-15.30378, -3.65095, 1.05055],
							"lerp_mode": "catmullrom"
						},
						"3.4": {
							"post": [-22.21199, -1.35307, 6.12412],
							"lerp_mode": "catmullrom"
						},
						"4.0": {
							"post": [-12.21535, 1.49003, 3.31015],
							"lerp_mode": "catmullrom"
						}
					},
					"position": {
						"0.0": {
							"post": [0.03836, -0.28115, 0.35641],
							"lerp_mode": "catmullrom"
						},
						"1.0": {
							"post": [0.03642, -0.48591, 0.34889],
							"lerp_mode": "catmullrom"
						},
						"1.6": {
							"post": [0.03836, -0.48115, 0.35641],
							"lerp_mode": "catmullrom"
						},
						"2.0": {
							"post": [0.03836, -0.48115, 0.35641],
							"lerp_mode": "catmullrom"
						},
						"3.0": {
							"post": [0.03456, -0.30519, 0.26296],
							"lerp_mode": "catmullrom"
						},
						"3.6": {
							"post": [0.03836, -0.48115, 0.35641],
							"lerp_mode": "catmullrom"
						},
						"4.0": {
							"post": [0.03836, -0.28115, 0.35641],
							"lerp_mode": "catmullrom"
						}
					}
				},
				"hair_t_t_L": {
					"rotation": {
						"0.0": {
							"post": [9.58732, -8.95059, -4.50247],
							"lerp_mode": "catmullrom"
						},
						"1.0": {
							"post": [-22.85249, -8.03005, 7.70763],
							"lerp_mode": "catmullrom"
						},
						"2.0": {
							"post": [9.58732, -8.95059, -4.50247],
							"lerp_mode": "catmullrom"
						},
						"3.0": {
							"post": [-22.85249, -8.03005, 7.70763],
							"lerp_mode": "catmullrom"
						},
						"4.0": {
							"post": [9.58732, -8.95059, -4.50247],
							"lerp_mode": "catmullrom"
						}
					},
					"position": {
						"0.0": {
							"post": [0.13012, 0.05535, -0.00248],
							"lerp_mode": "catmullrom"
						},
						"2.0": {
							"post": [0.13012, 0.05535, -0.00248],
							"lerp_mode": "catmullrom"
						},
						"4.0": {
							"post": [0.13012, 0.05535, -0.00248],
							"lerp_mode": "catmullrom"
						}
					}
				},
				"feather_t_front_L": {
					"rotation": {
						"0.0": {
							"post": [13.12637, -6.65581, -2.1729],
							"lerp_mode": "catmullrom"
						},
						"0.7": {
							"post": [-3.28891, -1.82719, -6.09501],
							"lerp_mode": "catmullrom"
						},
						"1.0": {
							"post": [-9.30635, 6.15961, -6.55515],
							"lerp_mode": "catmullrom"
						},
						"1.8": {
							"post": [5.1018, -4.6712, -1.92401],
							"lerp_mode": "catmullrom"
						},
						"2.0": {
							"post": [13.12637, -6.65581, -2.1729],
							"lerp_mode": "catmullrom"
						},
						"2.7": {
							"post": [-3.28891, -1.82719, -6.09501],
							"lerp_mode": "catmullrom"
						},
						"3.0": {
							"post": [-9.30635, 6.15961, -6.55515],
							"lerp_mode": "catmullrom"
						},
						"3.8": {
							"post": [5.1018, -4.6712, -1.92401],
							"lerp_mode": "catmullrom"
						},
						"4.0": {
							"post": [13.12637, -6.65581, -2.1729],
							"lerp_mode": "catmullrom"
						}
					}
				},
				"feather_top_L": {
					"rotation": {
						"0.0": {
							"post": [0, 0, 0],
							"lerp_mode": "catmullrom"
						},
						"0.8": {
							"post": [1.26735, -0.74767, 1.34636],
							"lerp_mode": "catmullrom"
						},
						"1.0": {
							"post": [1.26735, -0.74767, 1.34636],
							"lerp_mode": "catmullrom"
						},
						"1.8": {
							"post": [0, 0, 0],
							"lerp_mode": "catmullrom"
						},
						"2.0": {
							"post": [0, 0, 0],
							"lerp_mode": "catmullrom"
						},
						"2.8": {
							"post": [1.26735, -0.74767, 1.34636],
							"lerp_mode": "catmullrom"
						},
						"3.0": {
							"post": [1.26735, -0.74767, 1.34636],
							"lerp_mode": "catmullrom"
						},
						"3.8": {
							"post": [0, 0, 0],
							"lerp_mode": "catmullrom"
						},
						"4.0": {
							"post": [0, 0, 0],
							"lerp_mode": "catmullrom"
						}
					}
				},
				"feather_t_L_3": {
					"rotation": {
						"0.0": {
							"post": [24.3085, -9.30227, 0.74138],
							"lerp_mode": "catmullrom"
						},
						"1.0": {
							"post": [-14, 0, 0],
							"lerp_mode": "catmullrom"
						},
						"2.0": {
							"post": [24.3085, -9.30227, 0.74138],
							"lerp_mode": "catmullrom"
						},
						"3.0": {
							"post": [-14, 0, 0],
							"lerp_mode": "catmullrom"
						},
						"4.0": {
							"post": [24.3085, -9.30227, 0.74138],
							"lerp_mode": "catmullrom"
						}
					},
					"position": {
						"0.0": {
							"post": [0.50678, -0.43669, 0.63002],
							"lerp_mode": "catmullrom"
						},
						"1.0": {
							"post": [0, 0, 0],
							"lerp_mode": "catmullrom"
						},
						"2.0": {
							"post": [0.50678, -0.43669, 0.63002],
							"lerp_mode": "catmullrom"
						},
						"3.0": {
							"post": [0, 0, 0],
							"lerp_mode": "catmullrom"
						},
						"4.0": {
							"post": [0.50678, -0.43669, 0.63002],
							"lerp_mode": "catmullrom"
						}
					}
				},
				"feather_t_L_4": {
					"rotation": {
						"0.0": {
							"post": [4.83024, 0.67457, -5.92991],
							"lerp_mode": "catmullrom"
						},
						"0.5": {
							"post": [4.83024, 0.67457, -5.92991],
							"lerp_mode": "catmullrom"
						},
						"1.0": {
							"post": [-17.81015, 2.00072, 17.10321],
							"lerp_mode": "catmullrom"
						},
						"1.5": {
							"post": [-17.81015, 2.00072, 17.10321],
							"lerp_mode": "catmullrom"
						},
						"2.0": {
							"post": [4.83024, 0.67457, -5.92991],
							"lerp_mode": "catmullrom"
						},
						"2.5": {
							"post": [4.83024, 0.67457, -5.92991],
							"lerp_mode": "catmullrom"
						},
						"3.0": {
							"post": [-17.81015, 2.00072, 17.10321],
							"lerp_mode": "catmullrom"
						},
						"3.5": {
							"post": [-17.81015, 2.00072, 17.10321],
							"lerp_mode": "catmullrom"
						},
						"4.0": {
							"post": [4.83024, 0.67457, -5.92991],
							"lerp_mode": "catmullrom"
						}
					}
				},
				"necklace": {
					"rotation": ["25+math.sin((query.anim_time) * 90 * 2) * 10", 0, 0]
				},
				"Body": {
					"rotation": {
						"0.0": {
							"post": [0, 0, 0],
							"lerp_mode": "catmullrom"
						},
						"1.5": {
							"post": [-2, 0, 0],
							"lerp_mode": "catmullrom"
						},
						"4.0": {
							"post": [0, 0, 0],
							"lerp_mode": "catmullrom"
						}
					},
					"position": {
						"0.0": {
							"post": [0, -2.45, 0.7],
							"lerp_mode": "catmullrom"
						},
						"1.5": {
							"post": [0, 0.8, 1],
							"lerp_mode": "catmullrom"
						},
						"4.0": {
							"post": [0, -2.45, 0.7],
							"lerp_mode": "catmullrom"
						}
					},
					"scale": {
						"0.0": {
							"post": [1.04, 1, 1.04],
							"lerp_mode": "catmullrom"
						},
						"1.0": {
							"post": [0.99, 1, 0.99],
							"lerp_mode": "catmullrom"
						},
						"2.0": {
							"post": [1.04, 1, 1.04],
							"lerp_mode": "catmullrom"
						},
						"3.0": {
							"post": [0.99, 1, 0.99],
							"lerp_mode": "catmullrom"
						},
						"4.0": {
							"post": [1.04, 1, 1.04],
							"lerp_mode": "catmullrom"
						}
					}
				},
				"hair_t_middle_R2": {
					"rotation": {
						"0.0": {
							"post": [-6.40158, 0.26788, 5.72083],
							"lerp_mode": "catmullrom"
						},
						"0.6": {
							"post": [14.01432, 5.35047, 7.30175],
							"lerp_mode": "catmullrom"
						},
						"1.0": {
							"post": [18.01432, 5.35047, 7.30175],
							"lerp_mode": "catmullrom"
						},
						"1.6": {
							"post": [-6.40158, 0.26788, 5.72083],
							"lerp_mode": "catmullrom"
						},
						"2.0": {
							"post": [-6.40158, 0.26788, 5.72083],
							"lerp_mode": "catmullrom"
						},
						"2.6": {
							"post": [14.01432, 5.35047, 7.30175],
							"lerp_mode": "catmullrom"
						},
						"3.0": {
							"post": [14.01432, 5.35047, 7.30175],
							"lerp_mode": "catmullrom"
						},
						"3.6": {
							"post": [-6.40158, 0.26788, 5.72083],
							"lerp_mode": "catmullrom"
						},
						"4.0": {
							"post": [-6.40158, 0.26788, 5.72083],
							"lerp_mode": "catmullrom"
						}
					},
					"position": {
						"0.0": {
							"post": [-0.10955, 0.30755, 0.01584],
							"lerp_mode": "catmullrom"
						},
						"0.6": {
							"post": [-0.11791, -0.03395, -0.02389],
							"lerp_mode": "catmullrom"
						},
						"1.0": {
							"post": [-0.11791, -0.03395, -0.02389],
							"lerp_mode": "catmullrom"
						},
						"1.6": {
							"post": [-0.10955, 0.30755, 0.11584],
							"lerp_mode": "catmullrom"
						},
						"2.0": {
							"post": [-0.10955, 0.30755, 0.11584],
							"lerp_mode": "catmullrom"
						},
						"2.6": {
							"post": [-0.11791, -0.03395, -0.02389],
							"lerp_mode": "catmullrom"
						},
						"3.0": {
							"post": [-0.11791, -0.03395, -0.02389],
							"lerp_mode": "catmullrom"
						},
						"3.6": {
							"post": [-0.10955, 0.30755, 0.11584],
							"lerp_mode": "catmullrom"
						},
						"4.0": {
							"post": [-0.10955, 0.30755, 0.11584],
							"lerp_mode": "catmullrom"
						}
					}
				},
				"hair_t_middle_L3": {
					"rotation": {
						"0.0": {
							"post": [-6.38842, -0.49067, -7.70843],
							"lerp_mode": "catmullrom"
						},
						"0.6": {
							"post": [14.08052, -5.63026, -7.21159],
							"lerp_mode": "catmullrom"
						},
						"1.0": {
							"post": [14.08052, -5.63026, -7.21159],
							"lerp_mode": "catmullrom"
						},
						"1.6": {
							"post": [-6.38842, -0.49067, -7.70843],
							"lerp_mode": "catmullrom"
						},
						"2.0": {
							"post": [-6.38842, -0.49067, -7.70843],
							"lerp_mode": "catmullrom"
						},
						"2.6": {
							"post": [14.08052, -5.63026, -7.21159],
							"lerp_mode": "catmullrom"
						},
						"3.0": {
							"post": [14.08052, -5.63026, -7.21159],
							"lerp_mode": "catmullrom"
						},
						"3.6": {
							"post": [-6.38842, -0.49067, -7.70843],
							"lerp_mode": "catmullrom"
						},
						"4.0": {
							"post": [-6.38842, -0.49067, -7.70843],
							"lerp_mode": "catmullrom"
						}
					},
					"position": {
						"0.0": {
							"post": [0.06051, 0.33165, 0.36574],
							"lerp_mode": "catmullrom"
						},
						"0.6": {
							"post": [0.11789, -0.03395, -0.02394],
							"lerp_mode": "catmullrom"
						},
						"1.0": {
							"post": [0.11789, -0.03395, -0.02394],
							"lerp_mode": "catmullrom"
						},
						"1.6": {
							"post": [0.06051, 0.33165, 0.36574],
							"lerp_mode": "catmullrom"
						},
						"2.0": {
							"post": [0.06051, 0.33165, 0.36574],
							"lerp_mode": "catmullrom"
						},
						"2.6": {
							"post": [0.11789, -0.03395, -0.02394],
							"lerp_mode": "catmullrom"
						},
						"3.0": {
							"post": [0.11789, -0.03395, -0.02394],
							"lerp_mode": "catmullrom"
						},
						"3.6": {
							"post": [0.06051, 0.33165, 0.36574],
							"lerp_mode": "catmullrom"
						},
						"4.0": {
							"post": [0.06051, 0.33165, 0.36574],
							"lerp_mode": "catmullrom"
						}
					}
				},
				"bone2": {
					"rotation": {
						"0.0": {
							"post": [0, 1, 0],
							"lerp_mode": "catmullrom"
						},
						"1.0": {
							"post": [0, -2, 0],
							"lerp_mode": "catmullrom"
						},
						"2.0": {
							"post": [0, 1, 0],
							"lerp_mode": "catmullrom"
						},
						"3.0": {
							"post": [0, -2, 0],
							"lerp_mode": "catmullrom"
						},
						"4.0": {
							"post": [0, 1, 0],
							"lerp_mode": "catmullrom"
						}
					},
					"scale": {
						"0.0": {
							"post": [0.99, 1, 0.99],
							"lerp_mode": "catmullrom"
						},
						"1.0": {
							"post": [1.01, 1, 1.01],
							"lerp_mode": "catmullrom"
						},
						"2.0": {
							"post": [0.99, 1, 0.99],
							"lerp_mode": "catmullrom"
						},
						"3.0": {
							"post": [1.01, 1, 1.01],
							"lerp_mode": "catmullrom"
						},
						"4.0": {
							"post": [0.99, 1, 0.99],
							"lerp_mode": "catmullrom"
						}
					}
				},
				"fluttermane": {
					"rotation": [0, 0, "Math.cos((query.anim_time) * 90 * 1 ) * 5"],
					"position": ["Math.cos((query.anim_time) * 90 * 1 ) ", "-Math.sin((query.anim_time) * 90 * 2) ", 0]
				},
				"hair_side_R": {
					"rotation": ["Math.cos((query.anim_time-0.6) * 90 * 2) * 10", "-Math.cos((query.anim_time-0.6) * 90 * 2) * 5", 0],
					"position": {
						"0.0": [0, 0, 0],
						"0.2": [-0.14718, -0.01224, 0.13486]
					}
				},
				"hair_s_middle_R": {
					"rotation": [0, "-Math.cos((query.anim_time-0.9) * 90 * 2) * 4", "Math.cos((query.anim_time-0.9) * 90 * 1) * 2"],
					"position": {
						"0.0": [0, 0.6, -0.6],
						"2.0": [-0.1, 0.2, 0.1]
					}
				},
				"hait_side_top_R": {
					"rotation": [0, "Math.cos((query.anim_time-1.2) * 90 * 2) * 8", "Math.cos((query.anim_time-1.2) * 90 * 2) * 6"],
					"position": {
						"0.0": [0.4, 0, -0.3],
						"2.0": [0.1, 0.2, -0.6]
					}
				},
				"feather_side_R": {
					"rotation": {
						"0.0": {
							"post": [1, 15, -10],
							"lerp_mode": "catmullrom"
						},
						"0.5": {
							"post": [17.38098, -0.24281, -16.2065],
							"lerp_mode": "catmullrom"
						},
						"1.0": {
							"post": [27.56507, -20.24028, -22.75815],
							"lerp_mode": "catmullrom"
						},
						"1.5": {
							"post": [18.32342, -3.72564, -6.75222],
							"lerp_mode": "catmullrom"
						},
						"2.0": {
							"post": [1, 15, -10],
							"lerp_mode": "catmullrom"
						},
						"2.5": {
							"post": [17.38098, -0.24281, -16.2065],
							"lerp_mode": "catmullrom"
						},
						"3.0": {
							"post": [27.56507, -20.24028, -22.75815],
							"lerp_mode": "catmullrom"
						},
						"3.5": {
							"post": [18.32342, -3.72564, -6.75222],
							"lerp_mode": "catmullrom"
						},
						"4.0": {
							"post": [1, 15, -10],
							"lerp_mode": "catmullrom"
						}
					},
					"position": {
						"0.0": {
							"post": [0, 0, 0],
							"lerp_mode": "catmullrom"
						},
						"1.0": {
							"post": [0.12483, 0.06933, 0.68528],
							"lerp_mode": "catmullrom"
						},
						"1.5": {
							"post": [0, 0, 0],
							"lerp_mode": "catmullrom"
						},
						"2.0": {
							"post": [0, 0, 0],
							"lerp_mode": "catmullrom"
						},
						"3.0": {
							"post": [0.12483, 0.06933, 0.68528],
							"lerp_mode": "catmullrom"
						},
						"3.5": {
							"post": [0, 0, 0],
							"lerp_mode": "catmullrom"
						},
						"4.0": {
							"post": [0, 0, 0],
							"lerp_mode": "catmullrom"
						}
					}
				},
				"feather_side_top_R": {
					"rotation": {
						"0.0": {
							"post": [0, 10, -6],
							"lerp_mode": "catmullrom"
						},
						"0.1": {
							"post": [0, 10, -6],
							"lerp_mode": "catmullrom"
						},
						"0.6": {
							"post": [-6.53861, -26.25422, 8.52641],
							"lerp_mode": "catmullrom"
						},
						"1.0": {
							"post": [-6.53861, -26.25422, 8.52641],
							"lerp_mode": "catmullrom"
						},
						"2.0": {
							"post": [0, 10, -6],
							"lerp_mode": "catmullrom"
						},
						"2.2": {
							"post": [0, 10, -6],
							"lerp_mode": "catmullrom"
						},
						"2.6": {
							"post": [-6.53861, -26.25422, 8.52641],
							"lerp_mode": "catmullrom"
						},
						"4.0": {
							"post": [0, 10, -6],
							"lerp_mode": "catmullrom"
						}
					},
					"position": {
						"0.0": {
							"post": [0.29179, -0.00662, -0.06937],
							"lerp_mode": "catmullrom"
						},
						"0.1": {
							"post": [0.29179, -0.00662, -0.06937],
							"lerp_mode": "catmullrom"
						},
						"2.0": {
							"post": [0.29179, -0.00662, -0.06937],
							"lerp_mode": "catmullrom"
						},
						"2.2": {
							"post": [0.29179, -0.00662, -0.06937],
							"lerp_mode": "catmullrom"
						},
						"4.0": {
							"post": [0.29179, -0.00662, -0.06937],
							"lerp_mode": "catmullrom"
						}
					}
				},
				"f_s_t_1": {
					"rotation": {
						"0.0": {
							"post": [0, 0, 0],
							"lerp_mode": "catmullrom"
						},
						"1.1": {
							"post": [-10, -6, 0],
							"lerp_mode": "catmullrom"
						},
						"2.1": {
							"post": [-7.30826, 10.70164, 18.42592],
							"lerp_mode": "catmullrom"
						},
						"3.1": {
							"post": [-10, -6, 0],
							"lerp_mode": "catmullrom"
						},
						"4.0": {
							"post": [0, 0, 0],
							"lerp_mode": "catmullrom"
						}
					},
					"position": {
						"0.0": {
							"post": [0, 0, 0],
							"lerp_mode": "catmullrom"
						},
						"1.1": {
							"post": [-0.38628, -0.45241, -0.50608],
							"lerp_mode": "catmullrom"
						},
						"2.1": {
							"post": [1.24581, -0.58325, -0.16903],
							"lerp_mode": "catmullrom"
						},
						"3.1": {
							"post": [-0.38628, -0.45241, -0.50608],
							"lerp_mode": "catmullrom"
						},
						"4.0": {
							"post": [0, 0, 0],
							"lerp_mode": "catmullrom"
						}
					}
				},
				"f_s_t_2": {
					"rotation": {
						"0.0": {
							"post": [0, 0, 0],
							"lerp_mode": "catmullrom"
						},
						"1.0": {
							"post": [-2, -7, 0],
							"lerp_mode": "catmullrom"
						},
						"2.0": {
							"post": [0, 0, 0],
							"lerp_mode": "catmullrom"
						},
						"3.0": {
							"post": [-2, -7, 0],
							"lerp_mode": "catmullrom"
						},
						"4.0": {
							"post": [0, 0, 0],
							"lerp_mode": "catmullrom"
						}
					},
					"position": {
						"0.0": {
							"post": [0, 0, 0],
							"lerp_mode": "catmullrom"
						},
						"1.0": {
							"post": [-0.3554, 0.10446, -0.15093],
							"lerp_mode": "catmullrom"
						},
						"2.0": {
							"post": [0, 0, 0],
							"lerp_mode": "catmullrom"
						},
						"3.0": {
							"post": [-0.3554, 0.10446, -0.15093],
							"lerp_mode": "catmullrom"
						},
						"4.0": {
							"post": [0, 0, 0],
							"lerp_mode": "catmullrom"
						}
					}
				},
				"f_s_t_3": {
					"rotation": {
						"0.0": {
							"post": [-10.44881, 11.08393, -19.80014],
							"lerp_mode": "catmullrom"
						},
						"0.9": {
							"post": [-6.00817, -2.98355, 0.31387],
							"lerp_mode": "catmullrom"
						},
						"1.9": {
							"post": [-10.44881, 11.08393, -19.80014],
							"lerp_mode": "catmullrom"
						},
						"2.8": {
							"post": [-6.00817, -2.98355, 0.31387],
							"lerp_mode": "catmullrom"
						},
						"4.0": {
							"post": [-10.44881, 11.08393, -19.80014],
							"lerp_mode": "catmullrom"
						}
					},
					"position": {
						"0.0": {
							"post": [0.686, -0.02328, 0.13732],
							"lerp_mode": "catmullrom"
						},
						"0.9": {
							"post": [-0.30195, 0.1728, -0.19412],
							"lerp_mode": "catmullrom"
						},
						"1.9": {
							"post": [0.686, -0.02328, 0.13732],
							"lerp_mode": "catmullrom"
						},
						"2.8": {
							"post": [-0.30195, 0.1728, -0.19412],
							"lerp_mode": "catmullrom"
						},
						"4.0": {
							"post": [0.686, -0.02328, 0.13732],
							"lerp_mode": "catmullrom"
						}
					}
				},
				"hair_side_L": {
					"rotation": ["Math.cos((query.anim_time-0.6) * 90 * 2) * 10", "Math.cos((query.anim_time-0.6) * 90 * 2) * 5", 0],
					"position": {
						"0.0": [0, 0, 0],
						"0.2": [0.14718, -0.01224, 0.13486]
					}
				},
				"hair_s_middle_L": {
					"rotation": [0, "Math.cos((query.anim_time-0.9) * 90 * 2) * 4", "-Math.cos((query.anim_time-0.9) * 90 * 1) * 2"],
					"position": {
						"0.0": [0.1, -0.1, -0.5],
						"2.0": [0, 0.1, -0.8]
					}
				},
				"hait_side_top_L": {
					"rotation": [-8, "0-Math.cos((query.anim_time-1.2) * 90 * 2) * 8", "0-Math.cos((query.anim_time-1.2) * 90 * 2) * 6"],
					"position": [0, 0, -0.3]
				},
				"feather_side_L": {
					"rotation": {
						"0.0": {
							"post": [-10, -15, -10],
							"lerp_mode": "catmullrom"
						},
						"0.5": {
							"post": [16.99326, -1.09299, 3.40791],
							"lerp_mode": "catmullrom"
						},
						"1.0": {
							"post": [17.99672, 18.95654, 9.76603],
							"lerp_mode": "catmullrom"
						},
						"1.5": {
							"post": [-9.67658, 3.72564, -13.24778],
							"lerp_mode": "catmullrom"
						},
						"2.0": {
							"post": [-10, -15, -10],
							"lerp_mode": "catmullrom"
						},
						"2.5": {
							"post": [16.99326, -1.09299, 3.40791],
							"lerp_mode": "catmullrom"
						},
						"3.0": {
							"post": [17.99672, 18.95654, 9.76603],
							"lerp_mode": "catmullrom"
						},
						"3.5": {
							"post": [-9.67658, 3.72564, -13.24778],
							"lerp_mode": "catmullrom"
						},
						"4.0": {
							"post": [-10, -15, -10],
							"lerp_mode": "catmullrom"
						}
					},
					"position": [0, -0.1, -0.3]
				},
				"feather_side_top_L": {
					"rotation": {
						"0.0": {
							"post": [0, -10, 6],
							"lerp_mode": "catmullrom"
						},
						"0.1": {
							"post": [0, -10, 6],
							"lerp_mode": "catmullrom"
						},
						"0.6": {
							"post": [-7.44331, 25.75813, -15.06989],
							"lerp_mode": "catmullrom"
						},
						"1.2": {
							"post": [-7.44331, 25.75813, -15.06989],
							"lerp_mode": "catmullrom"
						},
						"2.0": {
							"post": [0, -10, 6],
							"lerp_mode": "catmullrom"
						},
						"2.2": {
							"post": [0, -10, 6],
							"lerp_mode": "catmullrom"
						},
						"2.6": {
							"post": [-7.44331, 25.75813, -15.06989],
							"lerp_mode": "catmullrom"
						},
						"4.0": {
							"post": [0, -10, 6],
							"lerp_mode": "catmullrom"
						}
					},
					"position": {
						"0.0": {
							"post": [-0.81003, 0.25462, -0.29836],
							"lerp_mode": "catmullrom"
						},
						"0.1": {
							"post": [-0.81003, 0.25462, -0.29836],
							"lerp_mode": "catmullrom"
						},
						"0.6": {
							"post": [-0.47876, 0.36025, -0.65795],
							"lerp_mode": "catmullrom"
						},
						"1.2": {
							"post": [-0.47876, 0.36025, -0.65795],
							"lerp_mode": "catmullrom"
						},
						"2.0": {
							"post": [-0.81003, 0.25462, -0.29836],
							"lerp_mode": "catmullrom"
						},
						"2.2": {
							"post": [-0.81003, 0.25462, -0.29836],
							"lerp_mode": "catmullrom"
						},
						"2.6": {
							"post": [-0.47876, 0.36025, -0.65795],
							"lerp_mode": "catmullrom"
						},
						"4.0": {
							"post": [-0.81003, 0.25462, -0.29836],
							"lerp_mode": "catmullrom"
						}
					}
				},
				"f_s_t_4": {
					"rotation": {
						"0.0": {
							"post": [6.72146, -8.7452, 2.95407],
							"lerp_mode": "catmullrom"
						},
						"1.1": {
							"post": [-6.12597, 1.83269, 11.21664],
							"lerp_mode": "catmullrom"
						},
						"2.1": {
							"post": [14.48012, -10.07689, -10.40687],
							"lerp_mode": "catmullrom"
						},
						"3.1": {
							"post": [-6.12597, 1.83269, 11.21664],
							"lerp_mode": "catmullrom"
						},
						"4.0": {
							"post": [6.72146, -8.7452, 2.95407],
							"lerp_mode": "catmullrom"
						}
					},
					"position": {
						"0.0": {
							"post": [0, 0, 0],
							"lerp_mode": "catmullrom"
						},
						"1.1": {
							"post": [-0.23039, -1.1317, -0.59573],
							"lerp_mode": "catmullrom"
						},
						"2.1": {
							"post": [-0.18258, 0.07952, 0.01843],
							"lerp_mode": "catmullrom"
						},
						"3.1": {
							"post": [-0.23039, -1.1317, -0.59573],
							"lerp_mode": "catmullrom"
						},
						"4.0": {
							"post": [0, 0, 0],
							"lerp_mode": "catmullrom"
						}
					}
				},
				"f_s_t_5": {
					"rotation": {
						"0.0": {
							"post": [0, -10.9114, 12.80636],
							"lerp_mode": "catmullrom"
						},
						"1.0": {
							"post": [-13.65299, -1.96188, 12.01069],
							"lerp_mode": "catmullrom"
						},
						"2.1": {
							"post": [0, -10.9114, 12.80636],
							"lerp_mode": "catmullrom"
						},
						"3.0": {
							"post": [-13.65299, -1.96188, 12.01069],
							"lerp_mode": "catmullrom"
						},
						"4.0": {
							"post": [0, -10.9114, 12.80636],
							"lerp_mode": "catmullrom"
						}
					},
					"position": {
						"0.0": {
							"post": [0, 0, 0],
							"lerp_mode": "catmullrom"
						},
						"1.0": {
							"post": [-0.53545, 0.03471, 0.26848],
							"lerp_mode": "catmullrom"
						},
						"2.1": {
							"post": [0, 0, 0],
							"lerp_mode": "catmullrom"
						},
						"3.0": {
							"post": [-0.53545, 0.03471, 0.26848],
							"lerp_mode": "catmullrom"
						},
						"4.0": {
							"post": [0, 0, 0],
							"lerp_mode": "catmullrom"
						}
					}
				},
				"f_s_t_6": {
					"rotation": {
						"0.0": {
							"post": [-9.42098, -17.09267, 29.06769],
							"lerp_mode": "catmullrom"
						},
						"0.9": {
							"post": [-18.14675, -7.01285, 1.75246],
							"lerp_mode": "catmullrom"
						},
						"2.1": {
							"post": [-9.42098, -17.09267, 29.06769],
							"lerp_mode": "catmullrom"
						},
						"2.9": {
							"post": [-18.14675, -7.01285, 1.75246],
							"lerp_mode": "catmullrom"
						},
						"4.0": {
							"post": [-9.42098, -17.09267, 29.06769],
							"lerp_mode": "catmullrom"
						}
					},
					"position": {
						"0.0": {
							"post": [-1.05584, -0.52038, 0.25378],
							"lerp_mode": "catmullrom"
						},
						"2.1": {
							"post": [-1.05584, -0.52038, 0.25378],
							"lerp_mode": "catmullrom"
						},
						"4.0": {
							"post": [-1.05584, -0.52038, 0.25378],
							"lerp_mode": "catmullrom"
						}
					}
				},
				"hair_back_R": {
					"rotation": ["Math.cos((query.anim_time) * 90 * 4) * 2", 0, 0]
				},
				"hair_back2_joint": {
					"rotation": ["Math.cos((query.anim_time-0.2) * 90 * 4) * 2", "-Math.sin((query.anim_time-0.2) * 90 * 4) ", 0]
				},
				"hair_backR3": {
					"rotation": ["Math.cos((query.anim_time-0.4) * 90 * 4) * 4", "-Math.sin((query.anim_time-0.4) * 90 * 4) ", 0]
				},
				"hair_back_L": {
					"rotation": ["Math.cos((query.anim_time-1.4) * 90 * 4) * 2", 0, 0]
				},
				"hair_back2_joint2": {
					"rotation": ["Math.cos((query.anim_time-1.6) * 90 * 4) * 2", "-Math.sin((query.anim_time-1.6) * 90 * 4) ", 0]
				},
				"hair_back_M": {
					"rotation": ["-Math.cos((query.anim_time-1.2) * 90 * 4) * 2", 0, 0]
				},
				"hair_back2_joint3": {
					"rotation": ["-(Math.sin((query.anim_time-1.4) * 90 * 4) * 4)", "Math.cos((query.anim_time-1.4) * 90 * 4) ", 0]
				},
				"necklace3": {
					"rotation": ["-20+math.sin((query.anim_time-0.6) * 90 * 2) * 10", 0, 0]
				},
				"hair_backL3": {
					"rotation": ["Math.cos((query.anim_time-1.8) * 90 * 4) * 4", "-Math.sin((query.anim_time-1.8) * 90 * 4)", 0]
				},
				"hair_backM3": {
					"rotation": ["-Math.sin((query.anim_time-1.6) * 90 * 4) * 4 ", "Math.cos((query.anim_time-1.6) * 90 * 4) ", 0]
				},
				"necklace2": {
					"rotation": ["5+math.sin((query.anim_time-0.3 ) * 90 * 2) * 12", 0, 0]
				},
				"closer": {
					"position": {
						"0.0": [0, 0, 3.2],
						"1.2": {"pre": [0, 0, 3.2], "post": [0, 0, -2]},
						"1.3": {"pre": [0, 0, -2], "post": [0, 0, -0.8]},
						"3.4": {"pre": [0, 0, -0.8], "post": [0, 0, -2]},
						"3.5": {"pre": [0, 0, -2], "post": [0, 0, -0.8]},
						"4.0": [0, 0, -0.8]
					}
				},
				"closel": {
					"position": {
						"0.0": [0, 0, 4],
						"1.2": {"pre": [0, 0, 4], "post": [0, 0, -2]},
						"1.3": {"pre": [0, 0, -2], "post": [0, 0, -1]},
						"3.4": {"pre": [0, 0, -1], "post": [0, 0, -2]},
						"3.5": {"pre": [0, 0, -2], "post": [0, 0, -1]},
						"4.0": [0, 0, -1]
					}
				},
				"horn1": {
					"rotation": ["math.sin((query.anim_time) * 90 * 1) * 5", 0, 0],
					"position": [0, 0, 0.1]
				},
				"horn2": {
					"rotation": ["math.sin((query.anim_time-0.6) * 90 * 1) * 5", 0, 0]
				},
				"horn3": {
					"rotation": ["math.sin((query.anim_time-0.9) * 90 * 1) *5", 0, 0]
				},
				"feather_side_front_R": {
					"rotation": [0, "10+math.sin((query.anim_time-1.5) * 90 * 2) * 5", 0],
					"position": {
						"0.0": [-0.5, 0, 0],
						"1.0": [-0.3, 0, 0],
						"2.0": [-0.5, 0, 0],
						"3.0": [-0.3, 0, 0],
						"4.0": [-0.5, 0, 0]
					}
				},
				"feather_side_front_L": {
					"rotation": [2, "-16+(-math.sin((query.anim_time-1.5) * 90 * 2) * 5)", 0],
					"position": {
						"0.0": [0, 0, 0],
						"0.5": [0, 0, -0.3],
						"1.0": [0, 0, 0],
						"1.5": [0, 0, 0],
						"2.0": [0, 0, 0],
						"2.5": [0, 0, -0.3],
						"3.0": [0, 0, -0.2],
						"3.5": [0, 0, 0],
						"4.0": [0, 0, 0]
					}
				},
				"face_feather_2": {
					"rotation": ["math.sin((query.anim_time) * 90 * 4 ) * 2", 0, "math.cos((query.anim_time-1.5) * 90 * 4 ) * 2"]
				},
				"bone5": {
					"rotation": ["math.sin((query.anim_time-1.6) * 90 * 1) *5", 0, 0]
				},
				"bone3": {
					"rotation": ["math.sin((query.anim_time-0.6) * 90 * 1) * 5", 0, 0]
				},
				"bone4": {
					"rotation": ["math.sin((query.anim_time-1.1) * 90 * 1) *5", 0, 0]
				},
				"bone8": {
					"position": [0, -0.3, 0]
				}
			}
		},
		"animation.fluttermane.blink": {
			"animation_length": 0.125,
			"bones": {
				"closer": {
					"position": {
						"0.0": [0, 0, -4.2],
						"0.0833": {"pre": [0, 0, -4.2], "post": [0, 0, -0.8]}
					}
				},
				"closel": {
					"position": {
						"0.0": [0, 0, -6],
						"0.0833": {"pre": [0, 0, -6], "post": [0, 0, -1]}
					}
				}
			}
		},
		"animation.fluttermane.sleep": {
			"loop": true,
			"animation_length": 4,
			"bones": {
				"head": {
					"rotation": [17.5, 0, 0]
				},
				"hair_back6": {
					"rotation": [160.85689, -288.49297, -186.46445]
				},
				"bone15": {
					"rotation": [-18.16723, -46.03805, 13.28982]
				},
				"bone16": {
					"rotation": [0, 10, 0]
				},
				"flap_4": {
					"rotation": [0, -45, 0]
				},
				"flap_5": {
					"rotation": [0, -45, 0]
				},
				"flap_6": {
					"rotation": [0, -52.5, 0]
				},
				"hair_back1": {
					"rotation": [0, 102.5, 0]
				},
				"bone13": {
					"rotation": [0, 77.5, 0]
				},
				"bone14": {
					"rotation": [0, 45, 0]
				},
				"flap_1": {
					"rotation": [0, 25, 0]
				},
				"flap_2": {
					"rotation": [0, 25, 0]
				},
				"flap_3": {
					"rotation": [0, 25, 0]
				},
				"eyelid_right": {
					"position": [-0.1, 0, -0.1]
				},
				"eyelid_left": {
					"position": [0.1, -1, -0.1]
				},
				"fluttermane": {
					"rotation": [12, 0, "Math.cos((query.anim_time) * 90 * 1 ) * 2"],
					"position": ["Math.cos((query.anim_time) * 90 * 1)  ", "-Math.sin((query.anim_time) * 90 * 2) * 0.5 ", 0]
				},
				"head_main": {
					"rotation": [20, 0, 0]
				},
				"hair_t_middle_R": {
					"rotation": ["-math.sin((query.anim_time) * 90 * 1) * 5", 0, 0]
				},
				"hair_t_middle_R2": {
					"rotation": ["-math.sin((query.anim_time-0.3) * 90 * 1) * 5", 0, 0]
				},
				"hair_t_t_R": {
					"rotation": ["-math.sin((query.anim_time-0.6) * 90 * 1) * 10", 0, 0]
				},
				"feather_t_r_1": {
					"rotation": ["-math.sin((query.anim_time-1.2) * 90 * 1) * 10", 0, 0]
				},
				"feather_t_r_2": {
					"rotation": ["-math.sin((query.anim_time-0.9) * 90 * 1) * 10", 0, 0]
				},
				"hair_side_R": {
					"rotation": [0, "10+(-math.sin((query.anim_time) * 90 * 1) * 5)", 0]
				},
				"hair_s_middle_R": {
					"rotation": [0, "5+(-math.sin((query.anim_time-0.3) * 90 * 1) * 5)", 0]
				},
				"hait_side_top_R": {
					"rotation": [-11.68256, "0.5605-math.sin((query.anim_time-0.6) * 90 * 1) * 5", -21.00853]
				},
				"feather_side_R": {
					"rotation": [0, "-math.sin((query.anim_time-0.9) * 90 * 1) * 10", 0]
				},
				"feather_side_top_R": {
					"rotation": [0, "math.sin((query.anim_time-1.2) * 90 * 1) * 10", 0]
				},
				"hair_t_middle_L": {
					"rotation": ["-math.sin((query.anim_time) * 90 * 1) * 5", 0, 0]
				},
				"hair_t_middle_L3": {
					"rotation": ["-math.sin((query.anim_time-0.3) * 90 * 1) * 5", 0, 0]
				},
				"hair_t_t_L": {
					"rotation": ["-math.sin((query.anim_time-0.6) * 90 * 1) * 10", 0, 0]
				},
				"feather_t_L_3": {
					"rotation": ["-math.sin((query.anim_time-1.2) * 90 * 1) * 10", 0, 0]
				},
				"feather_t_L_4": {
					"rotation": ["-math.sin((query.anim_time-0.9) * 90 * 1) * 10", 0, 0]
				},
				"hair_side_L": {
					"rotation": [0, "-10+math.sin((query.anim_time) * 90 * 1) * 5", 0]
				},
				"hair_s_middle_L": {
					"rotation": [0, "-5+math.sin((query.anim_time-0.3) * 90 * 1) * 5", 0]
				},
				"hait_side_top_L": {
					"rotation": [0, "math.sin((query.anim_time-0.6) * 90 * 1) * 5", 0]
				},
				"feather_side_L": {
					"rotation": [0, "math.sin((query.anim_time-0.9) * 90 * 1) * 10", 0]
				},
				"feather_side_top_L": {
					"rotation": [0, "math.sin((query.anim_time-1.2) * 90 * 1) * 10", 0]
				},
				"hair_back_R": {
					"rotation": ["Math.cos((query.anim_time) * 90 * 2) * 2", 0, 0]
				},
				"hair_back2_joint": {
					"rotation": ["Math.cos((query.anim_time-0.2) * 90 * 2) * 2", "-Math.sin((query.anim_time-0.2) * 90 * 2) ", 0]
				},
				"hair_backR3": {
					"rotation": ["Math.cos((query.anim_time-0.4) * 90 * 2) * 4", "-Math.sin((query.anim_time-0.4) * 90 * 2) ", 0]
				},
				"hair_back_L": {
					"rotation": ["Math.cos((query.anim_time-1.4) * 90 * 2) * 2", 0, 0]
				},
				"hair_back2_joint2": {
					"rotation": ["Math.cos((query.anim_time-1.6) * 90 * 2) * 2", "-Math.sin((query.anim_time-1.6) * 90 * 2) ", 0]
				},
				"hair_backL3": {
					"rotation": ["Math.cos((query.anim_time-1.8) * 90 * 2) * 4", "-Math.sin((query.anim_time-1.8) * 90 * 2)", 0]
				},
				"hair_back_M": {
					"rotation": ["-Math.cos((query.anim_time-1.2) * 90 * 2) * 2", 0, 0]
				},
				"hair_back2_joint3": {
					"rotation": ["-(Math.sin((query.anim_time-1.4) * 90 * 2) * 4)", "Math.cos((query.anim_time-1.4) * 90 * 2) ", 0]
				},
				"hair_backM3": {
					"rotation": ["-Math.sin((query.anim_time-1.6) * 90 * 2) * 4 ", "Math.cos((query.anim_time-1.6) * 90 * 2) ", 0]
				},
				"closer": {
					"position": [0, 0, -2]
				},
				"closel": {
					"position": [0, 0, -2]
				},
				"neck": {
					"rotation": [-24, 0, 0]
				},
				"necklace": {
					"rotation": ["17.5+math.sin((query.anim_time) * 90 * 1) * 5", 0, 0]
				},
				"necklace2": {
					"rotation": ["5+math.sin((query.anim_time-0.3 ) * 90 * 1) * 6", 0, 0]
				},
				"necklace3": {
					"rotation": ["-10+math.sin((query.anim_time-0.6) * 90 * 1) * 2", 0, 0]
				},
				"Body": {
					"rotation": ["-23-math.sin((query.anim_time-0.6) * 90 * 1) * 5", 0, 0]
				}
			}
		},
		"animation.fluttermane.laugh": {
			"animation_length": 5.5,
			"bones": {
				"fluttermane": {
					"rotation": {
						"0.0": [0, 0, 0],
						"1.375": {
							"pre": [0, 0, 0],
							"post": [0, 0, 0],
							"lerp_mode": "catmullrom"
						},
						"1.7917": {
							"post": [-8.36156, -25.94887, 0.90829],
							"lerp_mode": "catmullrom"
						},
						"2.5": {
							"post": [-8.36156, -25.94887, 0.90829],
							"lerp_mode": "catmullrom"
						},
						"2.8333": [0, 0, 0],
						"3.25": {
							"pre": [0, 0, 0],
							"post": [0, 0, 0],
							"lerp_mode": "catmullrom"
						},
						"3.375": {
							"post": [2.97768, 0.36544, -13.9905],
							"lerp_mode": "catmullrom"
						},
						"3.625": {
							"post": [-2.19893, -1.07468, 13.97372],
							"lerp_mode": "catmullrom"
						},
						"3.9583": {
							"post": [2.99989, -0.02617, -6.50068],
							"lerp_mode": "catmullrom"
						},
						"4.2917": {
							"post": [2.98075, -0.33946, -0.50883],
							"lerp_mode": "catmullrom"
						},
						"4.625": {
							"post": [2.99989, -0.02617, -6.50068],
							"lerp_mode": "catmullrom"
						},
						"5.0": {
							"post": [2.98075, -0.33946, -0.50883],
							"lerp_mode": "catmullrom"
						},
						"5.5": [0, 0, 0]
					},
					"position": {
						"0.0": [0, 0, 0],
						"0.25": [-1, 1, -2.3],
						"1.125": [-1, 1, -2.3],
						"1.375": [0, 0, 0],
						"2.8333": [0, 0, 0],
						"3.375": {
							"pre": [-3.1, 6.3, 0],
							"post": [-3.1, 6.3, 0],
							"lerp_mode": "catmullrom"
						},
						"3.625": {
							"post": [-2.86, -0.53, 0],
							"lerp_mode": "catmullrom"
						},
						"3.9583": {
							"post": [2.23, 3.46, 0],
							"lerp_mode": "catmullrom"
						},
						"4.2917": {
							"post": [4.61, 8.71, 0],
							"lerp_mode": "catmullrom"
						},
						"4.625": {
							"post": [0.87, 2.47, 0],
							"lerp_mode": "catmullrom"
						},
						"5.0": {
							"post": [-0.54, 0, 0],
							"lerp_mode": "catmullrom"
						},
						"5.5": [0, 0, 0]
					}
				},
				"hair_s_middle_L": {
					"rotation": {
						"0.0": [0, 0, 0],
						"1.375": [0, 0, 0],
						"2.8333": [0, 0, 0],
						"3.25": {
							"pre": [0, 0, 0],
							"post": [0, 0, 0],
							"lerp_mode": "catmullrom"
						},
						"3.375": {
							"post": [145.63583, -56.57997, -170.50221],
							"lerp_mode": "catmullrom"
						},
						"3.9583": {
							"post": [197.61204, -78.45546, -221.81381],
							"lerp_mode": "catmullrom"
						},
						"4.2917": {
							"post": [145.63583, -56.57997, -170.50221],
							"lerp_mode": "catmullrom"
						},
						"4.625": {
							"post": [139.92951, -53.5508, -163.54687],
							"lerp_mode": "catmullrom"
						},
						"5.0": {
							"post": [0, 0, 0],
							"lerp_mode": "catmullrom"
						},
						"5.5": [0, 0, 0]
					},
					"position": {
						"0.0": [0, 0, 0],
						"2.8333": [0, 0, 0],
						"3.9583": [-0.3, 0, -0.6],
						"5.5": [0, 0, 0]
					}
				},
				"hait_side_top_L": {
					"rotation": {
						"0.0": [0, 0, 0],
						"1.375": [0, 0, 0],
						"2.8333": [0, 0, 0],
						"3.25": {
							"pre": [0, 0, 0],
							"post": [0, 0, 0],
							"lerp_mode": "catmullrom"
						},
						"3.5": {
							"post": [-238.55191, -21.61974, -158.86102],
							"lerp_mode": "catmullrom"
						},
						"3.7083": {
							"post": [-227.65019, -22.47707, -169.1597],
							"lerp_mode": "catmullrom"
						},
						"3.9583": {
							"post": [-230.55191, -21.61974, -158.86102],
							"lerp_mode": "catmullrom"
						},
						"4.2917": {
							"post": [-211.74842, -34.1092, -174.42874],
							"lerp_mode": "catmullrom"
						},
						"4.5417": {
							"post": [-225.92337, -32.55982, -154.02485],
							"lerp_mode": "catmullrom"
						},
						"4.625": {
							"post": [-246.02878, -29.21908, -136.3347],
							"lerp_mode": "catmullrom"
						},
						"5.0": {
							"post": [0, 0, 0],
							"lerp_mode": "catmullrom"
						},
						"5.5": [0, 0, 0]
					},
					"position": {
						"0.0": [0, 0, 0],
						"1.375": [0, 0, 0],
						"2.8333": [0, 0, 0],
						"3.25": {
							"pre": [0, 0, 0],
							"post": [0, 0, 0],
							"lerp_mode": "catmullrom"
						},
						"3.5": {
							"post": [0.37834, -1.89713, 0.19429],
							"lerp_mode": "catmullrom"
						},
						"3.7083": {
							"post": [0.94, -1.42, 0.21],
							"lerp_mode": "catmullrom"
						},
						"3.9583": {
							"post": [0.37834, -1.89713, 0.19429],
							"lerp_mode": "catmullrom"
						},
						"4.2917": {
							"post": [1.57834, -1.99713, 0.19429],
							"lerp_mode": "catmullrom"
						},
						"4.625": {
							"post": [0.37834, -1.89713, 0.19429],
							"lerp_mode": "catmullrom"
						},
						"5.0": {
							"post": [0, 0, 0],
							"lerp_mode": "catmullrom"
						},
						"5.5": [0, 0, 0]
					}
				},
				"feather_side_L": {
					"rotation": {
						"0.0": [0, 0, 0],
						"1.375": [0, 0, 0],
						"2.8333": [0, 0, 0],
						"3.25": {
							"pre": [0, 0, 0],
							"post": [0, 0, 0],
							"lerp_mode": "catmullrom"
						},
						"3.5": {
							"post": [18.69923, 15.4289, -26.09519],
							"lerp_mode": "catmullrom"
						},
						"3.7083": {
							"post": [44.89919, 8.54225, -8.59789],
							"lerp_mode": "catmullrom"
						},
						"3.9583": {
							"post": [40.03811, -1.84646, -2.36485],
							"lerp_mode": "catmullrom"
						},
						"4.2917": {
							"post": [54.27717, -13.91948, -18.49461],
							"lerp_mode": "catmullrom"
						},
						"4.625": {
							"post": [50.06777, -2.4614, -3.15398],
							"lerp_mode": "catmullrom"
						},
						"5.0": {
							"post": [0, 0, 0],
							"lerp_mode": "catmullrom"
						},
						"5.5": [0, 0, 0]
					},
					"position": {
						"0.0": [0, 0, 0],
						"1.375": [0, 0, 0],
						"2.8333": [0, 0, 0],
						"3.25": {
							"pre": [0, 0, 0],
							"post": [0, 0, 0],
							"lerp_mode": "catmullrom"
						},
						"3.5": {
							"post": [0.68744, 0.44406, 0.64297],
							"lerp_mode": "catmullrom"
						},
						"3.7083": {
							"post": [0.72, 1.18, 0.61],
							"lerp_mode": "catmullrom"
						},
						"3.9583": {
							"post": [0.68744, 0.44406, 0.74297],
							"lerp_mode": "catmullrom"
						},
						"4.2917": {
							"post": [0.13744, 0.44406, 0.64297],
							"lerp_mode": "catmullrom"
						},
						"4.625": {
							"post": [0.78744, 0.54406, 1.04297],
							"lerp_mode": "catmullrom"
						},
						"5.0": {
							"post": [0, 0, 0],
							"lerp_mode": "catmullrom"
						},
						"5.5": [0, 0, 0]
					}
				},
				"close": {
					"position": {
						"0.0": [0, 0, 0],
						"1.375": [0, 0, 0],
						"2.8333": [0, 0, 0],
						"2.9583": [0, -0.00477, 0.00014],
						"3.0": [0, -0.00523, 0.09986],
						"4.875": [0, -0.00523, 0.09986],
						"4.9167": [0, -0.00477, 0.00014],
						"5.5": [0, 0, 0]
					}
				},
				"open": {
					"position": {
						"0.0": [0, 0, 0],
						"1.375": [0, 0, 0],
						"2.8333": [0, 0, 0],
						"3.0417": [-0.03656, -0.28427, -0.26524],
						"4.1667": [-0.03656, -0.28427, -0.26524],
						"4.875": [-0.03656, -0.28427, -0.26524],
						"4.9167": [-0.03656, -0.29474, -0.06551],
						"5.5": [0, 0, 0]
					},
					"scale": [1, 0.9, 1]
				},
				"head": {
					"rotation": {
						"0.0": [0, 0, 0],
						"0.25": [0, 12, 0],
						"1.125": [0, 12, 0],
						"1.375": [0, 0, 0],
						"2.8333": [0, 0, 0],
						"3.2917": [-5, 0, 0],
						"5.5": [0, 0, 0]
					},
					"position": {
						"0.0": [0, 0, 0],
						"0.25": [-0.5, 0, 0],
						"1.125": [-0.5, 0, 0],
						"2.8333": [0, 0, 0],
						"5.5": [0, 0, 0]
					}
				},
				"head_main": {
					"rotation": {
						"0.0": {
							"post": [0, 0, 0],
							"lerp_mode": "catmullrom"
						},
						"0.25": {
							"post": [4.09171, 19.99004, 0.29667],
							"lerp_mode": "catmullrom"
						},
						"1.125": {
							"post": [4.09171, 19.99004, 0.29667],
							"lerp_mode": "catmullrom"
						},
						"1.375": {
							"post": [0, 0, 0],
							"lerp_mode": "catmullrom"
						},
						"1.7917": {
							"post": [-5, -12, 0],
							"lerp_mode": "catmullrom"
						},
						"2.5": {
							"post": [-5, -12, 0],
							"lerp_mode": "catmullrom"
						},
						"2.8333": {
							"post": [0, 0, 0],
							"lerp_mode": "catmullrom"
						},
						"5.5": {
							"post": [0, 0, 0],
							"lerp_mode": "catmullrom"
						}
					},
					"position": {
						"0.0": {
							"post": [0, 0, 0],
							"lerp_mode": "catmullrom"
						},
						"0.25": {
							"post": [-0.6, 0.6, 0.5],
							"lerp_mode": "catmullrom"
						},
						"1.125": {
							"post": [-0.6, 0.6, 0.5],
							"lerp_mode": "catmullrom"
						},
						"1.375": {
							"post": [0, 0, 0],
							"lerp_mode": "catmullrom"
						},
						"1.7917": {
							"post": [-0.6, 1.4, 0.3],
							"lerp_mode": "catmullrom"
						},
						"2.5": {
							"post": [-0.6, 1.4, 0.3],
							"lerp_mode": "catmullrom"
						},
						"2.8333": {
							"post": [0, 0, 0],
							"lerp_mode": "catmullrom"
						},
						"5.5": {
							"post": [0, 0, 0],
							"lerp_mode": "catmullrom"
						}
					}
				},
				"hair_side_L": {
					"rotation": {
						"0.0": [0, 0, 0],
						"2.8333": [0, 0, 0],
						"3.625": {
							"pre": [0, -16, 0],
							"post": [0, -16, 0],
							"lerp_mode": "catmullrom"
						},
						"4.2917": {
							"post": [1.1459, -15.95998, -4.16064],
							"lerp_mode": "catmullrom"
						},
						"5.5": [0, 0, 0]
					}
				},
				"closer": {
					"position": {
						"0.0": [0, 0, 0],
						"1.1667": {"pre": [0, 0, 0], "post": [0, 0, -2]},
						"1.3333": {"pre": [0, 0, -2], "post": [0, 0, 0.6]},
						"2.5417": {"pre": [0, 0, 0.6], "post": [0, 0, -2]},
						"2.7083": {"pre": [0, 0, -2], "post": [0, 0, 0.6]},
						"2.8333": {"pre": [0, 0, 0.6], "post": [0, 0, 0]},
						"5.5": [0, 0, 0]
					}
				},
				"pupil": {
					"position": {
						"0.0": [0, 0, 0],
						"0.25": [-0.4, 0, 0],
						"1.125": [-0.3, 0, 0],
						"1.375": [0, 0, 0],
						"1.7917": [0.3, 0, 0],
						"2.3333": [0.4, 0, 0],
						"2.5": [0.3, 0, 0],
						"2.8333": [0, 0, 0],
						"5.5": [0, 0, 0]
					}
				},
				"pupil3": {
					"position": {
						"0.0": [0, 0, 0],
						"0.25": [-0.7, 0, 0],
						"1.125": [-0.6, 0, 0],
						"1.375": [0, 0, 0],
						"1.7917": [0.6, 0, 0],
						"2.3333": [0.7, 0, 0],
						"2.5": [0.6, 0, 0],
						"2.8333": [0, 0, 0],
						"5.5": [0, 0, 0]
					}
				},
				"closel": {
					"position": {
						"0.0": [0, 0, 0],
						"1.1667": {"pre": [0, 0, 0], "post": [0, 0, -2]},
						"1.3333": {"pre": [0, 0, -2], "post": [0, 0, 1.2]},
						"2.5417": {"pre": [0, 0, 1.2], "post": [0, 0, -2]},
						"2.7083": {"pre": [0, 0, -2], "post": [0, 0, 1.2]},
						"2.8333": {"pre": [0, 0, 1.2], "post": [0, 0, 0]},
						"5.5": [0, 0, 0]
					}
				},
				"pupil2": {
					"position": {
						"0.0": [0, 0, 0],
						"0.25": [-0.5, 0, 0],
						"1.125": [-0.4, 0, 0],
						"1.375": [0, 0, 0],
						"1.7917": [0.3, 0, 0],
						"2.3333": [0.4, 0, 0],
						"2.5": [0.3, 0, 0],
						"2.8333": [0, 0, 0],
						"5.5": [0, 0, 0]
					}
				},
				"pupil4": {
					"position": {
						"0.0": [0, 0, 0],
						"0.25": [-0.8, 0, 0],
						"1.125": [-0.7, 0, 0],
						"1.375": [0, 0, 0],
						"1.7917": [0.6, 0, 0],
						"2.3333": [0.7, 0, 0],
						"2.5": [0.6, 0, 0],
						"2.8333": [0, 0, 0],
						"5.5": [0, 0, 0]
					}
				},
				"Body": {
					"rotation": {
						"0.0": [0, 0, 0],
						"0.25": {
							"pre": [9.93013, 2.82728, -2.83073],
							"post": [9.93013, 2.82728, -2.83073],
							"lerp_mode": "catmullrom"
						},
						"1.125": {
							"post": [9.93013, 2.82728, -2.83073],
							"lerp_mode": "catmullrom"
						},
						"1.375": {
							"post": [0, 0, 0],
							"lerp_mode": "catmullrom"
						},
						"1.7917": {
							"post": [7.34644, -6.08983, 6.6393],
							"lerp_mode": "catmullrom"
						},
						"2.5": {
							"post": [7.34644, -6.08983, 6.6393],
							"lerp_mode": "catmullrom"
						},
						"2.8333": [0, 0, 0],
						"5.5": [0, 0, 0]
					},
					"position": {
						"0.0": [0, 0, 0],
						"0.25": {
							"pre": [-0.4, 0, 0.8],
							"post": [-0.4, 0, 0.8],
							"lerp_mode": "catmullrom"
						},
						"1.125": {
							"post": [-0.4, 0, 0.8],
							"lerp_mode": "catmullrom"
						},
						"1.375": {
							"post": [0, 0, 0],
							"lerp_mode": "catmullrom"
						},
						"1.7917": {
							"post": [-0.8, 0.5, -0.1],
							"lerp_mode": "catmullrom"
						},
						"2.5": {
							"post": [-0.8, 0.5, -0.1],
							"lerp_mode": "catmullrom"
						},
						"2.8333": [0, 0, 0],
						"5.5": [0, 0, 0]
					},
					"scale": {
						"0.0": [1, 1, 1],
						"2.8333": [1, 1, 1],
						"5.5": [1, 1, 1]
					}
				},
				"neck": {
					"rotation": {
						"0.0": [0, 0, 0],
						"0.25": [0, 0, 12],
						"1.125": [0, 0, 12],
						"1.375": [0, 0, 0],
						"1.7917": [0, 0, -6],
						"2.5": [0, 0, -6],
						"2.8333": [0, 0, 0]
					},
					"position": {
						"0.0": [0, 0, 0],
						"0.25": [0, 0, 0],
						"1.125": [0, 0, 0],
						"1.375": [0, 0, 0],
						"2.8333": [0, 0, 0]
					}
				},
				"hait_side_top_R": {
					"position": {
						"0.0": [0, 0, 0],
						"3.9167": [0, 0.6, -0.6]
					}
				}
			}
		},
		"animation.fluttermane.ground_walk": {
			"loop": true,
			"animation_length": 2,
			"bones": {
				"head_main": {
					"rotation": ["-13+math.sin((query.anim_time) * 90 * 2)", 0, 0],
					"position": {
						"0.0": [0, 0.6, 0.8],
						"2.0": [0, 0.6, 0.8]
					}
				},
				"head": {
					"rotation": ["math.cos((query.anim_time) * 90 * 4) * 5", 0, 0]
				},
				"hair_top_R": {
					"rotation": ["math.cos((query.anim_time) * 90 * 4 ) ", 0, 0]
				},
				"hair_t_middle_R": {
					"rotation": ["-10+math.sin((query.anim_time) * 90 * 4) * 10", 1.35307, -6.12412],
					"position": [-0.02743, -0.31662, 0.2429]
				},
				"hair_t_t_R": {
					"rotation": [
						"-5+math.cos((query.anim_time-0.6) * 90 * 4 ) * 10",
						"8.9506+(-math.cos((query.anim_time-0.6) * 90 * 4 ) * 5)",
						"4.5025+(-math.cos((query.anim_time-0.6) * 90 * 4 ) * 10)"
					],
					"position": [0.17942, -0.26234, 0.40573]
				},
				"feather_top_R": {
					"rotation": ["-10+math.cos((query.anim_time-0.6) * 90 * 4 ) * 10", 0, 0]
				},
				"feather_t_r_1": {
					"rotation": ["-math.sin((query.anim_time-1.8) * 90 * 4 ) * 10", 0, "-math.cos((query.anim_time-1.8) * 90 * 4 ) * 10 "]
				},
				"feather_t_r_2": {
					"rotation": ["-math.cos((query.anim_time-1.4) * 90 * 4 ) * 10", 0, "math.cos((query.anim_time - 1.4) * 90 * 4) * 10"]
				},
				"hair_top_L": {
					"rotation": ["math.cos((query.anim_time) * 90 * 4 ) ", 0, 0]
				},
				"hair_t_middle_L": {
					"rotation": ["-10+math.sin((query.anim_time) * 90 * 4) * 10", -3.65095, 1.05055],
					"position": [0.02999, -0.12888, 0.16865]
				},
				"hair_t_t_L": {
					"rotation": [
						"-10+math.cos((query.anim_time-0.6) * 90 * 4 ) * 10",
						"-8.9506+math.cos((query.anim_time-0.6) * 90 * 4 ) * 5",
						"-4.5025+math.cos((query.anim_time-0.6) * 90 * 4 ) * 10"
					],
					"position": [0.13012, 0.05535, -0.00248]
				},
				"feather_top_L": {
					"rotation": ["-10+math.cos((query.anim_time-0.6) * 90 * 4 ) * 10", 0, 0]
				},
				"feather_t_L_3": {
					"rotation": ["math.cos((query.anim_time-1.8) * 90 * 4 ) * 10", 0, "math.cos((query.anim_time-1.8) * 90 * 4 ) * 10"]
				},
				"feather_t_L_4": {
					"rotation": ["math.sin((query.anim_time-1.4) * 90 * 4 ) * 10", 0, "-math.cos((query.anim_time - 1.4) * 90 * 4) * 10"]
				},
				"necklace": {
					"rotation": ["25+math.sin((query.anim_time) * 90 * 4) * 10", 0, 0]
				},
				"hair_t_middle_R2": {
					"rotation": ["-6.4016+(-math.sin((query.anim_time-0.3) * 90 * 4) * 6)", "0.2679+(-math.sin((query.anim_time-0.3) * 90 * 4) * 4)", 5.72083],
					"position": [-0.10955, 0.30755, 0.11584]
				},
				"hair_t_middle_L3": {
					"rotation": ["-6.3884+(-math.sin((query.anim_time-0.3) * 90 * 4) * 6)", "-(-0.4907+(-math.sin((query.anim_time-0.3) * 90 * 4) * 4))", -7.70843],
					"position": [0.06051, 0.33165, 0.36574]
				},
				"bone2": {
					"rotation": {
						"0.0": {
							"post": [0, 1, 0],
							"lerp_mode": "catmullrom"
						},
						"0.24": {
							"post": [0, -2, 0],
							"lerp_mode": "catmullrom"
						},
						"0.5": {
							"post": [0, 1, 0],
							"lerp_mode": "catmullrom"
						},
						"0.74": {
							"post": [0, -2, 0],
							"lerp_mode": "catmullrom"
						},
						"1.0": {
							"post": [0, 1, 0],
							"lerp_mode": "catmullrom"
						},
						"1.24": {
							"post": [0, -2, 0],
							"lerp_mode": "catmullrom"
						},
						"1.5": {
							"post": [0, 1, 0],
							"lerp_mode": "catmullrom"
						},
						"1.74": {
							"post": [0, -2, 0],
							"lerp_mode": "catmullrom"
						},
						"2.0": {
							"post": [0, 1, 0],
							"lerp_mode": "catmullrom"
						}
					},
					"scale": {
						"0.0": {
							"post": [0.99, 1, 0.99],
							"lerp_mode": "catmullrom"
						},
						"0.24": {
							"post": [1.01, 1, 1.01],
							"lerp_mode": "catmullrom"
						},
						"0.5": {
							"post": [0.99, 1, 0.99],
							"lerp_mode": "catmullrom"
						},
						"0.74": {
							"post": [1.01, 1, 1.01],
							"lerp_mode": "catmullrom"
						},
						"1.0": {
							"post": [0.99, 1, 0.99],
							"lerp_mode": "catmullrom"
						},
						"1.24": {
							"post": [1.01, 1, 1.01],
							"lerp_mode": "catmullrom"
						},
						"1.5": {
							"post": [0.99, 1, 0.99],
							"lerp_mode": "catmullrom"
						},
						"1.74": {
							"post": [1.01, 1, 1.01],
							"lerp_mode": "catmullrom"
						},
						"2.0": {
							"post": [0.99, 1, 0.99],
							"lerp_mode": "catmullrom"
						}
					}
				},
				"fluttermane": {
					"rotation": [26, 0, "Math.cos((query.anim_time) * 90 * 4 ) * 2"],
					"position": ["Math.cos((query.anim_time) * 90 * 4) * 0.4", "-Math.sin((query.anim_time) * 90 * 4) * 2", 0]
				},
				"hair_side_R": {
					"rotation": ["Math.cos((query.anim_time-0.6) * 90 * 2) * 5", "-Math.cos((query.anim_time-0.6) * 90 * 4) * 10", 0]
				},
				"hair_s_middle_R": {
					"rotation": [0, "-Math.cos((query.anim_time-0.9) * 90 * 4) * 4", "Math.cos((query.anim_time-0.9) * 90 * 2) * 2"],
					"position": {
						"0.0": [0, 0, 0],
						"1.96": [0, 0, 0]
					}
				},
				"hait_side_top_R": {
					"rotation": [0, "10+Math.cos((query.anim_time-1.2) * 90 * 4) * 8", "Math.cos((query.anim_time-1.2) * 90 * 4) * 6"],
					"position": {
						"0.0": [0, 0, 0],
						"1.96": [0, 0, -0.6]
					}
				},
				"feather_side_R": {
					"rotation": {
						"0.0": {
							"post": [1, 15, -10],
							"lerp_mode": "catmullrom"
						},
						"0.26": {
							"post": [17.38098, -0.24281, -16.2065],
							"lerp_mode": "catmullrom"
						},
						"0.5": {
							"post": [27.56507, -20.24028, -22.75815],
							"lerp_mode": "catmullrom"
						},
						"0.76": {
							"post": [18.32342, -3.72564, -6.75222],
							"lerp_mode": "catmullrom"
						},
						"1.0": {
							"post": [1, 15, -10],
							"lerp_mode": "catmullrom"
						},
						"1.26": {
							"post": [17.38098, -0.24281, -16.2065],
							"lerp_mode": "catmullrom"
						},
						"1.5": {
							"post": [27.56507, -20.24028, -22.75815],
							"lerp_mode": "catmullrom"
						},
						"1.76": {
							"post": [18.32342, -3.72564, -6.75222],
							"lerp_mode": "catmullrom"
						},
						"2.0": {
							"post": [1, 15, -10],
							"lerp_mode": "catmullrom"
						}
					},
					"position": {
						"0.0": {
							"post": [0, 0, 0],
							"lerp_mode": "catmullrom"
						},
						"0.5": {
							"post": [0.12483, 0.06933, 0.68528],
							"lerp_mode": "catmullrom"
						},
						"0.76": {
							"post": [0, 0, 0],
							"lerp_mode": "catmullrom"
						},
						"1.0": {
							"post": [0, 0, 0],
							"lerp_mode": "catmullrom"
						},
						"1.5": {
							"post": [0.12483, 0.06933, 0.68528],
							"lerp_mode": "catmullrom"
						},
						"1.76": {
							"post": [0, 0, 0],
							"lerp_mode": "catmullrom"
						},
						"2.0": {
							"post": [0, 0, 0],
							"lerp_mode": "catmullrom"
						}
					}
				},
				"feather_side_top_R": {
					"rotation": {
						"0.0": {
							"post": [0, 10, -6],
							"lerp_mode": "catmullrom"
						},
						"0.06": {
							"post": [0, 10, -6],
							"lerp_mode": "catmullrom"
						},
						"0.3": {
							"post": [-6.53861, -26.25422, 8.52641],
							"lerp_mode": "catmullrom"
						},
						"0.5": {
							"post": [-6.53861, -26.25422, 8.52641],
							"lerp_mode": "catmullrom"
						},
						"1.0": {
							"post": [0, 10, -6],
							"lerp_mode": "catmullrom"
						},
						"1.06": {
							"post": [0, 10, -6],
							"lerp_mode": "catmullrom"
						},
						"1.3": {
							"post": [-6.53861, -26.25422, 8.52641],
							"lerp_mode": "catmullrom"
						},
						"1.5": {
							"post": [-6.53861, -26.25422, 8.52641],
							"lerp_mode": "catmullrom"
						},
						"2.0": {
							"post": [0, 10, -6],
							"lerp_mode": "catmullrom"
						}
					},
					"position": {
						"0.0": {
							"post": [0.29179, -0.00662, -0.06937],
							"lerp_mode": "catmullrom"
						},
						"0.06": {
							"post": [0.29179, -0.00662, -0.06937],
							"lerp_mode": "catmullrom"
						},
						"1.0": {
							"post": [0.29179, -0.00662, -0.06937],
							"lerp_mode": "catmullrom"
						},
						"1.06": {
							"post": [0.29179, -0.00662, -0.06937],
							"lerp_mode": "catmullrom"
						},
						"2.0": {
							"post": [0.29179, -0.00662, -0.06937],
							"lerp_mode": "catmullrom"
						}
					}
				},
				"f_s_t_1": {
					"rotation": {
						"0.0": {
							"post": [0, 0, 0],
							"lerp_mode": "catmullrom"
						},
						"0.56": {
							"post": [-10, -6, 0],
							"lerp_mode": "catmullrom"
						},
						"1.04": {
							"post": [0, 0, 0],
							"lerp_mode": "catmullrom"
						},
						"1.6": {
							"post": [-10, -6, 0],
							"lerp_mode": "catmullrom"
						},
						"2.0": {
							"post": [0, 0, 0],
							"lerp_mode": "catmullrom"
						}
					},
					"position": {
						"0.0": {
							"post": [0, 0, 0],
							"lerp_mode": "catmullrom"
						},
						"0.56": {
							"post": [-0.38628, -0.45241, -0.50608],
							"lerp_mode": "catmullrom"
						},
						"1.04": {
							"post": [0, 0, 0],
							"lerp_mode": "catmullrom"
						},
						"1.6": {
							"post": [-0.38628, -0.45241, -0.50608],
							"lerp_mode": "catmullrom"
						},
						"2.0": {
							"post": [0, 0, 0],
							"lerp_mode": "catmullrom"
						}
					}
				},
				"f_s_t_2": {
					"rotation": {
						"0.0": {
							"post": [0, 0, 0],
							"lerp_mode": "catmullrom"
						},
						"0.5": {
							"post": [-2, -7, 0],
							"lerp_mode": "catmullrom"
						},
						"1.0": {
							"post": [0, 0, 0],
							"lerp_mode": "catmullrom"
						},
						"1.5": {
							"post": [-2, -7, 0],
							"lerp_mode": "catmullrom"
						},
						"2.0": {
							"post": [0, 0, 0],
							"lerp_mode": "catmullrom"
						}
					},
					"position": {
						"0.0": {
							"post": [0, 0, 0],
							"lerp_mode": "catmullrom"
						},
						"0.5": {
							"post": [-0.3554, 0.10446, -0.15093],
							"lerp_mode": "catmullrom"
						},
						"1.0": {
							"post": [0, 0, 0],
							"lerp_mode": "catmullrom"
						},
						"1.5": {
							"post": [-0.3554, 0.10446, -0.15093],
							"lerp_mode": "catmullrom"
						},
						"2.0": {
							"post": [0, 0, 0],
							"lerp_mode": "catmullrom"
						}
					}
				},
				"f_s_t_3": {
					"rotation": {
						"0.0": {
							"post": [-10.44881, 11.08393, -19.80014],
							"lerp_mode": "catmullrom"
						},
						"0.44": {
							"post": [-6.00817, -2.98355, 0.31387],
							"lerp_mode": "catmullrom"
						},
						"0.98": {
							"post": [-10.44881, 11.08393, -19.80014],
							"lerp_mode": "catmullrom"
						},
						"1.44": {
							"post": [-6.00817, -2.98355, 0.31387],
							"lerp_mode": "catmullrom"
						},
						"1.98": [-10.44881, 11.08393, -19.80014]
					},
					"position": {
						"0.0": {
							"post": [0.686, -0.02328, 0.13732],
							"lerp_mode": "catmullrom"
						},
						"0.44": {
							"post": [-0.30195, 0.1728, -0.19412],
							"lerp_mode": "catmullrom"
						},
						"0.98": {
							"post": [0.686, -0.02328, 0.13732],
							"lerp_mode": "catmullrom"
						},
						"1.44": {
							"post": [-0.30195, 0.1728, -0.19412],
							"lerp_mode": "catmullrom"
						},
						"1.98": [0.686, -0.02328, 0.13732]
					}
				},
				"hair_side_L": {
					"rotation": ["Math.cos((query.anim_time-0.6) * 90 * 2) * 5", "Math.cos((query.anim_time-0.6) * 90 * 4) * 10", 0]
				},
				"hair_s_middle_L": {
					"rotation": [0, "Math.cos((query.anim_time-0.9) * 90 * 4) * 4", "-Math.cos((query.anim_time-0.9) * 90 * 2) * 2"]
				},
				"hait_side_top_L": {
					"rotation": [0, "-10+(-Math.cos((query.anim_time-1.2) * 90 * 4) * 8)", "-Math.cos((query.anim_time-1.2) * 90 * 4) * 6"]
				},
				"feather_side_L": {
					"rotation": {
						"0.0": [-10, -15, -10],
						"0.26": {
							"pre": [16.99326, -1.09299, 3.40791],
							"post": [16.99326, -1.09299, 3.40791],
							"lerp_mode": "catmullrom"
						},
						"0.5": {
							"post": [17.99672, 18.95654, 9.76603],
							"lerp_mode": "catmullrom"
						},
						"0.76": {
							"post": [-9.67658, 3.72564, -13.24778],
							"lerp_mode": "catmullrom"
						},
						"1.0": {
							"post": [-10, -15, -10],
							"lerp_mode": "catmullrom"
						},
						"1.26": {
							"post": [16.99326, -1.09299, 3.40791],
							"lerp_mode": "catmullrom"
						},
						"1.5": {
							"post": [17.99672, 18.95654, 9.76603],
							"lerp_mode": "catmullrom"
						},
						"1.76": {
							"post": [-9.67658, 3.72564, -13.24778],
							"lerp_mode": "catmullrom"
						},
						"2.0": {
							"post": [-10, -15, -10],
							"lerp_mode": "catmullrom"
						}
					}
				},
				"feather_side_top_L": {
					"rotation": {
						"0.0": {
							"post": [0, -10, 6],
							"lerp_mode": "catmullrom"
						},
						"0.06": {
							"post": [0, -10, 6],
							"lerp_mode": "catmullrom"
						},
						"0.26": {
							"post": [-7.44331, 25.75813, -15.06989],
							"lerp_mode": "catmullrom"
						},
						"0.6": {
							"post": [-7.44331, 25.75813, -15.06989],
							"lerp_mode": "catmullrom"
						},
						"1.0": {
							"post": [0, -10, 6],
							"lerp_mode": "catmullrom"
						},
						"1.06": {
							"post": [0, -10, 6],
							"lerp_mode": "catmullrom"
						},
						"1.26": {
							"post": [-7.44331, 25.75813, -15.06989],
							"lerp_mode": "catmullrom"
						},
						"1.6": {
							"post": [-7.44331, 25.75813, -15.06989],
							"lerp_mode": "catmullrom"
						},
						"2.0": {
							"post": [0, -10, 6],
							"lerp_mode": "catmullrom"
						}
					},
					"position": {
						"0.0": {
							"post": [-0.81003, 0.25462, -0.29836],
							"lerp_mode": "catmullrom"
						},
						"0.06": {
							"post": [-0.81003, 0.25462, -0.29836],
							"lerp_mode": "catmullrom"
						},
						"0.26": {
							"post": [-0.47876, 0.36025, -0.65795],
							"lerp_mode": "catmullrom"
						},
						"0.6": {
							"post": [-0.47876, 0.36025, -0.65795],
							"lerp_mode": "catmullrom"
						},
						"1.0": {
							"post": [-0.81003, 0.25462, -0.29836],
							"lerp_mode": "catmullrom"
						},
						"1.06": {
							"post": [-0.81003, 0.25462, -0.29836],
							"lerp_mode": "catmullrom"
						},
						"1.26": {
							"post": [-0.47876, 0.36025, -0.65795],
							"lerp_mode": "catmullrom"
						},
						"1.6": {
							"post": [-0.47876, 0.36025, -0.65795],
							"lerp_mode": "catmullrom"
						},
						"2.0": {
							"post": [-0.81003, 0.25462, -0.29836],
							"lerp_mode": "catmullrom"
						}
					}
				},
				"f_s_t_4": {
					"rotation": {
						"0.0": {
							"post": [6.72146, -8.7452, 2.95407],
							"lerp_mode": "catmullrom"
						},
						"0.56": {
							"post": [-6.12597, 1.83269, 11.21664],
							"lerp_mode": "catmullrom"
						},
						"1.04": {
							"post": [6.72146, -8.7452, 2.95407],
							"lerp_mode": "catmullrom"
						},
						"1.6": {
							"post": [-6.12597, 1.83269, 11.21664],
							"lerp_mode": "catmullrom"
						},
						"2.0": {
							"post": [14.48012, -10.07689, -10.40687],
							"lerp_mode": "catmullrom"
						}
					},
					"position": {
						"0.0": {
							"post": [0, 0, 0],
							"lerp_mode": "catmullrom"
						},
						"0.56": {
							"post": [-0.23039, -1.1317, -0.59573],
							"lerp_mode": "catmullrom"
						},
						"1.04": {
							"post": [0, 0, 0],
							"lerp_mode": "catmullrom"
						},
						"1.6": {
							"post": [-0.23039, -1.1317, -0.59573],
							"lerp_mode": "catmullrom"
						},
						"2.0": {
							"post": [-0.18258, 0.07952, 0.01843],
							"lerp_mode": "catmullrom"
						}
					}
				},
				"f_s_t_5": {
					"rotation": {
						"0.0": {
							"post": [0, -10.9114, 12.80636],
							"lerp_mode": "catmullrom"
						},
						"0.5": {
							"post": [-13.65299, -1.96188, 12.01069],
							"lerp_mode": "catmullrom"
						},
						"1.0": {
							"post": [0, -10.9114, 12.80636],
							"lerp_mode": "catmullrom"
						},
						"1.5": {
							"post": [-13.65299, -1.96188, 12.01069],
							"lerp_mode": "catmullrom"
						},
						"2.0": {
							"post": [0, -10.9114, 12.80636],
							"lerp_mode": "catmullrom"
						}
					},
					"position": {
						"0.0": {
							"post": [0, 0, 0],
							"lerp_mode": "catmullrom"
						},
						"0.5": {
							"post": [-0.53545, 0.03471, 0.26848],
							"lerp_mode": "catmullrom"
						},
						"1.0": {
							"post": [0, 0, 0],
							"lerp_mode": "catmullrom"
						},
						"1.5": {
							"post": [-0.53545, 0.03471, 0.26848],
							"lerp_mode": "catmullrom"
						},
						"2.0": {
							"post": [0, 0, 0],
							"lerp_mode": "catmullrom"
						}
					}
				},
				"f_s_t_6": {
					"rotation": {
						"0.0": {
							"post": [-9.42098, -17.09267, 29.06769],
							"lerp_mode": "catmullrom"
						},
						"0.38": {
							"post": [-18.14675, -7.01285, 1.75246],
							"lerp_mode": "catmullrom"
						},
						"0.96": {
							"post": [-9.42098, -17.09267, 29.06769],
							"lerp_mode": "catmullrom"
						},
						"1.26": {
							"post": [-18.14675, -7.01285, 1.75246],
							"lerp_mode": "catmullrom"
						},
						"2.0": {
							"post": [-9.42098, -17.09267, 29.06769],
							"lerp_mode": "catmullrom"
						}
					},
					"position": {
						"0.0": {
							"post": [-1.05584, -0.52038, 0.25378],
							"lerp_mode": "catmullrom"
						},
						"0.96": {
							"post": [-1.05584, -0.52038, 0.25378],
							"lerp_mode": "catmullrom"
						},
						"2.0": {
							"post": [-1.05584, -0.52038, 0.25378],
							"lerp_mode": "catmullrom"
						}
					}
				},
				"hair_back_R": {
					"rotation": ["Math.cos((query.anim_time) * 90 * 4) * 5", 0, 0]
				},
				"hair_back2_joint": {
					"rotation": ["Math.cos((query.anim_time-0.2) * 90 * 4) * 5", "-Math.sin((query.anim_time-0.2) * 90 * 4) * 2", 0]
				},
				"hair_backR3": {
					"rotation": ["Math.cos((query.anim_time-0.4) * 90 * 4) * 8", "-Math.sin((query.anim_time-0.4) * 90 * 4) ", 0]
				},
				"hair_back_L": {
					"rotation": ["Math.cos((query.anim_time-1.4) * 90 * 4) * 5", 0, 0]
				},
				"hair_back2_joint2": {
					"rotation": ["Math.cos((query.anim_time-1.6) * 90 * 4) * 5", "-Math.sin((query.anim_time-1.6) * 90 * 4) * 2", 0]
				},
				"hair_backL3": {
					"rotation": ["Math.cos((query.anim_time-1.8) * 90 * 4) * 8", "-Math.sin((query.anim_time-1.8) * 90 * 4)", 0]
				},
				"hair_back_M": {
					"rotation": ["-Math.cos((query.anim_time-1.2) * 90 * 4) * 5", 0, 0]
				},
				"hair_back2_joint3": {
					"rotation": ["-Math.cos((query.anim_time-1.4) * 90 * 4) * 8", "Math.cos((query.anim_time-1.4) * 90 * 4) * 2", 0]
				},
				"hair_backM3": {
					"rotation": ["-Math.cos((query.anim_time-1.6) * 90 * 4) * 8", "Math.cos((query.anim_time-1.6) * 90 * 4) * 2", 0]
				},
				"necklace2": {
					"rotation": ["5+math.sin((query.anim_time-0.3 ) * 90 * 4 ) * 12", 0, 0]
				},
				"necklace3": {
					"rotation": ["-20+math.cos((query.anim_time-0.6) * 90 * 4) * 10", 0, 0]
				},
				"bone": {
					"rotation": ["10+math.sin((query.anim_time-0.3 ) * 90 * 2 ) * 12", 0, 0]
				},
				"closer": {
					"position": [0, 0, 3.2]
				},
				"closel": {
					"position": [0, 0, 3.2]
				}
			}
		}
	}
}