{
	"format_version": "1.10.0",
	"particle_effect": {
		"description": {
			"identifier": "cobblemon:bitterblade_target",
			"basic_render_parameters": {
				"material": "particles_blend",
				"texture": "textures/particles/slash"
			}
		},
		"events": {
			"event_sound": {
				"sound_effect": {
					"event_name": "move.bitterblade.target"
				}
			}
		},
		"components": {
			"minecraft:emitter_rate_instant": {
				"num_particles": 1
			},
			"minecraft:emitter_lifetime_once": {
				"active_time": 0.9
			},
			"minecraft:emitter_lifetime_events": {
				"creation_event": "event_sound"
			},
			"minecraft:emitter_shape_point": {
				"offset": [0, 0, -0.25]
			},
			"minecraft:particle_lifetime_expression": {
				"max_lifetime": 0.5
			},
			"minecraft:particle_initial_spin": {
				"rotation": 90
			},
			"minecraft:particle_initial_speed": 0,
			"minecraft:particle_motion_dynamic": {},
			"minecraft:particle_appearance_billboard": {
				"size": [2.25, 1.75],
				"facing_camera_mode": "rotate_xyz",
				"uv": {
					"texture_width": 32,
					"texture_height": 160,
					"flipbook": {
						"base_UV": [0, 0],
						"size_UV": [32, 32],
						"step_UV": [0, 32],
						"frames_per_second": 10,
						"max_frame": 5,
						"loop": true
					}
				}
			},
			"minecraft:particle_appearance_tinting": {
				"color": {
					"interpolant": "v.particle_age / v.particle_lifetime",
					"gradient": {
						"0.0": "#A62542E8",
						"0.2": "#A62542E8",
						"0.35": "#A6147DEC",
						"0.63": "#A62710E8",
						"0.86": "#A6156CD4",
						"1.0": "#A62542E8"
					}
				}
			}
		}
	}
}