{
	"format_version": "1.8.0",
	"animations": {
		"animation.blaziken.blink": {
			"animation_length": 0.1667,
			"bones": {
				"eyelid_right": {
					"position": {
						"0.0": [-0.1, 0, 0],
						"0.125": [-0.1, 0, 0],
						"0.1667": [0, 0, 0]
					}
				},
				"eyelid_left": {
					"position": {
						"0.0": [0.1, 0, 0],
						"0.125": [0.1, 0, 0],
						"0.1667": [0, 0, 0]
					}
				}
			}
		},
		"animation.blaziken.cry": {
			"animation_length": 1.75,
			"bones": {
				"neck": {
					"rotation": {
						"0.0": {
							"post": [0, 0, 0],
							"lerp_mode": "catmullrom"
						},
						"0.25": {
							"post": [10, 0, 0],
							"lerp_mode": "catmullrom"
						},
						"1.25": {
							"post": [10, 0, 0],
							"lerp_mode": "catmullrom"
						},
						"1.75": {
							"post": [0, 0, 0],
							"lerp_mode": "catmullrom"
						}
					}
				},
				"head": {
					"rotation": {
						"0.0": {
							"post": [0, 0, 0],
							"lerp_mode": "catmullrom"
						},
						"0.25": {
							"post": [-15, 0, 0],
							"lerp_mode": "catmullrom"
						},
						"1.25": {
							"post": [-15, 0, 0],
							"lerp_mode": "catmullrom"
						},
						"1.75": {
							"post": [0, 0, 0],
							"lerp_mode": "catmullrom"
						}
					}
				},
				"jaw": {
					"rotation": {
						"0.0": {
							"post": [0, 0, 0],
							"lerp_mode": "catmullrom"
						},
						"0.25": {
							"post": [35, 0, 0],
							"lerp_mode": "catmullrom"
						},
						"1.0833": {
							"post": [35, 0, 0],
							"lerp_mode": "catmullrom"
						},
						"1.75": {
							"post": [0, 0, 0],
							"lerp_mode": "catmullrom"
						}
					}
				}
			},
			"sound_effects": {
				"0.0833": {
					"effect": "pokemon.blaziken.cry"
				}
			}
		},
		"animation.blaziken.battle_idle": {
			"loop": true,
			"bones": {
				"body": {
					"rotation": [0, 25, 0],
					"position": [0, "-2-math.sin(q.anim_time*90*3-15)*0.16", 0]
				},
				"leg_right": {
					"rotation": [14.69674, 61.52781, "35.0756+math.sin(q.anim_time*90*3-15)*0.75"],
					"position": [-1, 0, 0]
				},
				"leg_right2": {
					"rotation": ["19.7127+math.sin(q.anim_time*90*3-15)*0.75", 2.68507, "-12.2127-math.sin(q.anim_time*90*3-15)*0.75"]
				},
				"torso2": {
					"rotation": ["12.5+math.sin(q.anim_time*90*2-35)*1", -7.5, 0]
				},
				"torso": {
					"rotation": ["-7.4912+math.sin(q.anim_time*90*3+15)*0.75", -14.99982, -0.08057],
					"position": [0, "0-math.sin(q.anim_time*90*3-15)*0.2", 0]
				},
				"tail1": {
					"rotation": [-10, 0, 0]
				},
				"tail2": {
					"rotation": [10, 0, 0]
				},
				"tail3": {
					"rotation": [15, 0, 0]
				},
				"arm_right": {
					"rotation": [-15, 37.5, "-45+math.sin(q.anim_time*90*3-15)*2.5"]
				},
				"arm_right2": {
					"rotation": [0, -10, 0]
				},
				"arm_right3": {
					"rotation": [0, "-27.5+math.sin(q.anim_time*90*3-75)*2.5", 0]
				},
				"hand_right": {
					"rotation": [0, -15, -20]
				},
				"finger_right1": {
					"rotation": [0, 0, 7.5]
				},
				"finger_right2": {
					"rotation": [0, 0, -20]
				},
				"finger_right3": {
					"rotation": [0, 0, -15]
				},
				"finger_right4": {
					"rotation": [4.6653, -16.88547, -15.69284]
				},
				"finger_right5": {
					"rotation": [0, 0, -25]
				},
				"finger_right6": {
					"rotation": [0, 0, -22.5]
				},
				"finger_right7": {
					"rotation": [-3.61644, 19.6835, -10.62758]
				},
				"finger_right8": {
					"rotation": [0, 0, -15]
				},
				"finger_right9": {
					"rotation": [0, 0, -7.5]
				},
				"arm_left": {
					"rotation": [-1.95155, 7.24305, "29.8765-math.sin(q.anim_time*90*3-15)*2.5"]
				},
				"arm_left2": {
					"rotation": [0, 10, 0]
				},
				"arm_left3": {
					"rotation": [0, "27.5-math.sin(q.anim_time*90*3-75)*2.5", 0]
				},
				"hand_left": {
					"rotation": [0, 15, 20]
				},
				"finger_left1": {
					"rotation": [0, 0, -7.5]
				},
				"finger_left2": {
					"rotation": [0, 0, 20]
				},
				"finger_left3": {
					"rotation": [0, 0, 15]
				},
				"finger_left4": {
					"rotation": [4.6653, 16.88547, 15.69284]
				},
				"finger_left5": {
					"rotation": [0, 0, 25]
				},
				"finger_left6": {
					"rotation": [0, 0, 22.5]
				},
				"finger_left7": {
					"rotation": [-3.61644, -19.6835, 10.62758]
				},
				"finger_left8": {
					"rotation": [0, 0, 15]
				},
				"finger_left9": {
					"rotation": [0, 0, 7.5]
				},
				"leg_left": {
					"rotation": ["-19.2628-math.sin(q.anim_time*90*3-15)*0.75", -28.463, -7.85573],
					"position": [1, 0, -1]
				},
				"leg_left2": {
					"rotation": ["19.8749+math.sin(q.anim_time*90*3-15)*0.75", -2.14405, 7.18205]
				},
				"neck": {
					"rotation": ["0+math.sin(q.anim_time*90*3-75)*2", 0, 0]
				},
				"hand_fire_right1": {
					"rotation": ["0+math.sin(q.anim_time*90*4)*4", 0, 0],
					"scale": ["2+math.sin(q.anim_time*90*5*6-90)*0.02-1", "2-math.sin(q.anim_time*90*5*6-90)*0.1-1", "2-math.sin(q.anim_time*90*5*6-90)*0.03-1"]
				},
				"hand_fire_right2": {
					"rotation": ["0+math.sin(q.anim_time*90*4)*4", 0, 0],
					"scale": ["2+math.sin(q.anim_time*90*5*6-90)*0.02-1", "2-math.sin(q.anim_time*90*5*6-90)*0.1-1", "2-math.sin(q.anim_time*90*5*6-90)*0.03-1"]
				},
				"hand_fire_right3": {
					"rotation": ["0+math.sin(q.anim_time*90*4)*4", 0, 0],
					"scale": ["2+math.sin(q.anim_time*90*5*6-90)*0.02-1", "2-math.sin(q.anim_time*90*5*6-90)*0.1-1", "2-math.sin(q.anim_time*90*5*6-90)*0.03-1"]
				},
				"hand_fire_left1": {
					"rotation": ["0+math.sin(q.anim_time*90*4)*4", 0, 0],
					"scale": ["2+math.sin(q.anim_time*90*5*6-90)*0.02-1", "2-math.sin(q.anim_time*90*5*6-90)*0.1-1", "2-math.sin(q.anim_time*90*5*6-90)*0.03-1"]
				},
				"hand_fire_left2": {
					"rotation": ["0+math.sin(q.anim_time*90*4)*4", 0, 0],
					"scale": ["2+math.sin(q.anim_time*90*5*6-90)*0.02-1", "2-math.sin(q.anim_time*90*5*6-90)*0.1-1", "2-math.sin(q.anim_time*90*5*6-90)*0.03-1"]
				},
				"hand_fire_left3": {
					"rotation": ["0+math.sin(q.anim_time*90*4)*4", 0, 0],
					"scale": ["2+math.sin(q.anim_time*90*5*6-90)*0.02-1", "2-math.sin(q.anim_time*90*5*6-90)*0.1-1", "2-math.sin(q.anim_time*90*5*6-90)*0.03-1"]
				},
				"jacket_right": {
					"rotation": [-7.5, 0, 0]
				},
				"jacket_left": {
					"rotation": [-10, 0, 0]
				}
			}
		},
		"animation.blaziken.physical": {
			"loop": "hold_on_last_frame",
			"animation_length": 2.7083,
			"bones": {
				"body": {
					"rotation": {
						"0.0": [0, 25, 0],
						"0.125": [0, 25, 0],
						"0.2917": {
							"pre": [0, 37.5, 0],
							"post": [0, 37.5, 0],
							"lerp_mode": "catmullrom"
						},
						"0.5417": [0, 37.5, 0],
						"0.625": [0, 0, 0],
						"0.8333": [0, 0, 0],
						"1.8333": [0, 0, 0],
						"2.125": [0, 25, 0],
						"2.2917": {
							"pre": [0, 25, 0],
							"post": [0, 25, 0],
							"lerp_mode": "catmullrom"
						},
						"2.4167": {
							"post": [0, 25, 0],
							"lerp_mode": "catmullrom"
						},
						"2.7083": [0, 25, 0]
					},
					"position": {
						"0.0": [0, -1.95859, 0],
						"0.125": [0, -1.95859, 0],
						"0.2917": {
							"pre": [-0.6, -3.96, 1.6],
							"post": [-0.6, -3.96, 1.6],
							"lerp_mode": "catmullrom"
						},
						"0.5417": [-0.6, -4.96, 2.6],
						"0.625": {
							"pre": [-0.6, -0.96, -18.4],
							"post": [-0.6, -0.96, -18.4],
							"lerp_mode": "catmullrom"
						},
						"0.75": {
							"post": [-0.6, 3.04, -25.4],
							"lerp_mode": "catmullrom"
						},
						"1.0": {
							"post": [-0.6, -5.96, -30],
							"lerp_mode": "catmullrom"
						},
						"1.25": [-0.6, -3.96, -31],
						"1.375": [-0.6, -4.96, -31],
						"1.5833": [-0.6, -3.96, -31],
						"1.8333": [-0.6, -6.96, -29.9],
						"2.0417": {
							"pre": [-0.26, 4.93, -12.82],
							"post": [-0.26, 4.93, -12.82],
							"lerp_mode": "catmullrom"
						},
						"2.2083": [0, -5.35859, 0],
						"2.4167": [0, -4.35859, 0],
						"2.7083": [0, -1.95859, 0]
					}
				},
				"leg_right": {
					"rotation": {
						"0.0": [14.69674, 61.52781, 34.88149],
						"0.125": [14.69674, 61.52781, 34.88149],
						"0.2917": {
							"pre": [13.29527, 76.61084, 52.64912],
							"post": [13.29527, 76.61084, 52.64912],
							"lerp_mode": "catmullrom"
						},
						"0.5833": [5.79527, 76.61084, 52.64912],
						"0.625": {
							"pre": [-85, 0, 0],
							"post": [-85, 0, 0],
							"lerp_mode": "catmullrom"
						},
						"0.7917": {
							"post": [-107.5, 0, 0],
							"lerp_mode": "catmullrom"
						},
						"0.9583": {
							"post": [-50, 0, 0],
							"lerp_mode": "catmullrom"
						},
						"1.0417": {
							"post": [-50.28, 0, 0],
							"lerp_mode": "catmullrom"
						},
						"1.25": [-37.5, 0, 0],
						"1.375": [-42.5, 0, 0],
						"1.5833": [-37.5, 0, 0],
						"1.8333": [-57.5, 0, 0],
						"1.9583": [-47.5, 0, 0],
						"2.125": [-7.55256, 38.98793, 21.23029],
						"2.2917": {
							"pre": [-2.80326, 61.52781, 34.88149],
							"post": [-2.80326, 61.52781, 34.88149],
							"lerp_mode": "catmullrom"
						},
						"2.4167": {
							"post": [-2.80326, 61.52781, 34.88149],
							"lerp_mode": "catmullrom"
						},
						"2.7083": [14.69674, 61.52781, 34.88149]
					},
					"position": {
						"0.0": [-1, 0, 0],
						"0.125": [-1, 0, 0],
						"0.2917": {
							"pre": [-1.8, 0, 0.6],
							"post": [-1.8, 0, 0.6],
							"lerp_mode": "catmullrom"
						},
						"0.5833": [-1.8, 0, 0.6],
						"0.625": [-1.8, 0, -1.4],
						"0.7917": [-1.8, 0, -1.4],
						"1.5833": [-1.8, 0, -1.4],
						"1.8333": [-1.8, 0, -1.4],
						"2.125": [-1, 0, 0],
						"2.2917": {
							"pre": [-1, 0, 0],
							"post": [-1, 0, 0],
							"lerp_mode": "catmullrom"
						},
						"2.4167": {
							"post": [-1, 0, 0],
							"lerp_mode": "catmullrom"
						},
						"2.7083": [-1, 0, 0]
					},
					"scale": {
						"0.5833": [1, 1, 1],
						"0.625": [1, 1.8, 0.9],
						"0.7083": [1, 1, 1]
					}
				},
				"leg_right2": {
					"rotation": {
						"0.0": [19.51859, 2.68507, -12.01859],
						"0.125": [19.51859, 2.68507, -12.01859],
						"0.2917": {
							"pre": [37.01859, 2.68507, -12.01859],
							"post": [37.01859, 2.68507, -12.01859],
							"lerp_mode": "catmullrom"
						},
						"0.5833": [44.51859, 2.68507, -12.01859],
						"0.625": {
							"pre": [107.5, 0, 0],
							"post": [107.5, 0, 0],
							"lerp_mode": "catmullrom"
						},
						"0.7917": {
							"post": [107.5, 0, 0],
							"lerp_mode": "catmullrom"
						},
						"0.9583": {
							"post": [50, 0, 0],
							"lerp_mode": "catmullrom"
						},
						"1.0417": {
							"post": [52.78, 0, 0],
							"lerp_mode": "catmullrom"
						},
						"1.25": [37.5, 0, 0],
						"1.375": [45, 0, 0],
						"1.5833": [37.5, 0, 0],
						"1.8333": [57.5, 0, 0],
						"1.9583": [17.5, 0, 0],
						"2.125": [42.21604, -1.89016, -6.3753],
						"2.2917": {
							"pre": [37.01859, 2.68507, -12.01859],
							"post": [37.01859, 2.68507, -12.01859],
							"lerp_mode": "catmullrom"
						},
						"2.4167": {
							"post": [37.01859, 2.68507, -12.01859],
							"lerp_mode": "catmullrom"
						},
						"2.7083": [19.51859, 2.68507, -12.01859]
					},
					"position": {
						"0.125": [0, 0, 0],
						"0.2917": {
							"pre": [0, 0, 0],
							"post": [0, 0, 0],
							"lerp_mode": "catmullrom"
						},
						"0.5833": [0, 0, 0],
						"0.625": [0, -1.8, 2],
						"0.7917": [0, -1.8, 2],
						"0.9583": [0, 0, 0],
						"2.125": [0, 0, 0],
						"2.2917": {
							"pre": [0, 0, 0],
							"post": [0, 0, 0],
							"lerp_mode": "catmullrom"
						},
						"2.4167": {
							"post": [0, 0, 0],
							"lerp_mode": "catmullrom"
						},
						"2.7083": [0, 0, 0]
					},
					"scale": {
						"0.5833": [1, 1, 1],
						"0.625": [1, 1.4, 0.8],
						"0.7083": [1, 1, 1]
					}
				},
				"torso2": {
					"rotation": {
						"0.0": [11.92642, -7.5, 0],
						"0.125": [0, 0, 0],
						"0.2917": {
							"pre": [10.63, 0, 0],
							"post": [10.63, 0, 0],
							"lerp_mode": "catmullrom"
						},
						"0.5417": {
							"post": [10.63, 0, 0],
							"lerp_mode": "catmullrom"
						},
						"0.625": {
							"post": [5, 0, 0],
							"lerp_mode": "catmullrom"
						},
						"0.8333": {
							"post": [25, 0, 0],
							"lerp_mode": "catmullrom"
						},
						"1.0": {
							"post": [17.5, 0, 0],
							"lerp_mode": "catmullrom"
						},
						"1.2083": {
							"post": [-10, 0, 0],
							"lerp_mode": "catmullrom"
						},
						"1.4583": {
							"post": [-5, 0, 0],
							"lerp_mode": "catmullrom"
						},
						"1.5833": {
							"post": [-5, 0, 0],
							"lerp_mode": "catmullrom"
						},
						"2.125": [0, 0, 0],
						"2.2917": {
							"pre": [10, 0, 0],
							"post": [10, 0, 0],
							"lerp_mode": "catmullrom"
						},
						"2.4167": {
							"post": [10, 0, 0],
							"lerp_mode": "catmullrom"
						},
						"2.7083": [11.92642, -7.5, 0]
					}
				},
				"torso": {
					"rotation": {
						"0.0": [-7.29709, -14.99982, -0.08057],
						"0.125": [0.20291, -14.99982, -0.08057],
						"0.2917": {
							"pre": [5.10321, -10.02, 0.37929],
							"post": [5.10321, -10.02, 0.37929],
							"lerp_mode": "catmullrom"
						},
						"0.5417": {
							"post": [9.86271, -2.68944, 2.11905],
							"lerp_mode": "catmullrom"
						},
						"0.6667": {
							"post": [-22.29709, -14.99982, -0.08057],
							"lerp_mode": "catmullrom"
						},
						"0.7917": {
							"post": [-34.79709, -14.99982, -0.08057],
							"lerp_mode": "catmullrom"
						},
						"0.9167": {
							"post": [-27.04718, -0.11583, -1.96444],
							"lerp_mode": "catmullrom"
						},
						"1.0417": {
							"post": [-2.04718, -0.11583, -1.96444],
							"lerp_mode": "catmullrom"
						},
						"1.125": {
							"post": [11.27229, 14.99611, 0.7669],
							"lerp_mode": "catmullrom"
						},
						"1.2917": {
							"post": [-7.39018, -17.47932, 0.25223],
							"lerp_mode": "catmullrom"
						},
						"1.4167": {
							"post": [-3, 17.3272, -2.88955],
							"lerp_mode": "catmullrom"
						},
						"1.5833": [-3.0443, 19.82372, -3.02859],
						"1.8333": [7.5, 0, 0],
						"2.125": [0.20291, -14.99982, -0.08057],
						"2.2917": {
							"pre": [5.20291, -14.99982, -0.08057],
							"post": [5.20291, -14.99982, -0.08057],
							"lerp_mode": "catmullrom"
						},
						"2.4167": {
							"post": [5.20291, -14.99982, -0.08057],
							"lerp_mode": "catmullrom"
						},
						"2.7083": [-7.29709, -14.99982, -0.08057]
					},
					"position": {
						"0.0": [0, 0.05176, 0],
						"0.125": [0, 0.05176, 0],
						"1.5833": [0, 0.05, 0],
						"2.125": [0, 0.05176, 0],
						"2.2917": {
							"pre": [0, 0.05176, 0],
							"post": [0, 0.05176, 0],
							"lerp_mode": "catmullrom"
						},
						"2.4167": {
							"post": [0, 0.05176, 0],
							"lerp_mode": "catmullrom"
						},
						"2.7083": [0, 0.05176, 0]
					}
				},
				"tail1": {
					"rotation": {
						"0.0": [-10, 0, 0],
						"2.7083": [-10, 0, 0]
					}
				},
				"tail2": {
					"rotation": {
						"0.0": [10, 0, 0],
						"2.7083": [10, 0, 0]
					}
				},
				"tail3": {
					"rotation": {
						"0.0": [15, 0, 0],
						"2.7083": [15, 0, 0]
					}
				},
				"arm_right": {
					"rotation": {
						"0.0": [-15, 37.5, -45.64705],
						"0.125": [-15, 37.5, -45.64705],
						"0.2917": {
							"pre": [-26.36928, 13.27115, -54.32609],
							"post": [-26.36928, 13.27115, -54.32609],
							"lerp_mode": "catmullrom"
						},
						"0.625": {
							"post": [-35.48997, -41.87404, -22.38189],
							"lerp_mode": "catmullrom"
						},
						"0.75": {
							"post": [-51.64665, 85.99973, -98.35812],
							"lerp_mode": "catmullrom"
						},
						"0.9167": {
							"post": [-33.49782, 64.28834, -68.72306],
							"lerp_mode": "catmullrom"
						},
						"1.2083": {
							"post": [-44.80368, 70.1362, -80.96326],
							"lerp_mode": "catmullrom"
						},
						"1.25": {
							"post": [0, -60, 0],
							"lerp_mode": "catmullrom"
						},
						"1.4167": {
							"post": [1.44261, 29.96852, -52.11386],
							"lerp_mode": "catmullrom"
						},
						"1.6667": {
							"post": [1.57457, 37.46593, -51.87665],
							"lerp_mode": "catmullrom"
						},
						"1.7917": {
							"post": [1.48127, 32.46771, -52.03928],
							"lerp_mode": "catmullrom"
						},
						"1.9583": {
							"post": [-5.93805, -24.77902, -44.43856],
							"lerp_mode": "catmullrom"
						},
						"2.125": {
							"post": [-19.00899, -61.91592, -36.7506],
							"lerp_mode": "catmullrom"
						},
						"2.4583": {
							"post": [-14.72557, 54.39369, -52.22679],
							"lerp_mode": "catmullrom"
						},
						"2.7083": [-15, 37.5, -45.64705]
					}
				},
				"arm_right3": {
					"rotation": {
						"0.0": [0, -29.91481, 0],
						"0.125": [0, -29.91481, 0],
						"0.2917": {
							"pre": [0, -47.41481, 0],
							"post": [0, -47.41481, 0],
							"lerp_mode": "catmullrom"
						},
						"0.5833": {
							"post": [0, -72.41481, 0],
							"lerp_mode": "catmullrom"
						},
						"0.7083": {
							"post": [0, -99.91481, 0],
							"lerp_mode": "catmullrom"
						},
						"0.9167": {
							"post": [0, -49.91, 0],
							"lerp_mode": "catmullrom"
						},
						"1.2083": {
							"post": [0, -94.91, 0],
							"lerp_mode": "catmullrom"
						},
						"1.25": [0, -14.91, 0],
						"1.4167": {
							"pre": [0, -92.41, 0],
							"post": [0, -92.41, 0],
							"lerp_mode": "catmullrom"
						},
						"1.6667": {
							"post": [0, -94.91, 0],
							"lerp_mode": "catmullrom"
						},
						"1.7917": {
							"post": [0, -54.91, 0],
							"lerp_mode": "catmullrom"
						},
						"1.9583": {
							"post": [0, -51.3, 0],
							"lerp_mode": "catmullrom"
						},
						"2.125": {
							"post": [0, -51.3, 0],
							"lerp_mode": "catmullrom"
						},
						"2.375": {
							"post": [0, -49.91481, 0],
							"lerp_mode": "catmullrom"
						},
						"2.7083": [0, -29.91481, 0]
					}
				},
				"hand_right": {
					"rotation": {
						"0.0": [0, -15, -20],
						"2.7083": [0, -15, -20]
					},
					"scale": {
						"1.2083": [1, 1, 1],
						"1.25": [2, 1, 1],
						"1.3333": [1, 1, 1]
					}
				},
				"finger_right1": {
					"rotation": {
						"0.0": [0, 0, 7.5],
						"0.125": [0, 0, 7.5],
						"1.0833": [0, 0, 7.5],
						"1.1667": [0, 0, -47.5],
						"1.7917": [0, 0, -47.5],
						"2.0": [0, 0, 7.5],
						"2.7083": [0, 0, 7.5]
					}
				},
				"finger_right2": {
					"rotation": {
						"0.0": [0, 0, -20],
						"0.125": [0, 0, -20],
						"1.0833": [0, 0, -20],
						"1.1667": [0, 0, -55],
						"1.7917": [0, 0, -55],
						"2.0": [0, 0, -20],
						"2.7083": [0, 0, -20]
					}
				},
				"finger_right3": {
					"rotation": {
						"0.0": [0, 0, -15],
						"2.7083": [0, 0, -15]
					}
				},
				"finger_right4": {
					"rotation": {
						"0.0": [4.6653, -16.88547, -15.69284],
						"0.125": [4.6653, -16.88547, -15.69284],
						"1.0833": [4.6653, -16.88547, -15.69284],
						"1.1667": [15.27914, -8.64735, -61.15832],
						"1.7917": [15.28, -8.65, -61.16],
						"2.0": [4.6653, -16.88547, -15.69284],
						"2.7083": [4.6653, -16.88547, -15.69284]
					}
				},
				"finger_right5": {
					"rotation": {
						"0.0": [0, 0, -25],
						"0.125": [0, 0, -25],
						"1.0833": [0, 0, -25],
						"1.1667": [0, 0, -72.5],
						"1.7917": [0, 0, -72.5],
						"2.0": [0, 0, -25],
						"2.7083": [0, 0, -25]
					}
				},
				"finger_right6": {
					"rotation": {
						"0.0": [0, 0, -22.5],
						"2.7083": [0, 0, -22.5]
					}
				},
				"finger_right7": {
					"rotation": {
						"0.0": [-3.61644, 19.6835, -10.62758],
						"0.125": [-3.61644, 19.6835, -10.62758],
						"1.0833": [-3.61644, 19.6835, -10.62758],
						"1.1667": [-19.98247, 0.85481, -87.65059],
						"1.7917": [-19.98, 0.85, -87.65],
						"2.0": [-3.61644, 19.6835, -10.62758],
						"2.7083": [-3.61644, 19.6835, -10.62758]
					}
				},
				"finger_right8": {
					"rotation": {
						"0.0": [0, 0, -15],
						"0.125": [0, 0, -15],
						"1.0833": [0, 0, -15],
						"1.1667": [0, 0, -55],
						"1.7917": [0, 0, -55],
						"2.0": [0, 0, -15],
						"2.7083": [0, 0, -15]
					}
				},
				"finger_right9": {
					"rotation": {
						"0.0": [0, 0, -7.5],
						"2.7083": [0, 0, -7.5]
					}
				},
				"arm_left": {
					"rotation": {
						"0.0": [-1.95155, 7.24305, 30.52355],
						"0.125": [-1.95155, 7.24305, 30.52355],
						"0.2917": {
							"pre": [0.65748, -7.52773, 50.51838],
							"post": [0.65748, -7.52773, 50.51838],
							"lerp_mode": "catmullrom"
						},
						"0.625": {
							"post": [3.89937, 39.78096, 42.69725],
							"lerp_mode": "catmullrom"
						},
						"0.75": {
							"post": [38.16974, -63.23772, 6.94214],
							"lerp_mode": "catmullrom"
						},
						"0.9167": {
							"post": [1.21394, -57.52239, 49.58039],
							"lerp_mode": "catmullrom"
						},
						"1.125": {
							"post": [0.65748, -7.52773, 50.51838],
							"lerp_mode": "catmullrom"
						},
						"1.375": {
							"post": [1.3, -60.02, 49.47],
							"lerp_mode": "catmullrom"
						},
						"1.4167": {
							"post": [0, 67.5, 0],
							"lerp_mode": "catmullrom"
						},
						"1.6667": {
							"post": [0, 70, 0],
							"lerp_mode": "catmullrom"
						},
						"1.7917": {
							"post": [5.35082, -43.15888, 50.7189],
							"lerp_mode": "catmullrom"
						},
						"1.9583": {
							"post": [1.54585, 26.96119, 44.00213],
							"lerp_mode": "catmullrom"
						},
						"2.125": {
							"post": [-9.97346, 56.94415, 45.41913],
							"lerp_mode": "catmullrom"
						},
						"2.4583": {
							"post": [-4.79487, -19.79135, 39.45243],
							"lerp_mode": "catmullrom"
						},
						"2.7083": [-1.95155, 7.24305, 30.52355]
					}
				},
				"arm_left3": {
					"rotation": {
						"0.0": [0, 29.91481, 0],
						"0.125": [0, 29.91481, 0],
						"0.2917": {
							"pre": [0, 37.41481, 0],
							"post": [0, 37.41481, 0],
							"lerp_mode": "catmullrom"
						},
						"0.5833": {
							"post": [0, 67.41481, 0],
							"lerp_mode": "catmullrom"
						},
						"0.7083": {
							"post": [0, 94.91481, 0],
							"lerp_mode": "catmullrom"
						},
						"0.9167": {
							"post": [0, 59.91, 0],
							"lerp_mode": "catmullrom"
						},
						"1.1667": {
							"post": [0, 87.41, 0],
							"lerp_mode": "catmullrom"
						},
						"1.375": {
							"post": [0, 87.41, 0],
							"lerp_mode": "catmullrom"
						},
						"1.4167": [0, 4.91, 0],
						"1.6667": {
							"pre": [0, 7.41, 0],
							"post": [0, 7.41, 0],
							"lerp_mode": "catmullrom"
						},
						"1.7917": {
							"post": [0, 62.41, 0],
							"lerp_mode": "catmullrom"
						},
						"1.9583": {
							"post": [0, 47.13, 0],
							"lerp_mode": "catmullrom"
						},
						"2.125": {
							"post": [0, 47.13, 0],
							"lerp_mode": "catmullrom"
						},
						"2.375": {
							"post": [0, 59.91481, 0],
							"lerp_mode": "catmullrom"
						},
						"2.7083": [0, 29.91481, 0]
					}
				},
				"hand_left": {
					"rotation": {
						"0.0": [0, 15, 20],
						"2.7083": [0, 15, 20]
					},
					"scale": {
						"1.375": [1, 1, 1],
						"1.4167": [2, 1, 1],
						"1.5": [1, 1, 1]
					}
				},
				"finger_left1": {
					"rotation": {
						"0.0": [0, 0, -7.5],
						"0.125": [0, 0, -7.5],
						"1.25": [0, 0, -7.5],
						"1.3333": [0, 0, 47.5],
						"1.8333": [0, 0, 47.5],
						"2.0417": [0, 0, -7.5],
						"2.7083": [0, 0, -7.5]
					}
				},
				"finger_left2": {
					"rotation": {
						"0.0": [0, 0, 20],
						"0.125": [0, 0, 20],
						"1.25": [0, 0, 20],
						"1.3333": [0, 0, 55],
						"1.8333": [0, 0, 55],
						"2.0417": [0, 0, 20],
						"2.7083": [0, 0, 20]
					}
				},
				"finger_left3": {
					"rotation": {
						"0.0": [0, 0, 15],
						"2.7083": [0, 0, 15]
					}
				},
				"finger_left4": {
					"rotation": {
						"0.0": [4.6653, 16.88547, 15.69284],
						"0.125": [4.6653, 16.88547, 15.69284],
						"1.25": [4.6653, 16.88547, 15.69284],
						"1.3333": [15.27914, 8.6474, 61.1583],
						"1.8333": [15.28, 8.65, 61.16],
						"2.0417": [4.6653, 16.88547, 15.69284],
						"2.7083": [4.6653, 16.88547, 15.69284]
					}
				},
				"finger_left5": {
					"rotation": {
						"0.0": [0, 0, 25],
						"0.125": [0, 0, 25],
						"1.25": [0, 0, 25],
						"1.3333": [0, 0, 72.5],
						"1.8333": [0, 0, 72.5],
						"2.0417": [0, 0, 25],
						"2.7083": [0, 0, 25]
					}
				},
				"finger_left6": {
					"rotation": {
						"0.0": [0, 0, 22.5],
						"2.7083": [0, 0, 22.5]
					}
				},
				"finger_left7": {
					"rotation": {
						"0.0": [-3.61644, -19.6835, 10.62758],
						"0.125": [-3.61644, -19.6835, 10.62758],
						"1.25": [-3.61644, -19.6835, 10.62758],
						"1.3333": [-19.98247, -0.8548, 87.6506],
						"1.8333": [-19.98, -0.85, 87.65],
						"2.0417": [-3.61644, -19.6835, 10.62758],
						"2.7083": [-3.61644, -19.6835, 10.62758]
					}
				},
				"finger_left8": {
					"rotation": {
						"0.0": [0, 0, 15],
						"0.125": [0, 0, 15],
						"1.25": [0, 0, 15],
						"1.3333": [0, 0, 55],
						"1.8333": [0, 0, 55],
						"2.0417": [0, 0, 15],
						"2.7083": [0, 0, 15]
					}
				},
				"finger_left9": {
					"rotation": {
						"0.0": [0, 0, 7.5],
						"2.7083": [0, 0, 7.5]
					}
				},
				"leg_left": {
					"rotation": {
						"0.0": [-19.06869, -28.463, -7.85573],
						"0.125": [-19.06869, -28.463, -7.85573],
						"0.2917": {
							"pre": [-30.71392, -45.54457, -11.03918],
							"post": [-30.71392, -45.54457, -11.03918],
							"lerp_mode": "catmullrom"
						},
						"0.5417": [-38.21392, -45.54457, -11.03918],
						"0.625": [27.5, 0, 0],
						"0.7917": [27.5, 0, 0],
						"0.9167": {
							"pre": [12.5, 0, 0],
							"post": [12.5, 0, 0],
							"lerp_mode": "catmullrom"
						},
						"1.0417": {
							"post": [10.31, 0, 0],
							"lerp_mode": "catmullrom"
						},
						"1.25": [20, 0, 0],
						"1.375": [17.5, 0, 0],
						"1.5833": [20, 0, 0],
						"1.8333": [10, 0, 0],
						"1.9583": [-27.16569, -4.20854, -9.07947],
						"2.125": [-38.6908, -20.94036, -9.01634],
						"2.2917": {
							"pre": [-34.06869, -28.463, -7.85573],
							"post": [-34.06869, -28.463, -7.85573],
							"lerp_mode": "catmullrom"
						},
						"2.4167": {
							"post": [-34.06869, -28.463, -7.85573],
							"lerp_mode": "catmullrom"
						},
						"2.7083": [-19.06869, -28.463, -7.85573]
					},
					"position": {
						"0.0": [1, 0, -1],
						"0.125": [1, 0, -1],
						"0.2917": {
							"pre": [1, 0, -1],
							"post": [1, 0, -1],
							"lerp_mode": "catmullrom"
						},
						"0.5417": [1, 0, -1],
						"0.625": [1, 0, 3],
						"0.7083": [1, 0, 3],
						"1.5833": [1, 0, 3],
						"2.125": [1, 0, -1],
						"2.2917": {
							"pre": [1, 0, -1],
							"post": [1, 0, -1],
							"lerp_mode": "catmullrom"
						},
						"2.4167": {
							"post": [1, 0, -1],
							"lerp_mode": "catmullrom"
						},
						"2.7083": [1, 0, -1]
					}
				},
				"leg_left2": {
					"rotation": {
						"0.0": [19.68079, -2.14405, 7.18205],
						"0.125": [19.68079, -2.14405, 7.18205],
						"0.2917": {
							"pre": [37.18079, -2.14405, 7.18205],
							"post": [37.18079, -2.14405, 7.18205],
							"lerp_mode": "catmullrom"
						},
						"0.5417": [44.68079, -2.14405, 7.18205],
						"0.625": [7.18079, -2.14405, 7.18205],
						"0.7917": [7.18079, -2.14405, 7.18205],
						"0.9167": {
							"pre": [44.68079, -2.14405, 7.18205],
							"post": [44.68079, -2.14405, 7.18205],
							"lerp_mode": "catmullrom"
						},
						"1.0417": {
							"post": [45.61829, -2.14405, 7.18205],
							"lerp_mode": "catmullrom"
						},
						"1.25": [27.18079, -2.14405, 7.18205],
						"1.375": [34.68079, -2.14405, 7.18205],
						"1.5833": [27.18079, -2.14405, 7.18205],
						"1.8333": [52.18079, -2.14405, 7.18205],
						"1.9583": [17.18079, -2.14405, 7.18205],
						"2.125": [7.18079, -2.14405, 7.18205],
						"2.2917": {
							"pre": [37.18079, -2.14405, 7.18205],
							"post": [37.18079, -2.14405, 7.18205],
							"lerp_mode": "catmullrom"
						},
						"2.4167": {
							"post": [37.18079, -2.14405, 7.18205],
							"lerp_mode": "catmullrom"
						},
						"2.7083": [19.68079, -2.14405, 7.18205]
					}
				},
				"neck": {
					"rotation": {
						"0.0": [-1.93185, 0, 0],
						"0.125": [-1.93185, 0, 0],
						"0.2917": {
							"pre": [0.57, 0, 0],
							"post": [0.57, 0, 0],
							"lerp_mode": "catmullrom"
						},
						"0.5417": {
							"post": [9.95, 0, 0],
							"lerp_mode": "catmullrom"
						},
						"0.6667": {
							"post": [0.57, 0, 0],
							"lerp_mode": "catmullrom"
						},
						"0.9167": {
							"post": [13.07, 0, 0],
							"lerp_mode": "catmullrom"
						},
						"1.0833": {
							"post": [23.07, 0, 0],
							"lerp_mode": "catmullrom"
						},
						"1.2917": {
							"post": [13.07, 0, 0],
							"lerp_mode": "catmullrom"
						},
						"1.4583": {
							"post": [13.07, 0, 0],
							"lerp_mode": "catmullrom"
						},
						"1.5833": {
							"post": [13.07, 0, 0],
							"lerp_mode": "catmullrom"
						},
						"1.8333": {
							"post": [18.07, 0, 0],
							"lerp_mode": "catmullrom"
						},
						"2.125": [-1.93185, 0, 0],
						"2.2917": {
							"pre": [3.06815, 0, 0],
							"post": [3.06815, 0, 0],
							"lerp_mode": "catmullrom"
						},
						"2.4167": {
							"post": [3.06815, 0, 0],
							"lerp_mode": "catmullrom"
						},
						"2.7083": [-1.93185, 0, 0]
					}
				},
				"hand_fire_right1": {
					"rotation": {
						"0.0": ["0+math.sin(q.anim_time*90*4)*4", 0, 0],
						"2.7083": ["0+math.sin(q.anim_time*90*4)*4", 0, 0]
					},
					"scale": {
						"0.0": ["2+math.sin(q.anim_time*90*5*6-90)*0.02-1", "2-math.sin(q.anim_time*90*5*6-90)*0.1-1", "2-math.sin(q.anim_time*90*5*6-90)*0.03-1"],
						"2.7083": ["2+math.sin(q.anim_time*90*5*6-90)*0.02-1", "2-math.sin(q.anim_time*90*5*6-90)*0.1-1", "2-math.sin(q.anim_time*90*5*6-90)*0.03-1"]
					}
				},
				"hand_fire_right2": {
					"rotation": {
						"0.0": ["0+math.sin(q.anim_time*90*4)*4", 0, 0],
						"2.7083": ["0+math.sin(q.anim_time*90*4)*4", 0, 0]
					},
					"scale": {
						"0.0": ["2+math.sin(q.anim_time*90*5*6-90)*0.02-1", "2-math.sin(q.anim_time*90*5*6-90)*0.1-1", "2-math.sin(q.anim_time*90*5*6-90)*0.03-1"],
						"2.7083": ["2+math.sin(q.anim_time*90*5*6-90)*0.02-1", "2-math.sin(q.anim_time*90*5*6-90)*0.1-1", "2-math.sin(q.anim_time*90*5*6-90)*0.03-1"]
					}
				},
				"hand_fire_right3": {
					"rotation": {
						"0.0": ["0+math.sin(q.anim_time*90*4)*4", 0, 0],
						"2.7083": ["0+math.sin(q.anim_time*90*4)*4", 0, 0]
					},
					"scale": {
						"0.0": ["2+math.sin(q.anim_time*90*5*6-90)*0.02-1", "2-math.sin(q.anim_time*90*5*6-90)*0.1-1", "2-math.sin(q.anim_time*90*5*6-90)*0.03-1"],
						"2.7083": ["2+math.sin(q.anim_time*90*5*6-90)*0.02-1", "2-math.sin(q.anim_time*90*5*6-90)*0.1-1", "2-math.sin(q.anim_time*90*5*6-90)*0.03-1"]
					}
				},
				"hand_fire_left1": {
					"rotation": {
						"0.0": ["0+math.sin(q.anim_time*90*4)*4", 0, 0],
						"2.7083": ["0+math.sin(q.anim_time*90*4)*4", 0, 0]
					},
					"scale": {
						"0.0": ["2+math.sin(q.anim_time*90*5*6-90)*0.02-1", "2-math.sin(q.anim_time*90*5*6-90)*0.1-1", "2-math.sin(q.anim_time*90*5*6-90)*0.03-1"],
						"2.7083": ["2+math.sin(q.anim_time*90*5*6-90)*0.02-1", "2-math.sin(q.anim_time*90*5*6-90)*0.1-1", "2-math.sin(q.anim_time*90*5*6-90)*0.03-1"]
					}
				},
				"hand_fire_left2": {
					"rotation": {
						"0.0": ["0+math.sin(q.anim_time*90*4)*4", 0, 0],
						"2.7083": ["0+math.sin(q.anim_time*90*4)*4", 0, 0]
					},
					"scale": {
						"0.0": ["2+math.sin(q.anim_time*90*5*6-90)*0.02-1", "2-math.sin(q.anim_time*90*5*6-90)*0.1-1", "2-math.sin(q.anim_time*90*5*6-90)*0.03-1"],
						"2.7083": ["2+math.sin(q.anim_time*90*5*6-90)*0.02-1", "2-math.sin(q.anim_time*90*5*6-90)*0.1-1", "2-math.sin(q.anim_time*90*5*6-90)*0.03-1"]
					}
				},
				"hand_fire_left3": {
					"rotation": {
						"0.0": ["0+math.sin(q.anim_time*90*4)*4", 0, 0],
						"2.7083": ["0+math.sin(q.anim_time*90*4)*4", 0, 0]
					},
					"scale": {
						"0.0": ["2+math.sin(q.anim_time*90*5*6-90)*0.02-1", "2-math.sin(q.anim_time*90*5*6-90)*0.1-1", "2-math.sin(q.anim_time*90*5*6-90)*0.03-1"],
						"2.7083": ["2+math.sin(q.anim_time*90*5*6-90)*0.02-1", "2-math.sin(q.anim_time*90*5*6-90)*0.1-1", "2-math.sin(q.anim_time*90*5*6-90)*0.03-1"]
					}
				},
				"jacket_right": {
					"rotation": {
						"0.0": [-7.5, 0, 0],
						"2.7083": [-7.5, 0, 0]
					}
				},
				"jacket_left": {
					"rotation": {
						"0.0": [-10, 0, 0],
						"2.7083": [-10, 0, 0]
					}
				},
				"arm_right2": {
					"rotation": {
						"0.0": [0, -10, 0],
						"2.7083": [0, -10, 0]
					}
				},
				"arm_left2": {
					"rotation": {
						"0.0": [0, 10, 0],
						"2.7083": [0, 10, 0]
					}
				}
			}
		},
		"animation.blaziken.blazekick": {
			"loop": "hold_on_last_frame",
			"animation_length": 0.625,
			"bones": {
				"body": {
					"rotation": [0, 25, 0],
					"position": {
						"0.0": [0, -1.95859, 0],
						"0.5417": {"pre": [0, -1.95859, 0], "post": [0, -4.46, 3]},
						"0.625": {"pre": [0, -4.46, 3], "post": [0, 5.54, -9]}
					}
				},
				"leg_right": {
					"rotation": {
						"0.0": [14.69674, 61.52781, 34.88149],
						"0.5417": {"pre": [14.69674, 61.52781, 34.88149], "post": [-25.93683, 21.249, 10.31659]},
						"0.625": {"pre": [-25.93683, 21.249, 10.31659], "post": [9.06317, 21.249, 10.31659]}
					},
					"position": [-1, 0, 0]
				},
				"leg_right2": {
					"rotation": {
						"0.0": [19.51859, 2.68507, -12.01859],
						"0.5417": {"pre": [19.51859, 2.68507, -12.01859], "post": [54.11574, -1.39418, 0.79945]},
						"0.625": {"pre": [54.11574, -1.39418, 0.79945], "post": [9.11574, -1.39418, 0.79945]}
					}
				},
				"torso2": {
					"rotation": [11.92642, -7.5, 0]
				},
				"torso": {
					"rotation": {
						"0.0": [-7.29709, -14.99982, -0.08057],
						"0.5417": {"pre": [-7.29709, -14.99982, -0.08057], "post": [0.20291, -14.99982, -0.08057]}
					},
					"position": {
						"0.0": [0, 0.05176, 0],
						"0.5417": {"pre": [0, 0.05176, 0], "post": [0, -0.45, 0]},
						"0.625": {"pre": [0, -0.45, 0], "post": [0, 0.05176, 0]}
					}
				},
				"tail1": {
					"rotation": [-10, 0, 0]
				},
				"tail2": {
					"rotation": [10, 0, 0]
				},
				"tail3": {
					"rotation": [15, 0, 0]
				},
				"arm_right": {
					"rotation": {
						"0.0": [-15, 37.5, -45.64705],
						"0.5417": {"pre": [-15, 37.5, -45.64705], "post": [-13.42405, 49.48126, -50.59339]}
					}
				},
				"arm_right3": {
					"rotation": {
						"0.0": [0, -29.91481, 0],
						"0.5417": {"pre": [0, -29.91481, 0], "post": [0, -62.41, 0]}
					}
				},
				"hand_right": {
					"rotation": [0, -15, -20]
				},
				"finger_right1": {
					"rotation": [0, 0, 7.5]
				},
				"finger_right2": {
					"rotation": [0, 0, -20]
				},
				"finger_right3": {
					"rotation": [0, 0, -15]
				},
				"finger_right4": {
					"rotation": [4.6653, -16.88547, -15.69284]
				},
				"finger_right5": {
					"rotation": [0, 0, -25]
				},
				"finger_right6": {
					"rotation": [0, 0, -22.5]
				},
				"finger_right7": {
					"rotation": [-3.61644, 19.6835, -10.62758]
				},
				"finger_right8": {
					"rotation": [0, 0, -15]
				},
				"finger_right9": {
					"rotation": [0, 0, -7.5]
				},
				"arm_left": {
					"rotation": {
						"0.0": [-1.95155, 7.24305, 30.52355],
						"0.5417": {"pre": [-1.95155, 7.24305, 30.52355], "post": [-3.01482, -14.80815, 43.87318]}
					}
				},
				"arm_left3": {
					"rotation": {
						"0.0": [0, 29.91481, 0],
						"0.5417": {"pre": [0, 29.91481, 0], "post": [0, 57.41, 0]}
					}
				},
				"hand_left": {
					"rotation": [0, 15, 20]
				},
				"finger_left1": {
					"rotation": [0, 0, -7.5]
				},
				"finger_left2": {
					"rotation": [0, 0, 20]
				},
				"finger_left3": {
					"rotation": [0, 0, 15]
				},
				"finger_left4": {
					"rotation": [4.6653, 16.88547, 15.69284]
				},
				"finger_left5": {
					"rotation": [0, 0, 25]
				},
				"finger_left6": {
					"rotation": [0, 0, 22.5]
				},
				"finger_left7": {
					"rotation": [-3.61644, -19.6835, 10.62758]
				},
				"finger_left8": {
					"rotation": [0, 0, 15]
				},
				"finger_left9": {
					"rotation": [0, 0, 7.5]
				},
				"leg_left": {
					"rotation": {
						"0.0": [-19.06869, -28.463, -7.85573],
						"0.5417": {"pre": [-19.06869, -28.463, -7.85573], "post": [-40.56869, -28.463, -7.85573]},
						"0.625": {"pre": [-40.56869, -28.463, -7.85573], "post": [16.93131, -28.463, -7.85573]}
					},
					"position": {
						"0.0": [1, 0, -1],
						"0.5417": {"pre": [1, 0, -1], "post": [1, -0.5, -1]}
					}
				},
				"leg_left2": {
					"rotation": {
						"0.0": [19.68079, -2.14405, 7.18205],
						"0.5417": {"pre": [19.68079, -2.14405, 7.18205], "post": [42.68079, -2.14405, 7.18205]},
						"0.625": {"pre": [42.68079, -2.14405, 7.18205], "post": [10.18079, -2.14405, 7.18205]}
					}
				},
				"neck": {
					"rotation": [-1.93185, 0, 0]
				},
				"hand_fire_right1": {
					"rotation": ["0+math.sin(q.anim_time*90*4)*4", 0, 0],
					"scale": ["2+math.sin(q.anim_time*90*5*6-90)*0.02-1", "2-math.sin(q.anim_time*90*5*6-90)*0.1-1", "2-math.sin(q.anim_time*90*5*6-90)*0.03-1"]
				},
				"hand_fire_right2": {
					"rotation": ["0+math.sin(q.anim_time*90*4)*4", 0, 0],
					"scale": ["2+math.sin(q.anim_time*90*5*6-90)*0.02-1", "2-math.sin(q.anim_time*90*5*6-90)*0.1-1", "2-math.sin(q.anim_time*90*5*6-90)*0.03-1"]
				},
				"hand_fire_right3": {
					"rotation": ["0+math.sin(q.anim_time*90*4)*4", 0, 0],
					"scale": ["2+math.sin(q.anim_time*90*5*6-90)*0.02-1", "2-math.sin(q.anim_time*90*5*6-90)*0.1-1", "2-math.sin(q.anim_time*90*5*6-90)*0.03-1"]
				},
				"hand_fire_left1": {
					"rotation": ["0+math.sin(q.anim_time*90*4)*4", 0, 0],
					"scale": ["2+math.sin(q.anim_time*90*5*6-90)*0.02-1", "2-math.sin(q.anim_time*90*5*6-90)*0.1-1", "2-math.sin(q.anim_time*90*5*6-90)*0.03-1"]
				},
				"hand_fire_left2": {
					"rotation": ["0+math.sin(q.anim_time*90*4)*4", 0, 0],
					"scale": ["2+math.sin(q.anim_time*90*5*6-90)*0.02-1", "2-math.sin(q.anim_time*90*5*6-90)*0.1-1", "2-math.sin(q.anim_time*90*5*6-90)*0.03-1"]
				},
				"hand_fire_left3": {
					"rotation": ["0+math.sin(q.anim_time*90*4)*4", 0, 0],
					"scale": ["2+math.sin(q.anim_time*90*5*6-90)*0.02-1", "2-math.sin(q.anim_time*90*5*6-90)*0.1-1", "2-math.sin(q.anim_time*90*5*6-90)*0.03-1"]
				},
				"jacket_right": {
					"rotation": [-7.5, 0, 0]
				},
				"jacket_left": {
					"rotation": [-10, 0, 0]
				},
				"arm_right2": {
					"rotation": [0, -10, 0]
				},
				"arm_left2": {
					"rotation": [0, 10, 0]
				}
			}
		},
		"animation.blaziken.ground_idle": {
			"loop": true,
			"bones": {
				"body": {
					"rotation": [0, 25, 0],
					"position": [0, -1, 0]
				},
				"leg_right": {
					"rotation": [0, 0, 7.5],
					"position": [-0.7, 0.5, 0]
				},
				"leg_right2": {
					"rotation": [0, 0, -7.5]
				},
				"torso2": {
					"rotation": ["math.sin(q.anim_time*90*2-35)*1", -7.5, 0]
				},
				"torso": {
					"rotation": ["0.0088+math.sin(q.anim_time*90*2+15)*1", -14.99982, -0.08057],
					"position": [0, "0-math.sin(q.anim_time*90*2-15)*0.25", 0]
				},
				"tail1": {
					"rotation": [-10, 0, 0]
				},
				"tail2": {
					"rotation": [10, 0, 0]
				},
				"tail3": {
					"rotation": [15, 0, 0]
				},
				"arm_right": {
					"rotation": [8.58781, 22.6936, "-47.7922+math.sin(q.anim_time*90*2-15)*2.5"]
				},
				"arm_right2": {
					"rotation": [0, -10, 0]
				},
				"arm_right3": {
					"rotation": [0, "-15+math.sin(q.anim_time*90*2-75)*2.5", 0]
				},
				"hand_right": {
					"rotation": [0, -15, -20]
				},
				"finger_right1": {
					"rotation": [0, 0, 7.5]
				},
				"finger_right2": {
					"rotation": [0, 0, -20]
				},
				"finger_right3": {
					"rotation": [0, 0, -15]
				},
				"finger_right4": {
					"rotation": [4.6653, -16.88547, -15.69284]
				},
				"finger_right5": {
					"rotation": [0, 0, -25]
				},
				"finger_right6": {
					"rotation": [0, 0, -22.5]
				},
				"finger_right7": {
					"rotation": [-3.61644, 19.6835, -10.62758]
				},
				"finger_right8": {
					"rotation": [0, 0, -15]
				},
				"finger_right9": {
					"rotation": [0, 0, -7.5]
				},
				"arm_left": {
					"rotation": [0.97718, -2.56307, "52.3928-math.sin(q.anim_time*90*2-15)*2.5"]
				},
				"arm_left2": {
					"rotation": [0, 10, 0]
				},
				"arm_left3": {
					"rotation": [0, "20-math.sin(q.anim_time*90*2-75)*2.5", 0]
				},
				"hand_left": {
					"rotation": [0, 15, 20]
				},
				"finger_left1": {
					"rotation": [0, 0, -7.5]
				},
				"finger_left2": {
					"rotation": [0, 0, 20]
				},
				"finger_left3": {
					"rotation": [0, 0, 15]
				},
				"finger_left4": {
					"rotation": [4.6653, 16.88547, 15.69284]
				},
				"finger_left5": {
					"rotation": [0, 0, 25]
				},
				"finger_left6": {
					"rotation": [0, 0, 22.5]
				},
				"finger_left7": {
					"rotation": [-3.61644, -19.6835, 10.62758]
				},
				"finger_left8": {
					"rotation": [0, 0, 15]
				},
				"finger_left9": {
					"rotation": [0, 0, 7.5]
				},
				"leg_left": {
					"rotation": [-0.7044, -28.6693, -9.10256],
					"position": [2, 0.3, -1]
				},
				"leg_left2": {
					"rotation": [4.96292, -0.60859, 6.97363]
				},
				"neck": {
					"rotation": ["0+math.sin(q.anim_time*90*2-75)*2", 0, 0]
				},
				"hand_fire_right1": {
					"rotation": ["0+math.sin(q.anim_time*90*4)*4", 0, 0],
					"scale": ["2+math.sin(q.anim_time*90*5*4-90)*0.02-1", "2-math.sin(q.anim_time*90*5*4-90)*0.1-1", "2-math.sin(q.anim_time*90*5*4-90)*0.03-1"]
				},
				"hand_fire_right2": {
					"rotation": ["0+math.sin(q.anim_time*90*4)*4", 0, 0],
					"scale": ["2+math.sin(q.anim_time*90*5*4-90)*0.02-1", "2-math.sin(q.anim_time*90*5*4-90)*0.1-1", "2-math.sin(q.anim_time*90*5*4-90)*0.03-1"]
				},
				"hand_fire_right3": {
					"rotation": ["0+math.sin(q.anim_time*90*4)*4", 0, 0],
					"scale": ["2+math.sin(q.anim_time*90*5*4-90)*0.02-1", "2-math.sin(q.anim_time*90*5*4-90)*0.1-1", "2-math.sin(q.anim_time*90*5*4-90)*0.03-1"]
				},
				"hand_fire_left1": {
					"rotation": ["0+math.sin(q.anim_time*90*4)*4", 0, 0],
					"scale": ["2+math.sin(q.anim_time*90*5*4-90)*0.02-1", "2-math.sin(q.anim_time*90*5*4-90)*0.1-1", "2-math.sin(q.anim_time*90*5*4-90)*0.03-1"]
				},
				"hand_fire_left2": {
					"rotation": ["0+math.sin(q.anim_time*90*4)*4", 0, 0],
					"scale": ["2+math.sin(q.anim_time*90*5*4-90)*0.02-1", "2-math.sin(q.anim_time*90*5*4-90)*0.1-1", "2-math.sin(q.anim_time*90*5*4-90)*0.03-1"]
				},
				"hand_fire_left3": {
					"rotation": ["0+math.sin(q.anim_time*90*4)*4", 0, 0],
					"scale": ["2+math.sin(q.anim_time*90*5*4-90)*0.02-1", "2-math.sin(q.anim_time*90*5*4-90)*0.1-1", "2-math.sin(q.anim_time*90*5*4-90)*0.03-1"]
				}
			}
		},
		"animation.blaziken.ground_walk": {
			"loop": true,
			"bones": {
				"body": {
					"position": [0, "-0.9+math.abs(math.sin(q.anim_time*90*3)*0.7)", 0]
				},
				"torso": {
					"rotation": ["0+math.sin(q.anim_time*90*6)*1", 0, 0],
					"position": [0, "0+math.abs(math.sin(q.anim_time*90*3-25)*1)", 0]
				},
				"head": {
					"rotation": ["0+math.sin(q.anim_time*90*6-35)*2", 0, 0]
				},
				"arm_right": {
					"rotation": [0, "10+math.sin(q.anim_time*90*3+45)*12", -55]
				},
				"arm_right3": {
					"rotation": [7.12679, "-24.0607+math.sin(q.anim_time*90*3-5)*9", -16.57179]
				},
				"hand_right": {
					"rotation": [0, -10, -15]
				},
				"hand_fire_right1": {
					"rotation": ["0+math.sin(q.anim_time*90*4)*4", 0, 0],
					"scale": ["2+math.sin(q.anim_time*90*5*4-90)*0.02-1", "2-math.sin(q.anim_time*90*5*4-90)*0.1-1", "2-math.sin(q.anim_time*90*5*4-90)*0.03-1"]
				},
				"hand_fire_right2": {
					"rotation": ["0+math.sin(q.anim_time*90*4)*4", 0, 0],
					"scale": ["2+math.sin(q.anim_time*90*5*4-90)*0.02-1", "2-math.sin(q.anim_time*90*5*4-90)*0.1-1", "2-math.sin(q.anim_time*90*5*4-90)*0.03-1"]
				},
				"hand_fire_right3": {
					"rotation": ["0+math.sin(q.anim_time*90*4)*4", 0, 0],
					"scale": ["2+math.sin(q.anim_time*90*5*4-90)*0.02-1", "2-math.sin(q.anim_time*90*5*4-90)*0.1-1", "2-math.sin(q.anim_time*90*5*4-90)*0.03-1"]
				},
				"finger_right1": {
					"rotation": [0, 0, -5]
				},
				"finger_right2": {
					"rotation": [0, 0, -15]
				},
				"finger_right4": {
					"rotation": [0, -15, -15]
				},
				"finger_right5": {
					"rotation": [0, 0, -15]
				},
				"finger_right7": {
					"rotation": [0, 15, -15]
				},
				"finger_right8": {
					"rotation": [0, 0, -15]
				},
				"arm_left": {
					"rotation": [0, "-10+math.sin(q.anim_time*90*3+45)*12", 55]
				},
				"arm_left3": {
					"rotation": [4.48369, "24.6076+math.sin(q.anim_time*90*3-5)*8", 10.94983]
				},
				"hand_left": {
					"rotation": [0, 10, 15]
				},
				"hand_fire_left1": {
					"rotation": ["0+math.sin(q.anim_time*90*4)*4", 0, 0],
					"scale": ["2+math.sin(q.anim_time*90*5*4-90)*0.02-1", "2-math.sin(q.anim_time*90*5*4-90)*0.1-1", "2-math.sin(q.anim_time*90*5*4-90)*0.03-1"]
				},
				"hand_fire_left2": {
					"rotation": ["0+math.sin(q.anim_time*90*4)*4", 0, 0],
					"scale": ["2+math.sin(q.anim_time*90*5*4-90)*0.02-1", "2-math.sin(q.anim_time*90*5*4-90)*0.1-1", "2-math.sin(q.anim_time*90*5*4-90)*0.03-1"]
				},
				"hand_fire_left3": {
					"rotation": ["0+math.sin(q.anim_time*90*4)*4", 0, 0],
					"scale": ["2+math.sin(q.anim_time*90*5*4-90)*0.02-1", "2-math.sin(q.anim_time*90*5*4-90)*0.1-1", "2-math.sin(q.anim_time*90*5*4-90)*0.03-1"]
				},
				"finger_left1": {
					"rotation": [0, 0, 5]
				},
				"finger_left2": {
					"rotation": [0, 0, 15]
				},
				"finger_left4": {
					"rotation": [0, 15, 15]
				},
				"finger_left5": {
					"rotation": [0, 0, 15]
				},
				"finger_left7": {
					"rotation": [0, -15, 15]
				},
				"finger_left8": {
					"rotation": [0, 0, 15]
				},
				"tail1": {
					"rotation": ["0+math.sin(q.anim_time*90*6-35)*1", "0+math.sin(q.anim_time*90*3-35)*1", 0]
				},
				"tail2": {
					"rotation": ["0+math.sin(q.anim_time*90*6-95)*2", "0+math.sin(q.anim_time*90*3-95)*2", 0]
				},
				"tail3": {
					"rotation": ["0+math.sin(q.anim_time*90*6-135)*2", "0+math.sin(q.anim_time*90*3-135)*2", 0]
				},
				"leg_right": {
					"rotation": ["math.sin(q.anim_time*90*3-90)*15", 0, 0],
					"position": [-0.5, "math.clamp(-math.sin(q.anim_time*90*3+90*0)*1,0,180)", 0]
				},
				"leg_right2": {
					"rotation": ["15+math.sin(q.anim_time*90*3-180)*15", 0, 0]
				},
				"leg_left": {
					"rotation": ["-math.sin(q.anim_time*90*3-90)*15", 0, 0],
					"position": [0.5, "math.clamp(math.sin(q.anim_time*90*3+90*0)*1,0,180)", 0]
				},
				"leg_left2": {
					"rotation": ["15-math.sin(q.anim_time*90*3-180)*15", 0, 0]
				}
			}
		}
	}
}