{
	"format_version": "1.8.0",
	"animations": {
		"animation.archaludon.ground_walk": {
			"loop": true,
			"animation_length": 4,
			"bones": {
				"mid_ridge": {
					"rotation": ["17.5+4*math.sin(q.anim_time*90*4-60)", "6*math.cos(q.anim_time*90*2)", "5*math.sin(q.anim_time*90*2)"],
					"position": [0, "-2.1+math.clamp(1*math.sin(q.anim_time*90*4+60),0,2)", "-0.3+0.5*math.cos(q.anim_time*90*4+120)"]
				},
				"head": {
					"rotation": ["-1+2*math.sin(q.anim_time*90*4-160)", "-10*math.cos(q.anim_time*90*2-20)", "-6*math.sin(q.anim_time*90*2-60)"]
				},
				"leftarm_1": {
					"rotation": ["30.4558-2*math.sin(q.anim_time*90*4)", "3.0957+4*math.cos(q.anim_time*90*4)", -6.95811],
					"position": [1, 0, -0.1]
				},
				"leftarm_3": {
					"rotation": ["-25.3112-2*(math.sin(q.anim_time*90*4-60)*1+1)", 1.3027, 11.0937]
				},
				"rightarm_1": {
					"rotation": ["30.4558-2*math.sin(q.anim_time*90*4)", "-3.0957-4*math.cos(q.anim_time*90*4)", 6.95811],
					"position": [-1, 0, -0.1]
				},
				"rightarm_3": {
					"rotation": ["-25.3112-2*(math.sin(q.anim_time*90*4-60)*1+1)", -1.3027, -11.09368]
				},
				"bot_3": {
					"rotation": ["0+2*math.sin(q.anim_time*90*4-60)", 0, 0]
				},
				"right_leg": {
					"rotation": {
						"0.0": {
							"post": [4.8, 26.38, 4.77],
							"lerp_mode": "catmullrom"
						},
						"0.25": {
							"post": [9.16329, 25.70885, 6.53894],
							"lerp_mode": "catmullrom"
						},
						"0.5833": {
							"post": [4.08469, 23.45696, 11.66984],
							"lerp_mode": "catmullrom"
						},
						"1.0": {
							"post": [-24.32, 19.73, 4.18],
							"lerp_mode": "catmullrom"
						},
						"1.0417": {
							"post": [-25.64985, 21.01706, 3.44594],
							"lerp_mode": "catmullrom"
						},
						"1.25": {
							"post": [-15.27, 27.5, 0],
							"lerp_mode": "catmullrom"
						},
						"2.25": {
							"post": [9.16329, 25.70885, 6.53894],
							"lerp_mode": "catmullrom"
						},
						"2.5833": {
							"post": [4.08469, 23.45696, 11.66984],
							"lerp_mode": "catmullrom"
						},
						"3.0417": {
							"post": [-25.64985, 21.01706, 3.44594],
							"lerp_mode": "catmullrom"
						},
						"3.25": {
							"post": [-15.27, 27.5, 0],
							"lerp_mode": "catmullrom"
						},
						"4.0": {
							"post": [4.8, 26.38, 4.77],
							"lerp_mode": "catmullrom"
						}
					},
					"position": {
						"0.0": [0.01, -0.03, 3.74],
						"0.25": [0.01, 1.27, 5.51],
						"0.6667": [0.01, 2.93, 2.55],
						"0.9583": [0.01, 3.24, 0.48],
						"1.0": [0.01, 3.23, 0.18],
						"1.1667": [0.01, 3.17, -1],
						"1.25": [0.01, -0.03, -1.59],
						"2.25": [0.01, -0.03, 2.51],
						"2.6667": [0.01, 2.93, 2.55],
						"2.9583": [0.01, 3.24, 0.48],
						"3.1667": [0.01, 3.17, -1],
						"3.25": [0.01, -0.03, -1.59],
						"4.0": [0.01, -0.03, 3.74]
					}
				},
				"right_foot": {
					"rotation": {
						"0.0": {
							"post": [0.7, 0, 0],
							"lerp_mode": "catmullrom"
						},
						"0.25": {
							"post": [0.27, 0, 0],
							"lerp_mode": "catmullrom"
						},
						"0.5": {
							"post": [30.27, 0, 0],
							"lerp_mode": "catmullrom"
						},
						"1.0": {
							"post": [36.94, 0, 0],
							"lerp_mode": "catmullrom"
						},
						"1.25": {
							"post": [15.27, 0, 0],
							"lerp_mode": "catmullrom"
						},
						"2.25": {
							"post": [0.27, 0, 0],
							"lerp_mode": "catmullrom"
						},
						"2.5": {
							"post": [30.27, 0, 0],
							"lerp_mode": "catmullrom"
						},
						"3.0": {
							"post": [36.94, 0, 0],
							"lerp_mode": "catmullrom"
						},
						"3.25": {
							"post": [15.27, 0, 0],
							"lerp_mode": "catmullrom"
						},
						"4.0": {
							"post": [0.7, 0, 0],
							"lerp_mode": "catmullrom"
						}
					}
				},
				"left_leg": {
					"rotation": {
						"0.0": {
							"post": [-24.32, -19.73, -4.18],
							"lerp_mode": "catmullrom"
						},
						"0.0417": {
							"post": [-25.64985, -21.01706, -3.44594],
							"lerp_mode": "catmullrom"
						},
						"0.25": {
							"post": [-15.27, -27.5, 0],
							"lerp_mode": "catmullrom"
						},
						"1.25": {
							"post": [9.16329, -25.70885, -6.53894],
							"lerp_mode": "catmullrom"
						},
						"1.5833": {
							"post": [4.08469, -23.45696, -11.66984],
							"lerp_mode": "catmullrom"
						},
						"2.0417": {
							"post": [-25.64985, -21.01706, -3.44594],
							"lerp_mode": "catmullrom"
						},
						"2.25": {
							"post": [-15.27, -27.5, 0],
							"lerp_mode": "catmullrom"
						},
						"3.25": {
							"post": [9.16329, -25.70885, -6.53894],
							"lerp_mode": "catmullrom"
						},
						"3.5833": {
							"post": [4.08469, -23.45696, -11.66984],
							"lerp_mode": "catmullrom"
						},
						"4.0": {
							"post": [-24.32, -19.73, -4.18],
							"lerp_mode": "catmullrom"
						},
						"4.0417": {
							"post": [-25.64985, -21.01706, -3.44594],
							"lerp_mode": "catmullrom"
						}
					},
					"position": {
						"0.0": [-0.01, 3.23, 0.18],
						"0.1667": [-0.01, 3.17, -1],
						"0.25": [-0.01, -0.03, -1.59],
						"1.25": [-0.01, -0.03, 2.51],
						"1.6667": [-0.01, 2.93, 2.55],
						"1.9583": [-0.01, 3.24, 0.48],
						"2.1667": [-0.01, 3.17, -1],
						"2.25": [-0.01, -0.03, -1.59],
						"3.25": [-0.01, -0.03, 2.51],
						"3.6667": [-0.01, 2.93, 2.55],
						"3.9583": [-0.01, 3.24, 0.48],
						"4.0": [-0.01, 3.23, 0.18]
					}
				},
				"left_foot": {
					"rotation": {
						"0.0": {
							"post": [36.94, 0, 0],
							"lerp_mode": "catmullrom"
						},
						"0.25": {
							"post": [15.27, 0, 0],
							"lerp_mode": "catmullrom"
						},
						"1.25": {
							"post": [0.27, 0, 0],
							"lerp_mode": "catmullrom"
						},
						"1.5": {
							"post": [30.27, 0, 0],
							"lerp_mode": "catmullrom"
						},
						"2.0": {
							"post": [36.94, 0, 0],
							"lerp_mode": "catmullrom"
						},
						"2.25": {
							"post": [15.27, 0, 0],
							"lerp_mode": "catmullrom"
						},
						"3.25": {
							"post": [0.27, 0, 0],
							"lerp_mode": "catmullrom"
						},
						"3.5": {
							"post": [30.27, 0, 0],
							"lerp_mode": "catmullrom"
						},
						"4.0": {
							"post": [36.94, 0, 0],
							"lerp_mode": "catmullrom"
						}
					}
				},
				"left_leg_rotation": {
					"position": [0, 0, -1]
				},
				"right_leg_rotation": {
					"position": [0, 0, -1]
				},
				"hidden_leftleg_1": {
					"position": [0, 0, -4],
					"scale": 0
				},
				"hidden_rightleg_1": {
					"position": [0, 0, -4],
					"scale": 0
				},
				"ligtning_left": {
					"scale": 0
				},
				"ligtning_right": {
					"scale": 0
				}
			}
		},
		"animation.archaludon.ground_idle": {
			"loop": true,
			"bones": {
				"mid_ridge": {
					"rotation": ["1+1*math.sin(q.anim_time*90*2-60)", "0.5*math.cos(q.anim_time*90*1)", "1*math.sin(q.anim_time*90*0.5)"],
					"position": [0, "-0.15*(math.sin(q.anim_time*90*2-90)*1+1)", "0.25*(math.sin(q.anim_time*90*2-90)*1+1)"]
				},
				"head": {
					"rotation": ["-1+2*math.sin(q.anim_time*90*2-160)", 0, "-2*math.sin(q.anim_time*90*0.5)"]
				},
				"leftarm_1": {
					"rotation": ["42.1337-2*(math.sin(q.anim_time*90*2)*1+1)", 2.14628, -4.68996],
					"position": [1, 0, -0.1]
				},
				"leftarm_3": {
					"rotation": ["-50.0695-2*(math.sin(q.anim_time*90*2-60)*1+1)", -5.78707, -4.77887]
				},
				"rightarm_1": {
					"rotation": ["42.1337-2*(math.sin(q.anim_time*90*2)*1+1)", -2.14628, 4.68996],
					"position": [-1, 0, -0.1]
				},
				"rightarm_3": {
					"rotation": ["-50.0695-2*(math.sin(q.anim_time*90*2-60)*1+1)", 5.78707, 4.77887]
				},
				"ligtning_left": {
					"scale": 0
				},
				"bot_3": {
					"rotation": ["1*(math.sin(q.anim_time*90*2-60)*1)", 0, 0]
				},
				"hidden_leftleg_1": {
					"position": [0, 0, -4],
					"scale": 0
				},
				"ligtning_left2": {
					"scale": 0
				},
				"hidden_rightleg_1": {
					"position": [0, 0, -4],
					"scale": 0
				},
				"ligtning_right": {
					"scale": 0
				},
				"ligtning_right2": {
					"scale": [1, 1, 0]
				}
			}
		},
		"animation.archaludon.special": {
			"animation_length": 1.25,
			"bones": {
				"mid_ridge": {
					"rotation": [90, 0, 0],
					"position": [0, "-2-0.2*math.sin(q.anim_time*90*70)", 0]
				},
				"topbridge": {
					"rotation": [25, 0, 0]
				},
				"head": {
					"rotation": {
						"0.0": {
							"post": [-125, 0, 0],
							"lerp_mode": "catmullrom"
						},
						"0.375": {
							"post": [-147.5, 0, 0],
							"lerp_mode": "catmullrom"
						},
						"0.875": {
							"post": [-147.5, 0, 0],
							"lerp_mode": "catmullrom"
						},
						"1.2083": {
							"post": [-125, 0, 0],
							"lerp_mode": "catmullrom"
						}
					}
				},
				"leftarm_1": {
					"position": [4, 0, 0]
				},
				"leftarm_3": {
					"rotation": [-90, 0, 0]
				},
				"rightarm_1": {
					"position": [-4, 0, 0]
				},
				"rightarm_3": {
					"rotation": [-90, 0, 0]
				},
				"bone3": {
					"rotation": [-27.5, 0, 0]
				},
				"bot_2": {
					"rotation": [-25, 0, 0]
				},
				"bot_3": {
					"rotation": [-60, 0, 0]
				},
				"left_leg": {
					"position": [0, 0, 8]
				},
				"right_leg": {
					"position": [0, 0, 8]
				},
				"left_leg_rotation": {
					"position": [0, "-0.2*math.sin(q.anim_time*90*70)", 0]
				},
				"right_leg_rotation": {
					"position": [0, "-0.2*math.sin(q.anim_time*90*70)", 0]
				},
				"hidden_leftleg_1": {
					"position": [0, 0, 0]
				},
				"ligtning_left_1": {
					"rotation": [53.17534, 7.9972, 9.63846],
					"position": [1, 0, 0],
					"scale": [0, "1+math.sin((query.anim_time-0.15)*3600)*0.35", 1]
				},
				"ligtning_left_4": {
					"rotation": [-59.46122, -7.64101, 8.68061],
					"position": [1, 0, 0],
					"scale": [0, "1+math.sin((query.anim_time-0.15)*3600)*0.35", 1]
				},
				"ligtning_left_3": {
					"rotation": [-74.52045, -5.13971, 11.69802],
					"position": [1, 0, 0],
					"scale": [0, "1+math.sin((query.anim_time-0.15)*3600)*0.35", 1]
				},
				"ligtning_left_5": {
					"rotation": [-72.72844, -6.39335, 12.15191],
					"position": [1, 0, 0],
					"scale": [0, "1+math.sin((query.anim_time-0.15)*3600)*0.35", 1]
				},
				"ligtning_left_6": {
					"rotation": [-35.41318, -8.17773, 5.77509],
					"position": [1, 0, 0],
					"scale": [0, "1+math.sin((query.anim_time-0.15)*3600)*0.35", 1]
				},
				"ligtning_left_7": {
					"rotation": [58.00327, -1.78334, 15.32675],
					"position": [1, 0, 0],
					"scale": [0, "1+math.sin((query.anim_time-0.15)*3600)*0.35", 1]
				},
				"ligtning_left_8": {
					"rotation": [74.16923, 3.4609, 12.01867],
					"position": [1, 0, 0],
					"scale": [0, "1+math.sin((query.anim_time-0.15)*3600)*0.35", 1]
				},
				"ligtning_right_4": {
					"rotation": [-73.80476, 1.78503, -12.34898],
					"position": [-1, 0, 0],
					"scale": [0, "1+math.sin((query.anim_time-0.15)*3600)*0.35", 1]
				},
				"ligtning_right_3": {
					"rotation": [-58.84044, 4.00702, -10.6129],
					"position": [-1, 0, 0],
					"scale": [0, "1+math.sin((query.anim_time-0.15)*3600)*0.35", 1]
				},
				"ligtning_right_1": {
					"rotation": [53.02803, -7.16636, -10.2968],
					"position": [-1, 0, 0],
					"scale": [0, "1+math.sin((query.anim_time-0.15)*3600)*0.35", 1]
				},
				"ligtning_right_5": {
					"rotation": [-71.71329, 1.91215, -13.31833],
					"position": [-1, 0, 0],
					"scale": [0, "1+math.sin((query.anim_time-0.15)*3600)*0.35", 1]
				},
				"ligtning_right_6": {
					"rotation": [-36.52195, 15.46743, 3.32151],
					"position": [-1, 0, 0],
					"scale": [0, "1+math.sin((query.anim_time-0.15)*3600)*0.35", 1]
				},
				"ligtning_right_7": {
					"rotation": [74.16923, -3.4609, -12.01867],
					"position": [-1, 0, 0],
					"scale": [0, "1+math.sin((query.anim_time-0.15)*3600)*0.35", 1]
				},
				"ligtning_right_8": {
					"rotation": [58.04546, -15.20569, -4.84315],
					"position": [-1, 0, 0],
					"scale": [0, "1+math.sin((query.anim_time-0.15)*3600)*0.35", 1]
				}
			}
		},
		"animation.archaludon.cry": {
			"animation_length": 2.3333,
			"bones": {
				"mid_ridge": {
					"rotation": {
						"0.0": [0, 0, 0],
						"0.75": [90, 0, 0],
						"1.8333": [90, 0, 0],
						"2.3333": [0, 0, 0]
					},
					"position": {
						"0.6667": [0, 0, 0],
						"0.75": [0, -2, 0],
						"1.8333": [0, -2, 0],
						"2.3333": [0, 0, 0]
					}
				},
				"topbridge": {
					"rotation": {
						"0.0": [0, 0, 0],
						"0.75": [25, 0, 0],
						"1.8333": [25, 0, 0],
						"2.3333": [0, 0, 0]
					}
				},
				"head": {
					"rotation": {
						"0.0": {
							"post": [0, 0, 0],
							"lerp_mode": "catmullrom"
						},
						"0.7917": {
							"post": [-126.44, 0, 0],
							"lerp_mode": "catmullrom"
						},
						"1.0833": {
							"post": [-147.5, 0, 0],
							"lerp_mode": "catmullrom"
						},
						"1.5": {
							"post": [-147.5, 0, 0],
							"lerp_mode": "catmullrom"
						},
						"1.75": {
							"post": [-125, 0, 0],
							"lerp_mode": "catmullrom"
						},
						"1.8333": {
							"post": [-125, 0, 0],
							"lerp_mode": "catmullrom"
						},
						"2.3333": {
							"post": [0, 0, 0],
							"lerp_mode": "catmullrom"
						}
					}
				},
				"leftarm_1": {
					"position": [4, 0, 0]
				},
				"leftarm_3": {
					"rotation": [-90, 0, 0]
				},
				"rightarm_1": {
					"position": [-4, 0, 0]
				},
				"rightarm_3": {
					"rotation": [-90, 0, 0]
				},
				"bone3": {
					"rotation": {
						"0.0": [0, 0, 0],
						"0.75": [-27.5, 0, 0],
						"1.8333": [-27.5, 0, 0],
						"2.3333": [0, 0, 0]
					}
				},
				"bot_2": {
					"rotation": {
						"0.0": [0, 0, 0],
						"0.75": [-25, 0, 0],
						"1.8333": [-25, 0, 0],
						"2.3333": [0, 0, 0]
					}
				},
				"bot_3": {
					"rotation": {
						"0.0": [0, 0, 0],
						"0.75": [-60, 0, 0],
						"1.8333": [-60, 0, 0],
						"2.3333": [0, 0, 0]
					}
				},
				"left_leg": {
					"position": {
						"0.0": [0, 0, 0],
						"0.75": [0, 0, 8],
						"1.8333": [0, 0, 8],
						"2.3333": [0, 0, 0]
					}
				},
				"right_leg": {
					"position": {
						"0.0": [0, 0, 0],
						"0.75": [0, 0, 8],
						"1.8333": [0, 0, 8],
						"2.3333": [0, 0, 0]
					}
				},
				"hidden_leftleg_1": {
					"position": {
						"0.0": [0, 0, -4],
						"0.6667": [0, 0, 0],
						"1.8333": [0, 0, 0],
						"2.3333": [0, 0, -4]
					},
					"scale": {
						"0.0": [0, 0, 0],
						"0.6667": [1, 1, 1],
						"1.8333": [1, 1, 1],
						"2.3333": [0, 0, 0]
					}
				},
				"ligtning_left_1": {
					"rotation": {
						"0.6667": [53.17534, 7.9972, 9.63846],
						"0.7917": [53.17534, 7.9972, 9.63846],
						"1.8333": [53.17534, 7.9972, 9.63846],
						"2.0": [53.17534, 7.9972, 9.63846]
					},
					"position": {
						"0.6667": [1, 0, 0],
						"0.7917": [1, 0, 0],
						"1.8333": [1, 0, 0],
						"2.0": [1, 0, 0]
					},
					"scale": {
						"0.6667": [0, 0, 0],
						"0.7917": [0, "1+math.sin((query.anim_time-0.15)*3600)*0.35", 1],
						"1.8333": [0, "1+math.sin((query.anim_time-0.15)*3600)*0.35", 1],
						"2.0": [0, 0, 0]
					}
				},
				"ligtning_left_4": {
					"rotation": {
						"0.6667": [-59.46122, -7.64101, 8.68061],
						"0.7917": [-59.46122, -7.64101, 8.68061],
						"1.8333": [-59.46122, -7.64101, 8.68061],
						"2.0": [-59.46122, -7.64101, 8.68061]
					},
					"position": {
						"0.6667": [1, 0, 0],
						"0.7917": [1, 0, 0],
						"1.8333": [1, 0, 0],
						"2.0": [1, 0, 0]
					},
					"scale": {
						"0.6667": [0, 0, 0],
						"0.7917": [0, "1+math.sin((query.anim_time-0.15)*3600)*0.35", 1],
						"1.8333": [0, "1+math.sin((query.anim_time-0.15)*3600)*0.35", 1],
						"2.0": [0, 0, 0]
					}
				},
				"ligtning_left_3": {
					"rotation": {
						"0.6667": [-74.52045, -5.13971, 11.69802],
						"0.7917": [-74.52045, -5.13971, 11.69802],
						"1.8333": [-74.52045, -5.13971, 11.69802],
						"2.0": [-74.52045, -5.13971, 11.69802]
					},
					"position": {
						"0.6667": [1, 0, 0],
						"0.7917": [1, 0, 0],
						"1.8333": [1, 0, 0],
						"2.0": [1, 0, 0]
					},
					"scale": {
						"0.6667": [0, 0, 0],
						"0.7917": [0, "1+math.sin((query.anim_time-0.15)*3600)*0.35", 1],
						"1.8333": [0, "1+math.sin((query.anim_time-0.15)*3600)*0.35", 1],
						"2.0": [0, 0, 0]
					}
				},
				"ligtning_left_5": {
					"rotation": {
						"0.6667": [-72.72844, -6.39335, 12.15191],
						"0.7917": [-72.72844, -6.39335, 12.15191],
						"1.8333": [-72.72844, -6.39335, 12.15191],
						"2.0": [-72.72844, -6.39335, 12.15191]
					},
					"position": {
						"0.6667": [1, 0, 0],
						"0.7917": [1, 0, 0],
						"1.8333": [1, 0, 0],
						"2.0": [1, 0, 0]
					},
					"scale": {
						"0.6667": [0, 0, 0],
						"0.7917": [0, "1+math.sin((query.anim_time-0.15)*3600)*0.35", 0.925],
						"1.8333": [0, "1+math.sin((query.anim_time-0.15)*3600)*0.35", 0.925],
						"2.0": [0, 0, 0]
					}
				},
				"ligtning_left_6": {
					"rotation": {
						"0.6667": [-35.6484, -10.21235, 7.24677],
						"0.7917": [-35.6484, -10.21235, 7.24677],
						"1.8333": [-35.6484, -10.21235, 7.24677],
						"2.0": [-35.6484, -10.21235, 7.24677]
					},
					"position": {
						"0.6667": [1, 0, 0],
						"0.7917": [1, 0, 0],
						"1.8333": [1, 0, 0],
						"2.0": [1, 0, 0]
					},
					"scale": {
						"0.6667": [0, 0, 0],
						"0.7917": [0, "1+math.sin((query.anim_time-0.15)*3600)*0.35", 1],
						"1.8333": [0, "1+math.sin((query.anim_time-0.15)*3600)*0.35", 1],
						"2.0": [0, 0, 0]
					}
				},
				"ligtning_left_7": {
					"rotation": {
						"0.6667": [58.00327, -1.78334, 15.32675],
						"0.7917": [58.00327, -1.78334, 15.32675],
						"1.8333": [58.00327, -1.78334, 15.32675],
						"2.0": [58.00327, -1.78334, 15.32675]
					},
					"position": {
						"0.6667": [1, 0, 0],
						"0.7917": [1, 0, 0],
						"1.8333": [1, 0, 0],
						"2.0": [1, 0, 0]
					},
					"scale": {
						"0.6667": [0, 0, 0],
						"0.7917": [0, "1+math.sin((query.anim_time-0.15)*3600)*0.35", 1],
						"1.8333": [0, "1+math.sin((query.anim_time-0.15)*3600)*0.35", 1],
						"2.0": [0, 0, 0]
					}
				},
				"ligtning_left_8": {
					"rotation": {
						"0.6667": [74.16923, 3.4609, 12.01867],
						"0.7917": [74.16923, 3.4609, 12.01867],
						"1.8333": [74.16923, 3.4609, 12.01867],
						"2.0": [74.16923, 3.4609, 12.01867]
					},
					"position": {
						"0.6667": [1, 0, 0],
						"0.7917": [1, 0, 0],
						"1.8333": [1, 0, 0],
						"2.0": [1, 0, 0]
					},
					"scale": {
						"0.6667": [0, 0, 0],
						"0.7917": [0, "1+math.sin((query.anim_time-0.15)*3600)*0.35", 0.925],
						"1.8333": [0, "1+math.sin((query.anim_time-0.15)*3600)*0.35", 0.925],
						"2.0": [0, 0, 0]
					}
				},
				"ligtning_right_4": {
					"rotation": {
						"0.6667": [-73.80476, 1.78503, -12.34898],
						"0.7917": [-73.80476, 1.78503, -12.34898],
						"1.8333": [-73.80476, 1.78503, -12.34898],
						"2.0": [-73.80476, 1.78503, -12.34898]
					},
					"position": {
						"0.6667": [-1, 0, 0],
						"0.7917": [-1, 0, 0],
						"1.8333": [-1, 0, 0],
						"2.0": [-1, 0, 0]
					},
					"scale": {
						"0.6667": [0, 0, 0],
						"0.7917": [0, "1+math.sin((query.anim_time-0.15)*3600)*0.35", 1],
						"1.8333": [0, "1+math.sin((query.anim_time-0.15)*3600)*0.35", 1],
						"2.0": [0, 0, 0]
					}
				},
				"ligtning_right_3": {
					"rotation": {
						"0.6667": [-58.84044, 4.00702, -10.6129],
						"0.7917": [-58.84044, 4.00702, -10.6129],
						"1.8333": [-58.84044, 4.00702, -10.6129],
						"2.0": [-58.84044, 4.00702, -10.6129]
					},
					"position": {
						"0.6667": [-1, 0, 0],
						"0.7917": [-1, 0, 0],
						"1.8333": [-1, 0, 0],
						"2.0": [-1, 0, 0]
					},
					"scale": {
						"0.6667": [0, 0, 0],
						"0.7917": [0, "1+math.sin((query.anim_time-0.15)*3600)*0.35", 1],
						"1.8333": [0, "1+math.sin((query.anim_time-0.15)*3600)*0.35", 1],
						"2.0": [0, 0, 0]
					}
				},
				"ligtning_right_1": {
					"rotation": {
						"0.6667": [53.02803, -7.16636, -10.2968],
						"0.7917": [53.02803, -7.16636, -10.2968],
						"1.8333": [53.02803, -7.16636, -10.2968],
						"2.0": [53.02803, -7.16636, -10.2968]
					},
					"position": {
						"0.6667": [-1, 0, 0],
						"0.7917": [-1, 0, 0],
						"1.8333": [-1, 0, 0],
						"2.0": [-1, 0, 0]
					},
					"scale": {
						"0.6667": [0, 0, 0],
						"0.7917": [0, "1+math.sin((query.anim_time-0.15)*3600)*0.35", 1],
						"1.8333": [0, "1+math.sin((query.anim_time-0.15)*3600)*0.35", 1],
						"2.0": [0, 0, 0]
					}
				},
				"ligtning_right_5": {
					"rotation": {
						"0.6667": [-71.71329, 1.91215, -13.31833],
						"0.7917": [-71.71329, 1.91215, -13.31833],
						"1.8333": [-71.71329, 1.91215, -13.31833],
						"2.0": [-71.71329, 1.91215, -13.31833]
					},
					"position": {
						"0.6667": [-1, 0, 0],
						"0.7917": [-1, 0, 0],
						"1.8333": [-1, 0, 0],
						"2.0": [-1, 0, 0]
					},
					"scale": {
						"0.6667": [0, 0, 0],
						"0.7917": [0, "1+math.sin((query.anim_time-0.15)*3600)*0.35", 0.925],
						"1.8333": [0, "1+math.sin((query.anim_time-0.15)*3600)*0.35", 0.925],
						"2.0": [0, 0, 0]
					}
				},
				"ligtning_right_6": {
					"rotation": {
						"0.6667": [-36.87077, 17.07112, 2.07654],
						"0.7917": [-36.87077, 17.07112, 2.07654],
						"1.8333": [-36.87077, 17.07112, 2.07654],
						"2.0": [-36.87077, 17.07112, 2.07654]
					},
					"position": {
						"0.6667": [-1, 0, 0],
						"0.7917": [-1, 0, 0],
						"1.8333": [-1, 0, 0],
						"2.0": [-1, 0, 0]
					},
					"scale": {
						"0.6667": [0, 0, 0],
						"0.7917": [0, "1+math.sin((query.anim_time-0.15)*3600)*0.35", 1],
						"1.8333": [0, "1+math.sin((query.anim_time-0.15)*3600)*0.35", 1],
						"2.0": [0, 0, 0]
					}
				},
				"ligtning_right_7": {
					"rotation": {
						"0.6667": [74.16923, -3.4609, -12.01867],
						"0.7917": [74.16923, -3.4609, -12.01867],
						"1.8333": [74.16923, -3.4609, -12.01867],
						"2.0": [74.16923, -3.4609, -12.01867]
					},
					"position": {
						"0.6667": [-1, 0, 0],
						"0.7917": [-1, 0, 0],
						"1.8333": [-1, 0, 0],
						"2.0": [-1, 0, 0]
					},
					"scale": {
						"0.6667": [0, 0, 0],
						"0.7917": [0, "1+math.sin((query.anim_time-0.15)*3600)*0.35", 0.925],
						"1.8333": [0, "1+math.sin((query.anim_time-0.15)*3600)*0.35", 0.925],
						"2.0": [0, 0, 0]
					}
				},
				"ligtning_right_8": {
					"rotation": {
						"0.6667": [58.04546, -15.20569, -4.84315],
						"0.7917": [58.04546, -15.20569, -4.84315],
						"1.8333": [58.04546, -15.20569, -4.84315],
						"2.0": [58.04546, -15.20569, -4.84315]
					},
					"position": {
						"0.6667": [-1, 0, 0],
						"0.7917": [-1, 0, 0],
						"1.8333": [-1, 0, 0],
						"2.0": [-1, 0, 0]
					},
					"scale": {
						"0.6667": [0, 0, 0],
						"0.7917": [0, "1+math.sin((query.anim_time-0.15)*3600)*0.35", 1],
						"1.8333": [0, "1+math.sin((query.anim_time-0.15)*3600)*0.35", 1],
						"2.0": [0, 0, 0]
					}
				},
				"torso_all": {
					"position": {
						"0.875": [0, 0, 0],
						"0.9167": [0, "-0-0.2*math.sin(q.anim_time*90*70)", 0],
						"1.7917": [0, "-0-0.2*math.sin(q.anim_time*90*70)", 0],
						"1.8333": [0, 0, 0]
					}
				},
				"leftarm_2": {
					"rotation": [0, 0, 0],
					"position": [0, 0, 0]
				},
				"rightarm_2": {
					"rotation": [0, 0, 0],
					"position": [0, 0, 0]
				},
				"hidden_rightleg_1": {
					"position": {
						"0.0": [0, 0, -4],
						"0.6667": [0, 0, 0],
						"1.8333": [0, 0, 0],
						"2.3333": [0, 0, -4]
					},
					"scale": {
						"0.0": [0, 0, 0],
						"0.6667": [1, 1, 1],
						"1.8333": [1, 1, 1],
						"2.3333": [0, 0, 0]
					}
				}
			}
		},
		"animation.archaludon.battle_idle": {
			"loop": true,
			"bones": {
				"mid_ridge": {
					"rotation": ["3.5+1*(math.sin(q.anim_time*90*2-60)*1+1)", "0.5*math.cos(q.anim_time*90*1)", "1*math.sin(q.anim_time*90*0.5)"],
					"position": [0, "-0.15*(math.sin(q.anim_time*90*2-90)*1+1)", "-0.1+0.25*(math.sin(q.anim_time*90*2-30)*1+1)"]
				},
				"head": {
					"rotation": ["-8.5+2*math.sin(q.anim_time*90*2-160)", 0, "0-2*math.sin(q.anim_time*90*0.5)"]
				},
				"leftarm_1": {
					"rotation": ["18.0158-2*(math.sin(q.anim_time*90*2)*1+1)", 7.28336, -4.19087],
					"position": [0.5, 0, 0]
				},
				"leftarm_2": {
					"rotation": [2.5, 0, 0]
				},
				"leftarm_3": {
					"rotation": [-47.47282, 1.84293, 1.68956]
				},
				"rightarm_1": {
					"rotation": ["18.0158-2*(math.sin(q.anim_time*90*2)*1+1)", -7.28336, 4.19087],
					"position": [-0.5, 0, 0]
				},
				"rightarm_2": {
					"rotation": [2.5, 0, 0]
				},
				"rightarm_3": {
					"rotation": [-47.47282, -1.84293, -1.68956]
				},
				"ligtning_left": {
					"scale": [1, 1, 0]
				},
				"bot_3": {
					"rotation": ["1+1*(math.sin(q.anim_time*90*2-60)*1+1)", 0, 0]
				},
				"hidden_leftleg_1": {
					"position": [0, 0, -1],
					"scale": [1, 0, 1]
				},
				"ligtning_left2": {
					"scale": [1, 1, 0]
				},
				"hidden_rightleg_1": {
					"position": [0, 0, -1],
					"scale": [1, 0, 1]
				},
				"ligtning_right": {
					"scale": [1, 1, 0]
				},
				"ligtning_right2": {
					"scale": [1, 1, 0]
				}
			}
		},
		"animation.archaludon.shake": {
			"animation_length": 3,
			"bones": {
				"mid_ridge": {
					"rotation": {
						"0.0": [0, 0, 0],
						"0.3333": {
							"pre": [-0.5, 3.5, 1.5],
							"post": [-0.5, 3.5, 1.5],
							"lerp_mode": "catmullrom"
						},
						"0.7917": {
							"post": [3.64, -0.08, -0.5],
							"lerp_mode": "catmullrom"
						},
						"1.1667": {
							"post": [1.5, -1, 0],
							"lerp_mode": "catmullrom"
						},
						"1.625": {
							"post": [0.92, -0.81, 0.07],
							"lerp_mode": "catmullrom"
						},
						"1.9583": {
							"post": [-1.49, -2.47, -1.95],
							"lerp_mode": "catmullrom"
						},
						"2.9583": [0, 0, 0]
					}
				},
				"head": {
					"rotation": {
						"0.0": [0, 0, 0],
						"0.1667": {
							"pre": [0, 0, 0],
							"post": [0, 0, 0],
							"lerp_mode": "catmullrom"
						},
						"0.2917": {
							"post": [0, 0, 0.5],
							"lerp_mode": "catmullrom"
						},
						"0.625": {
							"post": [0, 0, -4],
							"lerp_mode": "catmullrom"
						},
						"1.0417": {
							"post": [0, 0, 2],
							"lerp_mode": "catmullrom"
						},
						"1.625": {
							"post": [0, 0, 0],
							"lerp_mode": "catmullrom"
						},
						"1.8333": {
							"post": [0, 2, -1.5],
							"lerp_mode": "catmullrom"
						},
						"2.0833": {
							"post": [0, 2, 2],
							"lerp_mode": "catmullrom"
						},
						"2.5417": {
							"post": [0, 0, -2],
							"lerp_mode": "catmullrom"
						},
						"3.0": [0, 0, 0]
					}
				},
				"leftarm_1": {
					"rotation": {
						"0.0": [0, 0, 0],
						"0.5": {
							"pre": [10, 0, -2],
							"post": [10, 0, -2],
							"lerp_mode": "catmullrom"
						},
						"1.0417": {
							"post": [-8.63, 0, -0.87],
							"lerp_mode": "catmullrom"
						},
						"2.0": [0, 0, 0]
					}
				},
				"leftarm_3": {
					"rotation": {
						"0.0": [0, 0, 0],
						"0.2917": {
							"pre": [0, 0, 0],
							"post": [0, 0, 0],
							"lerp_mode": "catmullrom"
						},
						"0.8333": {
							"post": [-5, -5, -10],
							"lerp_mode": "catmullrom"
						},
						"1.7917": [0, 0, 0]
					}
				},
				"rightarm_1": {
					"rotation": {
						"0.0": [0, 0, 0],
						"1.625": {
							"pre": [0, 0, 7.5],
							"post": [0, 0, 7.5],
							"lerp_mode": "catmullrom"
						},
						"2.125": {
							"post": [0, 0, -17.5],
							"lerp_mode": "catmullrom"
						},
						"3.0": [0, 0, 0]
					},
					"position": [0, 0, 0]
				},
				"rightarm_3": {
					"rotation": {
						"0.0": [0, 0, 0],
						"1.375": {
							"pre": [0, 0, 0],
							"post": [0, 0, 0],
							"lerp_mode": "catmullrom"
						},
						"2.375": {
							"post": [-5, 0, 7.5],
							"lerp_mode": "catmullrom"
						},
						"2.9583": [0, 0, 0]
					}
				}
			}
		},
		"animation.archaludon.recoil": {
			"animation_length": 1.5,
			"bones": {
				"mid_ridge": {
					"rotation": {
						"0.0": [0, 0, 0],
						"0.125": {
							"pre": [-8, 1, 0],
							"post": [-8, 1, 0],
							"lerp_mode": "catmullrom"
						},
						"0.8333": {
							"post": [1, 0, 0],
							"lerp_mode": "catmullrom"
						},
						"1.5": [0, 0, 0]
					}
				},
				"head": {
					"rotation": {
						"0.0": [0, 0, 0],
						"0.0417": {
							"pre": [17.5, 0, 0],
							"post": [17.5, 0, 0],
							"lerp_mode": "catmullrom"
						},
						"0.4583": {
							"post": [-5.4, 1.5, 0],
							"lerp_mode": "catmullrom"
						},
						"1.1667": {
							"post": [-0.3, 0, 0],
							"lerp_mode": "catmullrom"
						},
						"1.5": [0, 0, 0]
					}
				}
			}
		},
		"animation.archaludon.physical": {
			"animation_length": 3,
			"bones": {
				"torso_all": {
					"position": {
						"1.2083": [0, 0, 0],
						"1.25": [0, -1.2, 0],
						"1.2917": [0, 0.1, 0],
						"1.3333": [0, -0.8, 0],
						"1.375": [0, 0.1, 0],
						"1.4167": [0, -0.4, 0],
						"1.5": [0, 0, 0],
						"1.5833": [0, -0.2, 0],
						"1.6667": [0, 0, 0]
					}
				},
				"mid_ridge": {
					"rotation": {
						"0.0": [2.63397, 0.5, 0],
						"0.375": {
							"pre": [6.63, 0.5, 0],
							"post": [6.63, 0.5, 0],
							"lerp_mode": "catmullrom"
						},
						"0.7083": {
							"post": [-10.37, 7.5, 9],
							"lerp_mode": "catmullrom"
						},
						"1.1667": {
							"post": [-10.37, 7.5, 9],
							"lerp_mode": "catmullrom"
						},
						"1.25": {
							"post": [13.63, -15.5, 0],
							"lerp_mode": "catmullrom"
						},
						"1.7083": {
							"post": [13.63, -15.5, 0],
							"lerp_mode": "catmullrom"
						},
						"2.0833": {
							"post": [10.91318, -3.70293, 3.40858],
							"lerp_mode": "catmullrom"
						},
						"2.5": {
							"post": [3.05003, 0.86667, -1.55775],
							"lerp_mode": "catmullrom"
						},
						"3.0": [2.63397, 0.5, 0]
					},
					"position": {
						"0.0": [0, 0, 0.025],
						"0.2083": {
							"pre": [0, -1.1, 0.02],
							"post": [0, -1.1, 0.02],
							"lerp_mode": "catmullrom"
						},
						"0.4583": {
							"post": [0, -1.1, 0.02],
							"lerp_mode": "catmullrom"
						},
						"0.875": {
							"post": [0, 2.5, 0.02],
							"lerp_mode": "catmullrom"
						},
						"1.1667": {
							"post": [0, 2.5, 0.02],
							"lerp_mode": "catmullrom"
						},
						"1.25": {
							"post": [0, 0.8, -6.58],
							"lerp_mode": "catmullrom"
						},
						"1.7083": {
							"post": [0, 0.8, -6.58],
							"lerp_mode": "catmullrom"
						},
						"2.0833": {
							"post": [0, 0.94, -2.76],
							"lerp_mode": "catmullrom"
						},
						"2.375": {
							"post": [0, 0, 0.025],
							"lerp_mode": "catmullrom"
						},
						"2.875": [0, 0, 0.025]
					}
				},
				"head": {
					"rotation": {
						"0.0": [-12.5, 0, 0],
						"0.625": {
							"pre": [12.5, 0, 0],
							"post": [12.5, 0, 0],
							"lerp_mode": "catmullrom"
						},
						"1.1667": {
							"post": [-5, -5.5, -4],
							"lerp_mode": "catmullrom"
						},
						"1.25": {
							"post": [-22.5, 16, -10],
							"lerp_mode": "catmullrom"
						},
						"1.3333": {
							"post": [-9.45, 17.91, -4.85],
							"lerp_mode": "catmullrom"
						},
						"1.7083": {
							"post": [-8.9, 20, -0.5],
							"lerp_mode": "catmullrom"
						},
						"2.0417": {
							"post": [-15.48, 7.76, -2.12],
							"lerp_mode": "catmullrom"
						},
						"2.375": {
							"post": [-12.48341, 0.64904, 0.12901],
							"lerp_mode": "catmullrom"
						},
						"2.75": {
							"post": [-12.51664, -0.34031, -0.09283],
							"lerp_mode": "catmullrom"
						},
						"3.0": [-12.5, 0, 0]
					}
				},
				"leftarm_1": {
					"rotation": {
						"0.0": [16.0158, 7.28336, -4.19087],
						"0.625": {
							"pre": [36.02, 7.28, -4.19],
							"post": [36.02, 7.28, -4.19],
							"lerp_mode": "catmullrom"
						},
						"1.1667": {
							"post": [-10.10257, 5.52787, 27.74864],
							"lerp_mode": "catmullrom"
						},
						"1.25": {
							"post": [51.02, -9.72, 12.81],
							"lerp_mode": "catmullrom"
						},
						"1.75": {
							"post": [51.02, -9.72, 12.81],
							"lerp_mode": "catmullrom"
						},
						"2.1667": {
							"post": [16.0158, 7.28336, -4.19087],
							"lerp_mode": "catmullrom"
						},
						"2.875": [16.0158, 7.28336, -4.19087]
					},
					"position": {
						"0.0": [0.5, 0, 0],
						"0.625": {
							"pre": [0.5, 0, 0],
							"post": [0.5, 0, 0],
							"lerp_mode": "catmullrom"
						},
						"1.1667": {
							"post": [0.5, 0.4, 0.8],
							"lerp_mode": "catmullrom"
						},
						"1.25": {
							"post": [0.5, 0.6, -2.1],
							"lerp_mode": "catmullrom"
						},
						"1.75": {
							"post": [0.5, 0.6, -2.1],
							"lerp_mode": "catmullrom"
						},
						"2.1667": {
							"post": [0.9, 0.6, -0.2],
							"lerp_mode": "catmullrom"
						},
						"2.875": [0.5, 0, 0]
					},
					"scale": {
						"1.1667": [1, 1, 1],
						"1.2083": [1, 1.7, 1],
						"1.25": [1, 1, 1]
					}
				},
				"leftarm_2": {
					"rotation": {
						"0.0": [2.5, 0, 0],
						"0.625": {
							"pre": [24.98, 0, 0],
							"post": [24.98, 0, 0],
							"lerp_mode": "catmullrom"
						},
						"1.0417": {
							"post": [-2.5, 0, 0],
							"lerp_mode": "catmullrom"
						},
						"1.2917": {
							"post": [-3, 0, 0],
							"lerp_mode": "catmullrom"
						},
						"1.7083": {
							"post": [39.5, 0, 0],
							"lerp_mode": "catmullrom"
						},
						"2.375": {
							"post": [2.5, 0, 0],
							"lerp_mode": "catmullrom"
						},
						"2.9167": [2.5, 0, 0]
					}
				},
				"leftarm_3": {
					"rotation": {
						"0.0": [-47.5, 0, 7.5],
						"1.125": {
							"pre": [-46.81472, 9.18229, -0.98186],
							"post": [-46.81472, 9.18229, -0.98186],
							"lerp_mode": "catmullrom"
						},
						"1.4583": {
							"post": [-162.5, 0, 26.5],
							"lerp_mode": "catmullrom"
						},
						"2.3333": {
							"post": [-47.5, 0, 2.5],
							"lerp_mode": "catmullrom"
						},
						"2.9167": [-47.5, 0, 7.5]
					}
				},
				"rightarm_1": {
					"rotation": {
						"0.0": [16.0158, -7.28336, 4.19087],
						"0.375": {
							"pre": [38.5158, -7.28336, -13.30913],
							"post": [38.5158, -7.28336, -13.30913],
							"lerp_mode": "catmullrom"
						},
						"0.7917": {
							"post": [48.52, -19.78, -10.81],
							"lerp_mode": "catmullrom"
						},
						"1.2083": {
							"post": [24.01972, -13.69426, -3.88167],
							"lerp_mode": "catmullrom"
						},
						"1.2917": {
							"post": [54.04893, -11.07335, -11.5145],
							"lerp_mode": "catmullrom"
						},
						"1.75": {
							"post": [47.30612, -16.42735, -6.90658],
							"lerp_mode": "catmullrom"
						},
						"2.375": {
							"post": [13.80259, -7.20135, 4.28932],
							"lerp_mode": "catmullrom"
						},
						"2.9583": [16.0158, -7.28336, 4.19087]
					},
					"position": {
						"0.0": [-0.5, 0, 0],
						"0.375": {
							"pre": [-0.5, 0, 0],
							"post": [-0.5, 0, 0],
							"lerp_mode": "catmullrom"
						},
						"0.9167": {
							"post": [-1.4, 0, -0.5],
							"lerp_mode": "catmullrom"
						},
						"1.25": {
							"post": [-1.4, 0, -0.5],
							"lerp_mode": "catmullrom"
						},
						"1.75": {
							"post": [-1.4, 0, -0.5],
							"lerp_mode": "catmullrom"
						},
						"2.7917": [-0.5, 0, 0]
					}
				},
				"rightarm_2": {
					"rotation": {
						"0.0": [2.5, 0, 0],
						"1.0833": {
							"pre": [2.5, 0, 0],
							"post": [2.5, 0, 0],
							"lerp_mode": "catmullrom"
						},
						"1.25": {
							"post": [33.5, 0, 0],
							"lerp_mode": "catmullrom"
						},
						"1.8333": {
							"post": [33.5, 0, 0],
							"lerp_mode": "catmullrom"
						},
						"2.7917": [2.5, 0, 0]
					}
				},
				"rightarm_3": {
					"rotation": {
						"0.0": [-47.39247, -3.21154, -3.83424],
						"0.75": {
							"pre": [-39.40191, -2.64718, -4.24326],
							"post": [-39.40191, -2.64718, -4.24326],
							"lerp_mode": "catmullrom"
						},
						"1.1667": {
							"post": [-45.39407, -3.07588, -3.94385],
							"lerp_mode": "catmullrom"
						},
						"1.2917": {
							"post": [-24.70817, -1.48266, -4.77565],
							"lerp_mode": "catmullrom"
						},
						"1.7917": {
							"post": [-32.41643, -2.11089, -4.53359],
							"lerp_mode": "catmullrom"
						},
						"2.25": {
							"post": [-50.39106, -3.40767, -3.66109],
							"lerp_mode": "catmullrom"
						},
						"2.875": [-47.39247, -3.21154, -3.83424]
					}
				},
				"ligtning_left": {
					"scale": [1, 1, 0]
				},
				"left_leg": {
					"rotation": {
						"0.0": [-15.26795, -37.5, 0],
						"0.2917": [-15.27, -37.5, 0],
						"0.9583": {
							"pre": [-7.27, -37.5, 0],
							"post": [-7.27, -37.5, 0],
							"lerp_mode": "catmullrom"
						},
						"1.1667": {
							"post": [-7.27, -37.5, 0],
							"lerp_mode": "catmullrom"
						},
						"1.25": {
							"post": [-8.22446, -45.42749, 1.43797],
							"lerp_mode": "catmullrom"
						},
						"1.9167": {
							"post": [-8.22446, -45.42749, 1.43797],
							"lerp_mode": "catmullrom"
						},
						"2.1667": {
							"post": [-15.26795, -37.5, 0],
							"lerp_mode": "catmullrom"
						},
						"2.5": [-15.26795, -37.5, 0]
					},
					"position": {
						"0.0": [-0.0067, -0.02947, 0.01474],
						"0.2917": [-0.01, -0.03, 0.01],
						"0.9583": {
							"pre": [0.29, -0.03, -0.39],
							"post": [0.29, -0.03, -0.39],
							"lerp_mode": "catmullrom"
						},
						"1.1667": {
							"post": [0.29, -0.03, -0.39],
							"lerp_mode": "catmullrom"
						},
						"1.25": {
							"post": [-2.71, -0.03, -0.99],
							"lerp_mode": "catmullrom"
						},
						"1.3333": {
							"post": [-2.71, -0.03, -4.04],
							"lerp_mode": "catmullrom"
						},
						"1.75": {
							"post": [-1.71, -0.03, -4.04],
							"lerp_mode": "catmullrom"
						},
						"1.9167": {
							"post": [-1.36, -0.03, -0.99],
							"lerp_mode": "catmullrom"
						},
						"2.1667": {
							"post": [-0.0067, -0.02947, 0.01474],
							"lerp_mode": "catmullrom"
						},
						"2.5": [-0.0067, -0.02947, 0.01474]
					}
				},
				"left_foot": {
					"rotation": {
						"0.0": [14.92237, 3.26739, -12.07198],
						"0.2917": [14.92437, 3.26782, -12.07186],
						"0.9583": {
							"pre": [8.07659, 1.78404, -12.37404],
							"post": [8.07659, 1.78404, -12.37404],
							"lerp_mode": "catmullrom"
						},
						"1.1667": {
							"post": [8.07659, 1.78404, -12.37404],
							"lerp_mode": "catmullrom"
						},
						"1.25": {
							"post": [8.07659, 1.78404, -12.37404],
							"lerp_mode": "catmullrom"
						},
						"1.9167": {
							"post": [8.07659, 1.78404, -12.37404],
							"lerp_mode": "catmullrom"
						},
						"2.1667": {
							"post": [14.92237, 3.26739, -12.07198],
							"lerp_mode": "catmullrom"
						},
						"2.5": [14.92237, 3.26739, -12.07198]
					}
				},
				"hidden_leftleg_1": {
					"position": [0, 0, -1],
					"scale": [1, 0, 1]
				},
				"ligtning_left2": {
					"scale": [1, 1, 0]
				},
				"right_leg": {
					"rotation": {
						"0.0": [-15.26795, 37.5, 0],
						"0.4167": [-15.27, 34.5, 0],
						"0.6667": {
							"pre": [-7.77, 37.5, 0],
							"post": [-7.77, 37.5, 0],
							"lerp_mode": "catmullrom"
						},
						"1.1667": {
							"post": [-58.77, 37.5, 0],
							"lerp_mode": "catmullrom"
						},
						"1.25": [-15.27, 19.5, 0],
						"1.8333": [-15.27, 19.5, 0],
						"2.0": {
							"pre": [-20.26932, 25.5, 0],
							"post": [-20.26932, 25.5, 0],
							"lerp_mode": "catmullrom"
						},
						"2.125": {
							"post": [-20.26932, 31.2, 0],
							"lerp_mode": "catmullrom"
						},
						"2.375": [-15.26795, 37.5, 0]
					},
					"position": {
						"0.0": [0.0067, -0.02947, 0.01474],
						"0.4167": [0.01, -0.03, 0.01],
						"1.0": {
							"pre": [0.01, 4.97, 3.01],
							"post": [0.01, 4.97, 3.01],
							"lerp_mode": "catmullrom"
						},
						"1.1667": {
							"post": [0.01, 4.97, 3.01],
							"lerp_mode": "catmullrom"
						},
						"1.25": [0.01, -0.03, -5.99],
						"1.8333": [0.01, -0.03, -5.99],
						"2.0417": {
							"pre": [0.01, 2.57, -2.65],
							"post": [0.01, 2.57, -2.65],
							"lerp_mode": "catmullrom"
						},
						"2.1667": {
							"post": [0.01, 1.4, -0.63],
							"lerp_mode": "catmullrom"
						},
						"2.375": [0.0067, -0.02947, 0.01474]
					}
				},
				"right_foot": {
					"rotation": {
						"0.0": [14.92237, -3.26739, 12.07198],
						"0.3333": [14.92437, -3.26782, 12.07186],
						"1.0833": [44.58277, -8.8452, 8.86787],
						"1.25": [14.92437, -3.26782, 12.07186],
						"1.8333": [14.92437, -3.26782, 12.07186],
						"1.9167": {
							"pre": [9.05395, -1.99806, 12.34179],
							"post": [9.05395, -1.99806, 12.34179],
							"lerp_mode": "catmullrom"
						},
						"2.25": {
							"post": [22.77528, -4.90522, 11.51146],
							"lerp_mode": "catmullrom"
						},
						"2.375": [14.92437, -3.26782, 12.07186]
					}
				},
				"hidden_rightleg_1": {
					"position": [0, 0, -1],
					"scale": [1, 0, 1]
				},
				"ligtning_right": {
					"scale": [1, 1, 0]
				},
				"ligtning_right2": {
					"scale": [1, 1, 0]
				}
			}
		}
	}
}