{
	"format_version": "1.8.0",
	"animations": {
		"animation.okidogi.ground_idle": {
			"loop": true,
			"bones": {
				"head": {
					"rotation": ["4+1*math.sin(q.anim_time*90*2-60)", "2*math.sin(q.anim_time*90*1-60)", "2*math.sin(q.anim_time*90*1-60)"],
					"position": [0, 0, -2]
				},
				"right_eyelid": {
					"rotation": [0, 0, -7.5]
				},
				"right_ears": {
					"rotation": ["1*5*math.sin(q.anim_time*90*2-160)", 0, 0]
				},
				"left_ears": {
					"rotation": ["1*5*math.sin(q.anim_time*90*2-160)", 0, 0]
				},
				"jaw": {
					"rotation": ["-1+5*math.sin(q.anim_time*90*2-160)", 0, 0]
				},
				"body": {
					"rotation": ["7.5+1*math.sin(q.anim_time*90*2-60)", 0, 0]
				},
				"upper_body": {
					"rotation": [0, "2*math.sin(q.anim_time*90*1-60)", 0]
				},
				"chain": {
					"rotation": [22, "0.22943786942+2*(math.sin(q.anim_time*150*2-180)*1+1)", "-7.90012339+2*(math.sin(q.anim_time*90*2-60)*1+1)"]
				},
				"chain2": {
					"rotation": [32.37362, "-15.9292367222+2*(math.sin(q.anim_time*150*2-180)*1+1)", "10.4808605224+2*(math.sin(q.anim_time*90*2-60)*1+1)"]
				},
				"chain3": {
					"rotation": [33.60502, "-17.7209100963+2*(math.sin(q.anim_time*150*2-180)*1+1)", "24.6098050838+2*(math.sin(q.anim_time*90*2-60)*1+1)"]
				},
				"right_arm": {
					"rotation": ["-5.0573-2*(math.sin(q.anim_time*90*2)*1+1)", 21.50816, -55.94416]
				},
				"right_arm_lower": {
					"rotation": ["-19+2*(math.sin(q.anim_time*90*2-60)*1+1)", -21, "-20+2*(math.sin(q.anim_time*90*2-60)*1+1)"]
				},
				"right_hand": {
					"rotation": ["0+2*(math.sin(q.anim_time*90*2-60)*1+1)", -17.5, "-22.5+9.8511+math.sin(q.anim_time*90*2-110)*2"]
				},
				"right_thumb": {
					"rotation": [25, -25, 0]
				},
				"right_fingers": {
					"rotation": [0, 0, -17.5]
				},
				"right_finger_1": {
					"rotation": [-4, -15, "-15+8*(math.sin(q.anim_time*90*2-60)*1+1)"]
				},
				"right_finger_2": {
					"rotation": [0, -5, "-5+6*(math.sin(q.anim_time*90*2-60)*1+1)"]
				},
				"right_finger_3": {
					"rotation": [0, -2.5, "-7+5*(math.sin(q.anim_time*90*2-60)*1+1)"]
				},
				"right_finger4": {
					"rotation": [-2, 10, "-10+7*(math.sin(q.anim_time*90*2-60)*1+1)"]
				},
				"left_eyelid": {
					"rotation": [0, 0, 7.5]
				},
				"left_arm": {
					"rotation": ["-5.0573-2*(math.sin(q.anim_time*90*2)*1+1)", -21.50816, 55.94416]
				},
				"left_arm_lower": {
					"rotation": ["-19-2*(math.sin(q.anim_time*90*2-60)*1+1)", 21, "20-2*(math.sin(q.anim_time*90*2-60)*1+1)"]
				},
				"left_hand": {
					"rotation": ["0-2*(math.sin(q.anim_time*90*2-60)*1+1)", 17.5, "22.5-9.8511+math.sin(q.anim_time*90*2-110)*2"]
				},
				"left_thumb": {
					"rotation": [25, 25, 0]
				},
				"left_fingers": {
					"rotation": [0, 0, 17.5]
				},
				"left_finger_1": {
					"rotation": [4, 15, "15-8*(math.sin(q.anim_time*90*2-60)*1+1)"]
				},
				"left_finger_2": {
					"rotation": [0, 5, "5-6*(math.sin(q.anim_time*90*2-60)*1+1)"]
				},
				"left_finger_3": {
					"rotation": [0, -2.5, "7-5*(math.sin(q.anim_time*90*2-60)*1+1)"]
				},
				"left_finger4": {
					"rotation": [-2, -10, "10-7*(math.sin(q.anim_time*90*2-60)*1+1)"]
				},
				"body2": {
					"rotation": ["3+1*math.sin(q.anim_time*90*2-60)", 0, 0]
				},
				"tail": {
					"rotation": ["0-7*(math.sin(q.anim_time*90*2-60)*1+1)", "15*math.sin(q.anim_time*90*1-60)", "2*math.sin(q.anim_time*90*1-190)"]
				},
				"tail2": {
					"rotation": ["-7*(math.sin(q.anim_time*90*2-60)*1+1)", "15*math.sin(q.anim_time*90*1-60)", "2*math.sin(q.anim_time*90*1-60)"]
				}
			}
		},
		"animation.okidogi.battle_idle": {
			"loop": true,
			"bones": {
				"body2": {
					"rotation": [
						"7.389954965+1*math.sin(q.anim_time*90*2-60)",
						"-17.5210678756+1*math.sin(q.anim_time*90*2-60)",
						"0.3420844431+1*math.sin(q.anim_time*10*2-60)"
					]
				},
				"head": {
					"rotation": [
						"1.3378029843+1*math.sin(q.anim_time*90*2-60)",
						"14.9415876116+1*math.sin(q.anim_time*90*2-60)",
						"5.1754392272+1*math.sin(q.anim_time*120*2-180)"
					],
					"position": [0, -1, -3]
				},
				"left_eyelid": {
					"rotation": [0, 0, "1*-3*math.sin(q.anim_time*90*2-160)"]
				},
				"right_eyelid": {
					"rotation": [0, 0, "1*3*math.sin(q.anim_time*90*2-160)"]
				},
				"right_ears": {
					"rotation": ["1*5*math.sin(q.anim_time*90*2-160)", 0, 0]
				},
				"left_ears": {
					"rotation": ["1*5*math.sin(q.anim_time*90*2-160)", 0, 0]
				},
				"jaw": {
					"rotation": ["-1+2*math.sin(q.anim_time*120*2-180)", 0, 0]
				},
				"chain": {
					"rotation": [9.91615, "1.2987564674+2*(math.sin(q.anim_time*150*2-180)*1+1)", "-7.3873262513+2*(math.sin(q.anim_time*90*2-60)*1+1)"]
				},
				"chain2": {
					"rotation": [20.44582, "-11.7350747523+1*(math.sin(q.anim_time*150*2-180)*1+1)", "-4.3361003705+1*(math.sin(q.anim_time*150*2-180)*1+1)"]
				},
				"chain3": {
					"rotation": [28.06681, "-11.0686073439+1*(math.sin(q.anim_time*150*2-180)*1+1)", "-5.8448492899+1*(math.sin(q.anim_time*150*2-180)*1+1)"]
				},
				"left_arm": {
					"rotation": ["1.417+2*math.sin(q.anim_time*90*2-60)", -2.26534, "35.3415+1*math.sin(q.anim_time*90*2-60)"]
				},
				"left_arm_lower": {
					"rotation": [0.57438, "19.9876+1*math.sin(q.anim_time*90*2-60)", "42.6371+1*math.sin(q.anim_time*90*2-60)"]
				},
				"left_hand": {
					"rotation": [22.5, 0, "2.5+4*math.sin(q.anim_time*90*2-60)"]
				},
				"left_thumb": {
					"rotation": [27.5, 10, 0]
				},
				"left_fingers": {
					"rotation": [0, 0, "32.5+4*math.sin(q.anim_time*90*2-60)"]
				},
				"left_finger_1": {
					"rotation": [0, 12.5, 0]
				},
				"left_finger_3": {
					"rotation": [0, -5, 0]
				},
				"left_finger4": {
					"rotation": [0, -15, 0]
				},
				"right_arm": {
					"rotation": [
						"-92.0591840159+1*math.sin(q.anim_time*90*2-60)",
						"6.0615604208+1*math.sin(q.anim_time*90*2-60)",
						"-35.2431746207+4*math.sin(q.anim_time*180*1-180)"
					]
				},
				"right_arm_lower": {
					"rotation": [
						"-5.5810238076+1*math.sin(q.anim_time*90*2-60)",
						"-16.3664970584+2*math.sin(q.anim_time*90*2-60)",
						"-75.0648587718+1*math.sin(q.anim_time*90*2-60)"
					]
				},
				"right_hand": {
					"rotation": [0, "0+1*math.sin(q.anim_time*90*2-60)", "12.5+3*math.sin(q.anim_time*90*2-60)"]
				},
				"right_thumb": {
					"rotation": [35, -17.5, 0]
				},
				"right_fingers": {
					"rotation": [0, 0, -30]
				},
				"right_finger_1": {
					"rotation": [5.84485, -11.06861, -28.06681]
				},
				"right_finger_2": {
					"rotation": [0, 0, -20]
				},
				"right_finger_3": {
					"rotation": [0, 5, -2.5]
				},
				"right_finger4": {
					"rotation": [0, 17.5, 0]
				},
				"lower_body": {
					"rotation": ["1.3184461833+1*math.sin(q.anim_time*90*2-60)", "-9.9135806746+1*math.sin(q.anim_time*90*2-60)", -7.61435]
				},
				"tail": {
					"rotation": ["-7*(math.sin(q.anim_time*90*2-60)*1+1)", "15*math.sin(q.anim_time*90*1-60)", "2*math.sin(q.anim_time*90*1-190)"]
				},
				"tail2": {
					"rotation": ["-7*(math.sin(q.anim_time*90*2-60)*1+1)", "15*math.sin(q.anim_time*90*1-60)", "2*math.sin(q.anim_time*90*1-60)"]
				},
				"left_leg": {
					"position": [1, 0, -3]
				},
				"right_leg": {
					"rotation": [-7.5, 15, 0],
					"position": [2, -1.1, 2]
				},
				"right_leg_lower": {
					"rotation": [30, 0, 0],
					"position": [0, 1.2, 0]
				},
				"right_foot": {
					"rotation": [-22.5, 0, 0],
					"position": [0, -0.8, -0.6]
				},
				"right_leg_move": {
					"rotation": ["1+1*math.sin(q.anim_time*90*2-60)", 0, 0]
				},
				"left_leg_move": {
					"rotation": ["-4+1*math.sin(q.anim_time*90*2-60)", 0, 0]
				}
			}
		},
		"animation.okidogi.ground_walk": {
			"loop": true,
			"animation_length": 4,
			"bones": {
				"body2": {
					"rotation": ["15-math.sin(q.anim_time*90*8)*1", 0, 0],
					"position": [0, "-1+math.clamp(math.sin(q.anim_time*90*4+90*0)*1.5  ,0,180)", 0]
				},
				"head": {
					"rotation": ["-10-math.abs(math.sin(q.anim_time*90*4-50)*8)", 0, 0],
					"position": [0, 1, -1]
				},
				"right_ears": {
					"rotation": ["15-math.abs(math.sin(q.anim_time*90*4-50)*15)", 0, 0]
				},
				"left_ears": {
					"rotation": ["15-math.abs(math.sin(q.anim_time*90*4-50)*15)", 0, 0]
				},
				"chain": {
					"rotation": [22, "0.22943786942-math.sin(q.anim_time*90*8)*1", "-7.90012339+2-math.sin(q.anim_time*90*8)*1"]
				},
				"chain2": {
					"rotation": [32.37362, "-15.9292367222-math.sin(q.anim_time*90*8)*1", "10.4808605224-math.sin(q.anim_time*90*8)*1  "]
				},
				"chain3": {
					"rotation": [33.60502, "-17.7209100963-math.sin(q.anim_time*90*8)*1", "24.6098050838-math.sin(q.anim_time*90*8)*1"]
				},
				"left_arm": {
					"rotation": [-4.26079, "8.5785-5+math.sin(q.anim_time*90*4- 90)*15 ", "75.5016+math.sin(q.anim_time*90*4+90)*3"],
					"position": [4, "3+math.clamp(math.sin(q.anim_time*90*4+90*0)*1 ,0,180)", 1]
				},
				"left_arm_lower": {
					"rotation": [0, "27.5+math.sin(q.anim_time*90*4-50)*15 ", 0]
				},
				"left_hand": {
					"rotation": [0, 0, 15]
				},
				"left_thumb": {
					"rotation": [22.5, 0, 0]
				},
				"left_fingers": {
					"rotation": [0, 0, 40]
				},
				"left_finger_1": {
					"rotation": [0, 12.5, 0]
				},
				"left_finger_2": {
					"rotation": [0, 5, 0]
				},
				"left_finger4": {
					"rotation": [0, -7.5, 0]
				},
				"right_arm": {
					"rotation": [-4.26079, "8.5785-5+math.sin(q.anim_time*90*4- 90)*15 ", "-75.5016+math.sin(q.anim_time*90*4+90)*3"],
					"position": [-4, "3+math.clamp(math.sin(q.anim_time*90*4+90*0)*1 ,0,180)", 1]
				},
				"right_arm_lower": {
					"rotation": [0, "-27.5+math.sin(q.anim_time*90*4-50)*15 ", 0]
				},
				"right_hand": {
					"rotation": [0, 0, -15]
				},
				"right_thumb": {
					"rotation": [22.5, 0, 0]
				},
				"right_fingers": {
					"rotation": [0, 0, -40]
				},
				"right_finger_1": {
					"rotation": [0, -12.5, 0]
				},
				"right_finger_2": {
					"rotation": [0, -5, 0]
				},
				"right_finger4": {
					"rotation": [0, 7.5, 0]
				},
				"lower_body": {
					"rotation": ["20-math.sin(q.anim_time*90*8)*1", 0, 0]
				},
				"tail": {
					"rotation": ["-5-math.sin(q.anim_time*90*8)*1.5", 0, 0]
				},
				"tail2": {
					"rotation": ["-math.sin(q.anim_time*90*8)*3", 0, 0]
				},
				"left_leg": {
					"rotation": ["5+math.sin(q.anim_time*90*4-90)*25", 0, 0],
					"position": [0, "math.clamp(-math.sin(q.anim_time*90*4+90*0)*2,0,180)", 0]
				},
				"left_leg_lower": {
					"rotation": ["30+math.clamp(math.sin(q.anim_time*90*4-180)*25,-5,180)", 0, 0]
				},
				"left_foot": {
					"rotation": [-12.5, 0, 0]
				},
				"right_leg": {
					"rotation": ["5+math.sin(q.anim_time*90*4+90)*25", 0, 0],
					"position": [0, "math.clamp(math.sin(q.anim_time*90*4+90*0)*1.5,0,180)", 0]
				},
				"right_leg_lower": {
					"rotation": ["30+math.clamp(-math.sin(q.anim_time*90*4-180)*25,-5,180)", 0, 0]
				},
				"right_foot": {
					"rotation": [-12.5, 0, 0]
				}
			}
		},
		"animation.okidogi.sleep": {
			"loop": true,
			"bones": {
				"okidogi": {
					"rotation": [80.16143, -0.65207, 43.35029],
					"position": [0, 3, 28]
				},
				"head": {
					"rotation": ["-51.6506132606+1*math.sin(q.anim_time*90*1-60)", -14.67194, -54.41095],
					"position": [1, 6, -4]
				},
				"left_close_eyelid": {
					"position": [0, 0, -1]
				},
				"left_eyelid": {
					"rotation": [0, 0, 10]
				},
				"right_close_eyelid": {
					"position": [0, 0, -1]
				},
				"right_eyelid": {
					"rotation": [0, 0, -10]
				},
				"right_ears": {
					"rotation": [25, 0, 0]
				},
				"left_ears": {
					"rotation": [25, 0, 0]
				},
				"jaw": {
					"rotation": ["12.5+1*math.sin(q.anim_time*90*1 -30)", 0, 0]
				},
				"upper_body": {
					"rotation": ["0+1*math.sin(q.anim_time*90*1 -100)", 0, 0]
				},
				"chain": {
					"rotation": [-43.52632, -20.88859, -32.04082]
				},
				"chain2": {
					"rotation": [0, 0, 42.5]
				},
				"chain3": {
					"rotation": [0.60921, 0.02982, -42.42431]
				},
				"left_arm": {
					"rotation": [-40.02687, 1.91486, -69.10757]
				},
				"left_arm_lower": {
					"rotation": [-16.01465, 71.93049, -24.65923]
				},
				"left_hand": {
					"rotation": [1.56249, -0.08055, -2.66588]
				},
				"left_finger_1": {
					"rotation": [0, 10, 0]
				},
				"left_finger_2": {
					"rotation": [0, 2.5, 0]
				},
				"left_finger4": {
					"rotation": [0, -5, 0]
				},
				"right_arm": {
					"rotation": [-4.95283, -66.07733, -70.82522],
					"position": [1, 0, -2]
				},
				"right_arm_lower": {
					"rotation": [0, -25, 10]
				},
				"right_hand": {
					"rotation": [5.46822, -42.29239, 17.40942]
				},
				"right_fingers": {
					"rotation": [0, 0, 2.5]
				},
				"right_finger_1": {
					"rotation": [0, -17.5, 0]
				},
				"right_finger_2": {
					"rotation": [0, -7.5, 0]
				},
				"right_finger4": {
					"rotation": [0, 2.5, 0]
				},
				"lower_body": {
					"rotation": [0, 15, 0]
				},
				"tail": {
					"rotation": [-32.5, 47.5, 0]
				},
				"left_leg": {
					"rotation": [12.5, 0, 0]
				},
				"left_leg_lower": {
					"rotation": [15, 0, 0]
				},
				"left_foot": {
					"rotation": [7.5, 0, 0]
				},
				"right_leg": {
					"rotation": [-95, 0, 0],
					"position": [2, 0, 0]
				},
				"right_leg_lower": {
					"rotation": [70, 0, 0]
				},
				"right_foot": {
					"rotation": [32.5, 0, 0]
				},
				"tongue": {
					"rotation": [12.5, 0, 0],
					"position": [0, 0, -8]
				},
				"tongue2": {
					"rotation": [42.5, 0, 0]
				}
			}
		},
		"animation.okidogi.blink": {
			"animation_length": 0.375,
			"bones": {
				"left_close_eyelid": {
					"position": {
						"0.0": [0, 0, -1],
						"0.3333": [0, 0, -1],
						"0.375": [0, 0, 0]
					}
				},
				"right_close_eyelid": {
					"position": {
						"0.0": [0, 0, -1],
						"0.3333": [0, 0, -1],
						"0.375": [0, 0, 0]
					}
				}
			}
		},
		"animation.okidogi.cry": {
			"animation_length": 3,
			"bones": {
				"jaw": {
					"rotation": {
						"0.0": ["12.5+math.sin(q.anim_time*90*1- 50)*20", 0, 0],
						"1.5": ["10+math.sin(q.anim_time*90*1- 50)*20", 0, 0]
					}
				},
				"tongue": {
					"rotation": {
						"0.0": [20, 0, 0],
						"1.5": [7.5, 0, 0],
						"3.0": [20, 0, 0]
					},
					"position": {
						"0.0": [0, 0, -6],
						"1.5": [0, 0, -8],
						"3.0": [0, 0, -6]
					}
				},
				"tongue2": {
					"rotation": {
						"0.0": [0, 0, 0],
						"1.5": [27.5, 0, 0],
						"3.0": [0, 0, 0]
					}
				}
			}
		}
	}
}