{
	"format_version": "1.8.0",
	"animations": {
		"animation.vulpix.ground_idle": {
			"loop": true,
			"bones": {
				"body": {
					"position": [0, -0.25, 0]
				},
				"neck": {
					"rotation": [2.48004, -0.29826, 0.09615]
				},
				"head_rotation": {
					"rotation": ["-2.5+math.sin(q.anim_time*90*2+150)*1.5", 0, "0+math.sin(q.anim_time*90*2+120)*1.5"]
				},
				"tail_left1": {
					"rotation": ["40+math.sin(q.anim_time*90*2+150)*2", 0, 0]
				},
				"tail_left1_2": {
					"rotation": ["32.7234828+math.sin(q.anim_time*90*2+90)*4", 6.3202, 4.04618]
				},
				"tail_left1_3": {
					"rotation": ["-17.5-math.cos(q.anim_time*90*2+120)*4", 0, 0]
				},
				"tail_left2_rotation": {
					"rotation": ["22.109671199+math.sin(q.anim_time*90*2+150)*2", -3.73171, "11.9384-math.sin(q.anim_time*90*2+60)*3"]
				},
				"tail_left2_2": {
					"rotation": ["35+math.sin(q.anim_time*90*2+90)*4", 0, 0]
				},
				"tail_left2_3": {
					"rotation": ["-20-math.cos(q.anim_time*90*2+120)*4", 0, 0]
				},
				"tail_left3_rotation": {
					"rotation": ["5+math.sin(q.anim_time*90*2+120)*1", 0, "12.5-math.sin(q.anim_time*90*2+45)*3"]
				},
				"tail_left3_2": {
					"rotation": ["27.702122918+math.cos(q.anim_time*90*2+45)*4", -6.64851, -3.47875]
				},
				"tail_left3_3": {
					"rotation": ["-25.189075257+math.sin(q.anim_time*90*2+90)*4", -6.79382, 3.18458]
				},
				"tail_right1": {
					"rotation": ["40+math.sin(q.anim_time*90*2+150)*2", 0, 0]
				},
				"tail_right1_2": {
					"rotation": ["32.7234828+math.sin(q.anim_time*90*2+90)*4", -6.3202, -4.04618]
				},
				"tail_right1_3": {
					"rotation": ["-17.5-math.cos(q.anim_time*90*2+120)*4", 0, 0]
				},
				"tail_right2_rotation": {
					"rotation": ["22.109671199+math.sin(q.anim_time*90*2+150)*2", 3.73171, "-11.938445897+math.sin(q.anim_time*90*2+60)*3"]
				},
				"tail_right2_2": {
					"rotation": ["35+math.sin(q.anim_time*90*2+90)*4", 0, 0]
				},
				"tail_right2_3": {
					"rotation": ["-20-math.cos(q.anim_time*90*2+120)*4", 0, 0]
				},
				"tail_right3_rotation": {
					"rotation": ["5+math.sin(q.anim_time*90*2+120)*1", 0, "-12.5+math.sin(q.anim_time*90*2+45)*3"]
				},
				"tail_right3_2": {
					"rotation": ["27.702122918+math.cos(q.anim_time*90*2+45)*4", 6.64851, 3.47875]
				},
				"tail_right3_3": {
					"rotation": ["-25.189075257+math.sin(q.anim_time*90*2+90)*4", 6.79382, -3.18458]
				},
				"leg_front_left": {
					"rotation": ["2.497407376-math.sin(q.anim_time*90*2+90)*3", 0.76, 2.46],
					"position": ["0+math.sin(q.anim_time*90*2+90)*0.005", "0+math.sin(q.anim_time*90*2+90)*0.09", "0+math.sin(q.anim_time*90*2+90)*0.09"]
				},
				"leg_front_left2": {
					"rotation": ["-10+math.sin(q.anim_time*90*2+90)*4", 0, 0]
				},
				"foot_front_left": {
					"rotation": ["7.492942811-math.sin(q.anim_time*90*2+90)*1", 0.32621, -2.47864]
				},
				"leg_back_left": {
					"rotation": ["5+math.sin(q.anim_time*90*2-150)*2", 0, 2.5],
					"position": [0, "0-math.sin(q.anim_time*90*2-150)*0.09", "0-math.sin(q.anim_time*90*2-150)*0.005"]
				},
				"leg_back_left2": {
					"rotation": ["-10-math.sin(q.anim_time*90*2-150)*3", 0, 0]
				},
				"foot_back_left": {
					"rotation": ["4.999981854+math.sin(q.anim_time*90*2-150)*1", 0.00062, -2.50949]
				},
				"leg_front_right": {
					"rotation": ["2.497407376-math.sin(q.anim_time*90*2+90)*3", -0.76144, -2.45965],
					"position": ["0-math.sin(q.anim_time*90*2+90)*0.005", "0+math.sin(q.anim_time*90*2+90)*0.09", "0+math.sin(q.anim_time*90*2+90)*0.09"]
				},
				"leg_front_right2": {
					"rotation": ["-10+math.sin(q.anim_time*90*2+90)*4", 0, 0]
				},
				"foot_front_right": {
					"rotation": ["7.492942811-math.sin(q.anim_time*90*2+90)*1", -0.32621, 2.47864]
				},
				"leg_back_right": {
					"rotation": ["5+math.sin(q.anim_time*90*2-150)*2", 0, -2.5],
					"position": [0, "0-math.sin(q.anim_time*90*2-150)*0.09", "0-math.sin(q.anim_time*90*2-150)*0.005"]
				},
				"leg_back_right2": {
					"rotation": ["-10-math.sin(q.anim_time*90*2-150)*3", 0, 0]
				},
				"foot_back_right": {
					"rotation": ["4.999981854+math.sin(q.anim_time*90*2-150)*1", -0.00062, 2.50949]
				},
				"ear_left_rotation": {
					"rotation": [0, "7.5+math.sin(q.anim_time*90*2+90)*5", 0]
				},
				"ear_right_rotation": {
					"rotation": [0, "-7.5+math.sin(q.anim_time*90*2+90)*5", 0]
				},
				"torso": {
					"rotation": ["0-math.sin(q.anim_time*90*2+60)*2", 0, 0],
					"position": [0, 0, "0+math.sin(q.anim_time*90*2+120)*0.025"]
				},
				"chest": {
					"rotation": ["0+math.cos(q.anim_time*90*2+75)*1", 0, 0]
				},
				"hair_front": {
					"rotation": ["0+math.sin(q.anim_time*90*2+120)*5", 0, "0+math.sin(q.anim_time*90*2+45)*2"],
					"position": [0, 0.1, 0]
				},
				"tail": {
					"rotation": ["0+math.sin(q.anim_time*90*2+150)*2", 0, 0]
				}
			}
		},
		"animation.vulpix.ground_walk": {
			"loop": true,
			"animation_length": 1,
			"bones": {
				"body": {
					"rotation": [0, 0, 0]
				},
				"torso": {
					"rotation": ["2.5+math.cos(q.anim_time*90*4*2+75)*2", "-math.sin(q.anim_time*90*4+120)", "-math.sin(q.anim_time*90*4+45)"],
					"position": [0, "-0.5-math.cos(q.anim_time*90*4*2+120)*0.25", -0.25]
				},
				"chest": {
					"rotation": ["-5-math.cos(q.anim_time*90*4*2+45)*2", "math.sin(q.anim_time*90*4+90)*2", "-math.sin(q.anim_time*90*4-180)*2"],
					"position": [0, 0, 0]
				},
				"neck": {
					"rotation": ["0+math.cos(q.anim_time*90*4*2+45)*1", "0-math.sin(q.anim_time*90*4+90)*1", "0+math.sin(q.anim_time*90*4-180)*1"]
				},
				"head_rotation": {
					"rotation": ["0-math.cos(q.anim_time*90*4*2+150)*3", 0, "0+math.sin(q.anim_time*90*4+150)*2"]
				},
				"muzzle": {
					"rotation": ["0+math.sin(q.anim_time*90*4*2+45)*1", 0, 0]
				},
				"hair_front": {
					"rotation": ["0+math.sin(q.anim_time*90*4*2+45)*2", 0, "0+math.sin(q.anim_time*90*4+45)*2"],
					"position": [0, 0.1, 0]
				},
				"ear_left_rotation": {
					"rotation": [0, "0+math.cos(q.anim_time*90*4*2-120)*3", 0]
				},
				"ear_right_rotation": {
					"rotation": [0, "0-math.cos(q.anim_time*90*4*2-120)*3", 0]
				},
				"tail": {
					"rotation": [50, "math.sin(q.anim_time*90*4-150)*2", 0]
				},
				"tail_left1": {
					"rotation": ["0-math.sin(q.anim_time*90*4*2+120)*2", "0-math.sin(q.anim_time*90*4+120)*2", 0]
				},
				"tail_left1_2": {
					"rotation": ["25+math.cos(q.anim_time*90*4*2+90)*5", "-math.sin(q.anim_time*90*4+45)*3", 0]
				},
				"tail_left1_3": {
					"rotation": ["-20+math.sin(q.anim_time*90*4*2+75)*8", "math.sin(q.anim_time*90*4+150)*3", 0]
				},
				"tail_left2_rotation": {
					"rotation": ["-5-math.sin(q.anim_time*90*4*2+120)*2", "-math.sin(q.anim_time*90*4+120)*2", 0]
				},
				"tail_left2_2": {
					"rotation": ["22.5+math.cos(q.anim_time*90*4*2+120)*4", "-math.sin(q.anim_time*90*4+45)*3", 0]
				},
				"tail_left2_3": {
					"rotation": ["-30+math.sin(q.anim_time*90*4*2+90)*6", "math.sin(q.anim_time*90*4+150)*4", 0],
					"position": [0, 0.25, -0.25]
				},
				"tail_left3_rotation": {
					"rotation": ["-20-math.sin(q.anim_time*90*4*2+120)*2", "-math.sin(q.anim_time*90*4+120)*2", 0]
				},
				"tail_left3_2": {
					"rotation": ["35-math.sin(q.anim_time*90*4*2+45)*3", "-math.sin(q.anim_time*90*4+45)*3", 0]
				},
				"tail_left3_3": {
					"rotation": ["-37.5+math.sin(q.anim_time*90*4*2+150)*3", "math.sin(q.anim_time*90*4+150)*3", 0],
					"position": [0, 0.75, -1.25]
				},
				"tail_right1": {
					"rotation": ["0-math.sin(q.anim_time*90*4*2+120)*2", "0-math.sin(q.anim_time*90*4+120)*2", 0]
				},
				"tail_right1_2": {
					"rotation": ["25+math.cos(q.anim_time*90*4*2+90)*5", "-math.sin(q.anim_time*90*4+45)*3", 0]
				},
				"tail_right1_3": {
					"rotation": ["-20+math.sin(q.anim_time*90*4*2+75)*8", "math.sin(q.anim_time*90*4+150)*3", 0]
				},
				"tail_right2_rotation": {
					"rotation": ["-5-math.sin(q.anim_time*90*4*2+120)*2", "-math.sin(q.anim_time*90*4+120)*2", 0]
				},
				"tail_right2_2": {
					"rotation": ["22.5+math.cos(q.anim_time*90*4*2+120)*4", "-math.sin(q.anim_time*90*4+45)*3", 0]
				},
				"tail_right2_3": {
					"rotation": ["-30+math.sin(q.anim_time*90*4*2+90)*6", "math.sin(q.anim_time*90*4+150)*4", 0],
					"position": [0, 0.25, -0.25]
				},
				"tail_right3_rotation": {
					"rotation": ["-20-math.sin(q.anim_time*90*4*2+45)*2", "-math.sin(q.anim_time*90*4+120)*2", 0]
				},
				"tail_right3_2": {
					"rotation": ["35-math.sin(q.anim_time*90*4*2+45)*3", "-math.sin(q.anim_time*90*4+45)*3", 0]
				},
				"tail_right3_3": {
					"rotation": ["-37.5+math.sin(q.anim_time*90*4*2+150)*3", "math.sin(q.anim_time*90*4+150)*3", 0],
					"position": [0, 1, -1.25]
				},
				"leg_front_left": {
					"rotation": {
						"0.0": {
							"post": [55.01, 0, 0],
							"lerp_mode": "catmullrom"
						},
						"0.125": {
							"post": [56.5, 0, 0],
							"lerp_mode": "catmullrom"
						},
						"0.25": {
							"post": [31.83, 0, 0],
							"lerp_mode": "catmullrom"
						},
						"0.375": {
							"post": [-0.5, 0, 0],
							"lerp_mode": "catmullrom"
						},
						"0.5": {
							"post": [-15, 0, 0],
							"lerp_mode": "catmullrom"
						},
						"0.625": {
							"post": [25, 0, 0],
							"lerp_mode": "catmullrom"
						},
						"0.7917": {
							"post": [36.5, 0, 0],
							"lerp_mode": "catmullrom"
						},
						"0.9583": {
							"post": [51.5, 0, 0],
							"lerp_mode": "catmullrom"
						},
						"1.0": {
							"post": [55.01, 0, 0],
							"lerp_mode": "catmullrom"
						}
					},
					"position": {
						"0.0": {
							"post": [0, -1.35, 0.91],
							"lerp_mode": "catmullrom"
						},
						"0.125": {
							"post": [0, -1, 0.5],
							"lerp_mode": "catmullrom"
						},
						"0.25": {
							"post": [0, -1, 0],
							"lerp_mode": "catmullrom"
						},
						"0.375": {
							"post": [0, -1, -0.4],
							"lerp_mode": "catmullrom"
						},
						"0.5": {
							"post": [0, -1, 0],
							"lerp_mode": "catmullrom"
						},
						"0.625": {
							"post": [0, -1.5, 0],
							"lerp_mode": "catmullrom"
						},
						"0.7917": {
							"post": [0, -1.5, 0.5],
							"lerp_mode": "catmullrom"
						},
						"0.9583": {
							"post": [0, -1.5, 1],
							"lerp_mode": "catmullrom"
						},
						"1.0": {
							"post": [0, -1.35, 0.91],
							"lerp_mode": "catmullrom"
						}
					}
				},
				"leg_front_left2": {
					"rotation": {
						"0.0": {
							"post": [-33.74, 0, 0],
							"lerp_mode": "catmullrom"
						},
						"0.125": {
							"post": [-56.5, 0, 0],
							"lerp_mode": "catmullrom"
						},
						"0.25": {
							"post": [-81, 0, 0],
							"lerp_mode": "catmullrom"
						},
						"0.375": {
							"post": [-55, 0, 0],
							"lerp_mode": "catmullrom"
						},
						"0.5": {
							"post": [-15, 0, 0],
							"lerp_mode": "catmullrom"
						},
						"0.625": {
							"post": [-57.5, 0, 0],
							"lerp_mode": "catmullrom"
						},
						"0.7917": {
							"post": [-36.5, 0, 0],
							"lerp_mode": "catmullrom"
						},
						"0.9583": {
							"post": [-26.5, 0, 0],
							"lerp_mode": "catmullrom"
						},
						"1.0": {
							"post": [-33.74, 0, 0],
							"lerp_mode": "catmullrom"
						}
					},
					"position": {
						"0.0": {
							"post": [0, 0, 0],
							"lerp_mode": "catmullrom"
						},
						"0.125": {
							"post": [0, 0, 0],
							"lerp_mode": "catmullrom"
						},
						"0.25": {
							"post": [0, 0, 0],
							"lerp_mode": "catmullrom"
						},
						"0.375": {
							"post": [0, 0, 0],
							"lerp_mode": "catmullrom"
						},
						"0.5": {
							"post": [0, 0, 0],
							"lerp_mode": "catmullrom"
						},
						"0.625": {
							"post": [0, -0.5, 0],
							"lerp_mode": "catmullrom"
						},
						"0.7917": {
							"post": [0, 0, 0],
							"lerp_mode": "catmullrom"
						},
						"0.9583": {
							"post": [0, 0, 0],
							"lerp_mode": "catmullrom"
						},
						"1.0": {
							"post": [0, 0, 0],
							"lerp_mode": "catmullrom"
						}
					}
				},
				"foot_front_left": {
					"rotation": {
						"0.0": {
							"post": [2.62, 0, 0],
							"lerp_mode": "catmullrom"
						},
						"0.125": {
							"post": [55, 0, 0],
							"lerp_mode": "catmullrom"
						},
						"0.25": {
							"post": [109.17, 0, 0],
							"lerp_mode": "catmullrom"
						},
						"0.375": {
							"post": [45, 0, 0],
							"lerp_mode": "catmullrom"
						},
						"0.5": {
							"post": [30, 0, 0],
							"lerp_mode": "catmullrom"
						},
						"0.625": {
							"post": [32.5, 0, 0],
							"lerp_mode": "catmullrom"
						},
						"0.7917": {
							"post": [0, 0, 0],
							"lerp_mode": "catmullrom"
						},
						"0.9583": {
							"post": [-15, 0, 0],
							"lerp_mode": "catmullrom"
						},
						"1.0": {
							"post": [2.62, 0, 0],
							"lerp_mode": "catmullrom"
						}
					},
					"position": {
						"0.0": {
							"post": [0, -0.19, -0.15],
							"lerp_mode": "catmullrom"
						},
						"0.125": {
							"post": [0, 0, -0.5],
							"lerp_mode": "catmullrom"
						},
						"0.25": {
							"post": [0, -0.5, -0.5],
							"lerp_mode": "catmullrom"
						},
						"0.375": {
							"post": [0, -0.5, -0.5],
							"lerp_mode": "catmullrom"
						},
						"0.5": {
							"post": [0, 0.1, 0],
							"lerp_mode": "catmullrom"
						},
						"0.625": {
							"post": [0, 0, 0],
							"lerp_mode": "catmullrom"
						},
						"0.7917": {
							"post": [0, 0.25, 0],
							"lerp_mode": "catmullrom"
						},
						"0.9583": {
							"post": [0, -0.25, 0],
							"lerp_mode": "catmullrom"
						},
						"1.0": {
							"post": [0, -0.19, -0.15],
							"lerp_mode": "catmullrom"
						}
					}
				},
				"leg_back_left": {
					"rotation": {
						"0.0": {
							"post": [-10.59, 0, 0],
							"lerp_mode": "catmullrom"
						},
						"0.1667": {
							"post": [30, 0, 0],
							"lerp_mode": "catmullrom"
						},
						"0.3333": {
							"post": [50, 0, 0],
							"lerp_mode": "catmullrom"
						},
						"0.5": {
							"post": [50, 0, 0],
							"lerp_mode": "catmullrom"
						},
						"0.6667": {
							"post": [2.5, 0, 0],
							"lerp_mode": "catmullrom"
						},
						"0.8333": {
							"post": [-25.71, 0, 0],
							"lerp_mode": "catmullrom"
						},
						"1.0": {
							"post": [-10.59, 0, 0],
							"lerp_mode": "catmullrom"
						}
					},
					"position": {
						"0.0": {
							"post": [0, -1, -0.25],
							"lerp_mode": "catmullrom"
						},
						"0.1667": {
							"post": [0, -1.25, 0.5],
							"lerp_mode": "catmullrom"
						},
						"0.3333": {
							"post": [0, -1.75, 0.5],
							"lerp_mode": "catmullrom"
						},
						"0.5": {
							"post": [0, -0.5, 0.5],
							"lerp_mode": "catmullrom"
						},
						"0.6667": {
							"post": [0, -0.5, -0.5],
							"lerp_mode": "catmullrom"
						},
						"0.8333": {
							"post": [0, -1, -0.5],
							"lerp_mode": "catmullrom"
						},
						"1.0": {
							"post": [0, -1, -0.25],
							"lerp_mode": "catmullrom"
						}
					}
				},
				"leg_back_left2": {
					"rotation": {
						"0.0": {
							"post": [11.43, 0, 0],
							"lerp_mode": "catmullrom"
						},
						"0.1667": {
							"post": [-11.07, 0, 0],
							"lerp_mode": "catmullrom"
						},
						"0.3333": {
							"post": [-12.05, 0, 0],
							"lerp_mode": "catmullrom"
						},
						"0.5": {
							"post": [-45, 0, 0],
							"lerp_mode": "catmullrom"
						},
						"0.6667": {
							"post": [-30, 0, 0],
							"lerp_mode": "catmullrom"
						},
						"0.8333": {
							"post": [-4.29, 0, 0],
							"lerp_mode": "catmullrom"
						},
						"1.0": {
							"post": [11.43, 0, 0],
							"lerp_mode": "catmullrom"
						}
					},
					"position": {
						"0.0": {
							"post": [0, 1.15, -0.25],
							"lerp_mode": "catmullrom"
						},
						"0.1667": {
							"post": [0, 0.35, -0.25],
							"lerp_mode": "catmullrom"
						},
						"0.3333": {
							"post": [0, -0.33, -0.37],
							"lerp_mode": "catmullrom"
						},
						"0.5": {
							"post": [0, -0.5, 0],
							"lerp_mode": "catmullrom"
						},
						"0.6667": {
							"post": [0, 0.75, 0.75],
							"lerp_mode": "catmullrom"
						},
						"0.8333": {
							"post": [0, 1, 0.5],
							"lerp_mode": "catmullrom"
						},
						"1.0": {
							"post": [0, 1.15, -0.25],
							"lerp_mode": "catmullrom"
						}
					}
				},
				"foot_back_left": {
					"rotation": {
						"0.0": {
							"post": [-0.61, 0, 0],
							"lerp_mode": "catmullrom"
						},
						"0.1667": {
							"post": [-18.11, 0, 0],
							"lerp_mode": "catmullrom"
						},
						"0.3333": {
							"post": [-21.08, 0, 0],
							"lerp_mode": "catmullrom"
						},
						"0.5": {
							"post": [50, 0, 0],
							"lerp_mode": "catmullrom"
						},
						"0.6667": {
							"post": [12.5, 0, 0],
							"lerp_mode": "catmullrom"
						},
						"0.8333": {
							"post": [30.07, 0, 0],
							"lerp_mode": "catmullrom"
						},
						"1.0": {
							"post": [-0.61, 0, 0],
							"lerp_mode": "catmullrom"
						}
					},
					"position": {
						"0.0": {
							"post": [0, 0.1, -0.17],
							"lerp_mode": "catmullrom"
						},
						"0.1667": {
							"post": [0, -0.15, -0.17],
							"lerp_mode": "catmullrom"
						},
						"0.3333": {
							"post": [0, -0.15, -0.17],
							"lerp_mode": "catmullrom"
						},
						"0.5": {
							"post": [0, 0, 0],
							"lerp_mode": "catmullrom"
						},
						"0.6667": {
							"post": [0, 0, -0.25],
							"lerp_mode": "catmullrom"
						},
						"0.8333": {
							"post": [0, 0, -0.21],
							"lerp_mode": "catmullrom"
						},
						"1.0": {
							"post": [0, 0.1, -0.17],
							"lerp_mode": "catmullrom"
						}
					}
				},
				"leg_front_right": {
					"rotation": {
						"0.0": {
							"post": [-15, 0, 0],
							"lerp_mode": "catmullrom"
						},
						"0.125": {
							"post": [25, 0, 0],
							"lerp_mode": "catmullrom"
						},
						"0.2917": {
							"post": [36.5, 0, 0],
							"lerp_mode": "catmullrom"
						},
						"0.4583": {
							"post": [51.5, 0, 0],
							"lerp_mode": "catmullrom"
						},
						"0.625": {
							"post": [56.5, 0, 0],
							"lerp_mode": "catmullrom"
						},
						"0.75": {
							"post": [31.83, 0, 0],
							"lerp_mode": "catmullrom"
						},
						"0.875": {
							"post": [-0.5, 0, 0],
							"lerp_mode": "catmullrom"
						},
						"1.0": {
							"post": [-15, 0, 0],
							"lerp_mode": "catmullrom"
						}
					},
					"position": {
						"0.0": {
							"post": [0, -1, 0],
							"lerp_mode": "catmullrom"
						},
						"0.125": {
							"post": [0, -1.5, 0],
							"lerp_mode": "catmullrom"
						},
						"0.2917": {
							"post": [0, -1.5, 0.5],
							"lerp_mode": "catmullrom"
						},
						"0.4583": {
							"post": [0, -1.5, 1],
							"lerp_mode": "catmullrom"
						},
						"0.625": {
							"post": [0, -1, 0.5],
							"lerp_mode": "catmullrom"
						},
						"0.75": {
							"post": [0, -1, 0],
							"lerp_mode": "catmullrom"
						},
						"0.875": {
							"post": [0, -1, -0.4],
							"lerp_mode": "catmullrom"
						},
						"1.0": {
							"post": [0, -1, 0],
							"lerp_mode": "catmullrom"
						}
					}
				},
				"leg_front_right2": {
					"rotation": {
						"0.0": {
							"post": [-15, 0, 0],
							"lerp_mode": "catmullrom"
						},
						"0.125": {
							"post": [-57.5, 0, 0],
							"lerp_mode": "catmullrom"
						},
						"0.2917": {
							"post": [-36.5, 0, 0],
							"lerp_mode": "catmullrom"
						},
						"0.4583": {
							"post": [-26.5, 0, 0],
							"lerp_mode": "catmullrom"
						},
						"0.625": {
							"post": [-56.5, 0, 0],
							"lerp_mode": "catmullrom"
						},
						"0.75": {
							"post": [-81, 0, 0],
							"lerp_mode": "catmullrom"
						},
						"0.875": {
							"post": [-55, 0, 0],
							"lerp_mode": "catmullrom"
						},
						"1.0": {
							"post": [-15, 0, 0],
							"lerp_mode": "catmullrom"
						}
					},
					"position": {
						"0.0": {
							"post": [0, 0, 0],
							"lerp_mode": "catmullrom"
						},
						"0.125": {
							"post": [0, -0.5, 0],
							"lerp_mode": "catmullrom"
						},
						"0.2917": {
							"post": [0, 0, 0],
							"lerp_mode": "catmullrom"
						},
						"0.4583": {
							"post": [0, 0, 0],
							"lerp_mode": "catmullrom"
						},
						"0.625": {
							"post": [0, 0, 0],
							"lerp_mode": "catmullrom"
						},
						"0.75": {
							"post": [0, 0, 0],
							"lerp_mode": "catmullrom"
						},
						"0.875": {
							"post": [0, 0, 0],
							"lerp_mode": "catmullrom"
						},
						"1.0": {
							"post": [0, 0, 0],
							"lerp_mode": "catmullrom"
						}
					}
				},
				"foot_front_right": {
					"rotation": {
						"0.0": {
							"post": [30, 0, 0],
							"lerp_mode": "catmullrom"
						},
						"0.125": {
							"post": [32.5, 0, 0],
							"lerp_mode": "catmullrom"
						},
						"0.2917": {
							"post": [0, 0, 0],
							"lerp_mode": "catmullrom"
						},
						"0.4583": {
							"post": [-15, 0, 0],
							"lerp_mode": "catmullrom"
						},
						"0.625": {
							"post": [55, 0, 0],
							"lerp_mode": "catmullrom"
						},
						"0.75": {
							"post": [109.17, 0, 0],
							"lerp_mode": "catmullrom"
						},
						"0.875": {
							"post": [45, 0, 0],
							"lerp_mode": "catmullrom"
						},
						"1.0": {
							"post": [30, 0, 0],
							"lerp_mode": "catmullrom"
						}
					},
					"position": {
						"0.0": {
							"post": [0, 0.1, 0],
							"lerp_mode": "catmullrom"
						},
						"0.125": {
							"post": [0, 0, 0],
							"lerp_mode": "catmullrom"
						},
						"0.2917": {
							"post": [0, 0.25, 0],
							"lerp_mode": "catmullrom"
						},
						"0.4583": {
							"post": [0, -0.25, 0],
							"lerp_mode": "catmullrom"
						},
						"0.625": {
							"post": [0, 0, -0.5],
							"lerp_mode": "catmullrom"
						},
						"0.75": {
							"post": [0, -0.5, -0.5],
							"lerp_mode": "catmullrom"
						},
						"0.875": {
							"post": [0, -0.5, -0.5],
							"lerp_mode": "catmullrom"
						},
						"1.0": {
							"post": [0, 0.1, 0],
							"lerp_mode": "catmullrom"
						}
					}
				},
				"leg_back_right": {
					"rotation": {
						"0.0": {
							"post": [50, 0, 0],
							"lerp_mode": "catmullrom"
						},
						"0.1667": {
							"post": [2.5, 0, 0],
							"lerp_mode": "catmullrom"
						},
						"0.3333": {
							"post": [-25.71, 0, 0],
							"lerp_mode": "catmullrom"
						},
						"0.5": {
							"post": [-10.59, 0, 0],
							"lerp_mode": "catmullrom"
						},
						"0.6667": {
							"post": [30, 0, 0],
							"lerp_mode": "catmullrom"
						},
						"0.8333": {
							"post": [50, 0, 0],
							"lerp_mode": "catmullrom"
						},
						"1.0": {
							"post": [50, 0, 0],
							"lerp_mode": "catmullrom"
						}
					},
					"position": {
						"0.0": {
							"post": [0, -0.5, 0.5],
							"lerp_mode": "catmullrom"
						},
						"0.1667": {
							"post": [0, -0.5, -0.5],
							"lerp_mode": "catmullrom"
						},
						"0.3333": {
							"post": [0, -1, -0.5],
							"lerp_mode": "catmullrom"
						},
						"0.5": {
							"post": [0, -1, -0.25],
							"lerp_mode": "catmullrom"
						},
						"0.6667": {
							"post": [0, -1.25, 0.5],
							"lerp_mode": "catmullrom"
						},
						"0.8333": {
							"post": [0, -1.75, 0.5],
							"lerp_mode": "catmullrom"
						},
						"1.0": {
							"post": [0, -0.5, 0.5],
							"lerp_mode": "catmullrom"
						}
					}
				},
				"leg_back_right2": {
					"rotation": {
						"0.0": {
							"post": [-45, 0, 0],
							"lerp_mode": "catmullrom"
						},
						"0.1667": {
							"post": [-30, 0, 0],
							"lerp_mode": "catmullrom"
						},
						"0.3333": {
							"post": [-4.29, 0, 0],
							"lerp_mode": "catmullrom"
						},
						"0.5": {
							"post": [11.43, 0, 0],
							"lerp_mode": "catmullrom"
						},
						"0.6667": {
							"post": [-11.07, 0, 0],
							"lerp_mode": "catmullrom"
						},
						"0.8333": {
							"post": [-12.05, 0, 0],
							"lerp_mode": "catmullrom"
						},
						"1.0": {
							"post": [-45, 0, 0],
							"lerp_mode": "catmullrom"
						}
					},
					"position": {
						"0.0": {
							"post": [0, -0.5, 0],
							"lerp_mode": "catmullrom"
						},
						"0.1667": {
							"post": [0, 0.75, 0.75],
							"lerp_mode": "catmullrom"
						},
						"0.3333": {
							"post": [0, 1, 0.5],
							"lerp_mode": "catmullrom"
						},
						"0.5": {
							"post": [0, 1.15, -0.25],
							"lerp_mode": "catmullrom"
						},
						"0.6667": {
							"post": [0, 0.35, -0.25],
							"lerp_mode": "catmullrom"
						},
						"0.8333": {
							"post": [0, -0.33, -0.37],
							"lerp_mode": "catmullrom"
						},
						"1.0": {
							"post": [0, -0.5, 0],
							"lerp_mode": "catmullrom"
						}
					}
				},
				"foot_back_right": {
					"rotation": {
						"0.0": {
							"post": [50, 0, 0],
							"lerp_mode": "catmullrom"
						},
						"0.1667": {
							"post": [12.5, 0, 0],
							"lerp_mode": "catmullrom"
						},
						"0.3333": {
							"post": [30.07, 0, 0],
							"lerp_mode": "catmullrom"
						},
						"0.5": {
							"post": [-0.61, 0, 0],
							"lerp_mode": "catmullrom"
						},
						"0.6667": {
							"post": [-18.11, 0, 0],
							"lerp_mode": "catmullrom"
						},
						"0.8333": {
							"post": [-21.08, 0, 0],
							"lerp_mode": "catmullrom"
						},
						"1.0": {
							"post": [50, 0, 0],
							"lerp_mode": "catmullrom"
						}
					},
					"position": {
						"0.0": {
							"post": [0, 0, 0],
							"lerp_mode": "catmullrom"
						},
						"0.1667": {
							"post": [0, 0, -0.25],
							"lerp_mode": "catmullrom"
						},
						"0.3333": {
							"post": [0, 0, -0.21],
							"lerp_mode": "catmullrom"
						},
						"0.5": {
							"post": [0, 0.1, -0.17],
							"lerp_mode": "catmullrom"
						},
						"0.6667": {
							"post": [0, -0.15, -0.17],
							"lerp_mode": "catmullrom"
						},
						"0.8333": {
							"post": [0, -0.15, -0.17],
							"lerp_mode": "catmullrom"
						},
						"1.0": {
							"post": [0, 0, 0],
							"lerp_mode": "catmullrom"
						}
					}
				}
			}
		},
		"animation.vulpix.battle_idle": {
			"loop": true,
			"bones": {
				"body": {
					"position": [0, -0.25, 0]
				},
				"neck": {
					"rotation": [2.48004, -0.29826, 0.09615]
				},
				"head_rotation": {
					"rotation": ["-2.5+math.sin(q.anim_time*90*4+150)*1.5", 0, "0+math.sin(q.anim_time*90*4+120)*1.5"]
				},
				"tail_left1": {
					"rotation": ["40+math.sin(q.anim_time*90*4+150)*2", 0, 0]
				},
				"tail_left1_2": {
					"rotation": ["32.7234828+math.sin(q.anim_time*90*4+90)*4", 6.3202, 4.04618]
				},
				"tail_left1_3": {
					"rotation": ["-17.5-math.cos(q.anim_time*90*4+120)*4", 0, 0]
				},
				"tail_left2_rotation": {
					"rotation": ["22.109671199+math.sin(q.anim_time*90*4+150)*2", -3.73171, "11.9384-math.sin(q.anim_time*90*4+60)*3"]
				},
				"tail_left2_2": {
					"rotation": ["35+math.sin(q.anim_time*90*4+90)*4", 0, 0]
				},
				"tail_left2_3": {
					"rotation": ["-20-math.cos(q.anim_time*90*4+120)*4", 0, 0]
				},
				"tail_left3_rotation": {
					"rotation": ["5+math.sin(q.anim_time*90*4+120)*1", 0, "12.5-math.sin(q.anim_time*90*4+45)*3"]
				},
				"tail_left3_2": {
					"rotation": ["27.702122918+math.cos(q.anim_time*90*4+45)*4", -6.64851, -3.47875]
				},
				"tail_left3_3": {
					"rotation": ["-25.189075257+math.sin(q.anim_time*90*4+90)*4", -6.79382, 3.18458]
				},
				"tail_right1": {
					"rotation": ["40+math.sin(q.anim_time*90*4+150)*2", 0, 0]
				},
				"tail_right1_2": {
					"rotation": ["32.7234828+math.sin(q.anim_time*90*4+90)*4", -6.3202, -4.04618]
				},
				"tail_right1_3": {
					"rotation": ["-17.5-math.cos(q.anim_time*90*4+120)*4", 0, 0]
				},
				"tail_right2_rotation": {
					"rotation": ["22.109671199+math.sin(q.anim_time*90*4+150)*2", 3.73171, "-11.938445897+math.sin(q.anim_time*90*4+60)*3"]
				},
				"tail_right2_2": {
					"rotation": ["35+math.sin(q.anim_time*90*2+90)*4", 0, 0]
				},
				"tail_right2_3": {
					"rotation": ["-20-math.cos(q.anim_time*90*4+120)*4", 0, 0]
				},
				"tail_right3_rotation": {
					"rotation": ["5+math.sin(q.anim_time*90*4+120)*1", 0, "-12.5+math.sin(q.anim_time*90*4+45)*3"]
				},
				"tail_right3_2": {
					"rotation": ["27.702122918+math.cos(q.anim_time*90*4+45)*4", 6.64851, 3.47875]
				},
				"tail_right3_3": {
					"rotation": ["-25.189075257+math.sin(q.anim_time*90*4+90)*4", 6.79382, -3.18458]
				},
				"leg_front_left": {
					"rotation": ["2.497407376-math.sin(q.anim_time*90*4+90)*3", 0.76, 2.46],
					"position": ["0+math.sin(q.anim_time*90*4+90)*0.005", "0+math.sin(q.anim_time*90*4+90)*0.09", "0+math.sin(q.anim_time*90*4+90)*0.09"]
				},
				"leg_front_left2": {
					"rotation": ["-10+math.sin(q.anim_time*90*4+90)*4", 0, 0]
				},
				"foot_front_left": {
					"rotation": ["7.492942811-math.sin(q.anim_time*90*4+90)*1", 0.32621, -2.47864]
				},
				"leg_back_left": {
					"rotation": ["5+math.sin(q.anim_time*90*4-150)*2", 0, 2.5],
					"position": [0, "0-math.sin(q.anim_time*90*4-150)*0.09", "0-math.sin(q.anim_time*90*4-150)*0.005"]
				},
				"leg_back_left2": {
					"rotation": ["-10-math.sin(q.anim_time*90*4-150)*3", 0, 0]
				},
				"foot_back_left": {
					"rotation": ["4.999981854+math.sin(q.anim_time*90*4-150)*1", 0.00062, -2.50949]
				},
				"leg_front_right": {
					"rotation": ["2.497407376-math.sin(q.anim_time*90*4+90)*3", -0.76144, -2.45965],
					"position": ["0-math.sin(q.anim_time*90*4+90)*0.005", "0+math.sin(q.anim_time*90*4+90)*0.09", "0+math.sin(q.anim_time*90*4+90)*0.09"]
				},
				"leg_front_right2": {
					"rotation": ["-10+math.sin(q.anim_time*90*4+90)*4", 0, 0]
				},
				"foot_front_right": {
					"rotation": ["7.492942811-math.sin(q.anim_time*90*4+90)*1", -0.32621, 2.47864]
				},
				"leg_back_right": {
					"rotation": ["5+math.sin(q.anim_time*90*4-150)*2", 0, -2.5],
					"position": [0, "0-math.sin(q.anim_time*90*4-150)*0.09", "0-math.sin(q.anim_time*90*4-150)*0.005"]
				},
				"leg_back_right2": {
					"rotation": ["-10-math.sin(q.anim_time*90*4-150)*3", 0, 0]
				},
				"foot_back_right": {
					"rotation": ["4.999981854+math.sin(q.anim_time*90*4-150)*1", -0.00062, 2.50949]
				},
				"ear_left_rotation": {
					"rotation": [0, "7.5+math.sin(q.anim_time*90*4+90)*5", 0]
				},
				"ear_right_rotation": {
					"rotation": [0, "-7.5+math.sin(q.anim_time*90*4+90)*5", 0]
				},
				"torso": {
					"rotation": ["0-math.sin(q.anim_time*90*4+60)*2", 0, 0],
					"position": [0, 0, "0+math.sin(q.anim_time*90*4+120)*0.025"]
				},
				"chest": {
					"rotation": ["0+math.cos(q.anim_time*90*4+75)*1", 0, 0]
				},
				"hair_front": {
					"rotation": ["0+math.sin(q.anim_time*90*4+120)*5", 0, "0+math.sin(q.anim_time*90*4+45)*2"],
					"position": [0, 0.1, 0]
				},
				"tail": {
					"rotation": ["0+math.sin(q.anim_time*90*4+150)*2", 0, 0]
				}
			}
		},
		"animation.vulpix.sleep": {
			"loop": true,
			"bones": {
				"body": {
					"rotation": [0, 0, -90],
					"position": [0, -4, 0]
				},
				"torso": {
					"rotation": [0, 0, 2.5],
					"position": [-0.25, 0, 0],
					"scale": "1+math.sin(q.anim_time*90*1+90)*0.003"
				},
				"head_rotation": {
					"rotation": [48.24415, -0.16571, 6.93662],
					"position": [1, -1.25, 0],
					"scale": "1-math.sin(q.anim_time*90*1+90)*0.003"
				},
				"eyelid_left": {
					"position": [0.1, 0, -0.1]
				},
				"eyelid_right": {
					"position": [-0.1, 0, -0.1]
				},
				"hair_front": {
					"rotation": [0, 0, "0+math.sin(q.anim_time*90*1-45)*1"],
					"position": [0, 0.1, 0]
				},
				"ear_left_rotation": {
					"rotation": [0, -15, 0]
				},
				"ear_right_rotation": {
					"rotation": [0, 15, 0]
				},
				"tail": {
					"rotation": [5, 22.5, 0],
					"scale": "1-math.sin(q.anim_time*90*1+90)*0.003"
				},
				"tail_left1": {
					"rotation": [0, 10, 0]
				},
				"tail_left1_2": {
					"rotation": ["-9.619054098+math.sin(q.anim_time*90*1+120)*0.5", 7.64542, 1.74344]
				},
				"tail_left1_3": {
					"rotation": ["-30+math.cos(q.anim_time*90*1-45)*0.5", 15, 0],
					"position": [0, 0.25, -0.5]
				},
				"tail_left2_rotation": {
					"rotation": [0.43897, 7.48085, 5.03822]
				},
				"tail_left2_2": {
					"rotation": ["-9.688046739+math.sin(q.anim_time*90*1+120)*0.5", 17.57351, 0.90963]
				},
				"tail_left2_3": {
					"rotation": ["-42.5+math.cos(q.anim_time*90*1-45)*0.5", 0, 0],
					"position": [0, 0.5, -0.5]
				},
				"tail_left3_rotation": {
					"rotation": [30, 15, 0]
				},
				"tail_left3_2": {
					"rotation": ["-52.5+math.sin(q.anim_time*90*1+120)*0.5", 0, 0],
					"position": [0, 0.25, 0]
				},
				"tail_left3_3": {
					"rotation": ["-47.5+math.cos(q.anim_time*90*1-45)*0.5", 0, 0],
					"position": [0, 0.5, -0.75]
				},
				"tail_right1": {
					"rotation": [0, 7.5, 0]
				},
				"tail_right1_2": {
					"rotation": ["-5+math.sin(q.anim_time*90*1+120)*0.5", 10, 0]
				},
				"tail_right1_3": {
					"rotation": ["-35+math.cos(q.anim_time*90*1-45)*0.5", 25, 0],
					"position": [0, 0.25, -0.25]
				},
				"tail_right2_rotation": {
					"rotation": [0, 15, 0]
				},
				"tail_right2_2": {
					"rotation": ["-10+math.sin(q.anim_time*90*1+120)*0.5", 10, 0]
				},
				"tail_right2_3": {
					"rotation": ["-10+math.cos(q.anim_time*90*1-45)*0.5", 22.5, 0],
					"position": [0, 0.25, -0.5]
				},
				"tail_right3_rotation": {
					"rotation": [0, 12.5, 0]
				},
				"tail_right3_2": {
					"rotation": [-10, 32.5, 0]
				},
				"tail_right3_3": {
					"rotation": [-25, 7.5, 0],
					"position": [0, 0.25, -0.5]
				},
				"legs": {
					"scale": "1-math.sin(q.anim_time*90*1+90)*0.003"
				},
				"leg_front_left": {
					"rotation": [20, 0, 10],
					"position": [0.25, 0, 0]
				},
				"leg_front_left2": {
					"rotation": [-85.81727, 10.36541, -4.18273]
				},
				"foot_front_left": {
					"rotation": [52.5, 0, 0]
				},
				"leg_back_left": {
					"rotation": [-12.08681, 3.21132, 14.65993]
				},
				"leg_back_left2": {
					"rotation": [-34.57382, 6.33215, 4.73917]
				},
				"foot_back_left": {
					"rotation": [52.5, 0, 0]
				},
				"leg_front_right": {
					"rotation": [0, 0, -12.5],
					"position": [-0.25, 0, 0]
				},
				"leg_front_right2": {
					"rotation": [-42.74147, -3.47312, 0.1988]
				},
				"foot_front_right": {
					"rotation": [65, 0, 0],
					"position": [0, -0.25, -0.25]
				},
				"leg_back_right": {
					"rotation": [-32.5, 0, 0],
					"position": [0.5, 0, 0]
				},
				"leg_back_right2": {
					"rotation": [47.5, 0, 0],
					"position": [0, 0.5, -1]
				},
				"foot_back_right": {
					"rotation": [-20, 0, 0]
				}
			}
		},
		"animation.vulpix.blink": {
			"animation_length": 0.1667,
			"bones": {
				"eyelid_left": {
					"position": {
						"0.0": [0.1, 0, -0.1],
						"0.125": [0.1, 0, -0.1],
						"0.1667": [0, 0, 0]
					}
				},
				"eyelid_right": {
					"position": {
						"0.0": [-0.1, 0, -0.1],
						"0.125": [-0.1, 0, -0.1],
						"0.1667": [0, 0, 0]
					}
				}
			}
		},
		"animation.vulpix.shock": {
			"loop": true,
			"bones": {
				"pupil_left": {
					"scale": [0.6, 0.6, 1]
				},
				"pupil_right": {
					"scale": [0.6, 0.6, 1]
				},
				"mouth": {
					"position": [0, -0.1, 0]
				}
			}
		},
		"animation.vulpix.angry": {
			"loop": true,
			"bones": {
				"eye_angry_left": {
					"position": [0.1, 0, -0.1]
				},
				"pupil_left": {
					"position": [0, -0.25, 0]
				},
				"eye_angry_right": {
					"position": [-0.1, 0, -0.1]
				},
				"pupil_right": {
					"position": [0, -0.25, 0]
				}
			}
		},
		"animation.vulpix.sad": {
			"loop": true,
			"bones": {
				"eye_sad_left": {
					"position": [0.1, 0, -0.1]
				},
				"eye_sad_right": {
					"position": [-0.1, 0, -0.1]
				}
			}
		},
		"animation.vulpix.happy": {
			"loop": true,
			"bones": {
				"eyelid_happy_left": {
					"position": [0.1, 0, -0.1]
				},
				"eyelid_happy_right": {
					"position": [-0.1, 0, -0.1]
				},
				"mouth": {
					"position": [0, -0.1, 0]
				}
			}
		},
		"animation.vulpix.hurt": {
			"loop": true,
			"bones": {
				"eyelid_recoil_left": {
					"position": [0.1, 0, -0.1]
				},
				"eyelid_recoil_right": {
					"position": [-0.1, 0, -0.1]
				}
			}
		},
		"animation.vulpix.walktest": {
			"loop": true,
			"bones": {
				"vulpix": {
					"position": [0, 0, "0-q.anim_time*90*0.15"]
				}
			}
		},
		"animation.ninetales.walktest": {
			"loop": true,
			"bones": {
				"ninetales": {
					"position": [0, 0, "0-q.anim_time*90*0.175"]
				}
			}
		}
	}
}