{
	"format_version": "1.8.0",
	"animations": {
		"animation.sneasler.ground_idle": {
			"loop": true,
			"bones": {
				"body": {
					"position": [0, -0.7, 0]
				},
				"waist": {
					"rotation": ["0+math.sin(q.anim_time*90*2-0)*-1.5", 0, 9],
					"position": [0, -0.2, 0]
				},
				"torso": {
					"rotation": ["0+math.sin(q.anim_time*90*2-0)*0.5", 0, -9]
				},
				"head": {
					"rotation": ["0+math.sin(q.anim_time*90*2-0)*0.5", 0, 0]
				},
				"feather": {
					"rotation": ["-47.5+math.sin(q.anim_time*60*2-15)*3", 22.5, 0]
				},
				"feather2": {
					"rotation": ["-35+math.sin(q.anim_time*60*2-25)*3", 0, 0]
				},
				"feather3": {
					"rotation": [-50, 0, 0]
				},
				"feather4": {
					"rotation": ["-32.5+math.sin(q.anim_time*60*2-55)*3", 0, 0]
				},
				"arm_right": {
					"rotation": ["30+math.sin(q.anim_time*90*2-0)*-1.5", 22.5, -46.5]
				},
				"arm_right2": {
					"rotation": [45, -90, 0]
				},
				"hand_right": {
					"rotation": ["10+math.sin(q.anim_time*90*2-0)*-1.5", 5, -15]
				},
				"arm_claw_back_right": {
					"rotation": [0, 0, -30]
				},
				"arm_claw_middle_right": {
					"rotation": [0, 0, -20]
				},
				"arm_claw_front_right": {
					"rotation": [0, 0, -10]
				},
				"arm_left": {
					"rotation": ["0+math.sin(q.anim_time*90*2-0)*-1.5", -5, 70]
				},
				"arm_left2": {
					"rotation": [0, 10, 0]
				},
				"arm_claw_middle_left": {
					"rotation": [0, 0, 5]
				},
				"arm_claw_front_left": {
					"rotation": [0, 0, 10]
				},
				"tail": {
					"rotation": ["-20+math.sin(q.anim_time*90*2-0)*6", 0, 0]
				},
				"leg_right": {
					"rotation": [1.5, 5, 8],
					"position": [0, 0.4, 0]
				},
				"leg_right2": {
					"rotation": [3, 0, 0]
				},
				"foot_right": {
					"rotation": [-3.5, 0, 0]
				},
				"feather5": {
					"rotation": [-27.5, 0, 0]
				},
				"feather6": {
					"rotation": ["15+math.sin(q.anim_time*60*2-65)*4", 0, 0]
				},
				"feather7": {
					"rotation": ["22.5+math.sin(q.anim_time*60*2-125)*6", 0, 0]
				},
				"feather8": {
					"rotation": [25, 0, 0]
				},
				"leg_left": {
					"rotation": [-15, -15, -8],
					"position": [0, -0.8, 0]
				},
				"leg_right3": {
					"rotation": [0, 0, -8]
				},
				"leg_left2": {
					"rotation": [25, 0, 0]
				},
				"leg_left3": {
					"rotation": [0, 0, 8]
				},
				"foot_left": {
					"rotation": [-8, 0, 0]
				}
			}
		},
		"animation.sneasler.battle_idle": {
			"loop": true,
			"bones": {
				"body": {
					"rotation": [0, 40, 0],
					"position": [0, -2.2, 5]
				},
				"waist": {
					"rotation": ["6.5-math.sin(q.anim_time*90*2-0)*-1", 0, 4],
					"position": [0, -0.2, 0]
				},
				"torso": {
					"rotation": ["7.4717+math.sin(q.anim_time*90*2+10)*0.75", -0.65182, 0.95744]
				},
				"head": {
					"rotation": ["0+math.sin(q.anim_time*90*2-20)*1", -40, 0]
				},
				"feather": {
					"rotation": ["-40+math.sin(q.anim_time*90*4-20)*3", 22.5, 0]
				},
				"feather2": {
					"rotation": ["-32.5+math.sin(q.anim_time*90*4-50)*2", 0, 0]
				},
				"feather3": {
					"rotation": ["-37.5+math.sin(q.anim_time*90*4-90)*2", 0, 0]
				},
				"feather4": {
					"rotation": ["-32.5+math.sin(q.anim_time*90*4-150)*3", 0, 0]
				},
				"arm_right": {
					"rotation": [0, "42.4323+math.sin(q.anim_time*90*2-0)*-4", -38.38426]
				},
				"arm_right2": {
					"rotation": [90, "-80-math.sin(q.anim_time*90*2-50)*-3", -45]
				},
				"hand_right": {
					"rotation": ["10.5596+math.sin(q.anim_time*90*2-0)*-1.5", 3.65972, -7.59941]
				},
				"arm_claw_back_right": {
					"rotation": [0, 0, -30]
				},
				"arm_claw_middle_right": {
					"rotation": [0, 0, -20]
				},
				"arm_claw_front_right": {
					"rotation": [0, 0, -10]
				},
				"arm_left": {
					"rotation": ["0.1571+math.sin(q.anim_time*90*2-0)*-1.5", 23.45122, "27.8764-math.sin(q.anim_time*90*2-0)*-4"]
				},
				"arm_left2": {
					"rotation": [1.31845, 9.91358, "7.6143-math.sin(q.anim_time*90*2-60)*-2"]
				},
				"arm_claw_middle_left": {
					"rotation": [0, 0, 5]
				},
				"arm_claw_front_left": {
					"rotation": [0, 0, 10]
				},
				"tail": {
					"rotation": ["-20-math.sin(q.anim_time*280*2-0)*4", 0, 0]
				},
				"leg_right": {
					"rotation": [4, 5, 8],
					"position": [0, 0.4, 0]
				},
				"leg_right2": {
					"rotation": [25.5, 0, 0]
				},
				"foot_right": {
					"rotation": [-3.5, 0, 0]
				},
				"feather5": {
					"rotation": ["-45+math.sin(q.anim_time*90*4-215)*4", 0, 0]
				},
				"feather6": {
					"rotation": ["30-math.sin(q.anim_time*90*4-275)*4", 0, 0]
				},
				"feather7": {
					"rotation": ["42.5-math.sin(q.anim_time*90*4-335)*6", 0, 0]
				},
				"feather8": {
					"rotation": ["52.5-math.sin(q.anim_time*90*4-395)*7", 0, 0]
				},
				"leg_left": {
					"rotation": [-36.90974, -39.77506, -9.59215],
					"position": [0, -0.8, 0]
				},
				"leg_right3": {
					"rotation": [-25, 0, -8]
				},
				"leg_left2": {
					"rotation": [42.26766, -0.4371, 1.42402]
				},
				"leg_left3": {
					"rotation": [0, 0, 8]
				},
				"foot_left": {
					"rotation": [-0.5, 0, 0]
				},
				"hand_left": {
					"rotation": [0, 0, 12.5]
				}
			}
		},
		"animation.sneasler.battle_idle2": {
			"loop": true,
			"animation_length": 2,
			"bones": {
				"body": {
					"rotation": [0, 40, 0],
					"position": [0, -2.2, 5]
				},
				"waist": {
					"rotation": ["6.5-math.sin(q.anim_time*90*2-0)*-1", 0, 4],
					"position": [0, -0.2, 0]
				},
				"torso": {
					"rotation": ["7.4717+math.sin(q.anim_time*90*2+10)*0.75", -0.65182, 0.95744]
				},
				"head": {
					"rotation": ["0+math.sin(q.anim_time*90*2-20)*1", -40, 0]
				},
				"feather": {
					"rotation": ["-40+math.sin(q.anim_time*90*4-20)*3", 22.5, 0]
				},
				"feather2": {
					"rotation": ["-32.5+math.sin(q.anim_time*90*4-50)*2", 0, 0]
				},
				"feather3": {
					"rotation": ["-37.5+math.sin(q.anim_time*90*4-90)*2", 0, 0]
				},
				"feather4": {
					"rotation": ["-32.5+math.sin(q.anim_time*90*4-150)*3", 0, 0]
				},
				"arm_right": {
					"rotation": [0, "42.4323+math.sin(q.anim_time*90*2-0)*-4", -38.38426]
				},
				"arm_right2": {
					"rotation": [90, "-80-math.sin(q.anim_time*90*2-50)*-3", -45]
				},
				"hand_right": {
					"rotation": ["10.5596+math.sin(q.anim_time*90*2-0)*-1.5", 3.65972, -7.59941]
				},
				"arm_claw_back_right": {
					"rotation": [0, 0, -30]
				},
				"arm_claw_middle_right": {
					"rotation": [0, 0, -20]
				},
				"arm_claw_front_right": {
					"rotation": [0, 0, -10]
				},
				"arm_left": {
					"rotation": ["0.1571+math.sin(q.anim_time*90*2-0)*-1.5", 23.45122, "27.8764-math.sin(q.anim_time*90*2-0)*-4"]
				},
				"arm_left2": {
					"rotation": [1.31845, 9.91358, "7.6143-math.sin(q.anim_time*90*2-60)*-2"]
				},
				"arm_claw_middle_left": {
					"rotation": [0, 0, 5]
				},
				"arm_claw_front_left": {
					"rotation": [0, 0, 10]
				},
				"tail": {
					"rotation": ["-20-math.sin(q.anim_time*90*2-30)*7", 0, 0]
				},
				"leg_right": {
					"rotation": [4, 5, 8],
					"position": [0, 0.4, 0]
				},
				"leg_right2": {
					"rotation": [25.5, 0, 0]
				},
				"foot_right": {
					"rotation": [-3.5, 0, 0]
				},
				"feather5": {
					"rotation": ["-45+math.sin(q.anim_time*90*4-215)*4", 0, 0]
				},
				"feather6": {
					"rotation": ["30-math.sin(q.anim_time*90*4-275)*4", 0, 0]
				},
				"feather7": {
					"rotation": ["42.5-math.sin(q.anim_time*90*4-335)*6", 0, 0]
				},
				"feather8": {
					"rotation": ["52.5-math.sin(q.anim_time*90*4-395)*7", 0, 0]
				},
				"leg_left": {
					"rotation": [-36.90974, -39.77506, -9.59215],
					"position": [0, -0.8, 0]
				},
				"leg_right3": {
					"rotation": [-25, 0, -8]
				},
				"leg_left2": {
					"rotation": [42.26766, -0.4371, 1.42402]
				},
				"leg_left3": {
					"rotation": [0, 0, 8]
				},
				"foot_left": {
					"rotation": [-0.5, 0, 0]
				},
				"hand_left": {
					"rotation": [0, 0, 12.5]
				}
			}
		},
		"animation.sneasler.ground_walk": {
			"loop": true,
			"bones": {
				"body": {
					"position": [0, "-0.7-math.sin(q.anim_time*240*-2)*0.33", 0]
				},
				"torso": {
					"rotation": [0, "0-math.sin(q.anim_time*240)*3", 0]
				},
				"head": {
					"rotation": ["0+math.sin(q.anim_time*90*2-0)*0.5", 0, 0]
				},
				"feather": {
					"rotation": ["-47.5+math.sin(q.anim_time*60*2-15)*3", 22.5, 0]
				},
				"feather2": {
					"rotation": ["-35+math.sin(q.anim_time*60*2-25)*3", 0, 0]
				},
				"feather3": {
					"rotation": [-50, 0, 0]
				},
				"feather4": {
					"rotation": ["-32.5+math.sin(q.anim_time*60*2-55)*3", 0, 0]
				},
				"arm_right": {
					"rotation": [0, "0-math.sin(q.anim_time*240)*21", -60]
				},
				"arm_right2": {
					"rotation": [0, "-11+math.sin(q.anim_time*240*1-90)*-6", 0]
				},
				"arm_claw_back_right": {
					"rotation": [0, 0, -30]
				},
				"arm_claw_middle_right": {
					"rotation": [0, 0, -20]
				},
				"arm_claw_front_right": {
					"rotation": [0, 0, -10]
				},
				"arm_left": {
					"rotation": [0, "0-math.sin(q.anim_time*240)*21", 60]
				},
				"arm_left2": {
					"rotation": [0, "11+math.sin(q.anim_time*240*1-90)*-6", 0]
				},
				"arm_claw_middle_left": {
					"rotation": [0, 0, 5]
				},
				"arm_claw_front_left": {
					"rotation": [0, 0, 10]
				},
				"tail": {
					"rotation": ["-20+math.sin(q.anim_time*90*2-0)*6", 0, 0]
				},
				"leg_right": {
					"rotation": ["0+math.sin(q.anim_time*240)*24", 0, 0]
				},
				"leg_right2": {
					"rotation": ["12.5-math.sin(q.anim_time*240*1-90)*-12", 0, 0]
				},
				"feather5": {
					"rotation": [-27.5, 0, 0]
				},
				"feather6": {
					"rotation": ["15+math.sin(q.anim_time*60*2-65)*4", 0, 0]
				},
				"feather7": {
					"rotation": ["22.5+math.sin(q.anim_time*60*2-125)*6", 0, 0]
				},
				"feather8": {
					"rotation": [25, 0, 0]
				},
				"leg_left": {
					"rotation": ["0-math.sin(q.anim_time*240)*24", 0, 0]
				},
				"leg_left2": {
					"rotation": ["12.5+math.sin(q.anim_time*240*1-90)*-12", 0, 0]
				}
			}
		},
		"animation.sneasler.mouth_test": {
			"animation_length": 2,
			"bones": {
				"fang": {
					"rotation": {
						"0.0": [0, 0, 0],
						"0.6667": [0, 0, 0],
						"0.7083": {
							"pre": [0, 0, 0],
							"post": [0, 0, 11.5]
						},
						"1.5": [0, 0, 11.5],
						"1.5417": {
							"pre": [0, 0, 11.5],
							"post": [0, 0, 0]
						}
					},
					"position": {
						"0.0": [0, 0, 0],
						"0.6667": [0, 0, 0],
						"0.7083": {
							"pre": [0, 0, 0],
							"post": [0, 0.7, 0.4]
						},
						"1.5": [0, 0.7, 0.4],
						"1.5417": {
							"pre": [0, 0.7, 0.4],
							"post": [0, 0, 0]
						}
					}
				},
				"jaw": {
					"position": {
						"0.0": [0, 0, 0],
						"0.6667": [0, 0, 0],
						"0.7083": {
							"pre": [0, 0, 0],
							"post": [0, 0, 0.61]
						},
						"1.5": [0, 0, 0.61],
						"1.5417": {
							"pre": [0, 0, 0.61],
							"post": [0, 0, 0]
						}
					}
				}
			}
		},
		"animation.sneasler.blink": {
			"animation_length": 0.16667,
			"bones": {
				"eyelid_right": {
					"position": {
						"0.0": [0, 0, -0.1],
						"0.125": [0, 0, -0.1],
						"0.1667": [0, 0, 0]
					}
				},
				"eyelid_left": {
					"position": {
						"0.0": [0, 0, -0.1],
						"0.125": [0, 0, -0.1],
						"0.1667": [0, 0, 0]
					}
				}
			}
		},
		"animation.sneasler.cry": {
			"animation_length": 1,
			"bones": {
				"head": {
					"rotation": {
						"0.0": [0, 0, 0],
						"0.0833": [-2, 0, 0],
						"0.1667": [2, 0, 0],
						"0.25": [-2, 0, 0],
						"0.2917": [-1, 0, 0],
						"0.3333": [-3, 0, 0],
						"0.4167": [0.3, 0, 0],
						"0.5": [0, 0, 0]
					}
				},
				"fang": {
					"rotation": {
						"0.0": [0, 0, 0],
						"0.0417": {
							"pre": [0, 0, 0],
							"post": [0, 0, 11.5]
						},
						"0.1667": [0, 0, 11.5],
						"0.2083": {
							"pre": [0, 0, 11.5],
							"post": [0, 0, 0]
						},
						"0.25": {
							"pre": [0, 0, 0],
							"post": [0, 0, 11.5]
						},
						"0.4583": [0, 0, 11.5],
						"0.5": {
							"pre": [0, 0, 11.5],
							"post": [0, 0, 0]
						}
					},
					"position": {
						"0.0": [0, 0, 0],
						"0.0417": {
							"pre": [0, 0, 0],
							"post": [0, 0.7, 0.4]
						},
						"0.1667": [0, 0.7, 0.4],
						"0.2083": {
							"pre": [0, 0.7, 0.4],
							"post": [0, 0, 0]
						},
						"0.25": {
							"pre": [0, 0, 0],
							"post": [0, 0.7, 0.4]
						},
						"0.4583": [0, 0.7, 0.4],
						"0.5": {
							"pre": [0, 0.7, 0.4],
							"post": [0, 0, 0]
						}
					}
				},
				"feather": {
					"rotation": {
						"0.0": [0, 0, 0],
						"0.0833": [0.9, 0, 0],
						"0.1667": [-0.8, 0, 0],
						"0.25": [1.37, 0, 0],
						"0.2917": [1.6, 0, 0],
						"0.3333": [1.37, 0, 0],
						"0.4167": [-0.3, 0, 0],
						"0.5": [0, 0, 0]
					}
				},
				"jaw": {
					"position": {
						"0.0": [0, 0, 0],
						"0.0417": {
							"pre": [0, 0, 0],
							"post": [0, 0, 0.61]
						},
						"0.1667": [0, 0, 0.61],
						"0.2083": {
							"pre": [0, 0, 0.61],
							"post": [0, 0, 0]
						},
						"0.25": {
							"pre": [0, 0, 0],
							"post": [0, 0, 0.61]
						},
						"0.4583": [0, 0, 0.61],
						"0.5": {
							"pre": [0, 0, 0.61],
							"post": [0, 0, 0]
						}
					}
				}
			},
			"sound_effects": {
				"0.0417": {
					"effect": "pokemon.sneasler.cry"
				}
			}
		}
	}
}