{
	"format_version": "1.12.0",
	"minecraft:geometry": [
		{
			"description": {
				"identifier": "geometry.throh",
				"texture_width": 128,
				"texture_height": 128,
				"visible_bounds_width": 6,
				"visible_bounds_height": 3.5,
				"visible_bounds_offset": [0, 1.25, 0]
			},
			"bones": [
				{
					"name": "throh",
					"pivot": [0, 0, 0]
				},
				{
					"name": "body",
					"parent": "throh",
					"pivot": [0, 0, 0]
				},
				{
					"name": "torso",
					"parent": "body",
					"pivot": [0.05, 11.75, 0.5],
					"cubes": [
						{"origin": [-6.45, 11.75, -3.5], "size": [13, 4, 8], "uv": [0, 21]}
					]
				},
				{
					"name": "chest",
					"parent": "torso",
					"pivot": [0.05, 15.75, 4.5],
					"cubes": [
						{"origin": [-0.45, 18.75, -4.025], "size": [1, 6, 0], "uv": [0, 98]},
						{"origin": [-6.95, 15.75, -4], "size": [14, 12, 9], "uv": [0, 0]}
					]
				},
				{
					"name": "bone9",
					"parent": "chest",
					"pivot": [7.05, 26.5, 1.75],
					"cubes": [
						{"origin": [7.05, 21.5, -0.75], "size": [9, 5, 5], "uv": [30, 33]}
					]
				},
				{
					"name": "bone10",
					"parent": "bone9",
					"pivot": [16.05, 23.5, 4.25],
					"cubes": [
						{"origin": [16.05, 21.5, -0.75], "size": [9, 5, 5], "inflate": 0.03, "uv": [42, 21]}
					]
				},
				{
					"name": "bone22",
					"parent": "bone10",
					"pivot": [25.05, 24, 1.75],
					"cubes": [
						{"origin": [25.05, 21.5, -0.75], "size": [2, 5, 5], "uv": [18, 63], "mirror": true}
					]
				},
				{
					"name": "bone23",
					"parent": "bone22",
					"pivot": [27.05, 25.5, 0.25],
					"cubes": [
						{"origin": [27.05, 24.475, -0.65], "size": [3, 2, 2], "inflate": 0.025, "uv": [70, 20]}
					]
				},
				{
					"name": "bone24",
					"parent": "bone23",
					"pivot": [30.05, 26.5, 0.25],
					"cubes": [
						{"origin": [30.05, 24.475, -0.65], "size": [3, 2, 2], "uv": [22, 73]}
					]
				},
				{
					"name": "bone27",
					"parent": "bone22",
					"pivot": [27.05, 22.75, 0.25],
					"cubes": [
						{"origin": [27.05, 21.725, -0.65], "size": [3, 2, 2], "inflate": 0.025, "uv": [36, 70]}
					]
				},
				{
					"name": "bone28",
					"parent": "bone27",
					"pivot": [30.05, 22.75, -0.65],
					"cubes": [
						{"origin": [30.05, 21.725, -0.65], "size": [3, 2, 2], "uv": [74, 4]}
					]
				},
				{
					"name": "bone25",
					"parent": "bone22",
					"pivot": [27.05, 25.5, 3],
					"cubes": [
						{"origin": [27.05, 24.475, 2.1], "size": [3, 2, 2], "inflate": 0.025, "uv": [70, 24]}
					]
				},
				{
					"name": "bone26",
					"parent": "bone25",
					"pivot": [30.05, 26.5, 3],
					"cubes": [
						{"origin": [30.05, 24.475, 2.1], "size": [3, 2, 2], "uv": [74, 0]}
					]
				},
				{
					"name": "bone29",
					"parent": "chest",
					"pivot": [-6.95, 26.75, 1.75],
					"cubes": [
						{"origin": [-15.95, 21.75, -0.75], "size": [9, 5, 5], "uv": [30, 33], "mirror": true}
					]
				},
				{
					"name": "bone30",
					"parent": "bone29",
					"pivot": [-15.95, 23.75, 4.25],
					"cubes": [
						{"origin": [-24.95, 21.75, -0.75], "size": [9, 5, 5], "inflate": 0.03, "uv": [42, 21], "mirror": true}
					]
				},
				{
					"name": "bone31",
					"parent": "bone30",
					"pivot": [-24.95, 24.25, 1.75],
					"cubes": [
						{"origin": [-26.95, 21.75, -0.75], "size": [2, 5, 5], "uv": [18, 63]}
					]
				},
				{
					"name": "bone32",
					"parent": "bone31",
					"pivot": [-26.95, 25.75, 0.25],
					"cubes": [
						{"origin": [-29.95, 24.725, -0.65], "size": [3, 2, 2], "inflate": 0.025, "uv": [49, 70]}
					]
				},
				{
					"name": "bone33",
					"parent": "bone32",
					"pivot": [-29.95, 26.75, 0.25],
					"cubes": [
						{"origin": [-32.95, 24.725, -0.65], "size": [3, 2, 2], "uv": [74, 8]}
					]
				},
				{
					"name": "bone34",
					"parent": "bone31",
					"pivot": [-26.95, 23, 0.25],
					"cubes": [
						{"origin": [-29.95, 21.975, -0.65], "size": [3, 2, 2], "inflate": 0.025, "uv": [61, 70]}
					]
				},
				{
					"name": "bone35",
					"parent": "bone34",
					"pivot": [-29.95, 23, -0.65],
					"cubes": [
						{"origin": [-32.95, 21.975, -0.65], "size": [3, 2, 2], "uv": [74, 12]}
					]
				},
				{
					"name": "bone36",
					"parent": "bone31",
					"pivot": [-26.95, 25.75, 3],
					"cubes": [
						{"origin": [-29.95, 24.725, 2.1], "size": [3, 2, 2], "inflate": 0.025, "uv": [1, 71]}
					]
				},
				{
					"name": "bone37",
					"parent": "bone36",
					"pivot": [-29.95, 26.75, 3],
					"cubes": [
						{"origin": [-32.95, 24.725, 2.1], "size": [3, 2, 2], "uv": [74, 16]}
					]
				},
				{
					"name": "head",
					"parent": "chest",
					"pivot": [0.05, 24.25, -2],
					"cubes": [
						{"origin": [-3.95, 21.75, -6], "size": [8, 9, 7], "uv": [0, 33]},
						{"origin": [-0.95, 23.75, -6.225], "size": [2, 4, 2], "pivot": [0.05, 25.75, -5.225], "rotation": [-2.5, 0, 0], "uv": [72, 70]},
						{"origin": [0.725, 27.075, -6.125], "size": [3, 1, 1], "pivot": [2.225, 27.575, -5.625], "rotation": [0, 0, -10], "uv": [70, 28]},
						{"origin": [-3.6, 27.075, -6.125], "size": [3, 1, 1], "pivot": [-2.1, 27.575, -5.625], "rotation": [0, 0, 10], "uv": [44, 74]}
					]
				},
				{
					"name": "bone3",
					"parent": "head",
					"pivot": [-2.05, 26.775, -6.025],
					"rotation": [0, 0, 10],
					"cubes": [
						{"origin": [-3.05, 25.775, -6.025], "size": [2, 2, 0], "uv": [12, 71]}
					]
				},
				{
					"name": "bone6",
					"parent": "bone3",
					"pivot": [-2.05, 26.925, -5.75],
					"cubes": [
						{"origin": [-3.05, 25.925, -6.25], "size": [2, 2, 1], "inflate": -0.2, "uv": [58, 74]}
					]
				},
				{
					"name": "bone7",
					"parent": "bone6",
					"pivot": [-2.025, 26.975, -6.075],
					"cubes": [
						{"origin": [-2.525, 26.475, -6.075], "size": [1, 1, 0], "uv": [44, 32]}
					]
				},
				{
					"name": "eyelid_right",
					"parent": "bone3",
					"pivot": [-2.05, 26.775, -6.025],
					"cubes": [
						{"origin": [-3.05, 25.775, -5.1], "size": [2, 2, 2], "uv": [0, 0]}
					]
				},
				{
					"name": "bone2",
					"parent": "head",
					"pivot": [2.15, 26.775, -6.025],
					"rotation": [0, 0, -10],
					"cubes": [
						{"origin": [1.15, 25.775, -6.025], "size": [2, 2, 0], "uv": [54, 31]}
					]
				},
				{
					"name": "bone4",
					"parent": "bone2",
					"pivot": [2.15, 26.925, -5.75],
					"cubes": [
						{"origin": [1.15, 25.925, -6.25], "size": [2, 2, 1], "inflate": -0.2, "uv": [52, 74]}
					]
				},
				{
					"name": "bone5",
					"parent": "bone4",
					"pivot": [2.125, 26.975, -6.075],
					"cubes": [
						{"origin": [1.625, 26.475, -6.075], "size": [1, 1, 0], "uv": [42, 32]}
					]
				},
				{
					"name": "eyelid_left",
					"parent": "bone2",
					"pivot": [2.15, 26.775, -5.025],
					"cubes": [
						{"origin": [1.15, 25.775, -5.1], "size": [2, 2, 2], "uv": [0, 0]}
					]
				},
				{
					"name": "bone",
					"parent": "head",
					"pivot": [0.55, 26.25, -8]
				},
				{
					"name": "bone8",
					"parent": "head",
					"pivot": [0.55, 9.175, -4.95],
					"cubes": [
						{"origin": [-2.95, 23.9, -6.025], "size": [6, 1, 0], "uv": [42, 31]},
						{"origin": [3.05, 23.125, -6.025], "size": [1, 1, 0], "uv": [46, 20]},
						{"origin": [-3.95, 23.125, -6.025], "size": [1, 1, 0], "uv": [46, 32]}
					]
				},
				{
					"name": "bone40",
					"parent": "torso",
					"pivot": [-0.2, 14, -3.5],
					"rotation": [-14.33501, 4.46375, 16.93839],
					"cubes": [
						{"origin": [-2.2, 6, -3.5], "size": [3, 8, 0], "uv": [38, 74]}
					]
				},
				{
					"name": "bone39",
					"parent": "torso",
					"pivot": [-0.2, 14, -3.5],
					"rotation": [-14.33501, -4.46375, -16.93839],
					"cubes": [
						{"origin": [-1.2, 6, -3.5], "size": [3, 8, 0], "uv": [32, 74]}
					]
				},
				{
					"name": "bone21",
					"parent": "torso",
					"pivot": [-6.45, 13.75, 0.5],
					"rotation": [0, 0, 22.5],
					"cubes": [
						{"origin": [-6.45, 9.75, -3.5], "size": [1, 4, 8], "inflate": 0.025, "uv": [0, 59]}
					]
				},
				{
					"name": "bone20",
					"parent": "torso",
					"pivot": [6.55, 13.75, 0.5],
					"rotation": [0, 0, -22.5],
					"cubes": [
						{"origin": [5.55, 9.75, -3.5], "size": [1, 4, 8], "inflate": 0.025, "uv": [0, 59]}
					]
				},
				{
					"name": "bone38",
					"parent": "torso",
					"pivot": [0.05, 13.75, 4.5],
					"rotation": [10, 0, 0],
					"cubes": [
						{"origin": [-6.45, 9.75, 3.5], "size": [13, 4, 1], "inflate": 0.025, "uv": [46, 15]}
					]
				},
				{
					"name": "bone19",
					"parent": "torso",
					"pivot": [0.05, 13.75, -3.5],
					"rotation": [-10, 0, 0],
					"cubes": [
						{"origin": [-6.45, 9.75, -3.5], "size": [13, 4, 1], "inflate": 0.025, "uv": [46, 10]}
					]
				},
				{
					"name": "bone15",
					"parent": "body",
					"pivot": [-3.7, 12, 0.5],
					"cubes": [
						{"origin": [-6.2, 7, -2], "size": [5, 5, 5], "uv": [40, 53]}
					]
				},
				{
					"name": "bone16",
					"parent": "bone15",
					"pivot": [-3.65, 7, -1.95],
					"cubes": [
						{"origin": [-6.2, 2, -2], "size": [5, 5, 5], "inflate": 0.025, "uv": [58, 31]}
					]
				},
				{
					"name": "bone17",
					"parent": "bone16",
					"pivot": [-3.7, 2, -2],
					"cubes": [
						{"origin": [-6.2, 0, -2], "size": [5, 2, 5], "uv": [56, 63]}
					]
				},
				{
					"name": "bone18",
					"parent": "bone17",
					"pivot": [-3.7, 0, -2],
					"cubes": [
						{"origin": [-5.2, 0, -4], "size": [3, 2, 2], "uv": [12, 73]}
					]
				},
				{
					"name": "bone11",
					"parent": "body",
					"pivot": [3.8, 12, 0.5],
					"cubes": [
						{"origin": [1.3, 7, -2], "size": [5, 5, 5], "uv": [40, 53]}
					]
				},
				{
					"name": "bone12",
					"parent": "bone11",
					"pivot": [3.75, 7, -1.95],
					"cubes": [
						{"origin": [1.3, 2, -2], "size": [5, 5, 5], "inflate": 0.025, "uv": [58, 31]}
					]
				},
				{
					"name": "bone13",
					"parent": "bone12",
					"pivot": [3.8, 2, -2],
					"cubes": [
						{"origin": [1.3, 0, -2], "size": [5, 2, 5], "uv": [56, 63]}
					]
				},
				{
					"name": "bone14",
					"parent": "bone13",
					"pivot": [3.8, 0, -2],
					"cubes": [
						{"origin": [2.3, 0, -4], "size": [3, 2, 2], "uv": [20, 49]}
					]
				}
			]
		}
	]
}