{
	"format_version": "1.8.0",
	"animations": {
		"animation.aggron.cry": {
			"animation_length": 1.7917,
			"bones": {
				"neck": {
					"rotation": {
						"0.0": [0, 0, 0],
						"0.0417": [8.33, 0, 0],
						"0.25": {
							"pre": [0, 0, 0],
							"post": [0, 0, 0],
							"lerp_mode": "catmullrom"
						},
						"1.375": {
							"post": [-5, 0, 0],
							"lerp_mode": "catmullrom"
						},
						"1.7917": [0, 0, 0]
					}
				},
				"jaw": {
					"rotation": {
						"0.0": [0, 0, 0],
						"0.2083": {
							"pre": [20, 0, 0],
							"post": [20, 0, 0],
							"lerp_mode": "catmullrom"
						},
						"0.2917": {
							"post": [20, 0, 0],
							"lerp_mode": "catmullrom"
						},
						"0.375": {
							"post": [22.67, 0, 0],
							"lerp_mode": "catmullrom"
						},
						"0.4167": {
							"post": [20, 0, 0],
							"lerp_mode": "catmullrom"
						},
						"0.4583": {
							"post": [22.67, 0, 0],
							"lerp_mode": "catmullrom"
						},
						"0.5": {
							"post": [20, 0, 0],
							"lerp_mode": "catmullrom"
						},
						"0.5417": {
							"post": [22.67, 0, 0],
							"lerp_mode": "catmullrom"
						},
						"0.5833": {
							"post": [20, 0, 0],
							"lerp_mode": "catmullrom"
						},
						"0.625": {
							"post": [22.67, 0, 0],
							"lerp_mode": "catmullrom"
						},
						"0.6667": {
							"post": [20, 0, 0],
							"lerp_mode": "catmullrom"
						},
						"0.7083": {
							"post": [22.67, 0, 0],
							"lerp_mode": "catmullrom"
						},
						"0.75": {
							"post": [20, 0, 0],
							"lerp_mode": "catmullrom"
						},
						"0.7917": {
							"post": [22.67, 0, 0],
							"lerp_mode": "catmullrom"
						},
						"0.875": {
							"post": [20, 0, 0],
							"lerp_mode": "catmullrom"
						},
						"0.9583": {
							"post": [22.67, 0, 0],
							"lerp_mode": "catmullrom"
						},
						"1.25": [25, 0, 0],
						"1.5833": [0, 0, 0]
					}
				},
				"head": {
					"rotation": {
						"0.0": [0, 0, 0],
						"0.0833": [0, 0, 0],
						"0.2083": {
							"pre": [-10, 0, 0],
							"post": [-10, 0, 0],
							"lerp_mode": "catmullrom"
						},
						"1.2917": {
							"post": [-12, 0, 0],
							"lerp_mode": "catmullrom"
						},
						"1.7083": [0, 0, 0]
					},
					"position": {
						"0.2917": [0, 0, 0],
						"0.3333": [0, -0.1, 0],
						"0.375": [0, 0, 0],
						"0.4167": [0, -0.25, 0],
						"0.4583": [0, 0, 0],
						"0.5": [0, -0.25, 0],
						"0.5417": [0, 0, 0],
						"0.5833": [0, -0.25, 0],
						"0.625": [0, 0, 0],
						"0.6667": [0, -0.25, 0],
						"0.7083": [0, 0, 0],
						"0.75": [0, -0.25, 0],
						"0.7917": [0, 0, 0],
						"0.8333": [0, -0.25, 0],
						"0.875": [0, 0, 0],
						"0.9167": [0, -0.25, 0],
						"0.9583": [0, 0, 0],
						"1.0": [0, -0.15, 0],
						"1.0417": [0, 0, 0],
						"1.0833": [0, -0.05, 0],
						"1.125": [0, 0, 0]
					}
				},
				"mouth_open2": {
					"position": {
						"0.0": [0, 0, 0.1],
						"0.25": [0, 0, 0],
						"1.25": [0, 0, 0],
						"1.5": [0, 0, 0.1]
					}
				},
				"head3": {
					"rotation": {
						"0.0": [0, 0, 0],
						"0.25": [-15, 0, 0],
						"1.25": [-15, 0, 0],
						"1.5": [0, 0, 0]
					}
				},
				"mouth_open3": {
					"position": [0, 0, 0.1]
				},
				"torso": {
					"rotation": {
						"0.0": [0, 0, 0],
						"0.0833": {
							"pre": [2.5, 0, 0],
							"post": [2.5, 0, 0],
							"lerp_mode": "catmullrom"
						},
						"0.3333": {
							"post": [-5, 0, 0],
							"lerp_mode": "catmullrom"
						},
						"1.25": {
							"post": [-6, 0, 0],
							"lerp_mode": "catmullrom"
						},
						"1.7917": [0, 0, 0]
					}
				},
				"torso2": {
					"rotation": {
						"0.0": [0, 0, 0],
						"0.125": {
							"pre": [5, 0, 0],
							"post": [5, 0, 0],
							"lerp_mode": "catmullrom"
						},
						"0.3333": {
							"post": [-5, 0, 0],
							"lerp_mode": "catmullrom"
						},
						"1.2917": {
							"post": [-7.5, 0, 0],
							"lerp_mode": "catmullrom"
						},
						"1.7917": {
							"post": [0, 0, 0],
							"lerp_mode": "catmullrom"
						}
					}
				},
				"arm_left": {
					"rotation": {
						"0.0": [0, 0, 0],
						"0.0833": {
							"pre": [0, 10, 0],
							"post": [0, 10, 0],
							"lerp_mode": "catmullrom"
						},
						"0.2917": {
							"post": [0, -10, 0],
							"lerp_mode": "catmullrom"
						},
						"1.0": {
							"post": [0, -15, 0],
							"lerp_mode": "catmullrom"
						},
						"1.625": [0, 0, 0]
					}
				},
				"arm_left2": {
					"rotation": {
						"0.0": [0, 0, 0],
						"0.0417": [0, 0, 0],
						"0.125": {
							"pre": [0, 8, 0],
							"post": [0, 8, 0],
							"lerp_mode": "catmullrom"
						},
						"0.3333": {
							"post": [0, -4, 0],
							"lerp_mode": "catmullrom"
						},
						"1.0833": {
							"post": [0, -10, 0],
							"lerp_mode": "catmullrom"
						},
						"1.7083": [0, 0, 0]
					}
				},
				"arm_right": {
					"rotation": {
						"0.0": [0, 0, 0],
						"0.0833": {
							"pre": [0, -10, 0],
							"post": [0, -10, 0],
							"lerp_mode": "catmullrom"
						},
						"0.2917": {
							"post": [0, 10, 0],
							"lerp_mode": "catmullrom"
						},
						"1.0": {
							"post": [0, 15, 0],
							"lerp_mode": "catmullrom"
						},
						"1.625": [0, 0, 0]
					}
				},
				"arm_right2": {
					"rotation": {
						"0.0": [0, 0, 0],
						"0.0417": [0, 0, 0],
						"0.125": {
							"pre": [0, -8, 0],
							"post": [0, -8, 0],
							"lerp_mode": "catmullrom"
						},
						"0.3333": {
							"post": [0, 4, 0],
							"lerp_mode": "catmullrom"
						},
						"1.0833": {
							"post": [0, 10, 0],
							"lerp_mode": "catmullrom"
						},
						"1.7083": [0, 0, 0]
					}
				}
			},
			"sound_effects": {
				"0.0417": {
					"effect": "pokemon.aggron.cry"
				}
			}
		},
		"animation.aggron.ground_idle": {
			"loop": true,
			"bones": {
				"tail": {
					"rotation": ["-37.5-math.sin(q.anim_time*90*2-10)*0.5", 0, 0]
				},
				"tail2": {
					"rotation": [12.5, 0, 0]
				},
				"leg_left": {
					"rotation": [0, -7.5, 0]
				},
				"tail3": {
					"rotation": [20, 0, 0]
				},
				"tail4": {
					"rotation": [17.5, 0, 0]
				},
				"arm_left": {
					"rotation": [0, 0, "37.5+math.sin(q.anim_time*90*2-30)*1.5"]
				},
				"arm_left2": {
					"rotation": [0, "25+math.sin(q.anim_time*90*2-60)*2", 0]
				},
				"hand_left": {
					"rotation": [0, 17.5, 0]
				},
				"finger_left": {
					"rotation": [0, 0, 20]
				},
				"finger_left2": {
					"rotation": [20, 0, 0]
				},
				"finger_left3": {
					"rotation": [0, 0, 20]
				},
				"arm_right": {
					"rotation": [0, 0, "-37.5-math.sin(q.anim_time*90*2-30)*1.5"]
				},
				"arm_right2": {
					"rotation": [0, "-25-math.sin(q.anim_time*90*2-60)*2", 0]
				},
				"hand_right": {
					"rotation": [0, -17.5, 0]
				},
				"finger_right": {
					"rotation": [0, 0, -20]
				},
				"finger_right2": {
					"rotation": [20, 0, 0]
				},
				"finger_right3": {
					"rotation": [0, 0, -20]
				},
				"leg_right": {
					"rotation": [0, 7.5, 0]
				},
				"torso": {
					"rotation": ["0+math.sin(q.anim_time*90*2-0)*0.75 ", 0, 0]
				},
				"torso2": {
					"rotation": ["0+math.sin(q.anim_time*90*2-30)*1", 0, 0]
				},
				"neck": {
					"rotation": ["0+math.sin(q.anim_time*90*2-60)*1", "0+math.sin(q.anim_time*90*1-60)*1.5", 0]
				}
			}
		},
		"animation.aggron.ground_walk": {
			"loop": true,
			"animation_length": 1.3333,
			"bones": {
				"tail": {
					"rotation": ["-37.4132-math.sin(q.anim_time*90*6-30)*1", 0, 0]
				},
				"tail2": {
					"rotation": ["12.5+math.sin(q.anim_time*90*6-30)*1", 0, 0]
				},
				"leg_left": {
					"rotation": {
						"0.0": {
							"post": [0, -7.5, 0],
							"lerp_mode": "catmullrom"
						},
						"0.2917": {
							"post": [7.5, -7.5, 0],
							"lerp_mode": "catmullrom"
						},
						"0.4583": [0, -7.5, 0],
						"0.6667": [0, -7.5, 0],
						"1.3333": {
							"pre": [0, -7.5, 0],
							"post": [0, -7.5, 0],
							"lerp_mode": "catmullrom"
						}
					},
					"position": {
						"0.0": [0, 0, 3],
						"0.375": {
							"pre": [0, 2, -0.38],
							"post": [0, 2, -0.38],
							"lerp_mode": "catmullrom"
						},
						"0.4583": [0, 1.65, -1.72],
						"0.5": [0, -0.5, -2.52],
						"0.5417": [0, 0.15, -2.68],
						"0.5833": [0, -0.5, -2.84],
						"0.625": [0, -0.25, -2.92],
						"0.6667": [0, 0, -3],
						"1.3333": [0, 0, 3]
					}
				},
				"tail3": {
					"rotation": ["20+math.sin(q.anim_time*90*6-60)*1.5", 0, 0]
				},
				"tail4": {
					"rotation": [17.5, 0, 0]
				},
				"arm_left": {
					"rotation": [0, "10-math.sin(q.anim_time*90*3-20)*12", 36.75]
				},
				"arm_left2": {
					"rotation": [0, "23.2679-math.sin(q.anim_time*90*3-50)*5", 0]
				},
				"hand_left": {
					"rotation": [0, 17.5, 0]
				},
				"finger_left": {
					"rotation": [0, 0, 20]
				},
				"finger_left2": {
					"rotation": [20, 0, 0]
				},
				"finger_left3": {
					"rotation": [0, 0, 20]
				},
				"arm_right": {
					"rotation": [0, "-10-math.sin(q.anim_time*90*3-20)*12", -36.75]
				},
				"arm_right2": {
					"rotation": [0, "-23.2679-math.sin(q.anim_time*90*3-50)*6", 0]
				},
				"hand_right": {
					"rotation": [0, -17.5, 0]
				},
				"finger_right": {
					"rotation": [0, 0, -20]
				},
				"finger_right2": {
					"rotation": [20, 0, 0]
				},
				"finger_right3": {
					"rotation": [0, 0, -20]
				},
				"leg_right": {
					"rotation": {
						"0.0": [0, 7.5, 0],
						"0.6667": {
							"pre": [0, 7.5, 0],
							"post": [0, 7.5, 0],
							"lerp_mode": "catmullrom"
						},
						"0.9583": {
							"post": [7.5, 7.5, 0],
							"lerp_mode": "catmullrom"
						},
						"1.125": [0, 7.5, 0],
						"1.3333": [0, 7.5, 0]
					},
					"position": {
						"0.0": {
							"post": [0, 0, -3],
							"lerp_mode": "catmullrom"
						},
						"0.6667": [0, 0, 3],
						"1.0417": {
							"pre": [0, 2, -0.38],
							"post": [0, 2, -0.38],
							"lerp_mode": "catmullrom"
						},
						"1.125": [0, 1.65, -1.72],
						"1.1667": [0, -0.5, -2.52],
						"1.2083": [0, 0.15, -2.68],
						"1.25": [0, -0.5, -2.84],
						"1.2917": [0, -0.25, -2.92],
						"1.3333": [0, 0, -3]
					}
				},
				"torso": {
					"rotation": ["0-math.sin(q.anim_time*90*6-0)*1", "0+math.sin(q.anim_time*90*3-30)*4", 0],
					"position": {
						"0.0": [0, 0, 0],
						"0.4583": [0, 0, 0],
						"0.5": {
							"pre": [0, -0.5, 0],
							"post": [0, -0.5, 0],
							"lerp_mode": "catmullrom"
						},
						"0.5417": {
							"post": [0, -0.15, 0],
							"lerp_mode": "catmullrom"
						},
						"0.5833": {
							"post": [0, -0.5, 0],
							"lerp_mode": "catmullrom"
						},
						"0.625": {
							"post": [0, -0.15, 0],
							"lerp_mode": "catmullrom"
						},
						"0.6667": [0, 0, 0],
						"1.125": [0, 0, 0],
						"1.1667": {
							"pre": [0, -0.5, 0],
							"post": [0, -0.5, 0],
							"lerp_mode": "catmullrom"
						},
						"1.2083": {
							"post": [0, -0.15, 0],
							"lerp_mode": "catmullrom"
						},
						"1.25": {
							"post": [0, -0.5, 0],
							"lerp_mode": "catmullrom"
						},
						"1.2917": {
							"post": [0, -0.15, 0],
							"lerp_mode": "catmullrom"
						},
						"1.3333": [0, 0, 0]
					}
				},
				"torso2": {
					"rotation": [-0.5, 0, 0]
				},
				"neck": {
					"rotation": ["-0.866-math.sin(q.anim_time*90*6-90)*1", "0-math.sin(q.anim_time*90*3-0)*2.5", 0]
				},
				"foot_left": {
					"rotation": {
						"0.0": [0, 0, 0],
						"0.2917": [5, 0, 0],
						"0.4583": [0, 0, 0],
						"0.6667": [0, 0, 0],
						"1.3333": [0, 0, 0]
					}
				},
				"foot_right": {
					"rotation": {
						"0.0": [0, 0, 0],
						"0.6667": [0, 0, 0],
						"0.9583": [5, 0, 0],
						"1.125": [0, 0, 0],
						"1.3333": [0, 0, 0]
					}
				}
			}
		},
		"animation.aggron.battle_idle": {
			"loop": true,
			"bones": {
				"tail": {
					"rotation": ["-37.5-math.sin(q.anim_time*90*2-10)*0.5", 0, 0]
				},
				"tail2": {
					"rotation": [12.5, 0, 0]
				},
				"leg_left": {
					"rotation": [0, -7.5, 0]
				},
				"tail3": {
					"rotation": [20, 0, 0]
				},
				"tail4": {
					"rotation": [17.5, 0, 0]
				},
				"arm_left": {
					"rotation": [0, 0, "37.5+math.sin(q.anim_time*90*2-30)*1.5"]
				},
				"arm_left2": {
					"rotation": [0, "25+math.sin(q.anim_time*90*2-60)*2", 0]
				},
				"hand_left": {
					"rotation": [0, 17.5, 0]
				},
				"finger_left": {
					"rotation": [0, 0, 20]
				},
				"finger_left2": {
					"rotation": [20, 0, 0]
				},
				"finger_left3": {
					"rotation": [0, 0, 20]
				},
				"arm_right": {
					"rotation": [0, 0, "-37.5-math.sin(q.anim_time*90*2-30)*1.5"]
				},
				"arm_right2": {
					"rotation": [0, "-25-math.sin(q.anim_time*90*2-60)*2", 0]
				},
				"hand_right": {
					"rotation": [0, -17.5, 0]
				},
				"finger_right": {
					"rotation": [0, 0, -20]
				},
				"finger_right2": {
					"rotation": [20, 0, 0]
				},
				"finger_right3": {
					"rotation": [0, 0, -20]
				},
				"leg_right": {
					"rotation": [0, 7.5, 0]
				},
				"torso": {
					"rotation": ["0+math.sin(q.anim_time*90*2-0)*0.75 ", 0, 0]
				},
				"torso2": {
					"rotation": ["0+math.sin(q.anim_time*90*2-30)*1", 0, 0]
				},
				"neck": {
					"rotation": ["0+math.sin(q.anim_time*90*2-60)*1", "0+math.sin(q.anim_time*90*1-60)*1.5", 0]
				}
			}
		},
		"animation.aggron.blink": {
			"animation_length": 0.1667,
			"bones": {
				"eyelid_right": {
					"position": {
						"0.0": [-0.1, 0, 0],
						"0.125": [-0.1, 0, 0],
						"0.1667": [0, 0, 0]
					}
				},
				"eyelid_left": {
					"position": {
						"0.0": [0.1, 0, 0],
						"0.125": [0.1, 0, 0],
						"0.1667": [0, 0, 0]
					}
				}
			}
		},
		"animation.aggron.pose": {
			"loop": true,
			"bones": {
				"neck": {
					"rotation": [0, 12.5, 0]
				},
				"head": {
					"rotation": [-12.5, 12.5, 0]
				},
				"jaw": {
					"rotation": [27.5, 0, 0]
				},
				"tail": {
					"rotation": [-5.62598, 10.51794, -6.79286]
				},
				"tail2": {
					"rotation": [17.5, 0, 0]
				},
				"tail3": {
					"rotation": [26.9909, 8.13206, 10.70866]
				},
				"tail4": {
					"rotation": [26.9909, 8.13206, 10.70866]
				},
				"leg_left": {
					"rotation": [-17.5, -27.5, 0]
				},
				"leg_left2": {
					"rotation": [12.5, 0, 0]
				},
				"arm_left": {
					"rotation": [-38.51004, 26.32776, 17.57265]
				},
				"arm_left2": {
					"rotation": [0, 22.5, 0]
				},
				"hand_left": {
					"rotation": [5.41615, 16.66577, 18.29388]
				},
				"arm_right": {
					"rotation": [-38.51004, -26.32776, -17.57265]
				},
				"arm_right2": {
					"rotation": [0, -22.5, 0]
				},
				"hand_right": {
					"rotation": [5.41615, -16.66577, -18.29388]
				},
				"leg_right": {
					"rotation": [-17.5, 27.5, 0]
				},
				"leg_right2": {
					"rotation": [12.5, 0, 0]
				}
			}
		},
		"animation.aggron.pose2": {
			"loop": true,
			"bones": {
				"torso": {
					"rotation": [0, 0, 0]
				},
				"neck": {
					"rotation": [12.60443, 7.32123, 1.63219]
				},
				"head": {
					"rotation": [-22.47365, -1.5216, -1.98385]
				},
				"jaw": {
					"rotation": [32.5, 0, 0]
				},
				"tail": {
					"rotation": [-55.45657, -36.46354, 37.7045]
				},
				"tail2": {
					"rotation": [0, -37.5, 0]
				},
				"tail3": {
					"rotation": [-17.5, -40, 0]
				},
				"tail4": {
					"rotation": [0, -27.5, 0]
				},
				"leg_left": {
					"rotation": [-12.5, -32.5, 0]
				},
				"leg_left2": {
					"rotation": [12.5, 0, 0]
				},
				"arm_left": {
					"rotation": [-18.30071, 15.35537, 28.52794]
				},
				"arm_left2": {
					"rotation": [0, 45, 0]
				},
				"hand_left": {
					"rotation": [-5, 0, 2.5]
				},
				"finger_left": {
					"rotation": [0, -10, 12.5]
				},
				"finger_left2": {
					"rotation": [0, 0, 7.5]
				},
				"finger_left3": {
					"rotation": [0, 15, 27.5]
				},
				"arm_right": {
					"rotation": [-17.76577, -60.86573, -6.47539]
				},
				"leg_right": {
					"rotation": [-15, 32.5, 0],
					"position": [0, 0, -4]
				},
				"leg_right2": {
					"rotation": [12.5, 0, 0]
				},
				"arm_right2": {
					"rotation": [0, -45, 0]
				},
				"hand_right": {
					"rotation": [-85.20436, -36.457, -11.10279]
				},
				"finger_right": {
					"rotation": [0, 10, -12.5]
				},
				"finger_right2": {
					"rotation": [0, 0, -7.5]
				},
				"finger_right3": {
					"rotation": [0, -15, -27.5]
				},
				"torso2": {
					"rotation": [12.5, 0, 0]
				}
			}
		}
	}
}