{
	"format_version": "1.8.0",
	"animations": {
		"animation.twinkletackle.actor": {
			"animation_length": 4.25,
			"bones": {
				"root_part": {
					"rotation": {
						"0.0": [0, 0, 0],
						"0.2083": {
							"pre": [-12.5, 62.5, 0],
							"post": [-12.5, 62.5, 0],
							"lerp_mode": "catmullrom"
						},
						"0.4583": {
							"post": [-15, 5, 0],
							"lerp_mode": "catmullrom"
						},
						"0.7083": {
							"post": [0, 5, 0],
							"lerp_mode": "catmullrom"
						},
						"0.9583": {
							"post": [-12.5, -77.5, 0],
							"lerp_mode": "catmullrom"
						},
						"1.2083": {
							"post": [0, -130, 0],
							"lerp_mode": "catmullrom"
						},
						"1.4583": {
							"post": [25, -180, 0],
							"lerp_mode": "catmullrom"
						},
						"1.7083": {
							"post": [30, -230, 0],
							"lerp_mode": "catmullrom"
						},
						"1.9583": [10, -280, 0],
						"2.25": [0, -360, 0],
						"2.2917": {
							"pre": [0, -360, 0],
							"post": [0, 0, 0]
						},
						"2.375": [0, 0, 0],
						"2.625": [0, 0, 25],
						"2.6667": [0, 0, 25],
						"3.2083": [0, 0, -25],
						"3.25": [0, 0, -25],
						"3.5": [0, 0, 0]
					},
					"position": {
						"0.0": [0, 0, 0],
						"0.25": {
							"pre": [-35, 7.5, -15],
							"post": [-35, 7.5, -15],
							"lerp_mode": "catmullrom"
						},
						"0.5": {
							"post": [-50, 12.5, -50],
							"lerp_mode": "catmullrom"
						},
						"0.75": {
							"post": [-35, 20, -85],
							"lerp_mode": "catmullrom"
						},
						"1.0": {
							"post": [0, 27.5, -100],
							"lerp_mode": "catmullrom"
						},
						"1.25": {
							"post": [35, 32.5, -85],
							"lerp_mode": "catmullrom"
						},
						"1.5": {
							"post": [50, 37.5, -50],
							"lerp_mode": "catmullrom"
						},
						"1.75": {
							"post": [35, 20, -15],
							"lerp_mode": "catmullrom"
						},
						"2.0": [0, 0, 0],
						"3.625": [0, 0, 0],
						"3.875": [0, 0, -20],
						"4.125": [0, 0, -20],
						"4.2083": [0, 0, 0]
					}
				}
			},
			"sound_effects": {
				"0.0": {
					"effect": "move.twinkletackle.actor"
				},
				"2.5417": {
					"effect": "move.twinkletackle.sparkle"
				},
				"3.125": {
					"effect": "move.twinkletackle.sparkle"
				}
			},
			"particle_effects": {
				"2.5833": {
					"effect": "twinkletackle_actor",
					"locator": "target"
				},
				"3.1667": {
					"effect": "twinkletackle_actor",
					"locator": "target"
				}
			}
		},
		"animation.twinkletackle.target": {
			"animation_length": 1.75,
			"bones": {
				"root_part": {
					"rotation": {
						"0.0": [0, 0, 0],
						"0.25": {
							"pre": [-15, 0, 0],
							"post": [-15, 0, 0],
							"lerp_mode": "catmullrom"
						},
						"0.75": [-30, 0, 0],
						"0.7917": {"pre": [-30, 0, 0], "post": [30, 0, 0]},
						"1.25": {
							"pre": [30, 0, 0],
							"post": [30, 0, 0],
							"lerp_mode": "catmullrom"
						},
						"1.75": [0, 0, 0]
					},
					"position": {
						"0.0": [0, 0, 0],
						"0.0417": [0, 0, 0],
						"0.75": [0, 400, 520],
						"0.7917": {"pre": [0, 400, 520], "post": [0, 800, -720]},
						"0.875": [0, 800, -720],
						"1.75": [0, 0, 0]
					}
				}
			},
			"sound_effects": {
				"0.0": {
					"effect": "move.twinkletackle.impact"
				}
			},
			"particle_effects": {
				"0.0": {
					"effect": "twinkletackle_target",
					"locator": "target"
				}
			}
		}
	}
}