{
	"format_version": "1.12.0",
	"minecraft:geometry": [
		{
			"description": {
				"identifier": "geometry.skorupi",
				"texture_width": 64,
				"texture_height": 64,
				"visible_bounds_width": 2,
				"visible_bounds_height": 2.5,
				"visible_bounds_offset": [0, 0.75, 0]
			},
			"bones": [
				{
					"name": "skorupi",
					"pivot": [0, 0, 0]
				},
				{
					"name": "body",
					"parent": "skorupi",
					"pivot": [0, 0, 0]
				},
				{
					"name": "torso",
					"parent": "body",
					"pivot": [0, 1.5, 0],
					"cubes": [
						{"origin": [-2.5, 1.5, 2], "size": [5, 4, 1], "inflate": -0.125, "uv": [22, 0]},
						{"origin": [-2.5, 1.5, -1.75], "size": [5, 4, 4], "inflate": 0.075, "uv": [0, 10]},
						{"origin": [-2.5, 1.5, -2.65], "size": [5, 4, 1], "inflate": -0.1, "uv": [22, 5]}
					]
				},
				{
					"name": "head",
					"parent": "torso",
					"pivot": [0, 4.25, -2],
					"cubes": [
						{"origin": [-3, 3.5, -6.5], "size": [6, 5, 5], "uv": [0, 0]}
					]
				},
				{
					"name": "bone8",
					"parent": "head",
					"pivot": [-1.275, 5.75, -5.525],
					"cubes": [
						{"origin": [-2.525, 5.75, -6.525], "size": [2, 4, 0], "pivot": [-1.525, 5.75, -5.525], "rotation": [0, 0, -15], "uv": [0, 32]}
					]
				},
				{
					"name": "bone22",
					"parent": "bone8",
					"pivot": [-1.825, 7.475, -6.55],
					"cubes": [
						{"origin": [-2.325, 6.975, -6.55], "size": [1, 1, 0], "uv": [34, 6]}
					]
				},
				{
					"name": "bone3",
					"parent": "head",
					"pivot": [-2.75, 7.625, -4],
					"cubes": [
						{"origin": [-5.5, 7, -5.5], "size": [3, 3, 3], "inflate": 0.1, "uv": [18, 10]},
						{"origin": [-4.5, 8.25, -7.5], "size": [1, 1, 2], "uv": [0, 29]}
					]
				},
				{
					"name": "bone20",
					"parent": "head",
					"pivot": [-1.9, 4.525, -6.575],
					"rotation": [0, 0, -30],
					"cubes": [
						{"origin": [-2.9, 3.525, -6.6], "size": [2, 2, 0], "uv": [34, 0]}
					]
				},
				{
					"name": "bone19",
					"parent": "head",
					"pivot": [1.975, 4.525, -6.575],
					"rotation": [0, 0, -60],
					"cubes": [
						{"origin": [0.975, 3.525, -6.6], "size": [2, 2, 0], "uv": [18, 16]}
					]
				},
				{
					"name": "bone2",
					"parent": "head",
					"pivot": [3, 7.5, -3.75],
					"cubes": [
						{"origin": [2.5, 7, -5.5], "size": [3, 3, 3], "inflate": 0.1, "uv": [0, 18]},
						{"origin": [3.5, 8.25, -7.5], "size": [1, 1, 2], "uv": [24, 21]}
					]
				},
				{
					"name": "bone",
					"parent": "head",
					"pivot": [1.275, 5.75, -5.525],
					"cubes": [
						{"origin": [0.525, 5.75, -6.525], "size": [2, 4, 0], "pivot": [1.525, 5.75, -5.525], "rotation": [0, 0, 15], "uv": [30, 28]}
					]
				},
				{
					"name": "bone21",
					"parent": "bone",
					"pivot": [1.925, 7.475, -6.55],
					"cubes": [
						{"origin": [1.425, 6.975, -6.55], "size": [1, 1, 0], "uv": [34, 5]}
					]
				},
				{
					"name": "mouth_open",
					"parent": "head",
					"pivot": [0, 4.275, -5.525],
					"cubes": [
						{"origin": [-2, 3.525, -5.525], "size": [4, 1, 0], "uv": [30, 27]}
					]
				},
				{
					"name": "mouth",
					"parent": "head",
					"pivot": [0, 4.525, -6.525],
					"cubes": [
						{"origin": [-1, 4.525, -6.525], "size": [2, 1, 0], "uv": [34, 2]},
						{"origin": [0.65, 4.05, -6.525], "size": [1, 1, 0], "uv": [22, 16]},
						{"origin": [1.425, 4.45, -6.525], "size": [1, 1, 0], "uv": [34, 3]},
						{"origin": [-1.6, 4.05, -6.525], "size": [1, 1, 0], "uv": [22, 17]},
						{"origin": [-2.35, 4.425, -6.525], "size": [1, 1, 0], "uv": [34, 4]}
					]
				},
				{
					"name": "bone4",
					"parent": "torso",
					"pivot": [0, 4.725, 2.5],
					"cubes": [
						{"origin": [-1.5, 2.225, 2.25], "size": [3, 3, 2], "inflate": 0.025, "uv": [0, 24]},
						{"origin": [-1, 0.975, 2.75], "size": [2, 2, 1], "uv": [6, 29]}
					]
				},
				{
					"name": "bone5",
					"parent": "bone4",
					"pivot": [0, 4.725, 4.25],
					"cubes": [
						{"origin": [-1.5, 2.225, 4.25], "size": [3, 3, 2], "uv": [10, 24]},
						{"origin": [-1, 0.975, 4.75], "size": [2, 2, 1], "uv": [12, 29]}
					]
				},
				{
					"name": "bone6",
					"parent": "bone5",
					"pivot": [0, 4.975, 6.25],
					"cubes": [
						{"origin": [-1.5, 2.225, 6.25], "size": [3, 3, 2], "inflate": 0.025, "uv": [24, 16]},
						{"origin": [-1, 0.975, 6.75], "size": [2, 2, 1], "uv": [18, 29]}
					]
				},
				{
					"name": "bone7",
					"parent": "bone6",
					"pivot": [0, 4.975, 8.25],
					"cubes": [
						{"origin": [-1.5, 2.225, 8.25], "size": [3, 3, 2], "uv": [20, 24]},
						{"origin": [-1, 0.975, 8.75], "size": [2, 2, 1], "uv": [24, 29]}
					]
				},
				{
					"name": "bone9",
					"parent": "bone7",
					"pivot": [0, 4.225, 10.5],
					"cubes": [
						{"origin": [-1.5, 2.225, 10.25], "size": [3, 3, 3], "inflate": 0.025, "uv": [12, 18]}
					]
				},
				{
					"name": "bone12",
					"parent": "bone9",
					"pivot": [0.175, 3.75, 11.6],
					"rotation": [0, -60, 0],
					"cubes": [
						{"origin": [-0.60293, 3.25, 12.93139], "size": [1, 1, 2], "inflate": 0.15, "uv": [30, 21]}
					]
				},
				{
					"name": "bone13",
					"parent": "bone12",
					"pivot": [-0.06699, 3.75, 14.53253],
					"rotation": [0, 67.5, 0],
					"cubes": [
						{"origin": [-0.65293, 3.25, 14.53139], "size": [1, 1, 2], "uv": [30, 24]}
					]
				},
				{
					"name": "bone10",
					"parent": "bone9",
					"pivot": [-0.175, 3.75, 11.6],
					"rotation": [0, 60, 0],
					"cubes": [
						{"origin": [-0.39707, 3.25, 12.93139], "size": [1, 1, 2], "inflate": 0.15, "uv": [30, 10]}
					]
				},
				{
					"name": "bone11",
					"parent": "bone10",
					"pivot": [0.06699, 3.75, 14.53253],
					"rotation": [0, -67.5, 0],
					"cubes": [
						{"origin": [-0.34707, 3.25, 14.53139], "size": [1, 1, 2], "uv": [30, 13]}
					]
				},
				{
					"name": "bone15",
					"parent": "body",
					"pivot": [1.65, 2.75, 2],
					"rotation": [0, 0, -40],
					"cubes": [
						{"origin": [1.65, 0.75, 1.325], "size": [1, 2, 1], "uv": [12, 32]},
						{"origin": [1.75, -0.75, 1.325], "size": [1, 2, 1], "inflate": -0.05, "pivot": [1.75, 1.25, 2], "rotation": [0, 0, 27.5], "uv": [16, 32]}
					]
				},
				{
					"name": "bone17",
					"parent": "body",
					"pivot": [-1.65, 2.75, 1.75],
					"rotation": [0, 0, 40],
					"cubes": [
						{"origin": [-2.65, 0.75, 1.325], "size": [1, 2, 1], "uv": [28, 32]},
						{"origin": [-2.75, -0.75, 1.325], "size": [1, 2, 1], "inflate": -0.05, "pivot": [-1.75, 1.25, 2], "rotation": [0, 0, -27.5], "uv": [32, 32]}
					]
				},
				{
					"name": "bone16",
					"parent": "body",
					"pivot": [-1.65, 2.75, -1.5],
					"rotation": [0, 0, 40],
					"cubes": [
						{"origin": [-2.65, 0.75, -1.925], "size": [1, 2, 1], "uv": [20, 32]},
						{"origin": [-2.75, -0.75, -1.925], "size": [1, 2, 1], "inflate": -0.05, "pivot": [-1.75, 1.25, -1.25], "rotation": [0, 0, -27.5], "uv": [24, 32]}
					]
				},
				{
					"name": "bone14",
					"parent": "body",
					"pivot": [1.65, 2.75, -1.25],
					"rotation": [0, 0, -40],
					"cubes": [
						{"origin": [1.65, 0.75, -1.925], "size": [1, 2, 1], "uv": [4, 32]},
						{"origin": [1.75, -0.75, -1.925], "size": [1, 2, 1], "inflate": -0.05, "pivot": [1.75, 1.25, -1.25], "rotation": [0, 0, 27.5], "uv": [8, 32]}
					]
				}
			]
		}
	]
}