{
	"format_version": "1.8.0",
	"animations": {
		"animation.delcatty.ground_idle": {
			"loop": true,
			"animation_length": 2,
			"bones": {
				"head": {
					"rotation": {
						"0.0": [-2.5, 0, 0],
						"0.75": [2.5, 0, 0],
						"1.0": [2.5, 0, 0],
						"1.75": [-2.5, 0, 0],
						"2.0": [-2.5, 0, 0]
					}
				},
				"tail": {
					"rotation": {
						"0.0": [0, 0, 0],
						"0.75": [10, 0, 0],
						"1.0": [10, 0, 0],
						"1.75": [0, 0, 0],
						"2.0": [0, 0, 0]
					}
				},
				"tail_end": {
					"rotation": {
						"0.0": [0, 0, 0],
						"0.25": [0, 0, 0],
						"1.0": [10, 0, 0],
						"1.25": [10, 0, 0],
						"2.0": [0, 0, 0]
					}
				},
				"tail_bulb": {
					"rotation": {
						"0.0": [3.33, 0, 0],
						"0.25": [0, 0, 0],
						"0.5": [0, 0, 0],
						"1.25": [10, 0, 0],
						"1.5": [10, 0, 0],
						"2.0": [3.33, 0, 0]
					}
				}
			}
		},
		"animation.delcatty.ground_walk": {
			"loop": true,
			"animation_length": 2,
			"bones": {
				"head": {
					"rotation": {
						"0.0": [2.5, 0, 0],
						"0.25": [-2.5, 0, 0],
						"0.5": [2.5, 0, 0],
						"0.75": [-2.5, 0, 0],
						"1.0": [2.5, 0, 0],
						"1.25": [-2.5, 0, 0],
						"1.5": [2.5, 0, 0],
						"1.75": [-2.5, 0, 0],
						"2.0": [2.5, 0, 0]
					}
				},
				"foot_fr": {
					"rotation": {
						"0.0": [0, 0, 0],
						"0.25": [-5, 0, 0],
						"0.5": [0, 0, 0],
						"0.75": [-45, 0, 0],
						"1.0": [0, 0, 0],
						"1.5": [0, 0, 0],
						"1.75": [-45, 0, 0],
						"2.0": [0, 0, 0]
					}
				},
				"foot_fl": {
					"rotation": {
						"0.0": [0, 0, 0],
						"0.25": [-45, 0, 0],
						"0.5": [0, 0, 0],
						"1.0": [0, 0, 0],
						"1.25": [-45, 0, 0],
						"1.5": [0, 0, 0],
						"2.0": [0, 0, 0]
					}
				},
				"foot_br": {
					"rotation": {
						"0.0": [0, 0, 0],
						"0.25": [-30, 0, 0],
						"0.5": [0, 0, 0],
						"0.75": [0, 0, 0],
						"1.0": [0, 0, 0],
						"1.25": [-30, 0, 0],
						"1.5": [0, 0, 0],
						"2.0": [0, 0, 0]
					}
				},
				"foot_bl": {
					"rotation": {
						"0.0": [0, 0, 0],
						"0.5": [0, 0, 0],
						"0.75": [-30, 0, 0],
						"1.0": [0, 0, 0],
						"1.25": [0, 0, 0],
						"1.5": [0, 0, 0],
						"1.75": [-30, 0, 0],
						"2.0": [0, 0, 0]
					}
				},
				"tail": {
					"rotation": {
						"0.0": [5, 0, 0],
						"0.25": [-5, 0, 0],
						"0.5": [5, 0, 0],
						"0.75": [-5, 0, 0],
						"1.0": [5, 0, 0],
						"1.25": [-5, 0, 0],
						"1.5": [5, 0, 0],
						"1.75": [-5, 0, 0],
						"2.0": [5, 0, 0]
					}
				},
				"tail_end": {
					"rotation": {
						"0.0": [2.5, 0, 0],
						"0.25": [-2.5, 0, 0],
						"0.5": [2.5, 0, 0],
						"0.75": [-2.5, 0, 0],
						"1.0": [2.5, 0, 0],
						"1.25": [-2.5, 0, 0],
						"1.5": [2.5, 0, 0],
						"1.75": [-2.5, 0, 0],
						"2.0": [2.5, 0, 0]
					}
				},
				"tail_bulb": {
					"rotation": {
						"0.0": [2.5, 0, 0],
						"0.25": [-2.5, 0, 0],
						"0.5": [2.5, 0, 0],
						"0.75": [-2.5, 0, 0],
						"1.0": [2.5, 0, 0],
						"1.25": [-2.5, 0, 0],
						"1.5": [2.5, 0, 0],
						"1.75": [-2.5, 0, 0],
						"2.0": [2.5, 0, 0]
					}
				},
				"body": {
					"position": {
						"0.0": [0, -0.25, 0],
						"0.125": [0, -0.5, 0],
						"0.375": [0, 0, 0],
						"0.625": [0, -0.5, 0],
						"0.875": [0, 0, 0],
						"1.125": [0, -0.5, 0],
						"1.375": [0, 0, 0],
						"1.625": [0, -0.5, 0],
						"1.875": [0, 0, 0],
						"2.0": [0, -0.25, 0]
					}
				},
				"thigh_fr": {
					"rotation": {
						"0.0": [-20, 0, 0],
						"0.25": [5, 0, 0],
						"0.5": [30, 0, 0],
						"0.75": [0, 0, 0],
						"1.0": [-20, 0, 0],
						"1.25": [0, 0, 0],
						"1.5": [30, 0, 0],
						"1.75": [0, 0, 0],
						"2.0": [-20, 0, 0]
					}
				},
				"thigh_fl": {
					"rotation": {
						"0.0": [30, 0, 0],
						"0.25": [0, 0, 0],
						"0.5": [-20, 0, 0],
						"0.75": [0, 0, 0],
						"1.0": [30, 0, 0],
						"1.25": [0, 0, 0],
						"1.5": [-20, 0, 0],
						"1.75": [0, 0, 0],
						"2.0": [30, 0, 0]
					}
				},
				"thigh_br": {
					"rotation": {
						"0.0": [30, 0, 0],
						"0.25": [0, 0, 0],
						"0.5": [-25, 0, 0],
						"0.75": [0, 0, 0],
						"1.0": [30, 0, 0],
						"1.25": [0, 0, 0],
						"1.5": [-25, 0, 0],
						"1.75": [0, 0, 0],
						"2.0": [30, 0, 0]
					}
				},
				"thigh_bl": {
					"rotation": {
						"0.0": [-25, 0, 0],
						"0.25": [0, 0, 0],
						"0.5": [30, 0, 0],
						"0.75": [0, 0, 0],
						"1.0": [-25, 0, 0],
						"1.25": [0, 0, 0],
						"1.5": [30, 0, 0],
						"1.75": [0, 0, 0],
						"2.0": [-25, 0, 0]
					}
				}
			}
		},
		"animation.delcatty.sleep": {
			"loop": true,
			"animation_length": 4,
			"bones": {
				"body": {
					"rotation": [-55, 0, 0],
					"position": [0, 2, 0]
				},
				"neck": {
					"rotation": [42.5, 0, 0],
					"position": [0, -2, -1]
				},
				"head": {
					"rotation": {
						"0.0": [32.5, 0, 0],
						"2.0": [37.5, 0, 0],
						"4.0": [32.5, 0, 0]
					},
					"position": [0, 0, 0]
				},
				"necklace": {
					"rotation": [5, 0, 0],
					"position": [0, 0, 0]
				},
				"thigh_fr": {
					"rotation": [37.5, 0, 0]
				},
				"thigh_fl": {
					"rotation": [37.5, 0, 0]
				},
				"thigh_br": {
					"rotation": [-34.0724, 8.53726, 12.37961]
				},
				"thigh_bl": {
					"rotation": [-34.0724, -8.53726, -12.37961]
				},
				"eye_r": {
					"position": [0, 0, 0.03]
				},
				"open_r": {
					"position": [0, 0, -0.06]
				},
				"eye_l": {
					"position": [0, 0, 0.03]
				},
				"open_l": {
					"position": [0, 0, -0.06]
				},
				"mouth": {
					"position": [0, 0, -0.02]
				}
			}
		},
		"animation.delcatty.faint": {
			"loop": true,
			"animation_length": 4,
			"bones": {
				"body": {
					"rotation": {
						"0.0": [0, 0, 0],
						"0.4167": [25, 0, 0],
						"0.5": [25, 0, 10],
						"1.0": [25, 0, 85]
					},
					"position": {
						"0.0": [0, 0, 0],
						"0.5": [0, -2, 0],
						"1.0": [0, 3, 0]
					}
				},
				"eye_r": {
					"position": {
						"0.0": [0, 0, 0],
						"0.5": [0, 0, 0],
						"0.5417": [0, 0, 0.25]
					}
				},
				"open_r": {
					"position": {
						"0.0": [0, 0, 0],
						"0.5": [0, 0, 0],
						"0.5417": [0, 0, -0.27]
					}
				},
				"eye_l": {
					"position": {
						"0.5": [0, 0, 0],
						"0.5417": [0, 0, 0.25]
					}
				},
				"open_l": {
					"position": {
						"0.5": [0, 0, 0],
						"0.5417": [0, 0, -0.27]
					}
				},
				"neck": {
					"rotation": {
						"0.0": [0, 0, 0],
						"0.9167": [0, 0, 0],
						"1.0": [0, 0, -5]
					}
				},
				"head": {
					"rotation": {
						"0.0": [0, 0, 0],
						"0.9167": [0, 0, 0],
						"1.0": [0, 0, -5]
					}
				},
				"thigh_fr": {
					"rotation": {
						"0.0": [0, 0, 0],
						"0.4167": [30, 0, 0],
						"0.5": [30, 0, 0],
						"1.0": [0, 0, -15]
					}
				},
				"foot_fr": {
					"rotation": {
						"0.0": [0, 0, 0],
						"0.4167": [-100, 0, 0],
						"0.5": [-100, 0, 0],
						"1.0": [0, 0, 0]
					}
				},
				"thigh_fl": {
					"rotation": {
						"0.0": [0, 0, 0],
						"0.4167": [30, 0, 0],
						"0.5": [30, 0, 0],
						"1.0": [0, 0, 0]
					}
				},
				"foot_fl": {
					"rotation": {
						"0.0": [0, 0, 0],
						"0.4167": [-100, 0, 0],
						"0.5": [-100, 0, 0],
						"1.0": [0, 0, 0]
					}
				},
				"thigh_br": {
					"rotation": {
						"0.5": [0, 0, 0],
						"1.0": [0, 0, -15]
					}
				}
			}
		},
		"animation.delcatty.cry": {
			"animation_length": 1.25,
			"bones": {
				"head": {
					"rotation": {
						"0.0": [0, 0, 0],
						"0.25": [-7.5, 0, 0],
						"1.0": [-7.5, 0, 0],
						"1.25": [0, 0, 0]
					}
				},
				"mouth": {
					"position": {
						"0.0": [0, 0, 0],
						"0.0417": {
							"pre": [0, 0, 0],
							"post": [0, 0, -0.05]
						},
						"1.25": {
							"pre": [0, 0, -0.05],
							"post": [0, 0, 0]
						}
					}
				}
			},
			"sound_effects": {
				"0.0417": {
					"effect": "pokemon.delcatty.cry"
				}
			}
		},
		"animation.delcatty.blink": {
			"animation_length": 0.25,
			"bones": {
				"eye_r": {
					"position": {
						"0.0": [0, 0, 0],
						"0.0417": {"pre": [0, 0, 0], "post": [0, 0, 0.03]},
						"0.25": {"pre": [0, 0, 0.03], "post": [0, 0, 0]}
					}
				},
				"open_r": {
					"position": {
						"0.0": [0, 0, 0],
						"0.0417": {"pre": [0, 0, 0], "post": [0, 0, -0.06]},
						"0.25": {"pre": [0, 0, -0.06], "post": [0, 0, 0]}
					}
				},
				"eye_l": {
					"position": {
						"0.0": [0, 0, 0],
						"0.0417": {"pre": [0, 0, 0], "post": [0, 0, 0.03]},
						"0.25": {"pre": [0, 0, 0.03], "post": [0, 0, 0]}
					}
				},
				"open_l": {
					"position": {
						"0.0": [0, 0, 0],
						"0.0417": {"pre": [0, 0, 0], "post": [0, 0, -0.06]},
						"0.25": {"pre": [0, 0, -0.06], "post": [0, 0, 0]}
					}
				}
			}
		}
	}
}