{
	"format_version": "1.12.0",
	"minecraft:geometry": [
		{
			"description": {
				"identifier": "geometry.lucariocafe",
				"texture_width": 128,
				"texture_height": 128,
				"visible_bounds_width": 9,
				"visible_bounds_height": 8,
				"visible_bounds_offset": [0, 2, 0]
			},
			"bones": [
				{
					"name": "lucariocafe",
					"pivot": [0, 0, 0]
				},
				{
					"name": "body",
					"parent": "lucariocafe",
					"pivot": [0, 21.1, -1]
				},
				{
					"name": "torso",
					"parent": "body",
					"pivot": [0, 18.1, 0.5],
					"cubes": [
						{"origin": [-6, 14.9, -2.8], "size": [12, 7, 7], "inflate": -0.15, "uv": [0, 0]},
						{"origin": [-4.5, 21.6, -2.4], "size": [9, 2, 6], "uv": [0, 14]},
						{"origin": [-4.5, 21.7, -2.4], "size": [9, 1, 6], "inflate": 0.01, "uv": [0, 64]}
					]
				},
				{
					"name": "tie",
					"parent": "torso",
					"pivot": [0, 22.5, -1.5],
					"cubes": [
						{"origin": [-2.5, 22.4, -2.5], "size": [5, 2, 0], "uv": [21, 64]}
					]
				},
				{
					"name": "tie2",
					"parent": "tie",
					"pivot": [0, 22.5, -1.5],
					"rotation": [-30, 0, 0],
					"cubes": [
						{"origin": [-2.5, 17.9134, -2.31603], "size": [5, 4, 0], "uv": [21, 66]}
					]
				},
				{
					"name": "flap",
					"parent": "torso",
					"pivot": [0, 20.9, -2.65],
					"rotation": [-40, 0, 0],
					"cubes": [
						{"origin": [-5, 18.9, -2.65], "size": [10, 2, 0], "uv": [0, 71]}
					]
				},
				{
					"name": "flap2",
					"parent": "flap",
					"pivot": [0, 18.9, -2.65],
					"rotation": [35, 0, 0],
					"cubes": [
						{"origin": [-5, 13.9, -2.65], "size": [10, 5, 0], "uv": [0, 73]}
					]
				},
				{
					"name": "flap3",
					"parent": "flap2",
					"pivot": [0, 13.9, -2.65],
					"rotation": [5, 0, 0],
					"cubes": [
						{"origin": [-5, 8.9, -2.65], "size": [10, 5, 0], "uv": [0, 78]}
					]
				},
				{
					"name": "waist_fluff",
					"parent": "torso",
					"pivot": [0, 22.6, -2.4],
					"rotation": [65, 0, 0]
				},
				{
					"name": "tail",
					"parent": "torso",
					"pivot": [0, 19.1, 4.2],
					"cubes": [
						{"origin": [-1, 18.1, 3.2], "size": [2, 2, 7], "inflate": 0.1, "uv": [65, 34]}
					]
				},
				{
					"name": "tail2",
					"parent": "tail",
					"pivot": [0, 18.1, 10.3],
					"cubes": [
						{"origin": [-1, 17.4, 10.5], "size": [2, 3, 8], "inflate": 0.25, "uv": [63, 23]}
					]
				},
				{
					"name": "tail3",
					"parent": "tail2",
					"pivot": [0, 17.2, 18.7],
					"cubes": [
						{"origin": [-1.5, 16.7, 18.8], "size": [3, 4, 9], "inflate": 0.11, "uv": [76, 28]},
						{"origin": [-0.5, 13.4, 23.7], "size": [1, 3, 4], "inflate": 0.2, "uv": [62, 34]}
					]
				},
				{
					"name": "tail4",
					"parent": "tail3",
					"pivot": [0, 13.2, 27.9],
					"rotation": [-10, 0, 0],
					"cubes": [
						{"origin": [0, 8.2, 24.9], "size": [0, 5, 3], "uv": [78, 12]}
					]
				},
				{
					"name": "waist",
					"parent": "torso",
					"pivot": [0, 23.6, 0.4],
					"cubes": [
						{"origin": [-2.5, 21.4, -1.6], "size": [5, 7, 4], "inflate": -0.3, "uv": [0, 22]}
					]
				},
				{
					"name": "chest",
					"parent": "waist",
					"pivot": [0, 27, 0.4],
					"cubes": [
						{"origin": [-2.5, 27, -2.2], "size": [5, 5, 5], "inflate": -0.2, "uv": [0, 33]},
						{"origin": [-1, 28.5, -3.6], "size": [2, 2, 2], "pivot": [0, 29.5, -3.35], "rotation": [0, 0, 45], "uv": [63, 27]},
						{"origin": [-0.5, 29, -5.1], "size": [1, 1, 2], "pivot": [0, 29.5, -3.35], "rotation": [0, 0, 45], "uv": [59, 25]},
						{"origin": [-4.1, 28.2, -1.7], "size": [2, 4, 4], "inflate": -0.2, "pivot": [-3.1, 30.2, 0.3], "rotation": [-45, 0, 0], "uv": [54, 15]},
						{"origin": [2.1, 28.2, -1.7], "size": [2, 4, 4], "inflate": -0.2, "pivot": [3.1, 30.2, 0.3], "rotation": [-45, 0, 0], "uv": [66, 15]},
						{"origin": [-1.5, 31.4, -1.1], "size": [3, 4, 3], "inflate": -0.1, "uv": [42, 15]}
					]
				},
				{
					"name": "necktie",
					"parent": "chest",
					"pivot": [0, 33.1, 0],
					"rotation": [32, 0, 0],
					"cubes": [
						{"origin": [-4, 33.1, -3], "size": [8, 0, 3], "uv": [-3, 101]}
					]
				},
				{
					"name": "necktie2",
					"parent": "necktie",
					"pivot": [-1, 33.2, -2.7],
					"rotation": [36, 20, 0],
					"cubes": [
						{"origin": [-2, 32.7, -4.2], "size": [2, 1, 2], "uv": [0, 104]}
					]
				},
				{
					"name": "necktie3",
					"parent": "necktie2",
					"pivot": [-0.5, 33.2, -4.2],
					"rotation": [-22.5, 10, -15],
					"cubes": [
						{"origin": [-1.5, 33.2, -5.2], "size": [1, 0, 1], "uv": [3, 83]}
					]
				},
				{
					"name": "necktie4",
					"parent": "necktie3",
					"pivot": [-1.5, 33.2, -5.2],
					"rotation": [22.5, -10, -5],
					"cubes": [
						{"origin": [-2, 33.2, -9.2], "size": [2, 0, 4], "uv": [-4, 83]}
					]
				},
				{
					"name": "necktie5",
					"parent": "necktie",
					"pivot": [0, 33.1, 0],
					"rotation": [-55, 0, 0],
					"cubes": [
						{"origin": [-4, 33.1, 0], "size": [8, 0, 4], "uv": [-4, 97]}
					]
				},
				{
					"name": "fluff",
					"parent": "chest",
					"pivot": [0, 32.3, 0.4]
				},
				{
					"name": "head",
					"parent": "chest",
					"pivot": [0, 33.3, 0.7],
					"cubes": [
						{"origin": [-3.5, 33.3, -3.8], "size": [7, 7, 7], "uv": [18, 22]},
						{"origin": [-1, 37.3, -3.8], "size": [2, 3, 4], "inflate": 0.005, "uv": [18, 41]}
					]
				},
				{
					"name": "ears",
					"parent": "head",
					"pivot": [1, 33.3, -0.8]
				},
				{
					"name": "ear_right",
					"parent": "ears",
					"pivot": [-0.5, 40.3, -0.8],
					"rotation": [0, 0, -10],
					"cubes": [
						{"origin": [-3.5, 39.8, -0.8], "size": [3, 5, 3], "uv": [75, 20]},
						{"origin": [-3, 44.3, -0.79], "size": [2, 3, 2], "uv": [84, 15]},
						{"origin": [-3, 40.3, -0.81], "size": [2, 4, 0], "uv": [42, 4]}
					]
				},
				{
					"name": "ear_left",
					"parent": "ears",
					"pivot": [0.5, 40.3, -0.8],
					"rotation": [0, 0, 10],
					"cubes": [
						{"origin": [0.5, 39.8, -0.8], "size": [3, 5, 3], "uv": [87, 20]},
						{"origin": [1, 44.3, -0.79], "size": [2, 3, 2], "uv": [92, 15]},
						{"origin": [1, 40.3, -0.81], "size": [2, 4, 0], "uv": [38, 4]}
					]
				},
				{
					"name": "eyes",
					"parent": "head",
					"pivot": [1, 32.8, -0.8]
				},
				{
					"name": "eyes_right",
					"parent": "eyes",
					"pivot": [0.5, -7.2, -0.8]
				},
				{
					"name": "eye_right",
					"parent": "eyes_right",
					"pivot": [-2, 36.8, -2.8],
					"cubes": [
						{"origin": [-3.5, 35.8, -3.8], "size": [2, 2, 2], "inflate": 0.01, "uv": [0, 48]}
					]
				},
				{
					"name": "eye_right_anger",
					"parent": "eyes_right",
					"pivot": [-1.9, 36.8, -2.7],
					"cubes": [
						{"origin": [-3.4, 35.8, -3.7], "size": [2, 2, 2], "inflate": 0.01, "uv": [16, 48]}
					]
				},
				{
					"name": "eye_right_squint",
					"parent": "eyes_right",
					"pivot": [-1.9, 36.8, -2.7],
					"cubes": [
						{"origin": [-3.4, 35.8, -3.7], "size": [2, 1, 2], "inflate": 0.01, "uv": [0, 52]}
					]
				},
				{
					"name": "eye_right_emote",
					"parent": "eyes_right",
					"pivot": [-1.9, 36.4, -2.7],
					"cubes": [
						{"origin": [-1.9, 35.8, -3.8], "size": [1, 1, 0], "inflate": 0.011, "uv": [8, 46], "mirror": true}
					]
				},
				{
					"name": "eye_right_emote2",
					"parent": "eyes_right",
					"pivot": [-1.4, 37.3, -3.2],
					"cubes": [
						{"origin": [-1.9, 36.8, -3.7], "size": [1, 1, 0], "inflate": 0.015, "uv": [8, 43], "mirror": true}
					]
				},
				{
					"name": "eye_right_emote3",
					"parent": "eyes_right",
					"pivot": [-1.4, 37.3, -3.2],
					"cubes": [
						{"origin": [-1.9, 35.8, -3.7], "size": [1, 3, 0], "inflate": 0.01, "uv": [12, 43]}
					]
				},
				{
					"name": "pupil_right",
					"parent": "eyes_right",
					"pivot": [-2, 36.8, -3.31],
					"cubes": [
						{"origin": [-2.5, 35.8, -3.81], "size": [1, 2, 1], "inflate": 0.01, "uv": [0, 43]}
					]
				},
				{
					"name": "pupil_right_squint",
					"parent": "eyes_right",
					"pivot": [-2, 36.3, -3.21],
					"cubes": [
						{"origin": [-2.5, 35.8, -3.71], "size": [1, 1, 1], "inflate": 0.015, "uv": [0, 46]}
					]
				},
				{
					"name": "pupil_right_aura",
					"parent": "eyes_right",
					"pivot": [-2, 36.3, -3.21],
					"cubes": [
						{"origin": [-2.5, 35.8, -3.71], "size": [1, 1, 1], "inflate": 0.015, "uv": [14, 43]}
					]
				},
				{
					"name": "eyelid_right",
					"parent": "eyes_right",
					"pivot": [-1.9, 36.8, -2.7],
					"cubes": [
						{"origin": [-3.4, 35.8, -3.7], "size": [2, 2, 2], "inflate": 0.02, "uv": [0, 55]},
						{"origin": [-1.8, 35.8, -3.7], "size": [1, 2, 1], "inflate": 0.021, "uv": [16, 56]}
					]
				},
				{
					"name": "eyelid_right_happy",
					"parent": "eyes_right",
					"pivot": [-1.9, 36.8, -2.7],
					"cubes": [
						{"origin": [-3.4, 35.8, -3.7], "size": [3, 2, 2], "inflate": 0.02, "uv": [0, 59]}
					]
				},
				{
					"name": "eyes_left",
					"parent": "eyes",
					"pivot": [0.5, 32.8, -0.8]
				},
				{
					"name": "eye_left",
					"parent": "eyes_left",
					"pivot": [2, 36.8, -2.8],
					"cubes": [
						{"origin": [1.5, 35.8, -3.8], "size": [2, 2, 2], "inflate": 0.01, "uv": [8, 48]}
					]
				},
				{
					"name": "eye_left_anger",
					"parent": "eyes_left",
					"pivot": [1.9, 36.8, -2.7],
					"cubes": [
						{"origin": [1.4, 35.8, -3.7], "size": [2, 2, 2], "inflate": 0.01, "uv": [16, 52]}
					]
				},
				{
					"name": "eye_left_squint",
					"parent": "eyes_left",
					"pivot": [1.9, 36.8, -2.7],
					"cubes": [
						{"origin": [1.4, 35.8, -3.7], "size": [2, 1, 2], "inflate": 0.01, "uv": [8, 52]}
					]
				},
				{
					"name": "eye_left_emote",
					"parent": "eyes_left",
					"pivot": [1.4, 35.9, -3.3],
					"cubes": [
						{"origin": [0.9, 35.8, -3.8], "size": [1, 1, 0], "inflate": 0.011, "uv": [8, 45]}
					]
				},
				{
					"name": "eye_left_emote2",
					"parent": "eyes_left",
					"pivot": [1.4, 37.3, -3.2],
					"cubes": [
						{"origin": [0.9, 36.8, -3.7], "size": [1, 1, 0], "inflate": 0.015, "uv": [8, 44]}
					]
				},
				{
					"name": "eye_left_emote3",
					"parent": "eyes_left",
					"pivot": [1.4, 37.3, -3.2],
					"cubes": [
						{"origin": [0.9, 35.8, -3.7], "size": [1, 3, 0], "inflate": 0.01, "uv": [10, 43]}
					]
				},
				{
					"name": "pupil_left",
					"parent": "eyes_left",
					"pivot": [2, 36.8, -3.31],
					"cubes": [
						{"origin": [1.5, 35.8, -3.81], "size": [1, 2, 1], "inflate": 0.01, "uv": [4, 43]}
					]
				},
				{
					"name": "pupil_left_squint",
					"parent": "eyes_left",
					"pivot": [2, 36.3, -3.21],
					"cubes": [
						{"origin": [1.5, 35.8, -3.71], "size": [1, 1, 1], "inflate": 0.015, "uv": [4, 46]}
					]
				},
				{
					"name": "pupil_left_aura",
					"parent": "eyes_left",
					"pivot": [2, 36.3, -3.21],
					"cubes": [
						{"origin": [1.5, 35.8, -3.71], "size": [1, 1, 1], "inflate": 0.015, "uv": [14, 45]}
					]
				},
				{
					"name": "eyelid_left",
					"parent": "eyes_left",
					"pivot": [1.9, 36.8, -2.7],
					"cubes": [
						{"origin": [1.4, 35.8, -3.7], "size": [2, 2, 2], "inflate": 0.02, "uv": [8, 55]},
						{"origin": [0.8, 35.8, -3.7], "size": [1, 2, 1], "inflate": 0.021, "uv": [20, 56]}
					]
				},
				{
					"name": "eyelid_left_happy",
					"parent": "eyes_left",
					"pivot": [1.9, 36.8, -2.7],
					"cubes": [
						{"origin": [0.4, 35.8, -3.7], "size": [3, 2, 2], "inflate": 0.02, "uv": [10, 59]}
					]
				},
				{
					"name": "snout",
					"parent": "head",
					"pivot": [0, 36.3, -3.8],
					"rotation": [6, 0, 0],
					"cubes": [
						{"origin": [-1.5, 34.3, -7.2], "size": [3, 2, 4], "inflate": 0.05, "uv": [32, 36]}
					]
				},
				{
					"name": "fangs",
					"parent": "snout",
					"pivot": [-1.5, 35.1, -4.2]
				},
				{
					"name": "fang_right",
					"parent": "fangs",
					"pivot": [-1.08, 35.3, -4.7],
					"rotation": [50, 37.5, 62.5],
					"cubes": [
						{"origin": [-1.58, 34.8, -4.7], "size": [1, 1, 0], "uv": [44, 0], "mirror": true}
					]
				},
				{
					"name": "fang_left",
					"parent": "fangs",
					"pivot": [1.08, 35.3, -4.7],
					"rotation": [50, -37.5, -62.5],
					"cubes": [
						{"origin": [0.58, 34.8, -4.7], "size": [1, 1, 0], "uv": [44, 1]}
					]
				},
				{
					"name": "mouths",
					"parent": "head",
					"pivot": [1, 32.3, -2.8]
				},
				{
					"name": "jaw",
					"parent": "mouths",
					"pivot": [0, 33.4, -3.8],
					"cubes": [
						{"origin": [-1, 33.5, -5], "size": [2, 1, 1], "inflate": 0.2, "uv": [30, 20]}
					]
				},
				{
					"name": "mouth_open",
					"parent": "mouths",
					"pivot": [1, 33.6, -1.8],
					"cubes": [
						{"origin": [-1, 33.6, -2.81], "size": [2, 1, 0], "uv": [31, 4]},
						{"origin": [-1.5, 34.6, -2.81], "size": [3, 1, 0], "uv": [31, 3]}
					]
				},
				{
					"name": "mouth_open2",
					"parent": "mouths",
					"pivot": [1, 33.7, -1.8],
					"cubes": [
						{"origin": [-1.5, 33.7, -2.82], "size": [3, 1, 0], "inflate": -0.01, "uv": [31, 6]},
						{"origin": [-1.5, 34.7, -2.82], "size": [3, 1, 0], "uv": [31, 5]}
					]
				},
				{
					"name": "teeth_clench",
					"parent": "mouths",
					"pivot": [0, 34, -2.81],
					"cubes": [
						{"origin": [-2, 33.5, -2.81], "size": [4, 1, 0], "uv": [31, 2]}
					]
				},
				{
					"name": "smile",
					"parent": "mouths",
					"pivot": [1, 34.3, -1.8],
					"cubes": [
						{"origin": [-2.5, 34.6, -2.81], "size": [5, 1, 0], "uv": [31, 0]},
						{"origin": [-2, 33.6, -2.81], "size": [4, 1, 0], "uv": [31, 1]}
					]
				},
				{
					"name": "aura_sensors",
					"parent": "head",
					"pivot": [0, 3.3, -0.8]
				},
				{
					"name": "aura_sensor_right_outer",
					"parent": "aura_sensors",
					"pivot": [-3.4, 39.3, 2.7],
					"rotation": [15, -11, 30],
					"cubes": [
						{"origin": [-3.4, 33.3, 0.7], "size": [2, 6, 2], "uv": [96, 56]}
					]
				},
				{
					"name": "aura_sensor_right_outer2",
					"parent": "aura_sensor_right_outer",
					"pivot": [-2.4, 35.3, 1.7],
					"rotation": [0, 0, -2],
					"cubes": [
						{"origin": [-3.9, 28.1, 0.2], "size": [3, 7, 3], "inflate": 0.2, "uv": [116, 54]}
					]
				},
				{
					"name": "aura_sensor_right_inner",
					"parent": "aura_sensors",
					"pivot": [-2.5, 39.8, 3.2],
					"rotation": [28, -5, 10],
					"cubes": [
						{"origin": [-2.5, 33.8, 1.2], "size": [2, 6, 2], "uv": [96, 48]}
					]
				},
				{
					"name": "aura_sensor_right_inner2",
					"parent": "aura_sensor_right_inner",
					"pivot": [-1.5, 35.8, 2.2],
					"rotation": [0, 0, -2.5],
					"cubes": [
						{"origin": [-3, 26.6, 0.7], "size": [3, 9, 3], "inflate": 0.2, "uv": [116, 42]}
					]
				},
				{
					"name": "aura_sensor_left_outer",
					"parent": "aura_sensors",
					"pivot": [3.4, 39.3, 2.7],
					"rotation": [15, 11, -30],
					"cubes": [
						{"origin": [1.4, 33.3, 0.7], "size": [2, 6, 2], "uv": [88, 56]}
					]
				},
				{
					"name": "aura_sensor_left_outer2",
					"parent": "aura_sensor_left_outer",
					"pivot": [2.4, 35.3, 1.7],
					"rotation": [0, 0, 2],
					"cubes": [
						{"origin": [0.9, 28.1, 0.2], "size": [3, 7, 3], "inflate": 0.2, "uv": [104, 54]}
					]
				},
				{
					"name": "aura_sensor_left_inner",
					"parent": "aura_sensors",
					"pivot": [2.5, 39.8, 3.2],
					"rotation": [28, 5, -10],
					"cubes": [
						{"origin": [0.5, 33.8, 1.2], "size": [2, 6, 2], "uv": [88, 48]}
					]
				},
				{
					"name": "aura_sensor_left_inner2",
					"parent": "aura_sensor_left_inner",
					"pivot": [1.5, 35.8, 2.2],
					"rotation": [0, 0, 2.5],
					"cubes": [
						{"origin": [0, 26.6, 0.7], "size": [3, 9, 3], "inflate": 0.2, "uv": [104, 42]}
					]
				},
				{
					"name": "hat",
					"parent": "head",
					"pivot": [0, 39.9, -0.8],
					"rotation": [-7, 0, 0],
					"cubes": [
						{"origin": [-2.5, 39.9, -3.8], "size": [5, 3, 7], "uv": [0, 83]},
						{"origin": [-2.5, 39.9, -6.8], "size": [5, 1, 3], "uv": [0, 93]}
					]
				},
				{
					"name": "arm_right",
					"parent": "chest",
					"pivot": [-3.9, 30.3, 0.3],
					"cubes": [
						{"origin": [-9.7, 29.3, -0.7], "size": [7, 2, 2], "inflate": -0.2, "uv": [29, 56]}
					]
				},
				{
					"name": "arm_right2",
					"parent": "arm_right",
					"pivot": [-9.5, 30.3, 1.1],
					"cubes": [
						{"origin": [-14.5, 29.3, -1.2], "size": [5, 2, 3], "uv": [47, 54]}
					]
				},
				{
					"name": "hand_right",
					"parent": "arm_right2",
					"pivot": [-13.5, 31.3, 0.3],
					"cubes": [
						{"origin": [-16.9, 31.3, -0.7], "size": [2, 2, 2], "pivot": [-15.9, 33.05, 0.3], "rotation": [0, -45, 0], "uv": [60, 4]},
						{"origin": [-16.4, 32.8, -0.2], "size": [1, 2, 1], "pivot": [-15.9, 33.05, 0.3], "rotation": [0, -45, 0], "uv": [63, 24]},
						{"origin": [-17.3, 28.8, -1.7], "size": [4, 3, 4], "inflate": -0.12, "uv": [60, 50]}
					]
				},
				{
					"name": "finger_right_front",
					"parent": "hand_right",
					"pivot": [-17.15, 31.62, -0.6],
					"rotation": [0, -5, 0],
					"cubes": [
						{"origin": [-20.05, 28.8, -1.98], "size": [3, 3, 2], "inflate": -0.11, "uv": [84, 43]}
					]
				},
				{
					"name": "finger_right_middle",
					"parent": "hand_right",
					"pivot": [-17.25, 31.62, 0.3],
					"cubes": [
						{"origin": [-21.05, 28.8, -0.7], "size": [4, 3, 2], "inflate": -0.09, "uv": [76, 59]}
					]
				},
				{
					"name": "finger_right_back",
					"parent": "hand_right",
					"pivot": [-17.15, 31.62, 1.2],
					"rotation": [0, 5, 0],
					"cubes": [
						{"origin": [-20.05, 28.8, 0.58], "size": [3, 3, 2], "inflate": -0.11, "uv": [94, 43]}
					]
				},
				{
					"name": "arm_left",
					"parent": "chest",
					"pivot": [3.9, 30.3, 0.3],
					"cubes": [
						{"origin": [2.7, 29.3, -0.7], "size": [7, 2, 2], "inflate": -0.2, "uv": [26, 60]}
					]
				},
				{
					"name": "arm_left2",
					"parent": "arm_left",
					"pivot": [9.5, 30.3, 1.1],
					"cubes": [
						{"origin": [9.5, 29.3, -1.2], "size": [5, 2, 3], "uv": [44, 59]}
					]
				},
				{
					"name": "hand_left",
					"parent": "arm_left2",
					"pivot": [13.5, 31.3, 0.3],
					"cubes": [
						{"origin": [14.9, 31.3, -0.7], "size": [2, 2, 2], "pivot": [15.9, 33.05, 0.3], "rotation": [0, 45, 0], "uv": [68, 4]},
						{"origin": [15.4, 32.8, -0.2], "size": [1, 2, 1], "pivot": [15.9, 33.05, 0.3], "rotation": [0, 45, 0], "uv": [67, 24]},
						{"origin": [13.3, 28.8, -1.7], "size": [4, 3, 4], "inflate": -0.12, "uv": [60, 57]}
					]
				},
				{
					"name": "finger_left_front",
					"parent": "hand_left",
					"pivot": [17.15, 31.62, -0.6],
					"rotation": [0, 5, 0],
					"cubes": [
						{"origin": [17.05, 28.8, -1.98], "size": [3, 3, 2], "inflate": -0.11, "uv": [64, 43]}
					]
				},
				{
					"name": "finger_left_middle",
					"parent": "hand_left",
					"pivot": [17.25, 31.62, 0.3],
					"cubes": [
						{"origin": [17.05, 28.8, -0.7], "size": [4, 3, 2], "inflate": -0.09, "uv": [76, 54]}
					]
				},
				{
					"name": "finger_left_back",
					"parent": "hand_left",
					"pivot": [17.15, 31.62, 1.2],
					"rotation": [0, -5, 0],
					"cubes": [
						{"origin": [17.05, 28.8, 0.58], "size": [3, 3, 2], "inflate": -0.11, "uv": [74, 43]}
					]
				},
				{
					"name": "leg_right",
					"parent": "body",
					"pivot": [-4, 18.4, -1.3],
					"rotation": [0, 0, 8],
					"cubes": [
						{"origin": [-7, 12.9, -3.3], "size": [7, 7, 8], "inflate": -0.05, "uv": [38, 0]}
					]
				},
				{
					"name": "leg_right2",
					"parent": "leg_right",
					"pivot": [-3.3, 13.2, 0.7],
					"rotation": [5, 0, -8],
					"cubes": [
						{"origin": [-5.5, 10.2, -1], "size": [4, 4, 3], "uv": [114, 18]}
					]
				},
				{
					"name": "leg_right3",
					"parent": "leg_right2",
					"pivot": [-3.5, 10.2, -1],
					"rotation": [50, 0, 0],
					"cubes": [
						{"origin": [-5.5, 6.2, -1], "size": [4, 4, 3], "inflate": 0.01, "uv": [114, 11]}
					]
				},
				{
					"name": "leg_right4",
					"parent": "leg_right3",
					"pivot": [-3.5, 6.2, 2],
					"rotation": [-55, 0, 0],
					"cubes": [
						{"origin": [-5.5, -1.8, -1], "size": [4, 8, 3], "uv": [114, 0]}
					]
				},
				{
					"name": "foot_right",
					"parent": "leg_right4",
					"pivot": [-3.5, -1.8, 2],
					"rotation": [45, 0, 0],
					"cubes": [
						{"origin": [-6, -1.8, -1], "size": [5, 3, 3], "inflate": -0.01, "uv": [112, 25]}
					]
				},
				{
					"name": "foot_right2",
					"parent": "foot_right",
					"pivot": [-3.5, -1.8, -1],
					"rotation": [-45, 0, 0],
					"cubes": [
						{"origin": [-6, -1.8, -4], "size": [5, 3, 3], "uv": [112, 31]}
					]
				},
				{
					"name": "foot_right3",
					"parent": "foot_right2",
					"pivot": [-3.5, -1.8, -4],
					"cubes": [
						{"origin": [-6, -1.8, -6], "size": [5, 3, 2], "inflate": 0.01, "uv": [114, 37]}
					]
				},
				{
					"name": "leg_left",
					"parent": "body",
					"pivot": [4, 18.4, -1.3],
					"rotation": [0, 0, -8],
					"cubes": [
						{"origin": [0, 12.9, -3.3], "size": [7, 7, 8], "inflate": -0.05, "uv": [68, 0]}
					]
				},
				{
					"name": "leg_left2",
					"parent": "leg_left",
					"pivot": [3.3, 13.2, 0.7],
					"rotation": [5, 0, 8],
					"cubes": [
						{"origin": [1.5, 10.2, -1], "size": [4, 4, 3], "uv": [100, 18]}
					]
				},
				{
					"name": "leg_left3",
					"parent": "leg_left2",
					"pivot": [3.5, 10.2, -1],
					"rotation": [50, 0, 0],
					"cubes": [
						{"origin": [1.5, 6.2, -1], "size": [4, 4, 3], "inflate": 0.01, "uv": [100, 11]}
					]
				},
				{
					"name": "leg_left4",
					"parent": "leg_left3",
					"pivot": [3.5, 6.2, 2],
					"rotation": [-55, 0, 0],
					"cubes": [
						{"origin": [1.5, -1.8, -1], "size": [4, 8, 3], "uv": [100, 0]}
					]
				},
				{
					"name": "foot_left",
					"parent": "leg_left4",
					"pivot": [3.5, -1.8, 2],
					"rotation": [45, 0, 0],
					"cubes": [
						{"origin": [1, -1.8, -1], "size": [5, 3, 3], "inflate": -0.01, "uv": [96, 25]}
					]
				},
				{
					"name": "foot_left2",
					"parent": "foot_left",
					"pivot": [3.5, -1.8, -1],
					"rotation": [-45, 0, 0],
					"cubes": [
						{"origin": [1, -1.8, -4], "size": [5, 3, 3], "uv": [96, 31]}
					]
				},
				{
					"name": "foot_left3",
					"parent": "foot_left2",
					"pivot": [3.5, -1.8, -4],
					"cubes": [
						{"origin": [1, -1.8, -6], "size": [5, 3, 2], "inflate": 0.01, "uv": [100, 37]}
					]
				}
			]
		}
	]
}