{
	"format_version": "1.8.0",
	"animations": {
		"animation.yveltal.pose": {
			"loop": true,
			"bones": {
				"body": {
					"rotation": [-30, 0, 0],
					"position": [0, 31, 0]
				},
				"torso": {
					"rotation": [0, 0, 0],
					"position": [0, 0, 0]
				},
				"bone7": {
					"rotation": [2.5, 0, 0]
				},
				"bone16": {
					"rotation": [20, 0, 0]
				},
				"bone21": {
					"rotation": [-25, 0, 0]
				},
				"bone22": {
					"rotation": [-17.5, 0, 0]
				},
				"bone23": {
					"rotation": [-15, 0, 0]
				},
				"bone24": {
					"rotation": [20, 0, 0]
				},
				"bone6": {
					"rotation": [42.5, 0, 0]
				},
				"head": {
					"rotation": [-5, 0, 0]
				},
				"bone": {
					"rotation": [42.5, 0, 0]
				},
				"wing_right": {
					"rotation": [-5.57232, -24.26821, 16.42901]
				},
				"bone17": {
					"rotation": [0, -7.5, -5]
				},
				"bone18": {
					"rotation": [0, 0, -17.5]
				},
				"bone19": {
					"rotation": [0, 0, -22.5]
				},
				"bone8": {
					"rotation": [-20, 0, 0]
				},
				"bone9": {
					"rotation": [-15, 0, 0]
				},
				"bone11": {
					"rotation": [-27.5, 0, 0]
				},
				"bone12": {
					"rotation": [-17.5, 0, 0]
				},
				"bone13": {
					"rotation": [-35, 0, 0]
				},
				"bone14": {
					"rotation": [-17.5, 0, 0]
				},
				"wing_left": {
					"rotation": [-1.4255, 24.9387, -17.93161]
				},
				"bone35": {
					"rotation": [0, 10, 0]
				},
				"bone36": {
					"rotation": [0, 0, 25]
				},
				"bone37": {
					"rotation": [0, 0, 20]
				},
				"bone51": {
					"rotation": [17.5, 0, 0]
				},
				"bone49": {
					"rotation": [-16.73412, -15.74419, 12.49325]
				},
				"bone54": {
					"rotation": [37.5, 0, 0]
				},
				"bone52": {
					"rotation": [-20, 0, 0]
				},
				"bone55": {
					"rotation": [35, 0, 0]
				},
				"bone59": {
					"rotation": [32.5, 0, 0]
				},
				"bone60": {
					"rotation": [37.5, 0, 0]
				},
				"bone62": {
					"rotation": [-42.5, 0, 0]
				},
				"bone63": {
					"rotation": [-32.5, 0, 0]
				},
				"bone69": {
					"rotation": [30, 0, 0]
				},
				"bone70": {
					"rotation": [30, 0, 0]
				},
				"bone72": {
					"rotation": [40, 0, 0]
				},
				"bone73": {
					"rotation": [30, 0, 0]
				},
				"bone75": {
					"rotation": [-30, 0, 0]
				},
				"bone76": {
					"rotation": [-30, 0, 0]
				}
			}
		},
		"animation.yveltal.ground_idle": {
			"loop": true,
			"bones": {
				"body": {
					"rotation": [12.5, 0, 0],
					"position": [0, "-6-math.sin(q.anim_time*90*1)*0.5", 0]
				},
				"bone21": {
					"rotation": [-35, 0, 0]
				},
				"bone22": {
					"rotation": [-15, 0, 0]
				},
				"bone23": {
					"rotation": [-20, 0, 0]
				},
				"bone24": {
					"rotation": [22.5, 0, 0]
				},
				"bone6": {
					"rotation": ["27.5-math.sin(q.anim_time*90*1-90)*2", 0, 0]
				},
				"head": {
					"rotation": ["0-math.sin(q.anim_time*90*1-90)*2", 0, 0]
				},
				"wing_right": {
					"rotation": ["3.503-math.sin(q.anim_time*90*1)*2", 21.8593, "-5.8453+math.sin(q.anim_time*90*1)*2"]
				},
				"bone17": {
					"rotation": ["16.5043-math.sin(q.anim_time*90*1-90)*0.5", "-31.7164+math.sin(q.anim_time*90*1-90)*0.5", -8.99743]
				},
				"bone18": {
					"rotation": [26.19534, "-8.7832233164-math.sin(q.anim_time*90*1)*0.5", "-33.1156114691-math.sin(q.anim_time*90*1-90)*0.5"]
				},
				"bone19": {
					"rotation": [4.83045, -1.29256, "27.4454791839-math.sin(q.anim_time*90*1)*2"]
				},
				"wing_left": {
					"rotation": ["6.6519-math.sin(q.anim_time*90*1)*2", -21.54252, "8.5533-math.sin(q.anim_time*90*1)*2"]
				},
				"bone35": {
					"rotation": ["13.4168+math.sin(q.anim_time*90*1-90)*0.5", "21.785-math.sin(q.anim_time*90*1)*0.5", 19.17606]
				},
				"bone36": {
					"rotation": [29.73703, "16.4744252011+math.sin(q.anim_time*90*1)*0.5", "16.1381160091-math.sin(q.anim_time*90*1-90)*0.5"]
				},
				"bone37": {
					"rotation": [7.47178, -0.65182, "-30.6368-math.sin(q.anim_time*90*1)*2"]
				},
				"bone9": {
					"rotation": ["-2.3576-math.sin(q.anim_time*90*1)*2", -4.94218, -0.7511]
				},
				"bone12": {
					"rotation": [10.03742, -4.92385, -0.87038]
				},
				"bone13": {
					"rotation": [7.52832, -4.95712, -0.65426]
				},
				"bone49": {
					"rotation": ["-0.1143522505+math.sin(q.anim_time*90*1)*2", -9.91358, 21.31845],
					"position": [0, 0, 0]
				},
				"bone53": {
					"rotation": ["17.4787692451+math.sin(q.anim_time*90*1)*2", 0.32003, 10.0779]
				},
				"bone65": {
					"rotation": ["-0.1799483317+math.sin(q.anim_time*90*1)*2", 12.39135, -19.1575]
				},
				"bone68": {
					"rotation": ["2.4976235686+math.sin(q.anim_time*90*1)*2", 0.10901, -12.49762]
				},
				"torso": {
					"rotation": ["0+math.sin(q.anim_time*90*1)*2", 0, 0],
					"position": [0, 0, 0]
				},
				"bone7": {
					"rotation": [-17.5, 0, 0]
				},
				"bone": {
					"rotation": [0, 0, 0]
				},
				"bone20": {
					"rotation": [20, 0, 0]
				},
				"bone25": {
					"rotation": [-20, 0, 0]
				},
				"bone26": {
					"rotation": [0, 0, 12.5]
				},
				"bone29": {
					"rotation": [0, 0, 12.5]
				},
				"bone32": {
					"rotation": [0, 0, 12.5]
				},
				"bone38": {
					"rotation": [20, 0, 0]
				},
				"bone39": {
					"rotation": [-20, 0, 0]
				},
				"bone41": {
					"rotation": [0, 0, -12.5]
				},
				"bone44": {
					"rotation": [0, 0, -12.5]
				},
				"bone47": {
					"rotation": [0, 0, -10]
				},
				"bone14": {
					"rotation": [12.5, 0, 0]
				},
				"bone51": {
					"rotation": ["-2.5-math.sin(q.anim_time*90*1)*2", 0, 0]
				},
				"bone52": {
					"rotation": ["-10-math.sin(q.anim_time*90*1)*2", 0, 0]
				},
				"bone11": {
					"rotation": [0, -7.5, 0]
				},
				"claw": {
					"rotation": [-17.5, 0, 0]
				},
				"claw2": {
					"rotation": [-17.5, 0, 0]
				},
				"bone66": {
					"rotation": ["0-math.sin(q.anim_time*90*1)*2", 0, 0]
				},
				"bone67": {
					"rotation": ["0-math.sin(q.anim_time*90*1)*2", 0, 0]
				}
			}
		},
		"animation.yveltal.fly_idle_battle": {
			"loop": true,
			"animation_length": 3,
			"bones": {
				"body": {
					"rotation": ["0-math.cos((q.anim_time)*90*2/1.5)*4", 0, 0],
					"position": [0, "96-math.cos((q.anim_time)*90*2/1.5-45)*8", 0]
				},
				"bone21": {
					"rotation": ["-37.5+math.cos((q.anim_time)*90*2/1.5)*10", 0, 0]
				},
				"bone22": {
					"rotation": ["-15+math.cos((q.anim_time)*90*2/1.5-90)*10", 0, 0]
				},
				"bone23": {
					"rotation": ["12.5+math.cos((q.anim_time)*90*2/1.5-90)*10", 0, 0]
				},
				"bone24": {
					"rotation": ["-12.5+math.cos((q.anim_time)*90*2/1.5-90)*10", 0, 0]
				},
				"bone6": {
					"rotation": ["32.5-math.cos((q.anim_time)*90*2/1.5-90)*5", 0, 0]
				},
				"head": {
					"rotation": ["0-math.cos((q.anim_time)*90*2/1.5-90)*5", 0, 0]
				},
				"wing_right": {
					"rotation": {
						"0.0": {
							"post": [0, 0, 67.5],
							"lerp_mode": "catmullrom"
						},
						"1.5": {
							"post": [0, 0, -67.5],
							"lerp_mode": "catmullrom"
						},
						"3.0": {
							"post": [0, 0, 67.5],
							"lerp_mode": "catmullrom"
						}
					}
				},
				"bone18": {
					"rotation": {
						"0.0": {
							"post": [0, 0, -17.5],
							"lerp_mode": "catmullrom"
						},
						"0.5": {
							"post": [0, 0, 17.5],
							"lerp_mode": "catmullrom"
						},
						"0.75": {
							"post": [0, 0, 32.5],
							"lerp_mode": "catmullrom"
						},
						"1.0": {
							"post": [0, 0, 17.5],
							"lerp_mode": "catmullrom"
						},
						"1.5": {
							"post": [0, 0, -20],
							"lerp_mode": "catmullrom"
						},
						"2.25": {
							"post": [0, 0, -30],
							"lerp_mode": "catmullrom"
						},
						"2.5": {
							"post": [0, 0, -17.5],
							"lerp_mode": "catmullrom"
						},
						"2.75": {
							"post": [0, 0, -19],
							"lerp_mode": "catmullrom"
						},
						"3.0": {
							"post": [0, 0, -17.5],
							"lerp_mode": "catmullrom"
						}
					}
				},
				"bone19": {
					"rotation": {
						"0.0": {
							"post": [0, 0, -12.5],
							"lerp_mode": "catmullrom"
						},
						"0.5": {
							"post": [0, 0, 25],
							"lerp_mode": "catmullrom"
						},
						"0.75": {
							"post": [0, 0, 32.5],
							"lerp_mode": "catmullrom"
						},
						"1.5": {
							"post": [0, 0, 13.75],
							"lerp_mode": "catmullrom"
						},
						"1.875": {
							"post": [0, 0, -33.83],
							"lerp_mode": "catmullrom"
						},
						"2.25": {
							"post": [0, 0, -37.5],
							"lerp_mode": "catmullrom"
						},
						"2.5": {
							"post": [0, 0, -25],
							"lerp_mode": "catmullrom"
						},
						"2.75": {
							"post": [0, 0, -17.23],
							"lerp_mode": "catmullrom"
						},
						"3.0": {
							"post": [0, 0, -12.5],
							"lerp_mode": "catmullrom"
						}
					}
				},
				"wing_left": {
					"rotation": {
						"0.0": {
							"post": [0, 0, -67.5],
							"lerp_mode": "catmullrom"
						},
						"1.5": {
							"post": [0, 0, 67.5],
							"lerp_mode": "catmullrom"
						},
						"3.0": {
							"post": [0, 0, -67.5],
							"lerp_mode": "catmullrom"
						}
					}
				},
				"bone36": {
					"rotation": {
						"0.0": {
							"post": [0, 0, 17.5],
							"lerp_mode": "catmullrom"
						},
						"0.5": {
							"post": [0, 0, -22],
							"lerp_mode": "catmullrom"
						},
						"0.75": {
							"post": [0, 0, -32.5],
							"lerp_mode": "catmullrom"
						},
						"1.0": {
							"post": [0, 0, -17.5],
							"lerp_mode": "catmullrom"
						},
						"1.5": {
							"post": [0, 0, 20],
							"lerp_mode": "catmullrom"
						},
						"2.0": {
							"post": [0, 0, 30],
							"lerp_mode": "catmullrom"
						},
						"2.25": {
							"post": [0, 0, 30],
							"lerp_mode": "catmullrom"
						},
						"2.5": {
							"post": [0, 0, 26],
							"lerp_mode": "catmullrom"
						},
						"3.0": {
							"post": [0, 0, 17.5],
							"lerp_mode": "catmullrom"
						}
					}
				},
				"bone37": {
					"rotation": {
						"0.0": {
							"post": [0, 0, 12.5],
							"lerp_mode": "catmullrom"
						},
						"0.5": {
							"post": [0, 0, -19.51],
							"lerp_mode": "catmullrom"
						},
						"0.75": {
							"post": [0, 0, -32.5],
							"lerp_mode": "catmullrom"
						},
						"1.0": {
							"post": [0, 0, -17.5],
							"lerp_mode": "catmullrom"
						},
						"1.5": {
							"post": [0, 0, -13.75],
							"lerp_mode": "catmullrom"
						},
						"1.875": {
							"post": [0, 0, 33.83],
							"lerp_mode": "catmullrom"
						},
						"2.25": {
							"post": [0, 0, 37.5],
							"lerp_mode": "catmullrom"
						},
						"2.5": {
							"post": [0, 0, 17.23],
							"lerp_mode": "catmullrom"
						},
						"3.0": {
							"post": [0, 0, 12.5],
							"lerp_mode": "catmullrom"
						}
					}
				},
				"bone9": {
					"rotation": ["0+math.cos((q.anim_time)*90*2/1.5)*10", 0, 0]
				},
				"bone11": {
					"rotation": ["0+math.cos((q.anim_time)*90*2/1.5-90)*10", 0, 0]
				},
				"bone12": {
					"rotation": ["0+math.cos((q.anim_time)*90*2/1.5-90)*10", 0, 0]
				},
				"bone14": {
					"rotation": ["0+math.cos((q.anim_time)*90*2/1.5-90)*10", 0, 0]
				},
				"bone49": {
					"rotation": ["-29.1508-math.cos((q.anim_time)*90*2/1.5)*4", -14.09032, 27.59753]
				},
				"bone54": {
					"rotation": {
						"0.0": {
							"post": [30, 0, 0],
							"lerp_mode": "catmullrom"
						},
						"3.0": {
							"post": [30, 0, 0],
							"lerp_mode": "catmullrom"
						}
					}
				},
				"bone55": {
					"rotation": {
						"0.0": {
							"post": [30, 0, 0],
							"lerp_mode": "catmullrom"
						},
						"3.0": {
							"post": [30, 0, 0],
							"lerp_mode": "catmullrom"
						}
					}
				},
				"bone59": {
					"rotation": {
						"0.0": {
							"post": [32.5, 0, 0],
							"lerp_mode": "catmullrom"
						},
						"3.0": {
							"post": [32.5, 0, 0],
							"lerp_mode": "catmullrom"
						}
					}
				},
				"bone60": {
					"rotation": {
						"0.0": {
							"post": [30, 0, 0],
							"lerp_mode": "catmullrom"
						},
						"3.0": {
							"post": [30, 0, 0],
							"lerp_mode": "catmullrom"
						}
					}
				},
				"bone62": {
					"rotation": {
						"0.0": {
							"post": [-40, 0, 0],
							"lerp_mode": "catmullrom"
						},
						"3.0": {
							"post": [-40, 0, 0],
							"lerp_mode": "catmullrom"
						}
					}
				},
				"bone63": {
					"rotation": {
						"0.0": {
							"post": [-30, 0, 0],
							"lerp_mode": "catmullrom"
						},
						"3.0": {
							"post": [-30, 0, 0],
							"lerp_mode": "catmullrom"
						}
					}
				},
				"bone65": {
					"rotation": ["-30.4041091586-math.cos((q.anim_time)*90*2/1.5)*4", 10.93765, -27.03586]
				},
				"bone69": {
					"rotation": {
						"0.0": {
							"post": [30, 0, 0],
							"lerp_mode": "catmullrom"
						},
						"3.0": {
							"post": [30, 0, 0],
							"lerp_mode": "catmullrom"
						}
					}
				},
				"bone70": {
					"rotation": {
						"0.0": {
							"post": [30, 0, 0],
							"lerp_mode": "catmullrom"
						},
						"3.0": {
							"post": [30, 0, 0],
							"lerp_mode": "catmullrom"
						}
					}
				},
				"bone72": {
					"rotation": {
						"0.0": {
							"post": [30, 0, 0],
							"lerp_mode": "catmullrom"
						},
						"3.0": {
							"post": [30, 0, 0],
							"lerp_mode": "catmullrom"
						}
					}
				},
				"bone73": {
					"rotation": {
						"0.0": {
							"post": [30, 0, 0],
							"lerp_mode": "catmullrom"
						},
						"3.0": {
							"post": [30, 0, 0],
							"lerp_mode": "catmullrom"
						}
					}
				},
				"bone75": {
					"rotation": {
						"0.0": {
							"post": [-40, 0, 0],
							"lerp_mode": "catmullrom"
						},
						"3.0": {
							"post": [-40, 0, 0],
							"lerp_mode": "catmullrom"
						}
					}
				},
				"bone76": {
					"rotation": {
						"0.0": {
							"post": [-30, 0, 0],
							"lerp_mode": "catmullrom"
						},
						"3.0": {
							"post": [-30, 0, 0],
							"lerp_mode": "catmullrom"
						}
					}
				},
				"bone13": {
					"rotation": ["0+math.cos((q.anim_time)*90*2/1.5-90)*10", 0, 0]
				},
				"bone51": {
					"rotation": ["0-math.cos((q.anim_time)*90*2/1.5-90)*4", 0, 0]
				},
				"bone52": {
					"rotation": ["0-math.cos((q.anim_time)*90*2/1.5-90)*7", 0, 0]
				},
				"bone53": {
					"rotation": ["0-math.cos((q.anim_time)*90*2/1.5-90)*7", 0, 0]
				},
				"bone84": {
					"rotation": ["0+math.cos((q.anim_time)*90*2/1.5-90)*10", 0, 0]
				},
				"bone16": {
					"rotation": ["0+math.cos((q.anim_time)*90*2/1.5-90)*4", 0, 0]
				},
				"bone66": {
					"rotation": ["0-math.cos((q.anim_time)*90*2/1.5-90)*4", 0, 0]
				},
				"bone67": {
					"rotation": ["0-math.cos((q.anim_time)*90*2/1.5-90)*7", 0, 0]
				},
				"bone68": {
					"rotation": ["0-math.cos((q.anim_time)*90*2/1.5-90)*7", 0, 0]
				}
			}
		},
		"animation.yveltal.fly_idle": {
			"loop": true,
			"animation_length": 3,
			"bones": {
				"body": {
					"rotation": ["0-math.cos((q.anim_time)*90*2/1.5)*4", 0, 0],
					"position": [0, "5-math.cos((q.anim_time)*90*2/1.5-45)*8", 0]
				},
				"bone21": {
					"rotation": ["-37.5+math.cos((q.anim_time)*90*2/1.5)*10", 0, 0]
				},
				"bone22": {
					"rotation": ["-15+math.cos((q.anim_time)*90*2/1.5-90)*10", 0, 0]
				},
				"bone23": {
					"rotation": ["12.5+math.cos((q.anim_time)*90*2/1.5-90)*10", 0, 0]
				},
				"bone24": {
					"rotation": ["-12.5+math.cos((q.anim_time)*90*2/1.5-90)*10", 0, 0]
				},
				"bone6": {
					"rotation": ["32.5-math.cos((q.anim_time)*90*2/1.5-90)*5", 0, 0]
				},
				"head": {
					"rotation": ["0-math.cos((q.anim_time)*90*2/1.5-90)*5", 0, 0]
				},
				"wing_right": {
					"rotation": {
						"0.0": {
							"post": [0, 0, 67.5],
							"lerp_mode": "catmullrom"
						},
						"1.5": {
							"post": [0, 0, -67.5],
							"lerp_mode": "catmullrom"
						},
						"3.0": {
							"post": [0, 0, 67.5],
							"lerp_mode": "catmullrom"
						}
					}
				},
				"bone18": {
					"rotation": {
						"0.0": {
							"post": [0, 0, -17.5],
							"lerp_mode": "catmullrom"
						},
						"0.5": {
							"post": [0, 0, 17.5],
							"lerp_mode": "catmullrom"
						},
						"0.75": {
							"post": [0, 0, 32.5],
							"lerp_mode": "catmullrom"
						},
						"1.0": {
							"post": [0, 0, 17.5],
							"lerp_mode": "catmullrom"
						},
						"1.5": {
							"post": [0, 0, -20],
							"lerp_mode": "catmullrom"
						},
						"2.25": {
							"post": [0, 0, -30],
							"lerp_mode": "catmullrom"
						},
						"2.5": {
							"post": [0, 0, -17.5],
							"lerp_mode": "catmullrom"
						},
						"2.75": {
							"post": [0, 0, -19],
							"lerp_mode": "catmullrom"
						},
						"3.0": {
							"post": [0, 0, -17.5],
							"lerp_mode": "catmullrom"
						}
					}
				},
				"bone19": {
					"rotation": {
						"0.0": {
							"post": [0, 0, -12.5],
							"lerp_mode": "catmullrom"
						},
						"0.5": {
							"post": [0, 0, 25],
							"lerp_mode": "catmullrom"
						},
						"0.75": {
							"post": [0, 0, 32.5],
							"lerp_mode": "catmullrom"
						},
						"1.5": {
							"post": [0, 0, 13.75],
							"lerp_mode": "catmullrom"
						},
						"1.875": {
							"post": [0, 0, -33.83],
							"lerp_mode": "catmullrom"
						},
						"2.25": {
							"post": [0, 0, -37.5],
							"lerp_mode": "catmullrom"
						},
						"2.5": {
							"post": [0, 0, -25],
							"lerp_mode": "catmullrom"
						},
						"2.75": {
							"post": [0, 0, -17.23],
							"lerp_mode": "catmullrom"
						},
						"3.0": {
							"post": [0, 0, -12.5],
							"lerp_mode": "catmullrom"
						}
					}
				},
				"wing_left": {
					"rotation": {
						"0.0": {
							"post": [0, 0, -67.5],
							"lerp_mode": "catmullrom"
						},
						"1.5": {
							"post": [0, 0, 67.5],
							"lerp_mode": "catmullrom"
						},
						"3.0": {
							"post": [0, 0, -67.5],
							"lerp_mode": "catmullrom"
						}
					}
				},
				"bone36": {
					"rotation": {
						"0.0": {
							"post": [0, 0, 17.5],
							"lerp_mode": "catmullrom"
						},
						"0.5": {
							"post": [0, 0, -22],
							"lerp_mode": "catmullrom"
						},
						"0.75": {
							"post": [0, 0, -32.5],
							"lerp_mode": "catmullrom"
						},
						"1.0": {
							"post": [0, 0, -17.5],
							"lerp_mode": "catmullrom"
						},
						"1.5": {
							"post": [0, 0, 20],
							"lerp_mode": "catmullrom"
						},
						"2.0": {
							"post": [0, 0, 30],
							"lerp_mode": "catmullrom"
						},
						"2.25": {
							"post": [0, 0, 30],
							"lerp_mode": "catmullrom"
						},
						"2.5": {
							"post": [0, 0, 26],
							"lerp_mode": "catmullrom"
						},
						"3.0": {
							"post": [0, 0, 17.5],
							"lerp_mode": "catmullrom"
						}
					}
				},
				"bone37": {
					"rotation": {
						"0.0": {
							"post": [0, 0, 12.5],
							"lerp_mode": "catmullrom"
						},
						"0.5": {
							"post": [0, 0, -19.51],
							"lerp_mode": "catmullrom"
						},
						"0.75": {
							"post": [0, 0, -32.5],
							"lerp_mode": "catmullrom"
						},
						"1.0": {
							"post": [0, 0, -17.5],
							"lerp_mode": "catmullrom"
						},
						"1.5": {
							"post": [0, 0, -13.75],
							"lerp_mode": "catmullrom"
						},
						"1.875": {
							"post": [0, 0, 33.83],
							"lerp_mode": "catmullrom"
						},
						"2.25": {
							"post": [0, 0, 37.5],
							"lerp_mode": "catmullrom"
						},
						"2.5": {
							"post": [0, 0, 17.23],
							"lerp_mode": "catmullrom"
						},
						"3.0": {
							"post": [0, 0, 12.5],
							"lerp_mode": "catmullrom"
						}
					}
				},
				"bone9": {
					"rotation": ["0+math.cos((q.anim_time)*90*2/1.5)*10", 0, 0]
				},
				"bone11": {
					"rotation": ["0+math.cos((q.anim_time)*90*2/1.5-90)*10", 0, 0]
				},
				"bone12": {
					"rotation": ["0+math.cos((q.anim_time)*90*2/1.5-90)*10", 0, 0]
				},
				"bone14": {
					"rotation": ["0+math.cos((q.anim_time)*90*2/1.5-90)*10", 0, 0]
				},
				"bone49": {
					"rotation": ["-29.1508-math.cos((q.anim_time)*90*2/1.5)*4", -14.09032, 27.59753]
				},
				"bone54": {
					"rotation": {
						"0.0": {
							"post": [30, 0, 0],
							"lerp_mode": "catmullrom"
						},
						"3.0": {
							"post": [30, 0, 0],
							"lerp_mode": "catmullrom"
						}
					}
				},
				"bone55": {
					"rotation": {
						"0.0": {
							"post": [30, 0, 0],
							"lerp_mode": "catmullrom"
						},
						"3.0": {
							"post": [30, 0, 0],
							"lerp_mode": "catmullrom"
						}
					}
				},
				"bone59": {
					"rotation": {
						"0.0": {
							"post": [32.5, 0, 0],
							"lerp_mode": "catmullrom"
						},
						"3.0": {
							"post": [32.5, 0, 0],
							"lerp_mode": "catmullrom"
						}
					}
				},
				"bone60": {
					"rotation": {
						"0.0": {
							"post": [30, 0, 0],
							"lerp_mode": "catmullrom"
						},
						"3.0": {
							"post": [30, 0, 0],
							"lerp_mode": "catmullrom"
						}
					}
				},
				"bone62": {
					"rotation": {
						"0.0": {
							"post": [-40, 0, 0],
							"lerp_mode": "catmullrom"
						},
						"3.0": {
							"post": [-40, 0, 0],
							"lerp_mode": "catmullrom"
						}
					}
				},
				"bone63": {
					"rotation": {
						"0.0": {
							"post": [-30, 0, 0],
							"lerp_mode": "catmullrom"
						},
						"3.0": {
							"post": [-30, 0, 0],
							"lerp_mode": "catmullrom"
						}
					}
				},
				"bone65": {
					"rotation": ["-30.4041091586-math.cos((q.anim_time)*90*2/1.5)*4", 10.93765, -27.03586]
				},
				"bone69": {
					"rotation": {
						"0.0": {
							"post": [30, 0, 0],
							"lerp_mode": "catmullrom"
						},
						"3.0": {
							"post": [30, 0, 0],
							"lerp_mode": "catmullrom"
						}
					}
				},
				"bone70": {
					"rotation": {
						"0.0": {
							"post": [30, 0, 0],
							"lerp_mode": "catmullrom"
						},
						"3.0": {
							"post": [30, 0, 0],
							"lerp_mode": "catmullrom"
						}
					}
				},
				"bone72": {
					"rotation": {
						"0.0": {
							"post": [30, 0, 0],
							"lerp_mode": "catmullrom"
						},
						"3.0": {
							"post": [30, 0, 0],
							"lerp_mode": "catmullrom"
						}
					}
				},
				"bone73": {
					"rotation": {
						"0.0": {
							"post": [30, 0, 0],
							"lerp_mode": "catmullrom"
						},
						"3.0": {
							"post": [30, 0, 0],
							"lerp_mode": "catmullrom"
						}
					}
				},
				"bone75": {
					"rotation": {
						"0.0": {
							"post": [-40, 0, 0],
							"lerp_mode": "catmullrom"
						},
						"3.0": {
							"post": [-40, 0, 0],
							"lerp_mode": "catmullrom"
						}
					}
				},
				"bone76": {
					"rotation": {
						"0.0": {
							"post": [-30, 0, 0],
							"lerp_mode": "catmullrom"
						},
						"3.0": {
							"post": [-30, 0, 0],
							"lerp_mode": "catmullrom"
						}
					}
				},
				"bone13": {
					"rotation": ["0+math.cos((q.anim_time)*90*2/1.5-90)*10", 0, 0]
				},
				"bone51": {
					"rotation": ["0-math.cos((q.anim_time)*90*2/1.5-90)*4", 0, 0]
				},
				"bone52": {
					"rotation": ["0-math.cos((q.anim_time)*90*2/1.5-90)*7", 0, 0]
				},
				"bone53": {
					"rotation": ["0-math.cos((q.anim_time)*90*2/1.5-90)*7", 0, 0]
				},
				"bone84": {
					"rotation": ["0+math.cos((q.anim_time)*90*2/1.5-90)*10", 0, 0]
				},
				"bone16": {
					"rotation": ["0+math.cos((q.anim_time)*90*2/1.5-90)*4", 0, 0]
				},
				"bone66": {
					"rotation": ["0-math.cos((q.anim_time)*90*2/1.5-90)*4", 0, 0]
				},
				"bone67": {
					"rotation": ["0-math.cos((q.anim_time)*90*2/1.5-90)*7", 0, 0]
				},
				"bone68": {
					"rotation": ["0-math.cos((q.anim_time)*90*2/1.5-90)*7", 0, 0]
				}
			}
		},
		"animation.yveltal.air_fly": {
			"loop": true,
			"animation_length": 3,
			"bones": {
				"body": {
					"rotation": ["27.5-math.cos((q.anim_time)*90*2/1.5)*4", 0, 0],
					"position": [0, "4-math.cos((q.anim_time)*90*2/1.5-90)*8", 0]
				},
				"bone21": {
					"rotation": ["-52.5+math.cos((q.anim_time)*90*2/1.5)*10", 0, 0]
				},
				"bone22": {
					"rotation": ["-15+math.cos((q.anim_time)*90*2/1.5-90)*10", 0, 0]
				},
				"bone23": {
					"rotation": ["12.5+math.cos((q.anim_time)*90*2/1.5-90)*10", 0, 0]
				},
				"bone24": {
					"rotation": ["-12.5+math.cos((q.anim_time)*90*2/1.5-90)*10", 0, 0]
				},
				"bone6": {
					"rotation": ["7.5-math.cos((q.anim_time)*90*2/1.5-60)*5", 0, 0]
				},
				"head": {
					"rotation": ["-7.5-math.cos((q.anim_time)*90*2/1.5-90)*5", 0, 0]
				},
				"wing_right": {
					"rotation": {
						"0.0": {
							"post": [0, 0, 67.5],
							"lerp_mode": "catmullrom"
						},
						"1.5": {
							"post": [0, 0, -67.5],
							"lerp_mode": "catmullrom"
						},
						"3.0": {
							"post": [0, 0, 67.5],
							"lerp_mode": "catmullrom"
						}
					}
				},
				"bone18": {
					"rotation": {
						"0.0": {
							"post": [0, 0, -17.5],
							"lerp_mode": "catmullrom"
						},
						"0.5": {
							"post": [0, 0, 17.5],
							"lerp_mode": "catmullrom"
						},
						"0.75": {
							"post": [0, 0, 32.5],
							"lerp_mode": "catmullrom"
						},
						"1.0": [0, 0, 17.5],
						"1.5": {
							"pre": [0, 0, -20],
							"post": [0, 0, -20],
							"lerp_mode": "catmullrom"
						},
						"2.25": {
							"post": [0, 0, -30],
							"lerp_mode": "catmullrom"
						},
						"2.5": {
							"post": [0, 0, -17.5],
							"lerp_mode": "catmullrom"
						},
						"2.75": {
							"post": [0, 0, -19],
							"lerp_mode": "catmullrom"
						},
						"3.0": {
							"post": [0, 0, -17.5],
							"lerp_mode": "catmullrom"
						}
					}
				},
				"bone19": {
					"rotation": {
						"0.0": {
							"post": [0, 0, -12.5],
							"lerp_mode": "catmullrom"
						},
						"0.5": {
							"post": [0, 0, 25],
							"lerp_mode": "catmullrom"
						},
						"0.75": {
							"post": [0, 0, 32.5],
							"lerp_mode": "catmullrom"
						},
						"1.5": {
							"post": [0, 0, 13.75],
							"lerp_mode": "catmullrom"
						},
						"1.75": {
							"post": [0, 0, -33.83],
							"lerp_mode": "catmullrom"
						},
						"2.25": {
							"post": [0, 0, -37.5],
							"lerp_mode": "catmullrom"
						},
						"2.5": {
							"post": [0, 0, -25],
							"lerp_mode": "catmullrom"
						},
						"2.75": {
							"post": [0, 0, -17.23],
							"lerp_mode": "catmullrom"
						},
						"3.0": {
							"post": [0, 0, -12.5],
							"lerp_mode": "catmullrom"
						}
					}
				},
				"wing_left": {
					"rotation": {
						"0.0": {
							"post": [0, 0, -67.5],
							"lerp_mode": "catmullrom"
						},
						"1.5": {
							"post": [0, 0, 67.5],
							"lerp_mode": "catmullrom"
						},
						"3.0": {
							"post": [0, 0, -67.5],
							"lerp_mode": "catmullrom"
						}
					}
				},
				"bone36": {
					"rotation": {
						"0.0": {
							"post": [0, 0, 17.5],
							"lerp_mode": "catmullrom"
						},
						"0.5": {
							"post": [0, 0, -22],
							"lerp_mode": "catmullrom"
						},
						"0.75": {
							"post": [0, 0, -32.5],
							"lerp_mode": "catmullrom"
						},
						"1.0": {
							"post": [0, 0, -17.5],
							"lerp_mode": "catmullrom"
						},
						"1.5": {
							"post": [0, 0, 20],
							"lerp_mode": "catmullrom"
						},
						"2.0": {
							"post": [0, 0, 30],
							"lerp_mode": "catmullrom"
						},
						"2.25": {
							"post": [0, 0, 30],
							"lerp_mode": "catmullrom"
						},
						"2.5": {
							"post": [0, 0, 19],
							"lerp_mode": "catmullrom"
						},
						"3.0": {
							"post": [0, 0, 17.5],
							"lerp_mode": "catmullrom"
						}
					}
				},
				"bone37": {
					"rotation": {
						"0.0": {
							"post": [0, 0, 12.5],
							"lerp_mode": "catmullrom"
						},
						"0.5": {
							"post": [0, 0, -19.51],
							"lerp_mode": "catmullrom"
						},
						"0.75": {
							"post": [0, 0, -32.5],
							"lerp_mode": "catmullrom"
						},
						"1.0": {
							"post": [0, 0, -17.5],
							"lerp_mode": "catmullrom"
						},
						"1.5": {
							"post": [0, 0, -13.75],
							"lerp_mode": "catmullrom"
						},
						"1.75": {
							"post": [0, 0, 33.83],
							"lerp_mode": "catmullrom"
						},
						"2.25": {
							"post": [0, 0, 37.5],
							"lerp_mode": "catmullrom"
						},
						"2.5": {
							"post": [0, 0, 17.23],
							"lerp_mode": "catmullrom"
						},
						"3.0": {
							"post": [0, 0, 12.5],
							"lerp_mode": "catmullrom"
						}
					}
				},
				"bone9": {
					"rotation": ["0+math.cos((q.anim_time)*90*2/1.5)*10", 0, 0]
				},
				"bone11": {
					"rotation": ["0+math.cos((q.anim_time)*90*2/1.5-90)*10", 0, 0]
				},
				"bone12": {
					"rotation": ["0+math.cos((q.anim_time)*90*2/1.5-90)*10", 0, 0]
				},
				"bone14": {
					"rotation": ["0+math.cos((q.anim_time)*90*2/1.5-90)*10", 0, 0]
				},
				"bone49": {
					"rotation": {
						"0.0": {
							"post": [32.91103, 5.71617, 8.21888],
							"lerp_mode": "catmullrom"
						},
						"3.0": {
							"post": [32.91103, 5.71617, 8.21888],
							"lerp_mode": "catmullrom"
						}
					}
				},
				"bone54": {
					"rotation": {
						"0.0": {
							"post": [30, 0, 0],
							"lerp_mode": "catmullrom"
						},
						"3.0": {
							"post": [30, 0, 0],
							"lerp_mode": "catmullrom"
						}
					}
				},
				"bone55": {
					"rotation": {
						"0.0": {
							"post": [30, 0, 0],
							"lerp_mode": "catmullrom"
						},
						"3.0": {
							"post": [30, 0, 0],
							"lerp_mode": "catmullrom"
						}
					}
				},
				"bone59": {
					"rotation": {
						"0.0": {
							"post": [32.5, 0, 0],
							"lerp_mode": "catmullrom"
						},
						"3.0": {
							"post": [32.5, 0, 0],
							"lerp_mode": "catmullrom"
						}
					}
				},
				"bone60": {
					"rotation": {
						"0.0": {
							"post": [30, 0, 0],
							"lerp_mode": "catmullrom"
						},
						"3.0": {
							"post": [30, 0, 0],
							"lerp_mode": "catmullrom"
						}
					}
				},
				"bone62": {
					"rotation": {
						"0.0": {
							"post": [-40, 0, 0],
							"lerp_mode": "catmullrom"
						},
						"3.0": {
							"post": [-40, 0, 0],
							"lerp_mode": "catmullrom"
						}
					}
				},
				"bone63": {
					"rotation": {
						"0.0": {
							"post": [-30, 0, 0],
							"lerp_mode": "catmullrom"
						},
						"3.0": {
							"post": [-30, 0, 0],
							"lerp_mode": "catmullrom"
						}
					}
				},
				"bone65": {
					"rotation": {
						"0.0": {
							"post": [33.16171, -7.57131, -9.97528],
							"lerp_mode": "catmullrom"
						},
						"3.0": {
							"post": [33.16171, -7.57131, -9.97528],
							"lerp_mode": "catmullrom"
						}
					}
				},
				"bone69": {
					"rotation": {
						"0.0": {
							"post": [30, 0, 0],
							"lerp_mode": "catmullrom"
						},
						"3.0": {
							"post": [30, 0, 0],
							"lerp_mode": "catmullrom"
						}
					}
				},
				"bone70": {
					"rotation": {
						"0.0": {
							"post": [30, 0, 0],
							"lerp_mode": "catmullrom"
						},
						"3.0": {
							"post": [30, 0, 0],
							"lerp_mode": "catmullrom"
						}
					}
				},
				"bone72": {
					"rotation": {
						"0.0": {
							"post": [30, 0, 0],
							"lerp_mode": "catmullrom"
						},
						"3.0": {
							"post": [30, 0, 0],
							"lerp_mode": "catmullrom"
						}
					}
				},
				"bone73": {
					"rotation": {
						"0.0": {
							"post": [30, 0, 0],
							"lerp_mode": "catmullrom"
						},
						"3.0": {
							"post": [30, 0, 0],
							"lerp_mode": "catmullrom"
						}
					}
				},
				"bone75": {
					"rotation": {
						"0.0": {
							"post": [-40, 0, 0],
							"lerp_mode": "catmullrom"
						},
						"3.0": {
							"post": [-40, 0, 0],
							"lerp_mode": "catmullrom"
						}
					}
				},
				"bone76": {
					"rotation": {
						"0.0": {
							"post": [-30, 0, 0],
							"lerp_mode": "catmullrom"
						},
						"3.0": {
							"post": [-30, 0, 0],
							"lerp_mode": "catmullrom"
						}
					}
				},
				"bone51": {
					"rotation": ["15-math.cos((q.anim_time)*90*2/1.5)*4", 0, 0]
				},
				"bone52": {
					"rotation": ["-17.5-math.cos((q.anim_time)*90*2/1.5)*7", 0, 0]
				},
				"bone66": {
					"rotation": ["15-math.cos((q.anim_time)*90*2/1.5)*4", 0, 0]
				},
				"bone53": {
					"rotation": [20, 0, 0]
				},
				"bone67": {
					"rotation": [-20, 0, 0]
				},
				"bone68": {
					"rotation": [20, 0, 0]
				}
			}
		},
		"animation.yveltal.ground_fly": {
			"loop": true,
			"animation_length": 3,
			"bones": {
				"body": {
					"rotation": ["27.5-math.cos((q.anim_time)*90*2/1.5)*4", 0, 0],
					"position": [0, "106-math.cos((q.anim_time)*90*2/1.5-45)*8", 0]
				},
				"bone21": {
					"rotation": ["-52.5+math.cos((q.anim_time)*90*2/1.5)*10", 0, 0]
				},
				"bone22": {
					"rotation": ["-15+math.cos((q.anim_time)*90*2/1.5-90)*10", 0, 0]
				},
				"bone23": {
					"rotation": ["12.5+math.cos((q.anim_time)*90*2/1.5-90)*10", 0, 0]
				},
				"bone24": {
					"rotation": ["-12.5+math.cos((q.anim_time)*90*2/1.5-90)*10", 0, 0]
				},
				"bone6": {
					"rotation": ["7.5-math.cos((q.anim_time)*90*2/1.5-90)*5", 0, 0]
				},
				"head": {
					"rotation": ["-7.5-math.cos((q.anim_time)*90*2/1.5-90)*5", 0, 0]
				},
				"wing_right": {
					"rotation": {
						"0.0": {
							"post": [0, 0, 67.5],
							"lerp_mode": "catmullrom"
						},
						"1.5": {
							"post": [0, 0, -67.5],
							"lerp_mode": "catmullrom"
						},
						"3.0": {
							"post": [0, 0, 67.5],
							"lerp_mode": "catmullrom"
						}
					}
				},
				"bone18": {
					"rotation": {
						"0.0": {
							"post": [0, 0, -17.5],
							"lerp_mode": "catmullrom"
						},
						"0.5": {
							"post": [0, 0, 17.5],
							"lerp_mode": "catmullrom"
						},
						"0.75": {
							"post": [0, 0, 32.5],
							"lerp_mode": "catmullrom"
						},
						"1.0": [0, 0, 17.5],
						"1.5": {
							"pre": [0, 0, -20],
							"post": [0, 0, -20],
							"lerp_mode": "catmullrom"
						},
						"2.25": {
							"post": [0, 0, -30],
							"lerp_mode": "catmullrom"
						},
						"2.5": {
							"post": [0, 0, -17.5],
							"lerp_mode": "catmullrom"
						},
						"2.75": {
							"post": [0, 0, -19],
							"lerp_mode": "catmullrom"
						},
						"3.0": {
							"post": [0, 0, -17.5],
							"lerp_mode": "catmullrom"
						}
					}
				},
				"bone19": {
					"rotation": {
						"0.0": {
							"post": [0, 0, -12.5],
							"lerp_mode": "catmullrom"
						},
						"0.5": {
							"post": [0, 0, 25],
							"lerp_mode": "catmullrom"
						},
						"0.75": {
							"post": [0, 0, 32.5],
							"lerp_mode": "catmullrom"
						},
						"1.5": {
							"post": [0, 0, 13.75],
							"lerp_mode": "catmullrom"
						},
						"1.75": {
							"post": [0, 0, -33.83],
							"lerp_mode": "catmullrom"
						},
						"2.25": {
							"post": [0, 0, -37.5],
							"lerp_mode": "catmullrom"
						},
						"2.5": {
							"post": [0, 0, -25],
							"lerp_mode": "catmullrom"
						},
						"2.75": {
							"post": [0, 0, -17.23],
							"lerp_mode": "catmullrom"
						},
						"3.0": {
							"post": [0, 0, -12.5],
							"lerp_mode": "catmullrom"
						}
					}
				},
				"wing_left": {
					"rotation": {
						"0.0": {
							"post": [0, 0, -67.5],
							"lerp_mode": "catmullrom"
						},
						"1.5": {
							"post": [0, 0, 67.5],
							"lerp_mode": "catmullrom"
						},
						"3.0": {
							"post": [0, 0, -67.5],
							"lerp_mode": "catmullrom"
						}
					}
				},
				"bone36": {
					"rotation": {
						"0.0": {
							"post": [0, 0, 17.5],
							"lerp_mode": "catmullrom"
						},
						"0.5": {
							"post": [0, 0, -22],
							"lerp_mode": "catmullrom"
						},
						"0.75": {
							"post": [0, 0, -32.5],
							"lerp_mode": "catmullrom"
						},
						"1.0": {
							"post": [0, 0, -17.5],
							"lerp_mode": "catmullrom"
						},
						"1.5": {
							"post": [0, 0, 20],
							"lerp_mode": "catmullrom"
						},
						"2.0": {
							"post": [0, 0, 30],
							"lerp_mode": "catmullrom"
						},
						"2.25": {
							"post": [0, 0, 30],
							"lerp_mode": "catmullrom"
						},
						"2.5": {
							"post": [0, 0, 19],
							"lerp_mode": "catmullrom"
						},
						"3.0": {
							"post": [0, 0, 17.5],
							"lerp_mode": "catmullrom"
						}
					}
				},
				"bone37": {
					"rotation": {
						"0.0": {
							"post": [0, 0, 12.5],
							"lerp_mode": "catmullrom"
						},
						"0.5": {
							"post": [0, 0, -19.51],
							"lerp_mode": "catmullrom"
						},
						"0.75": {
							"post": [0, 0, -32.5],
							"lerp_mode": "catmullrom"
						},
						"1.0": {
							"post": [0, 0, -17.5],
							"lerp_mode": "catmullrom"
						},
						"1.5": {
							"post": [0, 0, -13.75],
							"lerp_mode": "catmullrom"
						},
						"1.75": {
							"post": [0, 0, 33.83],
							"lerp_mode": "catmullrom"
						},
						"2.25": {
							"post": [0, 0, 37.5],
							"lerp_mode": "catmullrom"
						},
						"2.5": {
							"post": [0, 0, 17.23],
							"lerp_mode": "catmullrom"
						},
						"3.0": {
							"post": [0, 0, 12.5],
							"lerp_mode": "catmullrom"
						}
					}
				},
				"bone9": {
					"rotation": ["0+math.cos((q.anim_time)*90*2/1.5)*10", 0, 0]
				},
				"bone11": {
					"rotation": ["0+math.cos((q.anim_time)*90*2/1.5-90)*10", 0, 0]
				},
				"bone12": {
					"rotation": ["0+math.cos((q.anim_time)*90*2/1.5-90)*10", 0, 0]
				},
				"bone14": {
					"rotation": ["0+math.cos((q.anim_time)*90*2/1.5-90)*10", 0, 0]
				},
				"bone49": {
					"rotation": {
						"0.0": {
							"post": [32.91103, 5.71617, 8.21888],
							"lerp_mode": "catmullrom"
						},
						"3.0": {
							"post": [32.91103, 5.71617, 8.21888],
							"lerp_mode": "catmullrom"
						}
					}
				},
				"bone54": {
					"rotation": {
						"0.0": {
							"post": [30, 0, 0],
							"lerp_mode": "catmullrom"
						},
						"3.0": {
							"post": [30, 0, 0],
							"lerp_mode": "catmullrom"
						}
					}
				},
				"bone55": {
					"rotation": {
						"0.0": {
							"post": [30, 0, 0],
							"lerp_mode": "catmullrom"
						},
						"3.0": {
							"post": [30, 0, 0],
							"lerp_mode": "catmullrom"
						}
					}
				},
				"bone59": {
					"rotation": {
						"0.0": {
							"post": [32.5, 0, 0],
							"lerp_mode": "catmullrom"
						},
						"3.0": {
							"post": [32.5, 0, 0],
							"lerp_mode": "catmullrom"
						}
					}
				},
				"bone60": {
					"rotation": {
						"0.0": {
							"post": [30, 0, 0],
							"lerp_mode": "catmullrom"
						},
						"3.0": {
							"post": [30, 0, 0],
							"lerp_mode": "catmullrom"
						}
					}
				},
				"bone62": {
					"rotation": {
						"0.0": {
							"post": [-40, 0, 0],
							"lerp_mode": "catmullrom"
						},
						"3.0": {
							"post": [-40, 0, 0],
							"lerp_mode": "catmullrom"
						}
					}
				},
				"bone63": {
					"rotation": {
						"0.0": {
							"post": [-30, 0, 0],
							"lerp_mode": "catmullrom"
						},
						"3.0": {
							"post": [-30, 0, 0],
							"lerp_mode": "catmullrom"
						}
					}
				},
				"bone65": {
					"rotation": {
						"0.0": {
							"post": [33.16171, -7.57131, -9.97528],
							"lerp_mode": "catmullrom"
						},
						"3.0": {
							"post": [33.16171, -7.57131, -9.97528],
							"lerp_mode": "catmullrom"
						}
					}
				},
				"bone69": {
					"rotation": {
						"0.0": {
							"post": [30, 0, 0],
							"lerp_mode": "catmullrom"
						},
						"3.0": {
							"post": [30, 0, 0],
							"lerp_mode": "catmullrom"
						}
					}
				},
				"bone70": {
					"rotation": {
						"0.0": {
							"post": [30, 0, 0],
							"lerp_mode": "catmullrom"
						},
						"3.0": {
							"post": [30, 0, 0],
							"lerp_mode": "catmullrom"
						}
					}
				},
				"bone72": {
					"rotation": {
						"0.0": {
							"post": [30, 0, 0],
							"lerp_mode": "catmullrom"
						},
						"3.0": {
							"post": [30, 0, 0],
							"lerp_mode": "catmullrom"
						}
					}
				},
				"bone73": {
					"rotation": {
						"0.0": {
							"post": [30, 0, 0],
							"lerp_mode": "catmullrom"
						},
						"3.0": {
							"post": [30, 0, 0],
							"lerp_mode": "catmullrom"
						}
					}
				},
				"bone75": {
					"rotation": {
						"0.0": {
							"post": [-40, 0, 0],
							"lerp_mode": "catmullrom"
						},
						"3.0": {
							"post": [-40, 0, 0],
							"lerp_mode": "catmullrom"
						}
					}
				},
				"bone76": {
					"rotation": {
						"0.0": {
							"post": [-30, 0, 0],
							"lerp_mode": "catmullrom"
						},
						"3.0": {
							"post": [-30, 0, 0],
							"lerp_mode": "catmullrom"
						}
					}
				},
				"bone51": {
					"rotation": ["15-math.cos((q.anim_time)*90*2/1.5)*4", 0, 0]
				},
				"bone52": {
					"rotation": ["-17.5-math.cos((q.anim_time)*90*2/1.5)*7", 0, 0]
				},
				"bone66": {
					"rotation": ["15-math.cos((q.anim_time)*90*2/1.5)*4", 0, 0]
				},
				"bone53": {
					"rotation": [20, 0, 0]
				},
				"bone67": {
					"rotation": [-20, 0, 0]
				},
				"bone68": {
					"rotation": [20, 0, 0]
				}
			}
		},
		"animation.yveltal.oblivionwing_test": {
			"loop": true,
			"bones": {
				"body": {
					"position": [0, 105, 0]
				},
				"bone21": {
					"rotation": [-32.5, 0, 0]
				},
				"bone22": {
					"rotation": [-12.5, 0, 0]
				},
				"bone23": {
					"rotation": [-22.43271, 0.00761, 0.81742]
				},
				"bone24": {
					"rotation": [12.5, 0, 0]
				},
				"bone6": {
					"rotation": [52.5, 0, 0]
				},
				"bone": {
					"rotation": [52.5, 0, 0]
				},
				"wing_right": {
					"rotation": [1.59749, -19.93031, -5.31435]
				},
				"bone18": {
					"rotation": [0, 0, -52.5]
				},
				"bone19": {
					"rotation": [0, 0, -17.5]
				},
				"wing_left": {
					"rotation": [4.29027, 29.54066, -3.44328]
				},
				"bone36": {
					"rotation": [0, 0, 52.5]
				},
				"bone37": {
					"rotation": [0, 0, 17.5]
				},
				"bone8": {
					"rotation": [-15, 0, 0]
				},
				"bone9": {
					"rotation": [-42.5, 0, 0]
				},
				"bone11": {
					"rotation": [-27.5, 0, 0]
				},
				"bone12": {
					"rotation": [-7.5, 0, 0]
				},
				"bone13": {
					"rotation": [-22.5, 0, 0]
				},
				"bone14": {
					"rotation": [-17.5, 0, 0]
				},
				"bone49": {
					"rotation": [0, 0, 12.5]
				},
				"bone52": {
					"rotation": [-15, 0, 0]
				},
				"bone54": {
					"rotation": [32.5, 0, 0]
				},
				"bone55": {
					"rotation": [22.5, 0, 0]
				},
				"bone59": {
					"rotation": [32.5, 0, 0]
				},
				"bone60": {
					"rotation": [22.5, 0, 0]
				},
				"bone62": {
					"rotation": [-45, 0, 0]
				},
				"bone63": {
					"rotation": [-22.5, 0, 0]
				},
				"bone65": {
					"rotation": [0, 0, -12.5]
				},
				"bone67": {
					"rotation": [-20, 0, 0]
				},
				"bone69": {
					"rotation": [32.5, 0, 0]
				},
				"bone70": {
					"rotation": [22.5, 0, 0]
				},
				"bone72": {
					"rotation": [32.5, 0, 0]
				},
				"bone73": {
					"rotation": [22.5, 0, 0]
				},
				"bone75": {
					"rotation": [-45, 0, 0]
				},
				"bone76": {
					"rotation": [-25, 0, 0]
				},
				"head": {
					"rotation": [-17.5, 0, 0]
				},
				"bone20": {
					"rotation": [25, 0, 0]
				},
				"bone25": {
					"rotation": [-25, 0, 0]
				},
				"bone38": {
					"rotation": [25, 0, 0]
				},
				"bone39": {
					"rotation": [-25, 0, 0]
				},
				"claw": {
					"rotation": [-25, 0, 0]
				},
				"claw2": {
					"rotation": [-25, 0, 0]
				}
			}
		},
		"animation.yveltal.blink": {
			"animation_length": 0.25,
			"bones": {
				"bone15": {
					"position": {
						"0.0": [-1, 0, 0],
						"0.25": {
							"pre": [-1, 0, 0],
							"post": [0, 0, 0]
						}
					}
				},
				"bone34": {
					"position": {
						"0.0": [1, 0, 0],
						"0.25": {
							"pre": [1, 0, 0],
							"post": [0, 0, 0]
						}
					}
				}
			}
		}
	}
}