{
	"format_version": "1.8.0",
	"animations": {
		"animation.hatterene.ground_idleold": {
			"loop": true,
			"bones": {
				"body": {
					"rotation": [15.11432, 5.4539, 5.86728],
					"position": [0, 2, 0]
				},
				"torso": {
					"rotation": [-10.47528, -1.07046, -3.65842]
				},
				"right_arm": {
					"rotation": [0, 0, -60]
				},
				"left_arm": {
					"rotation": [0, 0, 60]
				},
				"hat": {
					"rotation": [-6.00994, 11.16255, -4.92257]
				},
				"cone": {
					"rotation": [-4.04104, -1.62829, 6.69646]
				},
				"hat_arm": {
					"rotation": [-32.07692, -52.42746, 48.46296]
				},
				"hat_arm_elbow": {
					"rotation": [-21.03866, 0.47248, 8.45751]
				},
				"hat_arm_bend": {
					"rotation": [-32.4908, 19.97243, -22.78636]
				},
				"hat_hand": {
					"rotation": [5.28293, 22.46, -9.06164]
				},
				"hat_finger_middle": {
					"rotation": [9.9237, 2.57529, -0.86805]
				},
				"hat_wrist": {
					"rotation": [-10.23772, 12.3071, -2.20462]
				},
				"hat_finger_left": {
					"rotation": [-0.44303, 5.07251, -0.95739]
				},
				"hat_finger_right": {
					"rotation": [32.5, -15, 0]
				},
				"head_inside": {
					"rotation": [0, 10, 0]
				},
				"body_bend": {
					"rotation": [-2.46671, -0.01411, -0.4344]
				},
				"body_bend_base": {
					"rotation": [-2.5, -12.5, 0]
				},
				"frontmost_right_toe": {
					"rotation": [27.94615, 2.74932, -7.27418]
				},
				"foot": {
					"rotation": [-5.23761, 4.97534, -5.44596]
				},
				"frontmost_right_toe_bend": {
					"rotation": [-27.5, 0, 0]
				},
				"front_right_toe_bend": {
					"rotation": [-27.5, 0, 0]
				},
				"front_right_toe": {
					"rotation": [28.99374, 3.20819, -10.94319]
				},
				"middle_right_toe": {
					"rotation": [-120.5567, -25.72267, -157.53356]
				},
				"middle_right_toe_bend": {
					"rotation": [-22.5, 0, 0]
				},
				"back_right_toe_bend": {
					"rotation": [-20, 0, 0]
				},
				"back_right_toe": {
					"rotation": [-139.41702, -103.15176, -175.04305]
				},
				"frontmost_left_toe": {
					"rotation": [22.5, 0, 0]
				},
				"frontmost_left_toe_bend": {
					"rotation": [-22.5, 0, 0]
				},
				"front_left_toe": {
					"rotation": [17.31858, -1.60421, 9.02211]
				},
				"front_left_toe_bend": {
					"rotation": [-25, 0, 0]
				},
				"middle_left_toe": {
					"rotation": [-124.15636, 26.60312, 145.84364]
				},
				"middle_left_toe_bend": {
					"rotation": [-15, 0, 0]
				},
				"back_left_toe": {
					"rotation": [-140.3779, 104.55387, 172.45842]
				},
				"back_left_toe_bend": {
					"rotation": [-27.5, 0, 0]
				},
				"back_toe": {
					"rotation": [212.47638, -178.7503, 177.83459]
				},
				"back_toe_bend": {
					"rotation": [-15, 0, 0]
				},
				"head_hair_opened_right": {
					"rotation": [0, 0, 17.5]
				},
				"head_hair_opened_right_bend": {
					"rotation": [0, 0, 17.5]
				},
				"head_hair_opened_right_end": {
					"rotation": [0, 0, -25]
				},
				"head_hair_opened_right_tip": {
					"rotation": [0, 0, -27.5]
				},
				"head_hair_opened_left": {
					"rotation": [0, 0, -12.5]
				},
				"head_hair_opened_left_bend": {
					"rotation": [0, 0, -17.5]
				},
				"head_hair_opened_left_end": {
					"rotation": [0, 0, -22.5]
				},
				"head_hair_opened_left_tip": {
					"rotation": [0, 0, -15]
				},
				"body_closed": {
					"position": [0, 0, -0.25]
				},
				"hair_opened": {
					"scale": 0
				}
			}
		},
		"animation.hatterene.ground_idle": {
			"loop": true,
			"bones": {
				"body": {
					"position": [0, 1, 0]
				},
				"torso": {
					"rotation": ["0+Math.cos((query.anim_time)*90*2-60)*1", 0, "0+Math.cos((query.anim_time)*90*2-60)*1.25"]
				},
				"right_arm": {
					"rotation": [0, 0, -60]
				},
				"left_arm": {
					"rotation": [0, 0, 60]
				},
				"hat": {
					"rotation": [-6.00994, 11.16255, -4.92257]
				},
				"cone": {
					"rotation": [-4.04104, -1.62829, 6.69646]
				},
				"hat_arm": {
					"rotation": [32.5, "0+Math.cos((query.anim_time)*90*2-90)*4", 0],
					"position": [0, 0, -1]
				},
				"hat_arm_elbow": {
					"rotation": [-35, "Math.cos((query.anim_time)*90*2-150)*8", 0]
				},
				"hat_arm_bend": {
					"rotation": [-30, "Math.cos((query.anim_time)*90*2-240)*12", 0]
				},
				"hat_hand": {
					"rotation": [5.28293, 22.46, -9.06164]
				},
				"hat_finger_middle": {
					"rotation": [9.9237, 2.57529, -0.86805]
				},
				"hat_wrist": {
					"rotation": [0, "0+Math.cos((query.anim_time)*90*2-320)*12", 0]
				},
				"hat_finger_left": {
					"rotation": [-0.44303, 5.07251, -0.95739]
				},
				"hat_finger_right": {
					"rotation": [32.5, -15, 0]
				},
				"head_inside": {
					"rotation": [0, 10, 0]
				},
				"body_bend_base": {
					"rotation": [0, -12.5, "0+Math.cos((query.anim_time)*90*2-0)*1"]
				},
				"frontmost_right_toe": {
					"rotation": {
						"0.0": {
							"post": [37.5, 0, 0],
							"lerp_mode": "catmullrom"
						}
					}
				},
				"frontmost_right_toe_bend": {
					"rotation": {
						"0.0": {
							"post": [-32.5, 0, 0],
							"lerp_mode": "catmullrom"
						}
					}
				},
				"front_right_toe_bend": {
					"rotation": [-27.5, 0, 0]
				},
				"front_right_toe": {
					"rotation": {
						"0.0": {
							"post": [32, -15, 0],
							"lerp_mode": "catmullrom"
						}
					}
				},
				"middle_right_toe": {
					"rotation": {
						"0.0": {
							"post": [25, -15, 0],
							"lerp_mode": "catmullrom"
						}
					}
				},
				"middle_right_toe_bend": {
					"rotation": {
						"0.0": {
							"post": [-22.5, 0, 0],
							"lerp_mode": "catmullrom"
						}
					}
				},
				"back_right_toe_bend": {
					"rotation": {
						"0.0": {
							"post": [-17.5, 0, 0],
							"lerp_mode": "catmullrom"
						}
					}
				},
				"back_right_toe": {
					"rotation": {
						"0.0": {
							"post": [20, -10, 0],
							"lerp_mode": "catmullrom"
						}
					}
				},
				"frontmost_left_toe": {
					"rotation": {
						"0.0": {
							"post": [37.5, 0, 0],
							"lerp_mode": "catmullrom"
						}
					}
				},
				"frontmost_left_toe_bend": {
					"rotation": {
						"0.0": {
							"post": [-32.5, 0, 0],
							"lerp_mode": "catmullrom"
						}
					}
				},
				"front_left_toe": {
					"rotation": {
						"0.0": {
							"post": [32, 15, 0],
							"lerp_mode": "catmullrom"
						}
					}
				},
				"front_left_toe_bend": {
					"rotation": [-27.5, 0, 0]
				},
				"middle_left_toe": {
					"rotation": {
						"0.0": {
							"post": [25, 15, 0],
							"lerp_mode": "catmullrom"
						}
					}
				},
				"middle_left_toe_bend": {
					"rotation": {
						"0.0": {
							"post": [-22.5, 0, 0],
							"lerp_mode": "catmullrom"
						}
					}
				},
				"back_left_toe": {
					"rotation": {
						"0.0": {
							"post": [20, 10, 0],
							"lerp_mode": "catmullrom"
						}
					}
				},
				"back_left_toe_bend": {
					"rotation": {
						"0.0": {
							"post": [-17.5, 0, 0],
							"lerp_mode": "catmullrom"
						}
					}
				},
				"back_toe": {
					"rotation": {
						"0.0": {
							"post": [15, 0, 0],
							"lerp_mode": "catmullrom"
						}
					}
				},
				"back_toe_bend": {
					"rotation": {
						"0.0": {
							"post": [-13, 0, 0],
							"lerp_mode": "catmullrom"
						}
					}
				},
				"head_hair_opened_right": {
					"rotation": [0, 0, 17.5]
				},
				"head_hair_opened_right_bend": {
					"rotation": [0, 0, 17.5]
				},
				"head_hair_opened_right_end": {
					"rotation": [0, 0, -25]
				},
				"head_hair_opened_right_tip": {
					"rotation": [0, 0, -27.5]
				},
				"head_hair_opened_left": {
					"rotation": [0, 0, -12.5]
				},
				"head_hair_opened_left_bend": {
					"rotation": [0, 0, -17.5]
				},
				"head_hair_opened_left_end": {
					"rotation": [0, 0, -22.5]
				},
				"head_hair_opened_left_tip": {
					"rotation": [0, 0, -15]
				},
				"hair_opened": {
					"scale": 0
				},
				"head": {
					"rotation": ["0+Math.cos((query.anim_time)*90*2-90)*1.25", 0, "0+Math.cos((query.anim_time)*90*2-90)*1.5"]
				}
			}
		},
		"animation.hatterene.battle_idle": {
			"loop": true,
			"bones": {
				"body": {
					"position": [0, 1, 0]
				},
				"torso": {
					"rotation": ["2.5+Math.cos((query.anim_time)*90*2-60)*2", 0, "Math.cos((query.anim_time)*90*2-60)*2"]
				},
				"right_arm": {
					"rotation": [0, 0, -60]
				},
				"left_arm": {
					"rotation": [0, 0, 60]
				},
				"hat": {
					"rotation": [-6.00994, 11.16255, -4.92257]
				},
				"cone": {
					"rotation": [-4.04104, -1.62829, 6.69646]
				},
				"hat_arm": {
					"rotation": [30.64115, "-29.2189+Math.cos((query.anim_time)*90*2-90)*4", 7.12284],
					"position": [0, 0, -1]
				},
				"hat_arm_elbow": {
					"rotation": [-47.60389, "-14.1454+Math.cos((query.anim_time)*90*2-150)*8", 10.65181]
				},
				"hat_arm_bend": {
					"rotation": [-34.0292, "-21.3051+Math.cos((query.anim_time)*90*2-240)*12", 13.75711]
				},
				"hat_hand": {
					"rotation": [5.28293, 22.46, -9.06164]
				},
				"hat_finger_middle": {
					"rotation": ["0+Math.cos((query.anim_time)*90*2-60)*12", 0, 0]
				},
				"hat_wrist": {
					"rotation": ["-34.477+Math.cos((query.anim_time)*90*2-320)*12", "31.7543+Math.cos((query.anim_time)*90*2-320)*4", 77.13969]
				},
				"hat_finger_left": {
					"rotation": ["0+Math.cos((query.anim_time)*90*2-120)*12", 0, 0]
				},
				"hat_finger_right": {
					"rotation": ["0+Math.cos((query.anim_time)*90*2-0)*12", 0, 0]
				},
				"head_inside": {
					"rotation": [0, 10, 0]
				},
				"body_bend_base": {
					"rotation": ["0+Math.cos((query.anim_time)*90*2-0)*2", "-12.5- Math.cos((query.anim_time)*90*2-0)*1.5", "0+Math.cos((query.anim_time)*90*2-0)*1.5"],
					"position": [0, 0, 0.5]
				},
				"frontmost_right_toe": {
					"rotation": [27.94615, 2.74932, -7.27418]
				},
				"frontmost_right_toe_bend": {
					"rotation": [-27.5, 0, 0]
				},
				"front_right_toe_bend": {
					"rotation": [-27.5, 0, 0]
				},
				"front_right_toe": {
					"rotation": [23.99374, 3.20819, -10.94319]
				},
				"middle_right_toe": {
					"rotation": [-130.5567, -25.72267, -157.53356]
				},
				"middle_right_toe_bend": {
					"rotation": [-22.5, 0, 0]
				},
				"back_right_toe_bend": {
					"rotation": [-20, 0, 0]
				},
				"back_right_toe": {
					"rotation": [-156.91702, -103.15176, -175.04305]
				},
				"frontmost_left_toe": {
					"rotation": [27.5, 0, 0]
				},
				"frontmost_left_toe_bend": {
					"rotation": [-22.5, 0, 0]
				},
				"front_left_toe": {
					"rotation": [22.31858, -1.60421, 9.02211]
				},
				"front_left_toe_bend": {
					"rotation": [-25, 0, 0]
				},
				"middle_left_toe": {
					"rotation": [-124.15636, 26.60312, 145.84364]
				},
				"middle_left_toe_bend": {
					"rotation": [-15, 0, 0]
				},
				"back_left_toe": {
					"rotation": [-152.8779, 104.55387, 172.45842]
				},
				"back_left_toe_bend": {
					"rotation": [-25, 0, 0]
				},
				"back_toe": {
					"rotation": [194.97638, -178.7503, 177.83459]
				},
				"back_toe_bend": {
					"rotation": [-15, 0, 0]
				},
				"head_hair_opened_right": {
					"rotation": [0, 0, 17.5]
				},
				"head_hair_opened_right_bend": {
					"rotation": [0, 0, 17.5]
				},
				"head_hair_opened_right_end": {
					"rotation": [0, 0, -25]
				},
				"head_hair_opened_right_tip": {
					"rotation": [0, 0, -27.5]
				},
				"head_hair_opened_left": {
					"rotation": [0, 0, -12.5]
				},
				"head_hair_opened_left_bend": {
					"rotation": [0, 0, -17.5]
				},
				"head_hair_opened_left_end": {
					"rotation": [0, 0, -22.5]
				},
				"head_hair_opened_left_tip": {
					"rotation": [0, 0, -15]
				},
				"hair_opened": {
					"scale": 0
				},
				"head": {
					"rotation": ["5+Math.cos((query.anim_time)*90*2-90)*2.25", 0, "Math.cos((query.anim_time)*90*2-90)*2"]
				},
				"hat_finger_middle_bend": {
					"rotation": ["20+Math.cos((query.anim_time)*90*2-15)*16", 0, 0],
					"position": [0, 0, -1]
				},
				"hat_finger_left_bend": {
					"rotation": ["20+Math.cos((query.anim_time)*90*2-210)*16", 0, 0],
					"position": [0, 0, -1]
				},
				"hat_finger_right_bend": {
					"rotation": ["20+Math.cos((query.anim_time)*90*2-90)*16", 0, 0],
					"position": [0, 0, -1]
				}
			}
		},
		"animation.hatterene.ground_walk": {
			"loop": true,
			"animation_length": 1.3333,
			"bones": {
				"body": {
					"position": {
						"0.0": [0, 2, -2.5],
						"0.6667": {
							"pre": [0, 1, 2],
							"post": [0, 1, 2],
							"lerp_mode": "catmullrom"
						},
						"1.3333": [0, 2, -2.5]
					}
				},
				"torso": {
					"rotation": ["3+Math.cos((query.anim_time)*90*3-40)*2", 0, 0.625]
				},
				"right_arm": {
					"rotation": [0, 0, -60]
				},
				"left_arm": {
					"rotation": [0, 0, 60]
				},
				"hat": {
					"rotation": [-6.00994, 11.16255, -4.92257]
				},
				"cone": {
					"rotation": [-4.04104, -1.62829, 6.69646]
				},
				"hat_arm": {
					"rotation": ["32.5+Math.cos((query.anim_time)*90*3-60)*1", 0, 0],
					"position": [0, 0, 0]
				},
				"hat_arm_elbow": {
					"rotation": ["-22.5+Math.cos((query.anim_time)*90*3-120)*3", 0, 0]
				},
				"hat_arm_bend": {
					"rotation": ["-15+Math.cos((query.anim_time)*90*3-180)*6", 0, 0]
				},
				"hat_hand": {
					"rotation": [5.28293, 22.46, -9.06164]
				},
				"hat_finger_middle": {
					"rotation": [9.9237, 2.57529, -0.86805]
				},
				"hat_wrist": {
					"rotation": ["0+Math.cos((query.anim_time)*90*3-240)*12", 9.19253, 0]
				},
				"hat_finger_left": {
					"rotation": [-0.44303, 5.07251, -0.95739]
				},
				"hat_finger_right": {
					"rotation": [32.5, -15, 0]
				},
				"body_bend_base": {
					"rotation": ["5+Math.cos((query.anim_time)*90*3-0)*1.5", 0, 0]
				},
				"frontmost_right_toe": {
					"rotation": {
						"0.0": [40, 0, 0],
						"0.6667": {
							"pre": [37.5, 0, 0],
							"post": [37.5, 0, 0],
							"lerp_mode": "catmullrom"
						},
						"1.3333": [40, 0, 0]
					}
				},
				"frontmost_right_toe_bend": {
					"rotation": {
						"0.0": [-20, 0, 0],
						"0.6667": {
							"pre": [-32.5, 0, 0],
							"post": [-32.5, 0, 0],
							"lerp_mode": "catmullrom"
						},
						"1.3333": [-20, 0, 0]
					}
				},
				"front_right_toe_bend": {
					"rotation": {
						"0.0": [-27.5, 0, 0],
						"0.6667": [-27.5, 0, 0]
					}
				},
				"front_right_toe": {
					"rotation": {
						"0.0": [45, 5, 0],
						"0.6667": {
							"pre": [32, -15, 0],
							"post": [32, -15, 0],
							"lerp_mode": "catmullrom"
						},
						"1.3333": [45, 5, 0]
					}
				},
				"middle_right_toe": {
					"rotation": {
						"0.0": [32, 5, 0],
						"0.6667": {
							"pre": [25, -25, 0],
							"post": [25, -25, 0],
							"lerp_mode": "catmullrom"
						},
						"1.3333": [32, 5, 0]
					}
				},
				"middle_right_toe_bend": {
					"rotation": {
						"0.0": [-20, 0, 0],
						"0.6667": {
							"pre": [-22.5, 0, 0],
							"post": [-22.5, 0, 0],
							"lerp_mode": "catmullrom"
						},
						"1.3333": [-20, 0, 0]
					}
				},
				"back_right_toe_bend": {
					"rotation": {
						"0.0": [-15, 0, 0],
						"0.6667": {
							"pre": [-17.5, 0, 0],
							"post": [-17.5, 0, 0],
							"lerp_mode": "catmullrom"
						},
						"1.3333": [-15, 0, 0]
					}
				},
				"back_right_toe": {
					"rotation": {
						"0.0": [25, 0, 0],
						"0.6667": {
							"pre": [20, -30, 0],
							"post": [20, -30, 0],
							"lerp_mode": "catmullrom"
						},
						"1.3333": [25, 0, 0]
					}
				},
				"frontmost_left_toe": {
					"rotation": {
						"0.0": [40, 0, 0],
						"0.6667": {
							"pre": [37.5, 0, 0],
							"post": [37.5, 0, 0],
							"lerp_mode": "catmullrom"
						},
						"1.3333": [40, 0, 0]
					}
				},
				"frontmost_left_toe_bend": {
					"rotation": {
						"0.0": [-20, 0, 0],
						"0.6667": {
							"pre": [-32.5, 0, 0],
							"post": [-32.5, 0, 0],
							"lerp_mode": "catmullrom"
						},
						"1.3333": [-20, 0, 0]
					}
				},
				"front_left_toe": {
					"rotation": {
						"0.0": [45, -5, 0],
						"0.6667": {
							"pre": [32, 15, 0],
							"post": [32, 15, 0],
							"lerp_mode": "catmullrom"
						},
						"1.3333": [45, -5, 0]
					}
				},
				"front_left_toe_bend": {
					"rotation": {
						"0.0": [-27.5, 0, 0],
						"0.6667": [-27.5, 0, 0]
					}
				},
				"middle_left_toe": {
					"rotation": {
						"0.0": [32, -5, 0],
						"0.6667": {
							"pre": [25, 25, 0],
							"post": [25, 25, 0],
							"lerp_mode": "catmullrom"
						},
						"1.3333": [32, -5, 0]
					}
				},
				"middle_left_toe_bend": {
					"rotation": {
						"0.0": [-20, 0, 0],
						"0.6667": {
							"pre": [-22.5, 0, 0],
							"post": [-22.5, 0, 0],
							"lerp_mode": "catmullrom"
						},
						"1.3333": [-20, 0, 0]
					}
				},
				"back_left_toe": {
					"rotation": {
						"0.0": [25, 0, 0],
						"0.6667": {
							"pre": [20, 30, 0],
							"post": [20, 30, 0],
							"lerp_mode": "catmullrom"
						},
						"1.3333": [25, 0, 0]
					}
				},
				"back_left_toe_bend": {
					"rotation": {
						"0.0": [-15, 0, 0],
						"0.6667": {
							"pre": [-17.5, 0, 0],
							"post": [-17.5, 0, 0],
							"lerp_mode": "catmullrom"
						},
						"1.3333": [-15, 0, 0]
					}
				},
				"back_toe": {
					"rotation": {
						"0.0": [22.5, 0, 0],
						"0.6667": {
							"pre": [15, 0, 0],
							"post": [15, 0, 0],
							"lerp_mode": "catmullrom"
						},
						"1.3333": [22.5, 0, 0]
					}
				},
				"back_toe_bend": {
					"rotation": {
						"0.0": [-10, 0, 0],
						"0.6667": {
							"pre": [-13, 0, 0],
							"post": [-13, 0, 0],
							"lerp_mode": "catmullrom"
						},
						"1.3333": [-10, 0, 0]
					}
				},
				"head_hair_opened_right": {
					"rotation": [0, 0, 17.5]
				},
				"head_hair_opened_right_bend": {
					"rotation": [0, 0, 17.5]
				},
				"head_hair_opened_right_end": {
					"rotation": [0, 0, -25]
				},
				"head_hair_opened_right_tip": {
					"rotation": [0, 0, -27.5]
				},
				"head_hair_opened_left": {
					"rotation": [0, 0, -12.5]
				},
				"head_hair_opened_left_bend": {
					"rotation": [0, 0, -17.5]
				},
				"head_hair_opened_left_end": {
					"rotation": [0, 0, -22.5]
				},
				"head_hair_opened_left_tip": {
					"rotation": [0, 0, -15]
				},
				"hair_opened": {
					"scale": 0
				},
				"head": {
					"rotation": ["0+Math.cos((query.anim_time)*90*3-120)*2", 0, 0]
				}
			}
		},
		"animation.hatterene.blink": {
			"animation_length": 0.125,
			"bones": {
				"eye_right_closed": {
					"position": {
						"0.0": [0, 0, -0.1],
						"0.0833": [0, 0, -0.1],
						"0.125": [0, 0, 0]
					}
				},
				"eye_left_closed": {
					"position": {
						"0.0": [0, 0, -0.1],
						"0.0833": [0, 0, -0.1],
						"0.125": [0, 0, 0]
					}
				}
			}
		},
		"animation.hatterene.cry": {
			"animation_length": 2.0417,
			"bones": {
				"torso": {
					"rotation": {
						"0.0": [0, 0, 0],
						"0.25": {
							"pre": [-5, 0, 0],
							"post": [-5, 0, 0],
							"lerp_mode": "catmullrom"
						},
						"1.125": {
							"post": [-7.5, 0, 0],
							"lerp_mode": "catmullrom"
						},
						"2.0417": [0, 0, 0]
					}
				},
				"head": {
					"rotation": {
						"0.0": [0, 0, 0],
						"0.125": {
							"pre": [2.5, 0, 0],
							"post": [2.5, 0, 0],
							"lerp_mode": "catmullrom"
						},
						"0.25": {
							"post": [-2, 0, 0],
							"lerp_mode": "catmullrom"
						},
						"1.0417": {
							"post": [-5, 0, 0],
							"lerp_mode": "catmullrom"
						},
						"1.9583": [0, 0, 0]
					}
				},
				"mouth": {
					"position": {
						"0.0833": [0, 0, 0],
						"0.125": {
							"pre": [0, 0, 0],
							"post": [0, 0, -1]
						},
						"0.25": {
							"pre": [0, 0, -1],
							"post": [0, 0, -1]
						},
						"0.2917": {
							"pre": [0, 0, -1],
							"post": [0, 0, 0]
						},
						"1.2083": {
							"pre": [0, 0, 0],
							"post": [0, 0, 0]
						},
						"1.25": {
							"pre": [0, 0, 0],
							"post": [0, 0, -1]
						},
						"1.75": {
							"pre": [0, 0, -1],
							"post": [0, 0, -1]
						},
						"1.7917": {
							"pre": [0, 0, -1],
							"post": [0, 0, 0]
						}
					}
				},
				"mouthopen": {
					"position": {
						"0.25": [0, 0, 0],
						"0.2917": {
							"pre": [0, 0, 0],
							"post": [0, 0, -1]
						},
						"1.2083": {
							"pre": [0, 0, -1],
							"post": [0, 0, -1]
						},
						"1.25": {
							"pre": [0, 0, -1],
							"post": [0, 0, 0]
						}
					}
				}
			},
			"sound_effects": {
				"0.0833": {
					"effect": "pokemon.hatterene.cry"
				}
			}
		}
	}
}