{
	"format_version": "1.8.0",
	"animations": {
		"animation.scameleon.ground_idle": {
			"loop": true,
			"bones": {
				"upper_body": {
					"rotation": ["2*math.sin(q.anim_time*90*1-60)", 0, 0]
				},
				"head": {
					"rotation": [5, 0, 0],
					"position": [0, -1.2, -3]
				},
				"head3": {
					"rotation": ["0.1636+1*math.sin(q.anim_time*90*2-60)", "-0.1371+1*math.sin(q.anim_time*90*2-60)", "-10.0004+1*math.sin(q.anim_time*90*2-60)"]
				},
				"neck": {
					"rotation": ["7.5+2*math.sin(q.anim_time*90*1-60)", 0, 0]
				},
				"body": {
					"rotation": [10, "2*math.sin(q.anim_time*90*1-60)", 0]
				},
				"left_arm": {
					"rotation": ["-55+(math.sin(q.anim_time*90*2)*1+1)", -1.60728, 55.87679]
				},
				"left_forearm": {
					"rotation": ["90+(math.sin(q.anim_time*90*2)*1+1)", 17.5, "45+(math.sin(q.anim_time*90*2)*1+1)"],
					"position": [1, 2, 0]
				},
				"pinkie2": {
					"rotation": [0, 0, 27.5]
				},
				"middle_finger2": {
					"rotation": [0, 0, 15]
				},
				"thumb2": {
					"rotation": [24.20958, -4.22257, 14.9332]
				},
				"right_arm": {
					"rotation": ["-55+(math.sin(q.anim_time*90*2)*1+1)", 1.60728, -55.87679]
				},
				"right_forearm": {
					"rotation": ["90+(math.sin(q.anim_time*90*2)*1+1)", -17.5, "-45+(math.sin(q.anim_time*90*2)*1+1)"],
					"position": [-1, 2, 0]
				},
				"pinkie3": {
					"rotation": [0, 0, -27.5]
				},
				"middle_finger3": {
					"rotation": [0, 0, -15]
				},
				"thumb3": {
					"rotation": [24.20958, 4.22257, -14.9332]
				},
				"right_leg": {
					"rotation": [0, 10, 0]
				},
				"tail": {
					"rotation": [-2.5, 0, 0]
				},
				"tail2": {
					"rotation": ["(math.sin(q.anim_time*90*2-60)*1+1)", 0, 0]
				},
				"tail3": {
					"rotation": ["(math.sin(q.anim_time*90*2-60)*1+1)", 0, 0]
				},
				"tail4": {
					"rotation": ["(math.sin(q.anim_time*90*2-60)*1+1)", 0, 0]
				},
				"tail5": {
					"rotation": ["(math.sin(q.anim_time*90*2-60)*1+1)", 0, 0]
				}
			}
		},
		"animation.scameleon.battle_idle": {
			"loop": true,
			"bones": {
				"scameleon": {
					"rotation": [0, -32.5, 0]
				},
				"upper_body": {
					"rotation": ["7.5+1*math.sin(q.anim_time*90*2-60)", "0+1*math.sin(q.anim_time*90*2-60)", "0+1*math.sin(q.anim_time*90*2-60)"]
				},
				"head": {
					"rotation": ["47.5-1.5*math.sin(q.anim_time*90*2-60)", 0, 0],
					"position": [0, 0, -4]
				},
				"head3": {
					"rotation": [
						"-48.4877032508+1.5*math.sin(q.anim_time*90*2-60)",
						"10.0702557549+1.5*math.sin(q.anim_time*90*2-60)",
						"-11.1750515621+1.5*math.sin(q.anim_time*90*2-60)"
					],
					"position": [-0.8, -1.1, -3.6]
				},
				"neck": {
					"rotation": ["-2.1855836684+1.5*math.sin(q.anim_time*90*2-60)", 9.76061, -12.68664],
					"position": [0, -0.4, 0]
				},
				"body": {
					"rotation": ["12.5+1*math.sin(q.anim_time*90*1-60)", 0, 0]
				},
				"left_arm": {
					"rotation": ["-47.4441+1*math.sin(q.anim_time*90*2-60)*5", 12.81187, "2.9445+1*math.sin(q.anim_time*90*2-60)"],
					"position": [-1, 0, 0]
				},
				"left_forearm": {
					"rotation": [0, "-7.5+2*math.sin(q.anim_time*90*2-60)*5", "47.5+2*math.sin(q.anim_time*90*2-60)*2"],
					"position": [-1, 0.1, 0]
				},
				"pinkie2": {
					"rotation": [0, 0, 37.5]
				},
				"middle_finger2": {
					"rotation": [0, 0, 35]
				},
				"thumb2": {
					"rotation": [0, 0, 12.5]
				},
				"right_arm": {
					"rotation": [
						"-20.2441616713+1*math.sin(q.anim_time*90*2-60)",
						"-49.0678153064+1*math.sin(q.anim_time*90*2-60)",
						"-21.3927662245+3*math.sin(q.anim_time*90*2-60)"
					],
					"position": [0, -2, -2]
				},
				"right_forearm": {
					"rotation": [0, 0, "-47.5+3*math.sin(q.anim_time*50*2-60)"]
				},
				"pinkie3": {
					"rotation": [-13.21622, -7.40482, -22.18048]
				},
				"middle_finger3": {
					"rotation": [0, 0, -47.5]
				},
				"thumb3": {
					"rotation": [0, 17.5, -60]
				},
				"right_leg": {
					"rotation": [0, 20, 0],
					"position": [-1, 0, -2]
				},
				"left_leg": {
					"position": [0, 0, 1]
				},
				"tail": {
					"rotation": [0, 10, 0]
				},
				"tail2": {
					"rotation": [7.52832, 4.95712, 0.65426]
				},
				"tail3": {
					"rotation": [2.52154, 7.49282, 0.32902]
				},
				"tail4": {
					"rotation": [10, 0, 0]
				}
			}
		},
		"animation.scameleon.ground_walk": {
			"loop": true,
			"bones": {
				"upper_body": {
					"rotation": ["15-math.sin(q.anim_time*90*8)*1", 0, 0],
					"position": [0, "-1+math.clamp(math.sin(q.anim_time*90*4+90*0)*1.5  ,0,180)", 0]
				},
				"head3": {
					"rotation": ["-20-math.abs(math.sin(q.anim_time*90*4-50)*8)", 0, 0],
					"position": [0, 1, -1]
				},
				"neck": {
					"rotation": [15, 0, 0]
				},
				"left_arm": {
					"rotation": ["-65.0634+(math.sin(q.anim_time*90*2)*1+1)", 2.80188, 49.8079],
					"position": [0, "0+math.clamp(math.sin(q.anim_time*90*4+90*0)*1  ,0,180)", 0]
				},
				"left_forearm": {
					"rotation": ["90+(math.sin(q.anim_time*90*2)*1+1)", "17.5+math.sin(q.anim_time*90*4-50)*5 ", "45+(math.sin(q.anim_time*90*2)*1+1)"],
					"position": [1, 2, 0]
				},
				"right_arm": {
					"rotation": ["-65.0634+(math.sin(q.anim_time*90*2)*1+1)", -2.80188, -49.8079],
					"position": [0, "0+math.clamp(math.sin(q.anim_time*90*4+90*0)*1  ,0,180)", 0]
				},
				"right_forearm": {
					"rotation": ["90+(math.sin(q.anim_time*90*2)*1+1)", "-17.5-math.sin(q.anim_time*90*4-50)*5 ", "-45+(math.sin(q.anim_time*90*2)*1+1)"],
					"position": [-1, 2, 0]
				},
				"right_leg": {
					"rotation": ["5+math.sin(q.anim_time*90*4+90)*25", 0, 0],
					"position": [0, "math.clamp(math.sin(q.anim_time*90*4+90*0)*1.5,0,180)", -3]
				},
				"right_lower_leg": {
					"rotation": ["30+math.clamp(math.sin(q.anim_time*90*4-180)*25,-5,180)", 0, 0]
				},
				"left_leg": {
					"rotation": ["5+math.sin(q.anim_time*90*4-90)*25", 0, 0],
					"position": [0, "math.clamp(-math.sin(q.anim_time*90*4+90*0)*2,0,180)", -3]
				},
				"left_lower_leg": {
					"rotation": ["30+math.clamp(math.sin(q.anim_time*90*4-180)*25,-5,180)", 0, 0]
				},
				"left_foot": {
					"rotation": [-12.5, 0, 0]
				},
				"right_foot": {
					"rotation": [-12.5, 0, 0]
				}
			}
		},
		"animation.scameleon.sleep": {
			"loop": true,
			"bones": {
				"scameleon": {
					"rotation": [87.5, 0, 0],
					"position": [0, 8, 17]
				},
				"upper_body": {
					"rotation": [7.5, 0, 0]
				},
				"head": {
					"rotation": [-5, 0, 0]
				},
				"left_pupil": {
					"position": [-1, 0, 0]
				},
				"right_pupil": {
					"position": [1, 0, 0]
				},
				"neck": {
					"rotation": [0, -52.5, 0]
				},
				"left_arm": {
					"rotation": [-103.74538, 24.3683, -5.7632]
				},
				"left_forearm": {
					"rotation": [8.27922, 25.09768, -13.98964]
				},
				"right_arm": {
					"rotation": [-103.74538, -24.3683, 5.7632]
				},
				"right_forearm": {
					"rotation": [7.49294, -0.32621, 17.47864]
				},
				"right_leg": {
					"rotation": [-22.17487, 18.40227, 5.00707]
				},
				"left_leg": {
					"rotation": [-53.96471, -34.9699, -32.58011]
				},
				"left_lower_leg": {
					"rotation": [-4.88206, -1.08089, -12.45392],
					"position": [-0.2, 0, 1.8]
				},
				"tail": {
					"rotation": [-40, 0, 0]
				},
				"tail2": {
					"rotation": [-17.5, 0, 0]
				},
				"tail3": {
					"rotation": [2.5, 0, 0]
				},
				"tail4": {
					"rotation": [17.5, 0, 0]
				},
				"left_foot": {
					"rotation": [0, -22.5, 32.5],
					"position": [1.1, -0.2, -0.3]
				},
				"right_foot": {
					"rotation": [65, 0, 0]
				}
			}
		},
		"animation.scameleon.blink": {
			"animation_length": 0.4167,
			"bones": {
				"left_pupil": {
					"position": {
						"0.0": [0, 0, 0],
						"0.2917": [-1, 0, 0],
						"0.375": [0, 0, 0]
					}
				},
				"right_pupil": {
					"position": {
						"0.0": [0, 0, 0],
						"0.2917": [1, 0, 0],
						"0.375": [0, 0, 0]
					}
				}
			}
		},
		"animation.scameleon.cry": {
			"animation_length": 1.5833,
			"bones": {
				"head3": {
					"rotation": ["7.5-math.abs(math.sin(q.anim_time*90*4-50)*8)", 0, 0]
				},
				"left_arm": {
					"scale": 1
				},
				"true_body": {
					"scale": "math.clamp(math.sin(q.anim_time*230*3+90*0.5)*1.2,1,180)"
				}
			},
			"sound_effects": {
				"0.0417": {
					"effect": "pokemon.scameleon.cry"
				}
			}
		}
	}
}