{
	"format_version": "1.8.0",
	"animations": {
		"animation.numel_dawnian.ground_idle": {
			"loop": true,
			"bones": {
				"torso": {
					"rotation": [0, "math.sin(q.anim_time*-90)*2", 0],
					"position": ["math.sin(q.anim_time*-90)*0.2", 0, 0]
				},
				"neck": {
					"rotation": ["math.sin(q.anim_time*180+90)*2", "math.sin(q.anim_time*90)*8", 0]
				},
				"neck2": {
					"rotation": [0, "math.sin(q.anim_time*90+90)*6", 0]
				},
				"head": {
					"rotation": ["math.sin(q.anim_time*180)*2-5", "math.sin(q.anim_time*90+180)*2", 0]
				},
				"ear_left": {
					"rotation": [0, 0, "math.sin(q.anim_time*90+135)*12"]
				},
				"ear_right": {
					"rotation": [0, 0, "math.sin(q.anim_time*90+90)*12"]
				},
				"leg_front_right": {
					"rotation": [0, 0, "math.sin(q.anim_time*-90-45)*2"],
					"position": ["math.sin(q.anim_time*-90-45)*0.1", 0, 0]
				},
				"leg_front_left": {
					"rotation": [0, 0, "math.sin(q.anim_time*-90)*1"],
					"position": ["math.sin(q.anim_time*-90)*0.1", 0, 0]
				},
				"leg_back_right": {
					"rotation": [0, 0, "math.sin(q.anim_time*-90)*1"],
					"position": ["math.sin(q.anim_time*-90)*0.2", 0, 0]
				},
				"leg_back_left": {
					"rotation": [0, 0, "math.sin(q.anim_time*-90-45)*2"],
					"position": ["math.sin(q.anim_time*-90-45)*0.2", 0, 0]
				}
			}
		},
		"animation.numel_dawnian.battle_idle": {
			"loop": true,
			"bones": {
				"torso": {
					"rotation": [5, "math.sin(q.anim_time*-135)*2", 0],
					"position": ["math.sin(q.anim_time*-135)*0.2", "math.sin(q.anim_time*-270-90)*0.05", 0]
				},
				"neck": {
					"rotation": ["math.sin(q.anim_time*270+90)*2", "math.sin(q.anim_time*135)*8", 0]
				},
				"neck2": {
					"rotation": [0, "math.sin(q.anim_time*135+90)*6", 0]
				},
				"head": {
					"rotation": ["math.sin(q.anim_time*270)*2-15", "math.sin(q.anim_time*135+180)*2", "math.sin(q.anim_time*135+180+90)*5"]
				},
				"ear_left": {
					"rotation": [0, 0, "math.sin(q.anim_time*135+135)*10"]
				},
				"ear_right": {
					"rotation": [0, 0, "math.sin(q.anim_time*135+90)*10"]
				},
				"leg_front_right": {
					"rotation": [0, 0, "math.sin(q.anim_time*-135-45)*2"],
					"position": ["math.sin(q.anim_time*-135-45)*0.1", 0, 0]
				},
				"leg_front_left": {
					"rotation": [0, 0, "math.sin(q.anim_time*-135)*1"],
					"position": ["math.sin(q.anim_time*-135)*0.1", 0, 0]
				},
				"leg_back_right": {
					"rotation": [0, 0, "math.sin(q.anim_time*-135)*1"],
					"position": ["math.sin(q.anim_time*-135)*0.2", 0, 0]
				},
				"leg_back_left": {
					"rotation": [0, 0, "math.sin(q.anim_time*-135-45)*2"],
					"position": ["math.sin(q.anim_time*-135-45)*0.2", 0, 0]
				}
			}
		},
		"animation.numel_dawnian.ground_walk": {
			"loop": true,
			"bones": {
				"torso": {
					"rotation": ["math.sin(q.anim_time*540)*1", "math.sin(q.anim_time*270)*2", "math.sin(q.anim_time*270)*4"],
					"position": [0, "math.sin(q.anim_time*540)*0.2+0.5", 0]
				},
				"neck": {
					"rotation": ["math.sin(q.anim_time*540+45)*2", "math.sin(q.anim_time*270+180)*4", 0]
				},
				"head": {
					"rotation": ["-math.sin(q.anim_time*540+90)*2-5", "math.sin(q.anim_time*270)*4", 0]
				},
				"ear_left": {
					"rotation": ["-math.sin(q.anim_time*540+90)*6-6", 0, "-math.sin(q.anim_time*270+90)*4"]
				},
				"ear_right": {
					"rotation": ["-math.sin(q.anim_time*540+90)*6-6", 0, "-math.sin(q.anim_time*270)*4"]
				},
				"leg_front_right": {
					"rotation": ["-math.clamp(math.sin(q.anim_time*270-45)*20+10,0,200)*0.66", 0, "math.clamp(math.sin(q.anim_time*270)*20+10,0,200)*0.66"],
					"position": [
						0,
						"math.clamp(math.clamp(math.sin(q.anim_time*270)*1+0.5,0,2)-math.clamp(math.sin(q.anim_time*270-180+90)*2-1,0,2),0,100)",
						"math.sin(q.anim_time*270+90)*1+0.5"
					]
				},
				"leg_front_left": {
					"rotation": ["-math.clamp(math.sin(q.anim_time*270-180-45)*20+10,0,200)*0.66", 0, "-math.clamp(math.sin(q.anim_time*270-180)*20+10,0,200)*0.66"],
					"position": [
						0,
						"math.clamp(math.clamp(math.sin(q.anim_time*270-180-45)*1+0.5,0,2)-math.clamp(math.sin(q.anim_time*270-180-135)*2-1,0,2),0,100)",
						"math.sin(q.anim_time*270-45-90)*1+0.5"
					]
				},
				"leg_back_right": {
					"rotation": [
						"math.clamp(-math.clamp(math.sin(q.anim_time*270-180-90)*20+10,-5,200)*0.66-3,-100,0)",
						0,
						"math.clamp(math.sin(q.anim_time*270-180-45)*20+10,0,200)*0.66"
					],
					"position": [
						"-math.sin(q.anim_time*270)*0.3-0.3",
						"math.clamp(math.clamp(math.sin(q.anim_time*270-180-45)*1+0.5,0,2)-math.clamp(math.sin(q.anim_time*270-180-135)*2-1,0,2),0,100)",
						"math.sin(q.anim_time*270-90-45)*1-1"
					]
				},
				"leg_back_left": {
					"rotation": [
						"math.clamp(-math.clamp(math.sin(q.anim_time*270-90)*20+10,-5,200)*0.66-3,-100,0)",
						0,
						"-math.clamp(math.sin(q.anim_time*270-45)*20+10,0,200)*0.66"
					],
					"position": [
						"-math.sin(q.anim_time*270)*0.3+0.3",
						"math.clamp(math.clamp(math.sin(q.anim_time*270-45)*1+0.5,0,2)-math.clamp(math.sin(q.anim_time*270-180+45)*2-1,0,2),0,100)",
						"math.sin(q.anim_time*270+90-45)*1-1"
					]
				},
				"neck2": {
					"rotation": ["math.sin(q.anim_time*540+45+90)*1", "math.sin(q.anim_time*270+270)*6", 0]
				}
			}
		},
		"animation.numel_dawnian.blink": {
			"animation_length": 0.1667,
			"bones": {
				"eyelid_left": {
					"position": {
						"0.0": [0.1, 0, 0],
						"0.125": [0.1, 0, 0],
						"0.1667": [0, 0, 0]
					}
				},
				"eyelid_right": {
					"position": {
						"0.0": [-0.1, 0, 0],
						"0.125": [-0.1, 0, 0],
						"0.1667": [0, 0, 0]
					}
				}
			}
		},
		"animation.numel_dawnian.cry": {
			"animation_length": 2,
			"bones": {
				"mouth": {
					"position": {
						"0.0": [0, 0, 0],
						"0.25": [0, -2, 0],
						"1.25": [0, -2, 0],
						"1.5": [0, 0, 0]
					}
				},
				"mouth2": {
					"position": {
						"0.0": [0, 0, 0],
						"0.25": [0, -5, 0],
						"1.25": [0, -5, 0],
						"1.5": [0, 0, 0]
					}
				},
				"jaw": {
					"position": {
						"0.0": [0, 0, 0],
						"0.25": [0, -3, 0],
						"1.25": [0, -3, 0],
						"1.5": [0, 0, 0]
					}
				},
				"head2": {
					"rotation": {
						"0.0": [0, 0, 0],
						"0.25": [-15, 0, 0],
						"1.25": [-15, 0, 0],
						"1.5": [0, 0, 0]
					}
				},
				"mouth_closed2": {
					"position": {
						"0.25": [0, 0, -0.1],
						"0.3333": [0, 0, 0],
						"1.1667": [0, 0, 0],
						"1.25": [0, 0, -0.1]
					}
				},
				"mouth_open2": {
					"position": {
						"0.0": [0, 0, 0.1],
						"0.25": [0, 0, 0],
						"1.25": [0, 0, 0],
						"1.5": [0, 0, 0.1]
					}
				},
				"head3": {
					"rotation": {
						"0.0": [0, 0, 0],
						"0.25": [-15, 0, 0],
						"1.25": [-15, 0, 0],
						"1.5": [0, 0, 0]
					}
				},
				"mouth_closed3": {
					"position": {
						"0.25": [0, 0, -0.1],
						"0.3333": [0, 0, 0],
						"1.1667": [0, 0, 0],
						"1.25": [0, 0, -0.1]
					}
				},
				"mouth_open3": {
					"position": {
						"0.0": [0, 0, 0.1],
						"0.25": [0, 0, 0],
						"1.25": [0, 0, 0],
						"1.5": [0, 0, 0.1]
					}
				},
				"neck": {
					"rotation": {
						"0.0": {
							"post": [0, 0, 0],
							"lerp_mode": "catmullrom"
						},
						"0.25": {
							"post": [7, 0, 0],
							"lerp_mode": "catmullrom"
						},
						"0.5": {
							"post": [-11, -5, 0],
							"lerp_mode": "catmullrom"
						},
						"0.75": {
							"post": [-9.72, 5, 0],
							"lerp_mode": "catmullrom"
						},
						"1.0": {
							"post": [-8.07, -5, 0],
							"lerp_mode": "catmullrom"
						},
						"1.25": {
							"post": [-6.11, 3, 0],
							"lerp_mode": "catmullrom"
						},
						"1.5": {
							"post": [-3.86, -3, 0],
							"lerp_mode": "catmullrom"
						},
						"1.75": {
							"post": [-1.29, 0, 0],
							"lerp_mode": "catmullrom"
						},
						"2.0": {
							"post": [0, 0, 0],
							"lerp_mode": "catmullrom"
						}
					}
				},
				"head": {
					"rotation": {
						"0.0": ["math.sin(q.anim_time*360*0.5+90)*20-20", 0, 0],
						"0.1667": [-8.65, 0, 0],
						"0.5": [-19, 0, 0],
						"1.0": [-19.23, "math.sin(q.anim_time*360*2)*2", 0],
						"1.5": [-18.99, 0, 0],
						"2.0": ["math.sin(q.anim_time*360*0.5+135)*20-14", 0, 0]
					}
				},
				"mouth_closed": {
					"position": {
						"0.0": [0, 0, 0],
						"0.5": {"pre": [0, 0, 0], "post": [0, 0.1, 0]},
						"1.0833": {"pre": [0, 0.1, 0], "post": [0, 0, 0]},
						"2.0": [0, 0, 0]
					}
				},
				"mouth_open": {
					"position": {
						"0.0": [0, 0, 0],
						"0.5": {"pre": [0, 0, 0], "post": [0, -0.1, 0]},
						"1.0833": {"pre": [0, -0.1, 0], "post": [0, 0, 0]},
						"2.0": [0, 0, 0]
					}
				},
				"torso": {
					"rotation": {
						"0.3333": ["math.sin(q.anim_time*360*0.5+90)*2-2", 0, 0],
						"1.0": ["math.sin(q.anim_time*360*0.5+90)*1-2", "math.sin(q.anim_time*360*3+90)*1", 0],
						"1.6667": ["math.sin(q.anim_time*360*0.5+90)*2-2", 0, 0]
					}
				},
				"neck2": {
					"rotation": {
						"0.0": ["-math.sin(q.anim_time*360-180-135)*15+10.5", 0, 0],
						"1.0": [0, "math.sin(q.anim_time*360*2+90)*5", 0],
						"2.0": [0, 0, 0]
					}
				},
				"ear_left": {
					"rotation": {
						"0.0": ["-math.sin(q.anim_time*360*0.25)*1", 0, "-7+math.sin(q.anim_time*360*1.5+135)*10"],
						"0.25": ["-math.sin(q.anim_time*360*0.25+135)*40", 0, 0],
						"0.9167": [0, 0, "math.sin(q.anim_time*360*7+90)*3"],
						"1.4167": [0, 0, 0]
					}
				},
				"ear_right": {
					"rotation": {
						"0.0": ["-math.sin(q.anim_time*360*0.25)*1", 0, "7+math.sin(q.anim_time*360*1.5+135)*-10"],
						"0.25": ["-math.sin(q.anim_time*360*0.25+135)*40", 0, 0],
						"0.9167": [0, 0, "math.sin(q.anim_time*360*7)*-3"],
						"1.4167": [0, 0, 0]
					}
				}
			},
			"sound_effects": {
				"0.3333": {
					"effect": "pokemon.numel_dawnian.cry"
				}
			}
		},
		"animation.numel_dawnian.sleep": {
			"loop": true,
			"bones": {
				"torso": {
					"rotation": ["math.sin(q.anim_time*45)", 0, 0],
					"position": [0, -3, 0]
				},
				"neck": {
					"rotation": ["25+math.sin(q.anim_time*45-90)", -15, 0],
					"position": [0, 3.25, 6.5]
				},
				"neck2": {
					"rotation": [55, 42.5, 0],
					"position": [1.5, -0.5, 1.25]
				},
				"head": {
					"rotation": ["-84.5+math.sin(q.anim_time*45-90-180)+math.sin(q.anim_time*45-180)", 12, -12],
					"position": [0.25, -1.5, -1.75]
				},
				"leg_front_right": {
					"rotation": [-90, -40, 0],
					"position": [-1.5, -3, 0]
				},
				"leg_front_left": {
					"rotation": [-50, 0, 90],
					"position": [1, -3, 0.25]
				},
				"leg_back_right": {
					"rotation": [-90, 20, 0],
					"position": [0, -3, 0]
				},
				"leg_back_left": {
					"rotation": [-90, -20, 0],
					"position": [0, -3, 0]
				},
				"eyelid_left": {
					"position": [0.1, 0, 0]
				},
				"eyelid_right": {
					"position": [-0.1, 0, 0]
				},
				"ear_left": {
					"rotation": ["-55+math.sin(q.anim_time*45)*2+math.sin(q.anim_time*45+90)*2", -12, -8],
					"position": [-0.25, 0, -1]
				},
				"ear_right": {
					"rotation": ["-55+math.sin(q.anim_time*45+45)*2+math.sin(q.anim_time*45+90+45)*2", 12, 8],
					"position": [0, 0, -1]
				}
			}
		}
	}
}