{
	"format_version": "1.8.0",
	"animations": {
		"animation.combusken.blink": {
			"animation_length": 0.1667,
			"bones": {
				"eyelid_right": {
					"position": {
						"0.0": [-0.1, 0, -0.1],
						"0.125": [-0.1, 0, -0.1],
						"0.1667": [0, 0, 0]
					}
				},
				"eyelid_left": {
					"position": {
						"0.0": [0.1, 0, -0.1],
						"0.125": [0.1, 0, -0.1],
						"0.1667": [0, 0, 0]
					}
				}
			}
		},
		"animation.combusken.cry": {
			"animation_length": 1.0833,
			"bones": {
				"head": {
					"rotation": {
						"0.0": {
							"post": [0, 0, 0],
							"lerp_mode": "catmullrom"
						},
						"0.1667": {
							"post": [0, 0, 0],
							"lerp_mode": "catmullrom"
						},
						"0.3333": {
							"post": [-15, 0, 0],
							"lerp_mode": "catmullrom"
						},
						"0.75": {
							"post": [-15, 0, 0],
							"lerp_mode": "catmullrom"
						},
						"1.0833": {
							"post": [0, 0, 0],
							"lerp_mode": "catmullrom"
						}
					}
				},
				"jaw": {
					"rotation": {
						"0.0": {
							"post": [0, 0, 0],
							"lerp_mode": "catmullrom"
						},
						"0.1667": {
							"post": [0, 0, 0],
							"lerp_mode": "catmullrom"
						},
						"0.3333": {
							"post": [20, 0, 0],
							"lerp_mode": "catmullrom"
						},
						"0.75": {
							"post": [20, 0, 0],
							"lerp_mode": "catmullrom"
						},
						"1.0833": {
							"post": [0, 0, 0],
							"lerp_mode": "catmullrom"
						}
					}
				}
			},
			"sound_effects": {
				"0.0833": {
					"effect": "pokemon.combusken.cry"
				}
			}
		},
		"animation.combusken.ground_idle": {
			"loop": true,
			"bones": {
				"arm_right": {
					"rotation": [0, "-5+math.sin(q.anim_time*90*2)*6", -40]
				},
				"forearm_right": {
					"rotation": [3.63686, "-22.2615+math.sin(q.anim_time*90*2-60)*4", "-8.3307+math.sin(q.anim_time*90*2-70)*6"]
				},
				"arm_left": {
					"rotation": [0, "5+math.sin(q.anim_time*90*2)*6", 40]
				},
				"forearm_left": {
					"rotation": [2.57859, "22.331+math.sin(q.anim_time*90*2-60)*4", "7.9284+math.sin(q.anim_time*90*2-70)*6"]
				},
				"leg_right": {
					"rotation": [-7.5, 20, 0]
				},
				"leg_left": {
					"rotation": [-10, -20, 0]
				},
				"body": {
					"position": [0, -0.2, 0]
				},
				"torso": {
					"rotation": ["0+math.sin(q.anim_time*90*4-1)*1", 0, 0]
				},
				"head": {
					"rotation": ["0+math.sin(q.anim_time*90*4-45)*2", 0, 0]
				},
				"comb_middle1": {
					"rotation": ["0+math.sin(q.anim_time*90*4-75)*2", 0, 0]
				},
				"comb_left1": {
					"rotation": ["0+math.sin(q.anim_time*90*4-75)*3", 0, 0]
				},
				"comb_right1": {
					"rotation": ["0+math.sin(q.anim_time*90*4-75)*3", 0, 0]
				},
				"claws_right": {
					"rotation": [0, 0, "-15+math.sin(q.anim_time*90*2-90)*4"]
				},
				"claws_left": {
					"rotation": [0, 0, "15+math.sin(q.anim_time*90*2-90)*4"]
				},
				"tail1": {
					"rotation": [0, "0+math.sin(q.anim_time*90*4)*4", 0]
				},
				"tail2": {
					"rotation": [0, "0+math.sin(q.anim_time*90*4-75)*4", 0]
				},
				"leg_right_mid": {
					"rotation": [12.5, 0, 0]
				},
				"foot_right": {
					"rotation": [-5, 0, 0]
				},
				"leg_left_mid": {
					"rotation": [10, 0, 0]
				}
			}
		},
		"animation.combusken.ground_walk": {
			"loop": true,
			"animation_length": 0.7917,
			"bones": {
				"arm_right": {
					"rotation": [0, "10+math.sin(q.anim_time*90*5+45)*15", -40]
				},
				"forearm_right": {
					"rotation": [0, "-22.5+math.sin(q.anim_time*90*5-15)*8", 0]
				},
				"arm_left": {
					"rotation": [0, "-10+math.sin(q.anim_time*90*5+45)*15", 40]
				},
				"forearm_left": {
					"rotation": [0, "22.5+math.sin(q.anim_time*90*5-15)*8", 0]
				},
				"leg_right": {
					"rotation": ["math.sin(q.anim_time*90*5-90)*15", 0, 0],
					"position": [0, "math.clamp(-math.sin(q.anim_time*90*5+90*0)*1,0,180)", 0]
				},
				"leg_left": {
					"rotation": ["-math.sin(q.anim_time*90*5-90)*15", 0, 0],
					"position": [0, "math.clamp(math.sin(q.anim_time*90*5+90*0)*1,0,180)", 0]
				},
				"body": {
					"position": [0, "math.abs(math.sin(q.anim_time*90*5-15)*0.5)", 0]
				},
				"torso": {
					"rotation": ["0+math.sin(q.anim_time*90*10)*1", 0, 0]
				},
				"head": {
					"rotation": ["0+math.sin(q.anim_time*90*10-35)*2", 0, 0]
				},
				"comb_middle1": {
					"rotation": ["0+math.sin(q.anim_time*90*10-65)*3", 0, 0]
				},
				"comb_left2": {
					"rotation": ["0+math.sin(q.anim_time*90*10-65)*4", 0, 0]
				},
				"comb_right2": {
					"rotation": ["0+math.sin(q.anim_time*90*10-65)*4", 0, 0]
				},
				"tail1": {
					"rotation": ["0+math.sin(q.anim_time*90*10-35)*2", "0+math.sin(q.anim_time*90*5-35)*2", 0]
				},
				"tail2": {
					"rotation": ["0+math.sin(q.anim_time*90*10-95)*3", "0+math.sin(q.anim_time*90*5-95)*4", 0]
				},
				"leg_right_mid": {
					"rotation": ["-math.sin(q.anim_time*90*5-45)*15", 0, 0]
				},
				"foot_right": {
					"rotation": {
						"0.0": [2.5, 0, 0],
						"0.1667": {
							"pre": [10, 0, 0],
							"post": [10, 0, 0],
							"lerp_mode": "catmullrom"
						},
						"0.375": {
							"post": [-0.83, 0, 0],
							"lerp_mode": "catmullrom"
						},
						"0.5417": {
							"post": [-3, 0, 0],
							"lerp_mode": "catmullrom"
						},
						"0.6667": {
							"post": [-11, 0, 0],
							"lerp_mode": "catmullrom"
						},
						"0.7917": [2.5, 0, 0]
					}
				},
				"leg_left_mid": {
					"rotation": ["math.sin(q.anim_time*90*5-45)*15", 0, 0]
				},
				"foot_left": {
					"rotation": {
						"0.0": [-5, 0, 0],
						"0.1667": {
							"pre": [2.5, 0, 0],
							"post": [2.5, 0, 0],
							"lerp_mode": "catmullrom"
						},
						"0.375": {
							"post": [-2.5, 0, 0],
							"lerp_mode": "catmullrom"
						},
						"0.5417": {
							"post": [10, 0, 0],
							"lerp_mode": "catmullrom"
						},
						"0.6667": {
							"post": [6, 0, 0],
							"lerp_mode": "catmullrom"
						},
						"0.7917": [-5, 0, 0]
					}
				}
			}
		}
	}
}