{
	"format_version": "1.8.0",
	"animations": {
		"animation.impidimp.ground_idle": {
			"loop": true,
			"bones": {
				"body": {
					"position": [0, -1.9, 0]
				},
				"torso": {
					"rotation": ["10-math.sin(q.anim_time*90*3-0)*1.25", 0, 0]
				},
				"arm_left": {
					"rotation": [-2.25549, -17.255, "12.9853-math.sin(q.anim_time*90*3-60)*2"]
				},
				"arm_left2": {
					"rotation": [0, 22.5, 0]
				},
				"arm_left3": {
					"rotation": [0, "30-math.sin(q.anim_time*90*3-75)*3", 0]
				},
				"hand_left": {
					"rotation": [0.6574, -7.4713, -7.54292]
				},
				"finger_back_left": {
					"rotation": [0, -10, -17.5]
				},
				"finger_front_left": {
					"rotation": [0, 10, -12.5]
				},
				"thumb_left": {
					"rotation": [0, -25, 0]
				},
				"thumb_left2": {
					"rotation": [0, -7.5, 0]
				},
				"arm_right": {
					"rotation": [-2.25549, 17.255, "-12.9853+math.sin(q.anim_time*90*3-60)*2"]
				},
				"arm_right2": {
					"rotation": [0, -22.5, 0]
				},
				"arm_right3": {
					"rotation": [0, "-30+math.sin(q.anim_time*90*3-75)*3", 0]
				},
				"hand_right": {
					"rotation": [0.6574, 7.4713, 7.54292]
				},
				"finger_back_right": {
					"rotation": [0, 10, 17.5]
				},
				"finger_front_right": {
					"rotation": [0, -10, 12.5]
				},
				"thumb_right": {
					"rotation": [0, 25, 0]
				},
				"thumb_right2": {
					"rotation": [0, 7.5, 0]
				},
				"head": {
					"rotation": ["-5-math.sin(q.anim_time*90*3-45)*2", 0, 0]
				},
				"leg_left": {
					"rotation": [-37.41536, -16.72344, -26.19457]
				},
				"leg_left2": {
					"rotation": [27.5, 0, 0]
				},
				"leg_left3": {
					"rotation": [29.97638, -1.2497, 2.16541]
				},
				"foot_left": {
					"rotation": [-10.96819, 7.40701, 22.28959]
				},
				"leg_right": {
					"rotation": [-37.23825, 14.12922, 26.94225]
				},
				"leg_right2": {
					"rotation": [27.47766, 1.15408, -2.21783]
				},
				"leg_right3": {
					"rotation": [30, 0, 0]
				},
				"foot_right": {
					"rotation": [-12.48848, -0.54094, -24.94081]
				},
				"tongue": {
					"rotation": ["-40-math.sin(q.anim_time*90*3-75)*3.5", 0, 0]
				},
				"tongue2": {
					"rotation": ["-27.5-math.sin(q.anim_time*90*3-115)*5", 0, 0]
				},
				"mouth_closed": {
					"scale": 0.99
				}
			}
		},
		"animation.impidimp.ground_walk": {
			"loop": true,
			"animation_length": 1,
			"bones": {
				"body": {
					"position": {
						"0.0": {
							"post": [0, -1.4, 0],
							"lerp_mode": "catmullrom"
						},
						"0.25": {
							"post": [0, -0.55, 0],
							"lerp_mode": "catmullrom"
						},
						"0.5": {
							"post": [0, -1.4, 0],
							"lerp_mode": "catmullrom"
						},
						"0.75": {
							"post": [0, -0.55, 0],
							"lerp_mode": "catmullrom"
						},
						"1.0": {
							"post": [0, -1.4, 0],
							"lerp_mode": "catmullrom"
						}
					}
				},
				"torso": {
					"rotation": ["10+math.sin(q.anim_time*90*8-30)*1.25", 0, 0],
					"position": [0, "0-math.sin(q.anim_time*90*8-10)*0.25", 0]
				},
				"arm_left": {
					"rotation": {
						"0.0": {
							"post": [-5.57754, -39.9081, 28.59857],
							"lerp_mode": "catmullrom"
						},
						"0.5": {
							"post": [0.45498, -10.04349, 23.46683],
							"lerp_mode": "catmullrom"
						},
						"1.0": {
							"post": [-5.57754, -39.9081, 28.59857],
							"lerp_mode": "catmullrom"
						}
					}
				},
				"arm_left2": {
					"rotation": [0, 22.5, 0]
				},
				"arm_left3": {
					"rotation": [0, 31.93185, 0]
				},
				"hand_left": {
					"rotation": [-1.30962, -7.38542, 7.58453]
				},
				"finger_back_left": {
					"rotation": [-3.45118, -9.39129, 2.78356]
				},
				"finger_front_left": {
					"rotation": [2.18558, 9.76061, 0.18664]
				},
				"thumb_left": {
					"rotation": [0, -25, 0]
				},
				"thumb_left2": {
					"rotation": [0, -7.5, 0]
				},
				"arm_right": {
					"rotation": {
						"0.0": {
							"post": [-0.45498, -10.04349, -23.46683],
							"lerp_mode": "catmullrom"
						},
						"0.5": {
							"post": [-11.07011, 38.92973, -28.41327],
							"lerp_mode": "catmullrom"
						},
						"1.0": {
							"post": [-0.45498, -10.04349, -23.46683],
							"lerp_mode": "catmullrom"
						}
					}
				},
				"arm_right2": {
					"rotation": [0, -22.5, 0]
				},
				"arm_right3": {
					"rotation": [0, -31.93185, 0]
				},
				"hand_right": {
					"rotation": [-1.30962, 7.38542, -7.58453]
				},
				"finger_back_right": {
					"rotation": [-3.45118, 9.39129, -2.78356]
				},
				"finger_front_right": {
					"rotation": [2.18558, -9.76061, -0.18664]
				},
				"thumb_right": {
					"rotation": [0, 25, 0]
				},
				"thumb_right2": {
					"rotation": [0, 7.5, 0]
				},
				"head": {
					"rotation": ["-3.9393+math.sin(q.anim_time*90*8-60)*1.25", 0, 0]
				},
				"leg_left": {
					"rotation": {
						"0.0": {
							"post": [-60, 0, 0],
							"lerp_mode": "catmullrom"
						},
						"0.5": {
							"post": [35, 0, 0],
							"lerp_mode": "catmullrom"
						},
						"1.0": {
							"post": [-60, 0, 0],
							"lerp_mode": "catmullrom"
						}
					}
				},
				"leg_left2": {
					"rotation": {
						"0.0": {
							"post": [15, 0, 0],
							"lerp_mode": "catmullrom"
						},
						"0.25": {
							"post": [33.28, 0, 0],
							"lerp_mode": "catmullrom"
						},
						"0.5": {
							"post": [22.5, 0, 0],
							"lerp_mode": "catmullrom"
						},
						"0.75": {
							"post": [22.5, 0, 0],
							"lerp_mode": "catmullrom"
						},
						"1.0": {
							"post": [15, 0, 0],
							"lerp_mode": "catmullrom"
						}
					}
				},
				"leg_left3": {
					"rotation": {
						"0.0": {
							"post": [10, 0, 0],
							"lerp_mode": "catmullrom"
						},
						"0.25": {
							"post": [10, 0, 0],
							"lerp_mode": "catmullrom"
						},
						"0.5": {
							"post": [22.5, 0, 0],
							"lerp_mode": "catmullrom"
						},
						"0.75": {
							"post": [39.53, 0, 0],
							"lerp_mode": "catmullrom"
						},
						"1.0": {
							"post": [10, 0, 0],
							"lerp_mode": "catmullrom"
						}
					}
				},
				"foot_left": {
					"rotation": {
						"0.0": {
							"post": [-8.14042, 0.86862, -1.65635],
							"lerp_mode": "catmullrom"
						},
						"0.25": {
							"post": [-20.64042, 0.86862, -1.65635],
							"lerp_mode": "catmullrom"
						},
						"0.5": {
							"post": [-35, 0, 0],
							"lerp_mode": "catmullrom"
						},
						"0.75": {
							"post": [-0.74893, 0.38002, -0.72465],
							"lerp_mode": "catmullrom"
						},
						"1.0": {
							"post": [-8.14042, 0.86862, -1.65635],
							"lerp_mode": "catmullrom"
						}
					}
				},
				"leg_right": {
					"rotation": {
						"0.0": {
							"post": [35, 0, 0],
							"lerp_mode": "catmullrom"
						},
						"0.5": {
							"post": [-60, 0, 0],
							"lerp_mode": "catmullrom"
						},
						"1.0": {
							"post": [35, 0, 0],
							"lerp_mode": "catmullrom"
						}
					}
				},
				"leg_right2": {
					"rotation": {
						"0.0": {
							"post": [15, 0, 0],
							"lerp_mode": "catmullrom"
						},
						"0.25": {
							"post": [33.28, 0, 0],
							"lerp_mode": "catmullrom"
						},
						"0.5": {
							"post": [22.5, 0, 0],
							"lerp_mode": "catmullrom"
						},
						"0.75": {
							"post": [22.5, 0, 0],
							"lerp_mode": "catmullrom"
						},
						"1.0": {
							"post": [15, 0, 0],
							"lerp_mode": "catmullrom"
						}
					}
				},
				"leg_right3": {
					"rotation": {
						"0.0": {
							"post": [22.5, 0, 0],
							"lerp_mode": "catmullrom"
						},
						"0.25": {
							"post": [39.53, 0, 0],
							"lerp_mode": "catmullrom"
						},
						"0.5": {
							"post": [10, 0, 0],
							"lerp_mode": "catmullrom"
						},
						"0.75": {
							"post": [10, 0, 0],
							"lerp_mode": "catmullrom"
						},
						"1.0": {
							"post": [22.5, 0, 0],
							"lerp_mode": "catmullrom"
						}
					}
				},
				"foot_right": {
					"rotation": {
						"0.0": {
							"post": [-35, 0, 0],
							"lerp_mode": "catmullrom"
						},
						"0.25": {
							"post": [-0.74893, 0.38002, -0.72465],
							"lerp_mode": "catmullrom"
						},
						"0.5": {
							"post": [-8.14042, 0.86862, -1.65635],
							"lerp_mode": "catmullrom"
						},
						"0.75": {
							"post": [-20.64042, 0.86862, -1.65635],
							"lerp_mode": "catmullrom"
						},
						"1.0": {
							"post": [-35, 0, 0],
							"lerp_mode": "catmullrom"
						}
					}
				},
				"tongue": {
					"rotation": ["-40-math.sin(q.anim_time*90*8-120)*5 ", 0, 0]
				},
				"tongue2": {
					"rotation": ["-27.5-math.sin(q.anim_time*90*8-210)*7.5", 0, 0]
				},
				"mouth_closed": {
					"scale": 0.99
				}
			}
		},
		"animation.impidimp.blink": {
			"animation_length": 0.1667,
			"bones": {
				"pupil_left": {
					"position": {
						"0.0": [0, 0, 0.1],
						"0.125": [0, 0, 0.1],
						"0.1667": [0, 0, 0]
					}
				},
				"eyelid_left": {
					"position": {
						"0.0": [0, 0, -0.1],
						"0.125": [0, 0, -0.1],
						"0.1667": [0, 0, 0]
					}
				},
				"pupil_right": {
					"position": [0, 0, 0.1]
				},
				"eyelid_right": {
					"position": {
						"0.0": [0, 0, -0.1],
						"0.125": [0, 0, -0.1],
						"0.1667": [0, 0, 0]
					}
				}
			}
		},
		"animation.impidimp.cry": {
			"animation_length": 0.9167,
			"bones": {
				"head": {
					"rotation": {
						"0.0": [0, 0, 0],
						"0.0417": {
							"pre": [2.5, 0, 0],
							"post": [2.5, 0, 0],
							"lerp_mode": "catmullrom"
						},
						"0.1667": {
							"post": [-2.5, 0, 0],
							"lerp_mode": "catmullrom"
						},
						"0.25": {
							"post": [-2.5, 0, 0],
							"lerp_mode": "catmullrom"
						},
						"0.2917": {
							"post": [0, 0, 0],
							"lerp_mode": "catmullrom"
						},
						"0.3333": {
							"post": [2.5, 0, 0],
							"lerp_mode": "catmullrom"
						},
						"0.4583": {
							"post": [-2.5, 0, 0],
							"lerp_mode": "catmullrom"
						},
						"0.7917": {
							"post": [-2.5, 0, 0],
							"lerp_mode": "catmullrom"
						},
						"0.9167": [0, 0, 0]
					}
				}
			},
			"sound_effects": {
				"0.0417": {
					"effect": "pokemon.impidimp.cry"
				}
			}
		},
		"animation.impidimp.test": {
			"loop": true,
			"bones": {
				"impidimp": {
					"position": [0, 0, "-q.anim_time*90*0.25"]
				}
			}
		}
	}
}