{
	"format_version": "1.8.0",
	"animations": {
		"animation.riolu.ground_idle": {
			"loop": true,
			"bones": {
				"tail": {
					"rotation": [25, 0, 0]
				},
				"tail2": {
					"rotation": [0, 0, 0]
				},
				"arm_right": {
					"rotation": [7.5, 10, "-47+math.cos(q.anim_time*90*2-60)*3"]
				},
				"arm_right2": {
					"rotation": [0, -25, 0]
				},
				"fingers_right": {
					"rotation": [0, 0, -10]
				},
				"aura_sensor_left": {
					"rotation": [0, 0, "40-math.cos(q.anim_time*90*4-120)*1"]
				},
				"aura_sensor_right": {
					"rotation": [0, 0, "-40+math.cos(q.anim_time*90*4-120)*1"]
				},
				"leg_left": {
					"rotation": [0, 0, -17]
				},
				"leg_left2": {
					"rotation": [0, -4, 5]
				},
				"leg_left4": {
					"rotation": [0, 0, 11]
				},
				"foot_left": {
					"rotation": [2, 0, 2]
				},
				"arm_left": {
					"rotation": [7.5, -10, "47-math.cos(q.anim_time*90*2 -60)*3"]
				},
				"arm_left2": {
					"rotation": [0, 25, 0]
				},
				"fingers_left": {
					"rotation": [0, 0, 10]
				},
				"leg_right": {
					"rotation": [0, 0, 17]
				},
				"leg_right2": {
					"rotation": [0, 4, -5]
				},
				"leg_right4": {
					"rotation": [0, 0, -11]
				},
				"foot_right": {
					"rotation": [2, 0, -2]
				},
				"aura_sensor_left2": {
					"rotation": [0, 0, "5-math.cos(q.anim_time*90*4-150)*2"]
				},
				"aura_sensor_right2": {
					"rotation": [0, 0, "-5+math.cos(q.anim_time*90*4-150)*2 "]
				},
				"torso": {
					"rotation": ["0-math.cos(q.anim_time*90*4-30)*1", 0, "0-math.cos(q.anim_time*90*2-30)*1"]
				},
				"torso2": {
					"rotation": ["0-math.cos(q.anim_time*90*4-60)*1", 0, 0]
				},
				"neck": {
					"rotation": ["0-math.cos(q.anim_time*90*4-140)*1", 0, 0]
				}
			}
		},
		"animation.riolu.ground_walk": {
			"loop": true,
			"animation_length": 1,
			"bones": {
				"tail": {
					"rotation": [25, 0, 0]
				},
				"tail2": {
					"rotation": [0, 0, 0]
				},
				"arm_right": {
					"rotation": {
						"0.0": [9.0008, 34.75133, -43.15039],
						"0.5": {
							"pre": [7.63994, -14.7889, -50.27066],
							"post": [7.63994, -14.7889, -50.27066],
							"lerp_mode": "catmullrom"
						},
						"1.0": [9.0008, 34.75133, -43.15039]
					}
				},
				"arm_right2": {
					"rotation": {
						"0.0": [0, -23.33, 0],
						"0.1667": {
							"pre": [0, -25, 0],
							"post": [0, -25, 0],
							"lerp_mode": "catmullrom"
						},
						"0.4167": {
							"post": [0, -35, 0],
							"lerp_mode": "catmullrom"
						},
						"0.6667": {
							"post": [0, -42.5, 0],
							"lerp_mode": "catmullrom"
						},
						"0.9167": [0, -25, 0],
						"1.0": [0, -23.33, 0]
					}
				},
				"fingers_right": {
					"rotation": [0, 0, -10]
				},
				"aura_sensor_left": {
					"rotation": {
						"0.0": [0, 0, 42.41],
						"0.0833": {
							"pre": [0, 0, 37.92],
							"post": [0, 0, 37.92],
							"lerp_mode": "catmullrom"
						},
						"0.1667": {
							"post": [0, 0, 35],
							"lerp_mode": "catmullrom"
						},
						"0.4167": {
							"post": [0, 0, 45],
							"lerp_mode": "catmullrom"
						},
						"0.6667": {
							"post": [0, 0, 35],
							"lerp_mode": "catmullrom"
						},
						"0.9167": [0, 0, 45],
						"1.0": [0, 0, 42.41]
					}
				},
				"aura_sensor_right": {
					"rotation": {
						"0.0": [0, 0, -42.41],
						"0.1667": {
							"pre": [0, 0, -35],
							"post": [0, 0, -35],
							"lerp_mode": "catmullrom"
						},
						"0.4167": {
							"post": [0, 0, -45],
							"lerp_mode": "catmullrom"
						},
						"0.6667": {
							"post": [0, 0, -35],
							"lerp_mode": "catmullrom"
						},
						"0.9167": [0, 0, -45],
						"1.0": [0, 0, -42.41]
					}
				},
				"leg_left": {
					"rotation": {
						"0.0": [25, 0, -17],
						"0.5": {
							"pre": [-25, 0, -17],
							"post": [-25, 0, -17],
							"lerp_mode": "catmullrom"
						},
						"1.0": [25, 0, -17]
					},
					"position": {
						"0.0": [0, 0, 0],
						"0.25": [0, 0.5, 0],
						"0.5": [0, 0, 0],
						"1.0": [0, 0, 0]
					}
				},
				"leg_left2": {
					"rotation": [0, -4, 5]
				},
				"leg_left4": {
					"rotation": [0, 0, 11]
				},
				"foot_left": {
					"rotation": [2, 0, 2]
				},
				"arm_left": {
					"rotation": {
						"0.0": [7.63994, 14.7889, 50.2707],
						"0.5": {
							"pre": [9.0008, -34.7513, 43.1504],
							"post": [9.0008, -34.7513, 43.1504],
							"lerp_mode": "catmullrom"
						},
						"1.0": [7.63994, 14.7889, 50.2707]
					}
				},
				"arm_left2": {
					"rotation": {
						"0.0": [0, 38.61, 0],
						"0.1667": {
							"pre": [0, 42.5, 0],
							"post": [0, 42.5, 0],
							"lerp_mode": "catmullrom"
						},
						"0.4167": {
							"post": [0, 25, 0],
							"lerp_mode": "catmullrom"
						},
						"0.6667": {
							"post": [0, 25, 0],
							"lerp_mode": "catmullrom"
						},
						"0.9167": [0, 35, 0],
						"1.0": [0, 38.61, 0]
					}
				},
				"fingers_left": {
					"rotation": [0, 0, 10]
				},
				"leg_right": {
					"rotation": {
						"0.0": [-25, 0, 17],
						"0.5": {
							"pre": [25, 0, 17],
							"post": [25, 0, 17],
							"lerp_mode": "catmullrom"
						},
						"1.0": [-25, 0, 17]
					},
					"position": {
						"0.0": [0, 0.5, 0],
						"0.25": [0, 0, 0],
						"0.5": [0, 0, 0],
						"0.75": [0, 0.5, 0],
						"1.0": [0, 0.5, 0]
					}
				},
				"leg_right2": {
					"rotation": [0, 4, -5]
				},
				"leg_right4": {
					"rotation": [0, 0, -11]
				},
				"foot_right": {
					"rotation": [2, 0, -2]
				},
				"aura_sensor_left2": {
					"rotation": {
						"0.0": {
							"post": [0, 0, 0.28],
							"lerp_mode": "catmullrom"
						},
						"0.0417": {
							"post": [0, 0, 0],
							"lerp_mode": "catmullrom"
						},
						"0.2917": {
							"post": [0, 0, 5],
							"lerp_mode": "catmullrom"
						},
						"0.5417": {
							"post": [0, 0, 0],
							"lerp_mode": "catmullrom"
						},
						"0.7917": {
							"post": [0, 0, 5],
							"lerp_mode": "catmullrom"
						},
						"0.9167": [0, 0, 2.5],
						"1.0": {
							"pre": [0, 0, 0.28],
							"post": [0, 0, 0.28],
							"lerp_mode": "catmullrom"
						}
					}
				},
				"aura_sensor_right2": {
					"rotation": {
						"0.0": {
							"post": [0, 0, -0.28],
							"lerp_mode": "catmullrom"
						},
						"0.0417": {
							"post": [0, 0, 0],
							"lerp_mode": "catmullrom"
						},
						"0.2917": {
							"post": [0, 0, -5],
							"lerp_mode": "catmullrom"
						},
						"0.5417": {
							"post": [0, 0, 0],
							"lerp_mode": "catmullrom"
						},
						"0.7917": {
							"post": [0, 0, -5],
							"lerp_mode": "catmullrom"
						},
						"0.9167": [0, 0, -2.5],
						"1.0": {
							"pre": [0, 0, -0.28],
							"post": [0, 0, -0.28],
							"lerp_mode": "catmullrom"
						}
					}
				},
				"body": {
					"rotation": [5, 0, 0],
					"position": {
						"0.0": [0, -0.2, 0],
						"0.25": {
							"pre": [0, -0.5, 0],
							"post": [0, -0.5, 0],
							"lerp_mode": "catmullrom"
						},
						"0.5": {
							"post": [0, -0.2, 0],
							"lerp_mode": "catmullrom"
						},
						"0.75": {
							"post": [0, -0.5, 0],
							"lerp_mode": "catmullrom"
						},
						"1.0": [0, -0.2, 0]
					}
				},
				"torso": {
					"rotation": {
						"0.0": {
							"post": [0.65, 0, 0],
							"lerp_mode": "catmullrom"
						},
						"0.1667": {
							"post": [2.5, 0, 0],
							"lerp_mode": "catmullrom"
						},
						"0.4167": {
							"post": [0, 0, 0],
							"lerp_mode": "catmullrom"
						},
						"0.6667": {
							"post": [2.5, 0, 0],
							"lerp_mode": "catmullrom"
						},
						"0.9167": {
							"post": [0, 0, 0],
							"lerp_mode": "catmullrom"
						},
						"1.0": {
							"post": [0.65, 0, 0],
							"lerp_mode": "catmullrom"
						}
					},
					"position": {
						"0.0": [0, 0.7, 0],
						"0.25": {
							"pre": [0, 0.2, 0],
							"post": [0, 0.2, 0],
							"lerp_mode": "catmullrom"
						},
						"0.5": {
							"post": [0, 0.7, 0],
							"lerp_mode": "catmullrom"
						},
						"0.75": {
							"post": [0, 0.2, 0],
							"lerp_mode": "catmullrom"
						},
						"1.0": [0, 0.7, 0]
					}
				},
				"torso2": {
					"rotation": {
						"0.0": {
							"post": [0.65, 0, 0],
							"lerp_mode": "catmullrom"
						},
						"0.1667": {
							"post": [2.5, 0, 0],
							"lerp_mode": "catmullrom"
						},
						"0.4167": {
							"post": [0, 0, 0],
							"lerp_mode": "catmullrom"
						},
						"0.6667": {
							"post": [2.5, 0, 0],
							"lerp_mode": "catmullrom"
						},
						"0.9167": {
							"post": [0, 0, 0],
							"lerp_mode": "catmullrom"
						},
						"1.0": {
							"post": [0.65, 0, 0],
							"lerp_mode": "catmullrom"
						}
					}
				},
				"leg_left3": {
					"rotation": {
						"0.0": {
							"post": [0, 0, 0],
							"lerp_mode": "catmullrom"
						},
						"0.25": {
							"post": [25, 0, 0],
							"lerp_mode": "catmullrom"
						},
						"0.5": {
							"post": [25, 0, 0],
							"lerp_mode": "catmullrom"
						},
						"0.75": {
							"post": [0, 0, 0],
							"lerp_mode": "catmullrom"
						},
						"1.0": {
							"post": [0, 0, 0],
							"lerp_mode": "catmullrom"
						}
					}
				},
				"leg_right3": {
					"rotation": {
						"0.0": {
							"post": [25, 0, 0],
							"lerp_mode": "catmullrom"
						},
						"0.25": {
							"post": [0, 0, 0],
							"lerp_mode": "catmullrom"
						},
						"0.5": {
							"post": [0, 0, 0],
							"lerp_mode": "catmullrom"
						},
						"0.75": {
							"post": [25, 0, 0],
							"lerp_mode": "catmullrom"
						},
						"1.0": {
							"post": [25, 0, 0],
							"lerp_mode": "catmullrom"
						}
					}
				}
			}
		},
		"animation.riolu.battle_idle": {
			"loop": true,
			"bones": {
				"tail": {
					"rotation": [25, "0-math.cos(q.anim_time*90*8-30)*2", 0]
				},
				"tail2": {
					"rotation": [0, "0-math.cos(q.anim_time*90*8-90)*3", 0]
				},
				"arm_right": {
					"rotation": [9.12019, 8.55095, "-36.9738+math.cos(q.anim_time*90*4-60)*3"]
				},
				"arm_right2": {
					"rotation": [0, -25, "0+math.cos(q.anim_time*90*4-110)*4"]
				},
				"fingers_right": {
					"rotation": [0, 0, -10]
				},
				"aura_sensor_left": {
					"rotation": [0, 0, "40-math.cos(q.anim_time*90*4-120)*2.5"]
				},
				"aura_sensor_right": {
					"rotation": [0, 0, "-40+math.cos(q.anim_time*90*4-120)*2.5"]
				},
				"leg_left": {
					"rotation": ["0-math.cos(q.anim_time*90*4-0)*4", 0, -22],
					"position": [0, 0, -0.4]
				},
				"leg_left2": {
					"rotation": [0, -4, 5]
				},
				"leg_left4": {
					"rotation": ["0+math.cos(q.anim_time*90*4-0)*6", 0, 11]
				},
				"foot_left": {
					"rotation": ["27+math.cos(q.anim_time*90*4-0)*5", 0, 2]
				},
				"arm_left": {
					"rotation": [9.12019, -8.55095, "36.9738-math.cos(q.anim_time*90*4-60)*2"]
				},
				"arm_left2": {
					"rotation": [0, 25, "0-math.cos(q.anim_time*90*4-110)*4"]
				},
				"fingers_left": {
					"rotation": [0, 0, 10]
				},
				"leg_right": {
					"rotation": ["2.0675-math.cos(q.anim_time*90*4-0)*4", 22.40972, 22.40961],
					"position": [-0.3, 0, 0.9]
				},
				"leg_right2": {
					"rotation": [0, 4, -5]
				},
				"leg_right4": {
					"rotation": ["0+math.cos(q.anim_time*90*4-0)*6", 0, -11]
				},
				"foot_right": {
					"rotation": ["24.5+math.cos(q.anim_time*90*4-0)*5", 0, -2]
				},
				"aura_sensor_left2": {
					"rotation": [0, 0, "5-math.cos(q.anim_time*90*4-150)*3.5"]
				},
				"aura_sensor_right2": {
					"rotation": [0, 0, "-5+math.cos(q.anim_time*90*4-150)*3.5"]
				},
				"body": {
					"rotation": [0, -45, 0],
					"position": [0, "0.8+math.cos(q.anim_time*90*4-0)*0.5", 0]
				},
				"torso": {
					"rotation": ["0-math.cos(q.anim_time*90*4-30)*1", 45, 0],
					"position": [0, "0+math.cos(q.anim_time*90*4-30)*0.3", 0]
				},
				"tail3": {
					"rotation": [0, "0-math.cos(q.anim_time*90*8-160)*3.5", 0]
				},
				"neck": {
					"rotation": ["0-math.cos(q.anim_time*90*4-60)*3", 0, 0]
				}
			}
		},
		"animation.riolu.blink": {
			"animation_length": 0.1667,
			"bones": {
				"eye_right": {
					"position": {
						"0.0": [0.1, 0, 0.1],
						"0.125": [0.1, 0, 0.1],
						"0.1667": {"pre": [0.1, 0, 0.1], "post": [0, 0, 0]}
					}
				},
				"pupil_right": {
					"position": {
						"0.0": [0, 0, 0.01],
						"0.125": [0, 0, 0.01],
						"0.1667": {"pre": [0, 0, 0.01], "post": [0, 0, 0]}
					}
				},
				"eye_left": {
					"position": {
						"0.0": [-0.1, 0, 0.1],
						"0.125": [-0.1, 0, 0.1],
						"0.1667": {"pre": [-0.1, 0, 0.1], "post": [0, 0, 0]}
					}
				},
				"pupil_left": {
					"position": {
						"0.0": [0, 0, 0.01],
						"0.125": [0, 0, 0.01],
						"0.1667": {"pre": [0, 0, 0.01], "post": [0, 0, 0]}
					}
				},
				"eyelid_right": {
					"position": {
						"0.0": [-0.1, 0, -0.1],
						"0.125": [-0.1, 0, -0.1],
						"0.1667": {"pre": [-0.1, 0, -0.1], "post": [0, 0, 0]}
					}
				},
				"eyelid_right_emote": {
					"scale": {
						"0.0": [1, 1, 1],
						"0.125": [1, 1, 1],
						"0.1667": [1, 1, 1]
					}
				},
				"eyelid_left": {
					"position": {
						"0.0": [0.1, 0, -0.1],
						"0.125": [0.1, 0, -0.1],
						"0.1667": {"pre": [0.1, 0, -0.1], "post": [0, 0, 0]}
					}
				},
				"eyelid_left_emote": {
					"scale": {
						"0.0": [1, 1, 1],
						"0.125": [1, 1, 1],
						"0.1667": [1, 1, 1]
					}
				}
			}
		},
		"animation.riolu.shock": {
			"loop": true,
			"bones": {
				"fangs": {
					"position": [0, -1, 0]
				},
				"pupil_right": {
					"scale": [0.7, 0.5, 1]
				},
				"pupil_left": {
					"scale": [0.7, 0.5, 1]
				},
				"jaw": {
					"position": [0, 1, 0]
				},
				"mouth_open2": {
					"position": [0, -1.2, -0.1]
				}
			}
		},
		"animation.riolu.angry": {
			"loop": true,
			"bones": {
				"fangs": {
					"position": [0, -1, 0]
				},
				"eye_right_emote": {
					"position": [-1, 0, 0],
					"scale": [0.5, 1, 1]
				},
				"pupil_right": {
					"position": [0, -0.3, 0],
					"scale": [1, 0.7, 1]
				},
				"eye_left_emote": {
					"position": [1, 0, 0],
					"scale": [0.5, 1, 1]
				},
				"pupil_left": {
					"position": [0, -0.3, 0],
					"scale": [1, 0.7, 1]
				},
				"jaw": {
					"position": [0, 1, 0]
				},
				"mouth_open2": {
					"position": [0, -1.1, -0.1]
				}
			}
		},
		"animation.riolu.sad": {
			"loop": true,
			"bones": {
				"eye_right_emote": {
					"position": [0, -0.5, 0]
				},
				"eye_right_emote3": {
					"position": [0, 0, -0.1],
					"scale": 1
				},
				"pupil_right": {
					"position": [0, 0, 0]
				},
				"eye_left_emote": {
					"position": [0, -0.5, 0]
				},
				"eye_left_emote3": {
					"position": [0, 0, -0.1],
					"scale": 1
				}
			}
		},
		"animation.riolu.calm": {
			"loop": true,
			"bones": {
				"fangs": {
					"position": [0, -1, 0]
				},
				"eye_right_emote2": {
					"position": [-0.1, 0.6, 0]
				},
				"eye_left_emote2": {
					"position": [0.1, 0.6, 0]
				},
				"jaw": {
					"position": [0, 1, 0]
				},
				"mouth_open": {
					"position": [0, -1.1, -0.1]
				}
			}
		},
		"animation.riolu.happy": {
			"loop": true,
			"bones": {
				"eye_right": {
					"position": [0.1, 0, 0.1]
				},
				"eye_left": {
					"position": [-0.1, 0, 0.1]
				},
				"eyelid_right": {
					"position": [-0.1, 0, -0.1]
				},
				"eyelid_right_emote2": {
					"position": [-0.2, 0.5, 0]
				},
				"eyelid_left": {
					"position": [0.1, 0, -0.1]
				},
				"eyelid_left_emote2": {
					"position": [0.2, 0.5, 0]
				},
				"jaw": {
					"rotation": [-90, 0, 0]
				},
				"mouth_open": {
					"position": [0, -1.1, -0.1]
				}
			}
		},
		"animation.riolu.hurt": {
			"loop": true,
			"bones": {
				"eye_right": {
					"position": [0.1, 0, 0.1]
				},
				"eye_right_core": {
					"position": [0.1, 0, 0.1]
				},
				"pupil_right": {
					"position": [0, 0, 0.1]
				},
				"eyelid_right": {
					"position": [-0.1, 0, -0.1]
				},
				"eyelid_right_emote": {
					"position": [0, 0, 0]
				},
				"eyelid_right_emote2": {
					"position": [-0.2, 0.6, 0]
				},
				"eyelid_right_emote3": {
					"position": [0, 0.6, 0]
				},
				"muzzle": {
					"rotation": [-2, 0, 0],
					"position": [0, 0, 0]
				},
				"jaw": {
					"position": [0, 1, 1]
				},
				"teeth_clench": {
					"position": [0, -0.1, -0.1]
				},
				"eye_left": {
					"position": [-0.1, 0, 0.1]
				},
				"eye_left_emote2": {
					"position": [0, 0, 0.1]
				},
				"eyelid_left": {
					"position": [0.1, 0, -0.1]
				},
				"eyelid_left_emote": {
					"position": [0, 0, 0]
				},
				"eyelid_left_emote2": {
					"position": [0.2, 0.6, 0]
				},
				"eyelid_left_emote3": {
					"position": [0, 0.6, 0]
				}
			}
		},
		"animation.riolu.judgy": {
			"loop": true,
			"bones": {
				"eye_right_emote": {
					"position": [0.1, 0, 0.1]
				},
				"pupil_right": {
					"position": [0.5, -0.5, 0],
					"scale": [1, 0.5, 1]
				},
				"eye_left_emote": {
					"position": [1, 0, 0],
					"scale": [0.5, 1, 1]
				},
				"pupil_left": {
					"position": [0.8, 0, 0]
				}
			}
		},
		"animation.riolu.squint": {
			"loop": true,
			"bones": {
				"eye_right_emote": {
					"position": [0.1, 0, 0.1]
				},
				"pupil_right": {
					"position": [0, -0.5, 0],
					"scale": [1, 0.5, 1]
				},
				"eye_left_emote": {
					"position": [-0.1, 0, 0.1]
				},
				"pupil_left": {
					"position": [0, -0.5, 0],
					"scale": [1, 0.5, 1]
				}
			}
		},
		"animation.riolu.cry": {
			"animation_length": 0.4,
			"sound_effects": {
				"0.0417": {
					"effect": "pokemon.riolu.cry"
				}
			}
		},
		"animation.riolu.spdtest": {
			"loop": true,
			"bones": {
				"riolu": {
					"position": [0, 0, "-q.anim_time*90*0.25"]
				}
			}
		}
	}
}