{
	"format_version": "1.8.0",
	"animations": {
		"animation.sealeo.ground_idle": {
			"loop": true,
			"bones": {
				"body": {
					"position": [0, 1, 0]
				},
				"torso": {
					"rotation": ["-10-math.cos(q.anim_time*90*3+0)*1", 0, 0]
				},
				"lower_body": {
					"rotation": ["7.5+math.cos(q.anim_time*90*3-0)*2", 0, 0]
				},
				"tail": {
					"rotation": ["17.5+math.cos(q.anim_time*90*3-60)*2", 0, 0]
				},
				"tail_fins": {
					"rotation": ["30+math.cos(q.anim_time*90*3-120)*2", 0, 0]
				},
				"flipper_left": {
					"rotation": ["31.4001+math.cos(q.anim_time*90*3-0)*1", "28.9995-math.cos(q.anim_time*90*3-0)*1", "38.5644+math.cos(q.anim_time*90*3-0)*1"],
					"position": [-0.73122, -0.17733, -1.07775]
				},
				"flipper_left2": {
					"rotation": [0, 0, -25]
				},
				"flipper_right": {
					"rotation": ["31.4001+math.cos(q.anim_time*90*3-0)*1", "-28.9995+math.cos(q.anim_time*90*3-0)*1", "-38.5644-math.cos(q.anim_time*90*3-0)*1"],
					"position": [0.73122, -0.17733, -1.07775]
				},
				"flipper_right2": {
					"rotation": [0, 0, 25]
				},
				"neck": {
					"rotation": [-7.5, 0, 0]
				},
				"head": {
					"rotation": ["20-math.cos(q.anim_time*90*3-30)*2", 0, 0]
				},
				"whiskers_left2": {
					"rotation": [0, "0-math.cos(q.anim_time*90*3-190)*2", 17.5]
				},
				"whiskers_right2": {
					"rotation": [0, "0+math.cos(q.anim_time*90*3-190)*2", -17.5]
				},
				"whiskers_left": {
					"rotation": [0, "0-math.cos(q.anim_time*90*3-120)*1", 0],
					"position": [0, 0.075, 0]
				},
				"whiskers_right": {
					"rotation": [0, "0+math.cos(q.anim_time*90*3-120)*1", 0],
					"position": [0, 0.075, 0]
				}
			}
		},
		"animation.sealeo.ground_walk": {
			"loop": true,
			"animation_length": 1,
			"bones": {
				"body": {
					"rotation": {
						"0.0": [0, 0, 0],
						"0.25": {
							"pre": [-6, 0, 0],
							"post": [-6, 0, 0],
							"lerp_mode": "catmullrom"
						},
						"0.5": {
							"post": [0, 0, 0],
							"lerp_mode": "catmullrom"
						},
						"1.0": [0, 0, 0]
					},
					"position": {
						"0.0": [0, 1, 0],
						"0.5": {
							"pre": [0, 1, -7],
							"post": [0, 1, -7],
							"lerp_mode": "catmullrom"
						},
						"1.0": [0, 1, 0]
					}
				},
				"torso": {
					"rotation": [-8.5, 0, 0],
					"position": [0, -0.2, 0]
				},
				"lower_body": {
					"rotation": {
						"0.0": [9.5, 0, 0],
						"0.25": {
							"pre": [14.5, 0, 0],
							"post": [14.5, 0, 0],
							"lerp_mode": "catmullrom"
						},
						"0.5": [9.5, 0, 0]
					}
				},
				"tail": {
					"rotation": ["18.5-math.cos(q.anim_time*90*4-60)*4", 0, 0]
				},
				"tail_fins": {
					"rotation": ["29-math.cos(q.anim_time*90*4-120)*5", 0, 0]
				},
				"flipper_left": {
					"rotation": {
						"0.0": {
							"post": [32.94814, 36.98604, 39.3655],
							"lerp_mode": "catmullrom"
						},
						"0.5": {
							"post": [0.71045, -20.36356, 23.4809],
							"lerp_mode": "catmullrom"
						},
						"0.75": {
							"post": [13.22, 13.39, 12.38],
							"lerp_mode": "catmullrom"
						},
						"1.0": [32.95, 36.99, 39.37]
					},
					"position": {
						"0.0": [-0.73122, -0.17733, -1.07775],
						"0.5": {
							"pre": [-0.13, -0.18, -0.98],
							"post": [-0.13, -0.18, -0.98],
							"lerp_mode": "catmullrom"
						},
						"0.75": {
							"post": [-0.43, 0.12, -1.03],
							"lerp_mode": "catmullrom"
						},
						"1.0": [-0.73122, -0.17733, -1.07775]
					}
				},
				"flipper_left2": {
					"rotation": [0, 0, -25]
				},
				"flipper_right": {
					"rotation": {
						"0.0": {
							"post": [32.94814, -36.98604, -39.3655],
							"lerp_mode": "catmullrom"
						},
						"0.5": {
							"post": [0.71045, 20.36356, -23.4809],
							"lerp_mode": "catmullrom"
						},
						"0.75": {
							"post": [13.22, -13.39, -12.38],
							"lerp_mode": "catmullrom"
						},
						"1.0": [32.95, -36.99, -39.37]
					},
					"position": {
						"0.0": [0.73122, -0.17733, -1.07775],
						"0.5": {
							"pre": [0.13, -0.18, -0.98],
							"post": [0.13, -0.18, -0.98],
							"lerp_mode": "catmullrom"
						},
						"0.75": {
							"post": [0.43, 0.12, -1.03],
							"lerp_mode": "catmullrom"
						},
						"1.0": [0.73122, -0.17733, -1.07775]
					}
				},
				"flipper_right2": {
					"rotation": [0, 0, 25]
				},
				"neck": {
					"rotation": [-7.5, 0, 0]
				},
				"head": {
					"rotation": ["18.2679-math.cos(q.anim_time*90*4-90)*5", 0, 0]
				},
				"whiskers_left2": {
					"rotation": [0, 1.96962, "17.5+math.cos(q.anim_time*90*4-120)*6"]
				},
				"whiskers_right2": {
					"rotation": [0, -1.96962, "-17.5-math.cos(q.anim_time*90*4-120)*6"]
				},
				"whiskers_left": {
					"rotation": [0, "0.5-math.cos(q.anim_time*90*4-60)*3", 0],
					"position": [0, 0.075, 0]
				},
				"whiskers_right": {
					"rotation": [0, "-0.5+math.cos(q.anim_time*90*4-60)*3", 0],
					"position": [0, 0.075, 0]
				},
				"whisker_left1": {
					"rotation": ["0+math.cos(q.anim_time*90*4-180)*6", 0, 0]
				},
				"whisker_left2": {
					"rotation": ["0+math.cos(q.anim_time*90*4-180)*6", 0, 0]
				},
				"whisker_left4": {
					"rotation": ["0+math.cos(q.anim_time*90*4-180)*6", 0, 0]
				},
				"whisker_left5": {
					"rotation": ["0+math.cos(q.anim_time*90*4-180)*6", 0, 0]
				},
				"whisker_left3": {
					"rotation": ["0+math.cos(q.anim_time*90*4-180)*6", 0, 0]
				},
				"whisker_right1": {
					"rotation": ["0+math.cos(q.anim_time*90*4-180)*6", 0, 0]
				},
				"whisker_right2": {
					"rotation": ["0+math.cos(q.anim_time*90*4-180)*6", 0, 0]
				},
				"whisker_right4": {
					"rotation": ["0+math.cos(q.anim_time*90*4-180)*6", 0, 0]
				},
				"whisker_right5": {
					"rotation": ["0+math.cos(q.anim_time*90*4-180)*6", 0, 0]
				},
				"whisker_right3": {
					"rotation": ["0+math.cos(q.anim_time*90*4-180)*6", 0, 0]
				}
			}
		},
		"animation.sealeo.ground_idle2": {
			"loop": true,
			"bones": {
				"body": {
					"position": [0, 1, 0]
				},
				"torso": {
					"rotation": [-10, 0, 0]
				},
				"lower_body": {
					"rotation": [7.5, 0, 0]
				},
				"tail": {
					"rotation": [17.5, 0, 0]
				},
				"tail_fins": {
					"rotation": [30, 0, 0]
				},
				"flipper_left": {
					"rotation": [31.40011, 28.99949, 38.56442],
					"position": [-0.73122, -0.17733, -1.07775]
				},
				"flipper_left2": {
					"rotation": [0, 0, -25]
				},
				"flipper_right": {
					"rotation": [31.40011, -28.99949, -38.56442],
					"position": [0.73122, -0.17733, -1.07775]
				},
				"flipper_right2": {
					"rotation": [0, 0, 25]
				},
				"neck": {
					"rotation": [-50, 0, 0]
				},
				"head": {
					"rotation": [65, 0, 0],
					"position": [0, 0, -2]
				},
				"whiskers_left2": {
					"rotation": [0, 0, 17.5]
				},
				"whiskers_right2": {
					"rotation": [0, 0, -17.5]
				},
				"face": {
					"position": [0, 0, 0.5]
				},
				"mouth_open": {
					"position": [0, 0.12, -0.5]
				},
				"whiskers_left": {
					"position": [0, 0.02, 0]
				},
				"whiskers_right": {
					"position": [0, 0.02, 0]
				}
			}
		},
		"animation.sealeo.blink": {
			"animation_length": 0.16,
			"bones": {
				"eyelid_left": {
					"position": {
						"0.0": [0, 0.1, 0],
						"0.12": [0, 0.1, 0],
						"0.16": [0, 0, 0]
					}
				},
				"eyelid_right": {
					"position": {
						"0.0": [0, 0.1, 0],
						"0.12": [0, 0.1, 0],
						"0.16": [0, 0, 0]
					}
				}
			}
		},
		"animation.sealeo.cry": {
			"animation_length": 1.2,
			"bones": {
				"head": {
					"rotation": {
						"0.0": [0, 0, 0],
						"0.0833": {
							"pre": [5, 0, 0],
							"post": [5, 0, 0],
							"lerp_mode": "catmullrom"
						},
						"0.2917": {
							"post": [-7.5, 0, 0],
							"lerp_mode": "catmullrom"
						},
						"0.625": {
							"post": [-7.5, 0, 0],
							"lerp_mode": "catmullrom"
						},
						"0.9583": [0, 0, 0]
					},
					"position": [0, 0, 0]
				},
				"snout": {
					"position": {
						"0.0": [0, 0, 0],
						"0.0833": {
							"pre": [0, 0, 0.3],
							"post": [0, 0, 0.3],
							"lerp_mode": "catmullrom"
						},
						"0.6667": {
							"post": [0, 0, 0.3],
							"lerp_mode": "catmullrom"
						},
						"0.7917": [0, 0, 0]
					}
				},
				"mouth_open": {
					"position": {
						"0.0": [0, 0, 0],
						"0.0833": [0, 0.15, 0],
						"0.6667": [0, 0.175, 0],
						"0.7083": [0, 0, 0]
					}
				}
			},
			"sound_effects": {
				"0.0417": {
					"effect": "pokemon.sealeo.cry"
				}
			}
		}
	}
}