{
	"format_version": "1.8.0",
	"animations": {
		"animation.walrein.ground_idle": {
			"loop": true,
			"bones": {
				"tail": {
					"rotation": ["9+math.cos(q.anim_time*90*2-30)*2", 0, 0]
				},
				"tail_fins": {
					"rotation": ["10+math.cos(q.anim_time*90*2-90)*3", 0, 0]
				},
				"flipper_left": {
					"rotation": ["3+math.cos(q.anim_time*90*2-0)*0.25", "0+math.cos(q.anim_time*90*2-0)*0.5", "12-math.cos(q.anim_time*90*2-0)*1"]
				},
				"flipper_end_left": {
					"rotation": [0, 0, -15]
				},
				"flipper_right": {
					"rotation": ["3+math.cos(q.anim_time*90*2-0)*0.25", "0-math.cos(q.anim_time*90*2-0)*0.5", "-12+math.cos(q.anim_time*90*2-0)*1"]
				},
				"flipper_end_right": {
					"rotation": [0, 0, 15]
				},
				"neck": {
					"rotation": ["3+math.cos(q.anim_time*90*2-30)*1.5 ", 0, 0]
				},
				"neck2": {
					"rotation": ["-8+math.cos(q.anim_time*90*2-60)*1.5", 0, 0]
				},
				"head": {
					"rotation": ["7+math.cos(q.anim_time*90*2-120)*2", 0, 0]
				},
				"leg_left": {
					"position": [0, 2.7, 0]
				},
				"foot_left": {
					"rotation": [-14.25559, -10.4426, 10.18377]
				},
				"leg_right": {
					"position": [0, 2.7, 0]
				},
				"foot_right": {
					"rotation": [-14.25559, 10.4426, -10.18377]
				},
				"chest": {
					"rotation": ["0+math.cos(q.anim_time*90*2-0)*1", 0, 0]
				}
			}
		},
		"animation.walrein.ground_walk": {
			"loop": true,
			"animation_length": 1.3333,
			"bones": {
				"tail": {
					"rotation": ["9+math.cos(q.anim_time*90*6-30)*2", 0, 0]
				},
				"tail_fins": {
					"rotation": ["10+math.cos(q.anim_time*90*6-90)*4", 0, 0]
				},
				"flipper_left": {
					"rotation": {
						"0.0": [-5.03434, -19.80484, 11.14503],
						"0.3333": {
							"pre": [1.58129, 4.3544, 2.257],
							"post": [1.58129, 4.3544, 2.257],
							"lerp_mode": "catmullrom"
						},
						"0.6667": {
							"post": [16.95767, 23.88708, 19.44834],
							"lerp_mode": "catmullrom"
						},
						"1.3333": [-5.03434, -19.80484, 11.14503]
					},
					"position": {
						"0.0": [0, 0, 1],
						"0.6667": {
							"pre": [-0.5, 0, -0.5],
							"post": [-0.5, 0, -0.5],
							"lerp_mode": "catmullrom"
						},
						"1.3333": [0, 0, 1]
					}
				},
				"flipper_end_left": {
					"rotation": {
						"0.0": [0, 0, -15],
						"0.6667": {
							"pre": [0.88069, 22.43053, -16.98428],
							"post": [0.88069, 22.43053, -16.98428],
							"lerp_mode": "catmullrom"
						},
						"1.3333": [0, 0, -15]
					}
				},
				"flipper_right": {
					"rotation": {
						"0.0": {
							"post": [16.95767, -23.88708, -19.44834],
							"lerp_mode": "catmullrom"
						},
						"0.6667": {
							"post": [-5.03434, 19.80484, -11.14503],
							"lerp_mode": "catmullrom"
						},
						"1.0": {
							"post": [1.58129, -4.3544, -2.257],
							"lerp_mode": "catmullrom"
						},
						"1.3333": [16.95767, -23.88708, -19.44834]
					},
					"position": {
						"0.0": [0.5, 0, -0.5],
						"0.6667": {
							"pre": [0, 0, 1],
							"post": [0, 0, 1],
							"lerp_mode": "catmullrom"
						},
						"1.3333": [0.5, 0, -0.5]
					}
				},
				"flipper_end_right": {
					"rotation": {
						"0.0": {
							"post": [0.88069, -22.43053, 16.98428],
							"lerp_mode": "catmullrom"
						},
						"0.6667": [0, 0, 15],
						"1.3333": {
							"pre": [0.88069, -22.43053, 16.98428],
							"post": [0.88069, -22.43053, 16.98428],
							"lerp_mode": "catmullrom"
						}
					}
				},
				"neck": {
					"rotation": ["3-math.cos(q.anim_time*90*6-30)*0.5", 0, 0]
				},
				"neck2": {
					"rotation": ["-8-math.cos(q.anim_time*90*6-90)*1.25", 0, 0]
				},
				"head": {
					"rotation": [7, 0, 0]
				},
				"leg_left": {
					"rotation": {
						"0.0": [0, 0, 0],
						"0.25": [0, 0, 0],
						"0.5833": [0, 0, 0],
						"0.9167": [12.5, 0, 0],
						"1.25": [0, 0, 0],
						"1.3333": [0, 0, 0]
					},
					"position": {
						"0.0": [0, 2.62, -0.63],
						"0.25": {
							"pre": [0, 2.6, 0.37],
							"post": [0, 2.6, 0.37],
							"lerp_mode": "catmullrom"
						},
						"0.5833": {
							"post": [0, 2.7, 1.5],
							"lerp_mode": "catmullrom"
						},
						"0.9167": {
							"post": [0, 3.5, 0.38],
							"lerp_mode": "catmullrom"
						},
						"1.25": [0, 2.7, -0.75],
						"1.3333": [0, 2.62, -0.63]
					}
				},
				"foot_left": {
					"rotation": [-14.25559, -10.4426, 10.18377]
				},
				"leg_right": {
					"rotation": {
						"0.0": [3.13, 0, 0],
						"0.25": [12.5, 0, 0],
						"0.5833": [0, 0, 0],
						"0.9167": [0, 0, 0],
						"1.25": [0, 0, 0],
						"1.3333": [3.13, 0, 0]
					},
					"position": {
						"0.0": {
							"post": [0, 2.86, 1.37],
							"lerp_mode": "catmullrom"
						},
						"0.25": {
							"post": [0, 3.5, 0.38],
							"lerp_mode": "catmullrom"
						},
						"0.5833": [0, 2.7, -0.75],
						"0.9167": {
							"pre": [0, 2.6, 0.37],
							"post": [0, 2.6, 0.37],
							"lerp_mode": "catmullrom"
						},
						"1.25": {
							"post": [0, 2.7, 1.5],
							"lerp_mode": "catmullrom"
						},
						"1.3333": {
							"post": [0, 2.86, 1.37],
							"lerp_mode": "catmullrom"
						}
					}
				},
				"foot_right": {
					"rotation": [-14.25559, 10.4426, -10.18377]
				},
				"torso": {
					"rotation": {
						"0.0": [1, 0, 0],
						"0.3333": {
							"pre": [-2, 0, 0],
							"post": [-2, 0, 0],
							"lerp_mode": "catmullrom"
						},
						"0.6667": [1, 0, 0],
						"1.0": {
							"pre": [-2, 0, 0],
							"post": [-2, 0, 0],
							"lerp_mode": "catmullrom"
						},
						"1.3333": [1, 0, 0]
					}
				},
				"chest": {
					"rotation": ["0-math.cos(q.anim_time*90*6-0)*3", "0-math.cos(q.anim_time*90*3+30)*1", 0]
				}
			}
		},
		"animation.walrein.mouth_open": {
			"animation_length": 0.16,
			"bones": {
				"tail": {
					"rotation": [12.5, 0, 0]
				},
				"tail_fins": {
					"rotation": [20, 0, 0]
				},
				"tail_left": {
					"rotation": [0, 0, -22.5]
				},
				"tail_right": {
					"rotation": [0, 0, 22.5]
				},
				"leg_left": {
					"position": [0, 2.7, 0]
				},
				"foot_left": {
					"rotation": [-14.25559, -10.4426, 10.18377]
				},
				"leg_right": {
					"position": [0, 2.7, 0]
				},
				"foot_right": {
					"rotation": [-14.25559, 10.4426, -10.18377]
				},
				"chest": {
					"rotation": [-5, 0, 0]
				},
				"flipper_left": {
					"rotation": [0, 0, 22.5]
				},
				"flipper_end_left": {
					"rotation": [13.07207, 0.6897, -29.31552]
				},
				"flipper_right": {
					"rotation": [0, 0, -22.5]
				},
				"flipper_end_right": {
					"rotation": [13.07207, -0.6897, 29.31552]
				},
				"neck": {
					"rotation": [-7.5, 0, 0]
				},
				"head": {
					"rotation": [-10, 0, 0]
				},
				"jaw": {
					"position": [0, -3, 0]
				},
				"lip": {
					"rotation": [10, 0, 0],
					"position": [0, 0.15529, 0.57956]
				},
				"head_bottom": {
					"rotation": [15, 0, 0]
				},
				"pupil_right": {
					"position": [0, -0.2, 0]
				},
				"pupil_left": {
					"position": [0, -0.2, 0]
				}
			}
		},
		"animation.walrein.blink": {
			"animation_length": 0.16,
			"bones": {
				"eyelid_left": {
					"position": {
						"0.0": [0, 0, -0.1],
						"0.12": [0, 0, -0.1],
						"0.16": {"pre": [0, 0, -0.1], "post": [0, 0, 0]}
					}
				},
				"eyelid_right": {
					"position": {
						"0.0": [0, 0, -0.1],
						"0.12": [0, 0, -0.1],
						"0.16": {"pre": [0, 0, -0.1], "post": [0, 0, 0]}
					}
				}
			}
		},
		"animation.walrein.cry": {
			"animation_length": 2.6667,
			"bones": {
				"chest": {
					"rotation": {
						"0.0": [0, 0, 0],
						"0.125": {
							"pre": [3, 0, 0],
							"post": [3, 0, 0],
							"lerp_mode": "catmullrom"
						},
						"0.3333": {
							"post": [-6, 0, 0],
							"lerp_mode": "catmullrom"
						},
						"1.5": {
							"post": [-6, 0, 0],
							"lerp_mode": "catmullrom"
						},
						"2.0": {
							"post": [0, 0, 0],
							"lerp_mode": "catmullrom"
						},
						"2.5833": [0, 0, 0]
					}
				},
				"flipper_left": {
					"rotation": {
						"0.0": [0, 0, 0],
						"0.125": {
							"pre": [0, 0, -3],
							"post": [0, 0, -3],
							"lerp_mode": "catmullrom"
						},
						"0.2917": {
							"post": [12, 0, 22],
							"lerp_mode": "catmullrom"
						},
						"1.5": {
							"post": [12, 0, 22],
							"lerp_mode": "catmullrom"
						},
						"2.0": {
							"post": [0, 0, 0],
							"lerp_mode": "catmullrom"
						},
						"2.5833": [0, 0, 0]
					}
				},
				"flipper_end_left": {
					"rotation": {
						"0.0": [0, 0, 0],
						"0.1667": {
							"pre": [0, 0, -1.5],
							"post": [0, 0, -1.5],
							"lerp_mode": "catmullrom"
						},
						"0.3333": {
							"post": [0.29267, 4.98194, -23.01583],
							"lerp_mode": "catmullrom"
						},
						"1.5": {
							"post": [0.29267, 4.98194, -23.01583],
							"lerp_mode": "catmullrom"
						},
						"2.0417": {
							"post": [0, 0, 0],
							"lerp_mode": "catmullrom"
						},
						"2.625": [0, 0, 0]
					}
				},
				"flipper_right": {
					"rotation": {
						"0.0": [0, 0, 0],
						"0.125": {
							"pre": [0, 0, 3],
							"post": [0, 0, 3],
							"lerp_mode": "catmullrom"
						},
						"0.2917": {
							"post": [12, 0, -22],
							"lerp_mode": "catmullrom"
						},
						"1.5": {
							"post": [12, 0, -22],
							"lerp_mode": "catmullrom"
						},
						"2.0": {
							"post": [0, 0, 0],
							"lerp_mode": "catmullrom"
						},
						"2.5833": [0, 0, 0]
					}
				},
				"flipper_end_right": {
					"rotation": {
						"0.0": [0, 0, 0],
						"0.1667": {
							"pre": [0, 0, 1.5],
							"post": [0, 0, 1.5],
							"lerp_mode": "catmullrom"
						},
						"0.3333": {
							"post": [0.29267, -4.98194, 23.01583],
							"lerp_mode": "catmullrom"
						},
						"1.5": {
							"post": [0.29267, -4.98194, 23.01583],
							"lerp_mode": "catmullrom"
						},
						"2.0417": {
							"post": [0, 0, 0],
							"lerp_mode": "catmullrom"
						},
						"2.625": [0, 0, 0]
					}
				},
				"neck": {
					"rotation": {
						"0.0": [0, 0, 0],
						"0.1667": {
							"pre": [8, 0, 0],
							"post": [8, 0, 0],
							"lerp_mode": "catmullrom"
						},
						"0.375": {
							"post": [0, 0, 0],
							"lerp_mode": "catmullrom"
						},
						"1.6667": [0, 0, 0]
					}
				},
				"neck2": {
					"rotation": {
						"0.0": [0, 0, 0],
						"0.25": {
							"pre": [10, 0, 0],
							"post": [10, 0, 0],
							"lerp_mode": "catmullrom"
						},
						"0.7083": {
							"post": [-10, 0, 0],
							"lerp_mode": "catmullrom"
						},
						"1.5": {
							"post": [-10, 0, 0],
							"lerp_mode": "catmullrom"
						},
						"2.125": {
							"post": [0, 0, 0],
							"lerp_mode": "catmullrom"
						},
						"2.5417": [0, 0, 0]
					}
				},
				"head": {
					"rotation": {
						"0.0": [0, 0, 0],
						"0.4167": {
							"pre": [11, 0, 0],
							"post": [11, 0, 0],
							"lerp_mode": "catmullrom"
						},
						"0.875": {
							"post": [3, 0, 0],
							"lerp_mode": "catmullrom"
						},
						"1.4167": {
							"post": [3, 0, 0],
							"lerp_mode": "catmullrom"
						},
						"2.0": {
							"post": [0, 0, 0],
							"lerp_mode": "catmullrom"
						},
						"2.5": [0, 0, 0]
					}
				},
				"eyelid_left": {
					"position": {
						"0.0": [0, 0, 0],
						"0.0417": {"pre": [0, 0, 0], "post": [0, 0, -0.1]},
						"0.2917": {"pre": [0, 0, -0.1], "post": [0, 0, 0]}
					}
				},
				"eyelid_right": {
					"position": {
						"0.0": [0, 0, 0],
						"0.0417": {"pre": [0, 0, 0], "post": [0, 0, -0.1]},
						"0.2917": {"pre": [0, 0, -0.1], "post": [0, 0, 0]}
					}
				},
				"jaw": {
					"position": {
						"0.0": [0, 0, 0],
						"0.2083": {
							"pre": [0, 0, 0],
							"post": [0, 0, 0],
							"lerp_mode": "catmullrom"
						},
						"0.6667": {
							"post": [0, -1.8, 0],
							"lerp_mode": "catmullrom"
						},
						"1.75": {
							"post": [0, -2.3, 0],
							"lerp_mode": "catmullrom"
						},
						"1.9167": {
							"post": [0, 0, 0],
							"lerp_mode": "catmullrom"
						},
						"2.4583": [0, 0, 0]
					}
				},
				"lip": {
					"rotation": {
						"0.3333": [0, 0, 0],
						"0.625": {
							"pre": [16, 0, 0],
							"post": [16, 0, 0],
							"lerp_mode": "catmullrom"
						},
						"1.4167": {
							"post": [16, 0, 0],
							"lerp_mode": "catmullrom"
						},
						"1.9583": {
							"post": [0, 0, 0],
							"lerp_mode": "catmullrom"
						},
						"2.5": [0, 0, 0]
					}
				}
			},
			"sound_effects": {
				"0.1667": {
					"effect": "pokemon.walrein.cry"
				}
			}
		}
	}
}