{
	"format_version": "1.8.0",
	"animations": {
		"animation.hatenna.ground_idleold": {
			"loop": true,
			"bones": {
				"torso": {
					"rotation": [0, 0, 0]
				},
				"hat_mid": {
					"rotation": [12.5, 0, 0]
				},
				"hat__mid_bend": {
					"rotation": [5, 0, 0]
				},
				"hat_end": {
					"rotation": [10, 0, 0]
				},
				"hat_end_bend": {
					"rotation": [0, 0, 0]
				},
				"hat_tip": {
					"rotation": [5, 0, 0]
				},
				"right_foot": {
					"rotation": [10, 10, 0]
				},
				"right_toe": {
					"rotation": [-12.5, 0, 0]
				},
				"left_foot": {
					"rotation": [10, -12.5, 0]
				},
				"left_toe": {
					"rotation": [-12.5, 0, 0]
				},
				"left_hair_arm": {
					"rotation": [-5.54045, -5.83379, 65.93594]
				},
				"left_hair_elbow": {
					"rotation": [0, 0, -15]
				},
				"left_hair_hand": {
					"rotation": [0, 0, -45]
				},
				"right_hair_arm": {
					"rotation": [-5.54045, 5.83379, -65.93594]
				},
				"right_hair_elbow": {
					"rotation": [0, 0, 15]
				},
				"right_hair_hand": {
					"rotation": [0, 0, 45]
				}
			}
		},
		"animation.hatenna.ground_idle": {
			"loop": true,
			"animation_length": 2.6667,
			"bones": {
				"torso": {
					"rotation": ["0+Math.cos((query.anim_time)*90*3-0)*2", 0, "0+Math.cos((query.anim_time)*90*3/2-0)*1.5"]
				},
				"hat_mid": {
					"rotation": [12.5, 0, 0]
				},
				"hat__mid_bend": {
					"rotation": [5, 0, 0]
				},
				"hat_end": {
					"rotation": [10, 0, 0]
				},
				"hat_end_bend": {
					"rotation": [0, 0, 0]
				},
				"hat_tip": {
					"rotation": [5, 0, 0]
				},
				"right_foot": {
					"rotation": [10, 10, 0]
				},
				"right_toe": {
					"rotation": [-12.5, 0, 0]
				},
				"left_foot": {
					"rotation": [10, -12.5, 0]
				},
				"left_toe": {
					"rotation": [-12.5, 0, 0]
				},
				"left_hair_arm": {
					"rotation": [-5.54045, -5.83379, 65.93594]
				},
				"left_hair_elbow": {
					"rotation": {
						"0.0": {
							"post": [0, 0, -16.25],
							"lerp_mode": "catmullrom"
						},
						"0.625": {
							"post": [0, 0, -17.5],
							"lerp_mode": "catmullrom"
						},
						"1.2917": {
							"post": [0, 0, -7.5],
							"lerp_mode": "catmullrom"
						},
						"1.9583": {
							"post": [0, 0, -17.5],
							"lerp_mode": "catmullrom"
						},
						"2.6667": {
							"post": [0, 0, -16.25],
							"lerp_mode": "catmullrom"
						}
					}
				},
				"left_hair_hand": {
					"rotation": {
						"0.0": {
							"post": [0, 0, -45.5],
							"lerp_mode": "catmullrom"
						},
						"0.625": {
							"post": [0, 0, -40.5],
							"lerp_mode": "catmullrom"
						},
						"1.2917": {
							"post": [0, 0, -50],
							"lerp_mode": "catmullrom"
						},
						"1.9583": {
							"post": [0, 0, -40.5],
							"lerp_mode": "catmullrom"
						},
						"2.6667": {
							"post": [0, 0, -45.5],
							"lerp_mode": "catmullrom"
						}
					}
				},
				"right_hair_arm": {
					"rotation": [-5.54045, 5.83379, -65.93594]
				},
				"right_hair_elbow": {
					"rotation": {
						"0.0": [0, 0, 7.5],
						"0.75": {
							"pre": [0, 0, 17.5],
							"post": [0, 0, 17.5],
							"lerp_mode": "catmullrom"
						},
						"1.375": {
							"post": [0, 0, 16.25],
							"lerp_mode": "catmullrom"
						},
						"2.0": {
							"post": [0, 0, 17.5],
							"lerp_mode": "catmullrom"
						},
						"2.6667": {
							"post": [0, 0, 7.5],
							"lerp_mode": "catmullrom"
						}
					}
				},
				"right_hair_hand": {
					"rotation": {
						"0.0": [0, 0, 50],
						"0.75": {
							"pre": [0, 0, 43],
							"post": [0, 0, 43],
							"lerp_mode": "catmullrom"
						},
						"1.375": {
							"post": [0, 0, 45.5],
							"lerp_mode": "catmullrom"
						},
						"2.0": {
							"post": [0, 0, 40.5],
							"lerp_mode": "catmullrom"
						},
						"2.6667": {
							"post": [0, 0, 50],
							"lerp_mode": "catmullrom"
						}
					}
				}
			}
		},
		"animation.hatenna.ground_walk": {
			"loop": true,
			"animation_length": 1,
			"bones": {
				"torso": {
					"rotation": [0, 0, "0+Math.cos((query.anim_time)*90*4-0)*3"],
					"position": [0, "-0.2+Math.cos((query.anim_time)*90*8-0)*0.2", 0]
				},
				"hat_mid": {
					"rotation": [12.5, "0+Math.cos((query.anim_time)*90*4 -60)*2.5", 0]
				},
				"hat__mid_bend": {
					"rotation": [5, "0+Math.cos((query.anim_time)*90*4-90)*4", 0]
				},
				"hat_end": {
					"rotation": [10, "0+Math.cos((query.anim_time)*90*4-120)*6", 0]
				},
				"hat_end_bend": {
					"rotation": [0, 0, 0]
				},
				"hat_tip": {
					"rotation": [5, 0, 0]
				},
				"right_foot": {
					"rotation": {
						"0.0": [10, 10, 0],
						"0.25": {
							"pre": [8.75, 10, 0],
							"post": [8.75, 10, 0],
							"lerp_mode": "catmullrom"
						},
						"0.5": {
							"post": [10, 10, 0],
							"lerp_mode": "catmullrom"
						},
						"0.75": {
							"post": [20, 10, 0],
							"lerp_mode": "catmullrom"
						},
						"1.0": [10, 10, 0]
					},
					"position": {
						"0.0": [0, 0, -1],
						"0.25": {
							"pre": [0, -0.08, -0.25],
							"post": [0, -0.08, -0.25],
							"lerp_mode": "catmullrom"
						},
						"0.5": {
							"post": [0, 0, 0.5],
							"lerp_mode": "catmullrom"
						},
						"0.75": {
							"post": [0, 1.1, -0.25],
							"lerp_mode": "catmullrom"
						},
						"1.0": [0, 0, -1]
					}
				},
				"right_toe": {
					"rotation": [-12.5, 0, 0]
				},
				"left_foot": {
					"rotation": {
						"0.0": [10, -10, 0],
						"0.25": {
							"pre": [20, -10, 0],
							"post": [20, -10, 0],
							"lerp_mode": "catmullrom"
						},
						"0.5": {
							"post": [10, -10, 0],
							"lerp_mode": "catmullrom"
						},
						"0.75": {
							"post": [8.75, -10, 0],
							"lerp_mode": "catmullrom"
						},
						"1.0": [10, -10, 0]
					},
					"position": {
						"0.0": [0, 0, 0.5],
						"0.25": {
							"pre": [0, 1.1, -0.25],
							"post": [0, 1.1, -0.25],
							"lerp_mode": "catmullrom"
						},
						"0.5": {
							"post": [0, 0, -1],
							"lerp_mode": "catmullrom"
						},
						"0.75": {
							"post": [0, -0.08, -0.25],
							"lerp_mode": "catmullrom"
						},
						"1.0": [0, 0, 0.5]
					}
				},
				"left_toe": {
					"rotation": [-12.5, 0, 0]
				},
				"left_hair_arm": {
					"rotation": {
						"0.0": [-5.54, -5.83, 65.94],
						"0.0833": [-5.54045, -5.83379, 65.93594],
						"0.5833": {
							"pre": [-5.78926, -5.58698, 68.43614],
							"post": [-5.78926, -5.58698, 68.43614],
							"lerp_mode": "catmullrom"
						},
						"1.0": [-5.54, -5.83, 65.94]
					},
					"position": {
						"0.0": [0, 0, 0],
						"0.0833": [0, 0, 0],
						"0.5833": {
							"pre": [0, 0.2, 0],
							"post": [0, 0.2, 0],
							"lerp_mode": "catmullrom"
						},
						"1.0": [0, 0, 0]
					}
				},
				"left_hair_elbow": {
					"rotation": {
						"0.0": [0, 0, -15],
						"0.0833": [0, 0, -15],
						"0.5833": {
							"pre": [0, 0, -10],
							"post": [0, 0, -10],
							"lerp_mode": "catmullrom"
						},
						"1.0": [0, 0, -15]
					}
				},
				"left_hair_hand": {
					"rotation": {
						"0.0": [0, 0, -52.5],
						"0.0833": [0, 0, -52.5],
						"0.5833": {
							"pre": [0, 0, -45],
							"post": [0, 0, -45],
							"lerp_mode": "catmullrom"
						},
						"1.0": [0, 0, -52.5]
					}
				},
				"right_hair_arm": {
					"rotation": {
						"0.0": [-5.76, 5.62, -68.12],
						"0.0833": [-5.78926, 5.58698, -68.43614],
						"0.5833": {
							"pre": [-5.54045, 5.83379, -65.93594],
							"post": [-5.54045, 5.83379, -65.93594],
							"lerp_mode": "catmullrom"
						},
						"1.0": {
							"post": [-5.76, 5.62, -68.12],
							"lerp_mode": "catmullrom"
						}
					},
					"position": {
						"0.0": [0, 0.17, 0],
						"0.0833": [0, 0.2, 0],
						"0.5833": {
							"pre": [0, 0, 0],
							"post": [0, 0, 0],
							"lerp_mode": "catmullrom"
						},
						"1.0": {
							"post": [0, 0.17, 0],
							"lerp_mode": "catmullrom"
						}
					}
				},
				"right_hair_elbow": {
					"rotation": {
						"0.0": [0, 0, 10],
						"0.0833": [0, 0, 10],
						"0.5833": {
							"pre": [0, 0, 15],
							"post": [0, 0, 15],
							"lerp_mode": "catmullrom"
						},
						"1.0": {
							"post": [0, 0, 10],
							"lerp_mode": "catmullrom"
						}
					}
				},
				"right_hair_hand": {
					"rotation": {
						"0.0": [0, 0, 45],
						"0.0833": [0, 0, 45],
						"0.5833": {
							"pre": [0, 0, 52.5],
							"post": [0, 0, 52.5],
							"lerp_mode": "catmullrom"
						},
						"1.0": {
							"post": [0, 0, 45],
							"lerp_mode": "catmullrom"
						}
					}
				},
				"hat_base": {
					"rotation": [0, "0+Math.cos((query.anim_time)*90*4 -30)*2", "0+Math.cos((query.anim_time)*90*4 -30)*1"]
				}
			}
		},
		"animation.hatenna.cry": {
			"animation_length": 1.2,
			"sound_effects": {
				"0.04": {
					"effect": "pokemon.hatenna.cry"
				}
			}
		}
	}
}