{
	"format_version": "1.12.0",
	"minecraft:geometry": [
		{
			"description": {
				"identifier": "geometry.unown",
				"texture_width": 16,
				"texture_height": 16,
				"visible_bounds_width": 2,
				"visible_bounds_height": 2.5,
				"visible_bounds_offset": [0, 0.75, 0]
			},
			"bones": [
				{
					"name": "unown",
					"pivot": [0, 0, 0]
				},
				{
					"name": "torso",
					"parent": "unown",
					"pivot": [0, -0.1, 0]
				},
				{
					"name": "bone",
					"parent": "torso",
					"pivot": [0.02132, -5.1, 0],
					"cubes": [
						{"origin": [1.52132, -4.5, -0.9], "size": [1, 4, 1], "pivot": [2.02132, -2, -0.4], "rotation": [0, 0, -45], "uv": [11, 10]},
						{"origin": [3.58436, -3.36537, -0.9], "size": [1, 6, 1], "inflate": -0.001, "pivot": [4.08436, -0.86537, -0.4], "rotation": [0, 0, 10], "uv": [0, 8]},
						{"origin": [-4.61071, -2.40718, -0.9], "size": [1, 6, 1], "inflate": -0.001, "pivot": [-4.11071, 2.09282, -0.4], "rotation": [0, 0, 10], "uv": [7, 7]},
						{"origin": [1.52132, 2.5, -0.9], "size": [1, 4, 1], "pivot": [2.02132, -2, -0.4], "rotation": [0, 0, -45], "uv": [11, 5]}
					]
				},
				{
					"name": "body",
					"parent": "torso",
					"pivot": [0.02132, -8.1, 0],
					"cubes": [
						{"origin": [-1.47868, -1.5, -0.1], "size": [3, 3, 1], "uv": [0, 0]},
						{"origin": [1.52132, -1.5, -0.9], "size": [1, 3, 1], "inflate": 0.001, "uv": [8, 14]},
						{"origin": [-2.47868, -1.5, -0.9], "size": [1, 3, 1], "inflate": 0.001, "uv": [4, 13]},
						{"origin": [-1.47868, -2.5, -0.9], "size": [3, 1, 1], "inflate": 0.001, "uv": [8, 0]},
						{"origin": [-1.47868, 1.5, -0.9], "size": [3, 1, 1], "inflate": 0.001, "uv": [7, 3]}
					]
				},
				{
					"name": "eye",
					"parent": "torso",
					"pivot": [0.02132, -8.1, 0.1],
					"cubes": [
						{"origin": [-1.47868, -1.5, -0.9], "size": [3, 3, 1], "inflate": 0.001, "uv": [0, 0]}
					]
				},
				{
					"name": "pupil",
					"parent": "eye",
					"pivot": [0, 0, -0.45],
					"cubes": [
						{"origin": [-0.5, -0.5, -0.95], "size": [1, 1, 1], "uv": [5, 3]}
					]
				}
			]
		}
	]
}