{
	"format_version": "1.12.0",
	"minecraft:geometry": [
		{
			"description": {
				"identifier": "geometry.unown",
				"texture_width": 16,
				"texture_height": 16,
				"visible_bounds_width": 2,
				"visible_bounds_height": 2.5,
				"visible_bounds_offset": [0, 0.75, 0]
			},
			"bones": [
				{
					"name": "unown",
					"pivot": [0, 0, 0]
				},
				{
					"name": "torso",
					"parent": "unown",
					"pivot": [0, -0.1, 0]
				},
				{
					"name": "s_pixel",
					"parent": "torso",
					"pivot": [2, -2, -0.4],
					"cubes": [
						{"origin": [-2.5, 1.5, -0.9], "size": [1, 1, 1], "uv": [7, 13]},
						{"origin": [-0.5, 4.5, -0.9], "size": [1, 1, 1], "uv": [4, 12]},
						{"origin": [-3.5, 2.5, -0.9], "size": [1, 1, 1], "uv": [12, 5]},
						{"origin": [-2.5, 3.5, -0.9], "size": [3, 1, 1], "uv": [7, 7]}
					]
				},
				{
					"name": "bone4",
					"parent": "s_pixel",
					"pivot": [-2, 1.9, -0.4],
					"cubes": [
						{"origin": [1.51, -2.51, -0.91], "size": [1, 1, 1], "uv": [11, 11]},
						{"origin": [-0.49, -5.51, -0.91], "size": [1, 1, 1], "uv": [11, 9]},
						{"origin": [2.51, -3.51, -0.91], "size": [1, 1, 1], "uv": [8, 5]},
						{"origin": [-0.49, -4.51, -0.91], "size": [3, 1, 1], "uv": [7, 3]}
					]
				},
				{
					"name": "body",
					"parent": "torso",
					"pivot": [0, -8.1, 0],
					"cubes": [
						{"origin": [-1.5, -1.5, -0.1], "size": [3, 3, 1], "inflate": 0.01, "uv": [0, 0]},
						{"origin": [1.5, -1.5, -0.9], "size": [1, 3, 1], "inflate": 0.01, "uv": [7, 9]},
						{"origin": [-2.5, -1.5, -0.9], "size": [1, 3, 1], "inflate": 0.01, "uv": [0, 10]},
						{"origin": [-1.5, -2.5, -0.9], "size": [3, 1, 1], "inflate": 0.01, "uv": [8, 0]},
						{"origin": [-1.5, 1.5, -0.9], "size": [3, 1, 1], "inflate": 0.01, "uv": [0, 8]}
					]
				},
				{
					"name": "eye",
					"parent": "torso",
					"pivot": [0, -8.1, 0.1],
					"cubes": [
						{"origin": [-1.5, -1.5, -0.9], "size": [3, 3, 1], "inflate": 0.01, "uv": [0, 0]}
					]
				},
				{
					"name": "pupil",
					"parent": "eye",
					"pivot": [0, 0, -0.45],
					"cubes": [
						{"origin": [-0.5, -0.5, -0.95], "size": [1, 1, 1], "uv": [5, 3]}
					]
				}
			]
		}
	]
}