{
	"format_version": "1.12.0",
	"minecraft:geometry": [
		{
			"description": {
				"identifier": "geometry.unown",
				"texture_width": 16,
				"texture_height": 16,
				"visible_bounds_width": 2,
				"visible_bounds_height": 2.5,
				"visible_bounds_offset": [0, 0.75, 0]
			},
			"bones": [
				{
					"name": "unown",
					"pivot": [0, 0, 0]
				},
				{
					"name": "torso",
					"parent": "unown",
					"pivot": [0, -0.1, 0]
				},
				{
					"name": "bone",
					"parent": "torso",
					"pivot": [0, -5.1, 0],
					"cubes": [
						{"origin": [-0.5, -4.5, -0.9], "size": [1, 2, 1], "uv": [12, 0]},
						{"origin": [-2.5, -4.74264, -0.9], "size": [5, 1, 1], "inflate": 0.01, "uv": [1, 13]},
						{"origin": [-2.5, 3.5, -0.9], "size": [5, 1, 1], "inflate": 0.01, "uv": [0, 5]}
					]
				},
				{
					"name": "bone2",
					"parent": "bone",
					"pivot": [-3, -3, -0.4],
					"cubes": [
						{"origin": [-4.62132, -2.62132, -0.9], "size": [1, 5, 1], "inflate": 0.01, "uv": [11, 10]},
						{"origin": [-3.76569, 1.44437, -0.9], "size": [1, 3, 1], "pivot": [-3.06569, 2.94437, -0.4], "rotation": [0, 0, 45], "uv": [12, 11]},
						{"origin": [-3.76569, -4.68701, -0.9], "size": [1, 3, 1], "pivot": [-3.06569, -3.18701, -0.4], "rotation": [0, 0, -45], "uv": [12, 9]}
					]
				},
				{
					"name": "bone3",
					"parent": "bone2",
					"pivot": [3, -3, -0.4],
					"cubes": [
						{"origin": [3.62132, -2.62132, -0.9], "size": [1, 5, 1], "inflate": 0.01, "uv": [8, 9]},
						{"origin": [2.76569, 1.44437, -0.9], "size": [1, 3, 1], "pivot": [3.06569, 2.94437, -0.4], "rotation": [0, 0, -45], "uv": [12, 5]},
						{"origin": [2.76569, -4.68701, -0.9], "size": [1, 3, 1], "pivot": [3.06569, -3.18701, -0.4], "rotation": [0, 0, 45], "uv": [5, 11]}
					]
				},
				{
					"name": "body",
					"parent": "torso",
					"pivot": [0, -8.1, 0],
					"cubes": [
						{"origin": [-1.5, -1.5, -0.1], "size": [3, 3, 1], "uv": [0, 0]},
						{"origin": [1.5, -1.5, -0.9], "size": [1, 3, 1], "uv": [12, 0]},
						{"origin": [-2.5, -1.5, -0.9], "size": [1, 3, 1], "uv": [0, 12]},
						{"origin": [-1.5, -2.5, -0.9], "size": [3, 1, 1], "uv": [0, 10]},
						{"origin": [-1.5, 1.5, -0.9], "size": [3, 1, 1], "uv": [8, 4]}
					]
				},
				{
					"name": "eye",
					"parent": "torso",
					"pivot": [0, -8.1, 0.1],
					"cubes": [
						{"origin": [-1.5, -1.5, -0.9], "size": [3, 3, 1], "uv": [0, 0]}
					]
				},
				{
					"name": "pupil",
					"parent": "eye",
					"pivot": [0, 0, -0.45],
					"cubes": [
						{"origin": [-0.5, -0.5, -0.95], "size": [1, 1, 1], "uv": [5, 3]}
					]
				}
			]
		}
	]
}