{
	"format_version": "1.8.0",
	"animations": {
		"animation.ursaring.ground_idle": {
			"loop": true,
			"bones": {
				"left_leg": {
					"rotation": [7.61578, 12.45662, 3.16753],
					"position": [0, -1, 0]
				},
				"left_knee": {
					"rotation": [5, 0, -2.5]
				},
				"torso": {
					"rotation": ["Math.cos((query.anim_time)*90*3+20)*1", 0, 0]
				},
				"head": {
					"rotation": ["0+Math.cos((query.anim_time)*90*3-60)*1", 0, 0]
				},
				"left_arm": {
					"rotation": ["24.359-Math.cos((query.anim_time)*90*3-60)*2", -1.56682, "-31.9929-Math.cos((query.anim_time)*90*3-30)*2.5"]
				},
				"left_elbow": {
					"rotation": [0, -35, "0-Math.cos((query.anim_time)*90*3-80)*2"]
				},
				"left_hand": {
					"rotation": [90, 0, 0]
				},
				"left_fingers": {
					"rotation": [0, -32.5, 0]
				},
				"right_leg": {
					"rotation": [7.61578, -12.45662, -3.16753],
					"position": [0, -1, 0]
				},
				"right_knee": {
					"rotation": [5, 0, 2.5]
				},
				"shoulder_tuft_right": {
					"rotation": [0, 0, 25]
				},
				"right_arm": {
					"rotation": ["24.667-Math.cos((query.anim_time)*90*3-60)*2", 5.1374, "29.3222+Math.cos((query.anim_time)*90*3-30)*2.5"]
				},
				"right_elbow": {
					"rotation": [0, 37.5, "0+Math.cos((query.anim_time)*90*3-80)*2"]
				},
				"right_hand": {
					"rotation": [90, 0, 0]
				},
				"right_fingers": {
					"rotation": [0, 30, 0]
				},
				"left_thumb": {
					"rotation": [121.32733, -40.43634, -109.5238]
				},
				"right_thumb": {
					"rotation": [105.31945, 21.81307, -260.95868]
				},
				"shoulder_tuft_left": {
					"rotation": [0, 0, -25]
				},
				"closed": {
					"position": [0, 0, 1]
				},
				"left_foot": {
					"rotation": [-11, 0, 0],
					"position": [0, 1, 0]
				},
				"right_foot": {
					"rotation": [-11, 0, 0],
					"position": [0, 1, 0]
				},
				"torso2": {
					"rotation": ["2.5+Math.cos((query.anim_time)*90*3-0)*1", 0, 0]
				}
			}
		},
		"animation.ursaring.ground_idle2": {
			"loop": true,
			"bones": {
				"left_leg": {
					"rotation": [0, 0, 2.5]
				},
				"left_knee": {
					"rotation": [0, 0, -2.5]
				},
				"torso": {
					"rotation": [10, 0, 0]
				},
				"head": {
					"rotation": [0, 0, 0]
				},
				"left_arm": {
					"rotation": [24.35901, -1.56682, -31.9929]
				},
				"left_elbow": {
					"rotation": [0, -35, 0]
				},
				"left_hand": {
					"rotation": [90, 0, 0]
				},
				"left_fingers": {
					"rotation": [0, -32.5, 0]
				},
				"right_leg": {
					"rotation": [0, 0, -2.5]
				},
				"right_knee": {
					"rotation": [0, 0, 2.5]
				},
				"shoulder_tuft_right": {
					"rotation": [0, 0, 25]
				},
				"right_arm": {
					"rotation": [24.66701, 5.1374, 29.32221]
				},
				"right_elbow": {
					"rotation": [0, 37.5, 0]
				},
				"right_hand": {
					"rotation": [90, 0, 0]
				},
				"right_fingers": {
					"rotation": [0, 30, 0]
				},
				"left_thumb": {
					"rotation": [121.32733, -40.43634, -109.5238]
				},
				"right_thumb": {
					"rotation": [105.31945, 21.81307, -260.95868]
				},
				"jaw": {
					"rotation": [25, 0, 0]
				},
				"shoulder_tuft_left": {
					"rotation": [0, 0, -25]
				},
				"closed": {
					"position": [0, 0, 1]
				}
			}
		},
		"animation.ursaring.ground_walk": {
			"loop": true,
			"animation_length": 1,
			"bones": {
				"left_leg": {
					"rotation": {
						"0.0": [15, 0, 2.5],
						"0.5": {
							"pre": [-10, 0, 2.5],
							"post": [-10, 0, 2.5],
							"lerp_mode": "catmullrom"
						},
						"1.0": [15, 0, 2.5]
					},
					"position": {
						"0.0": [0, -1, 0.6],
						"0.25": {
							"pre": [0, 0, 0.3],
							"post": [0, 0, 0.3],
							"lerp_mode": "catmullrom"
						},
						"0.5": {
							"post": [0, -1, -0.4],
							"lerp_mode": "catmullrom"
						},
						"1.0": [0, -1, 0.6]
					}
				},
				"left_knee": {
					"rotation": {
						"0.0": [0, 0, -2.5],
						"0.25": {
							"pre": [12.40257, -0.92926, -2.21815],
							"post": [12.40257, -0.92926, -2.21815],
							"lerp_mode": "catmullrom"
						},
						"0.5": {
							"post": [15, 0, -2.5],
							"lerp_mode": "catmullrom"
						},
						"1.0": [0, 0, -2.5]
					}
				},
				"torso": {
					"rotation": ["10+Math.cos((query.anim_time)*90*8-0)*0.5", 0, 0],
					"position": [0, "0-Math.cos((query.anim_time)*90*8+20)*0.25", 0]
				},
				"head": {
					"rotation": ["0+Math.cos((query.anim_time)*90*8-90)*1", 0, 0]
				},
				"left_arm": {
					"rotation": {
						"0.0": [24.46575, -4.05448, -38.61563],
						"0.5": {
							"pre": [21.70081, 19.33688, -36.61789],
							"post": [21.70081, 19.33688, -36.61789],
							"lerp_mode": "catmullrom"
						},
						"1.0": [24.46575, -4.05448, -38.61563]
					}
				},
				"left_elbow": {
					"rotation": {
						"0.0": [0, -40.16, 0],
						"0.125": [0, -42.5, 0],
						"0.5": {
							"pre": [0, -29.71, 0],
							"post": [0, -29.71, 0],
							"lerp_mode": "catmullrom"
						},
						"0.625": {
							"post": [0, -27.5, 0],
							"lerp_mode": "catmullrom"
						},
						"1.0": [0, -40.16, 0]
					}
				},
				"left_hand": {
					"rotation": [90, 0, 0]
				},
				"left_fingers": {
					"rotation": [0, -32.5, 0]
				},
				"right_leg": {
					"rotation": {
						"0.0": [-10, 0, -2.5],
						"0.5": {
							"pre": [15, 0, -2.5],
							"post": [15, 0, -2.5],
							"lerp_mode": "catmullrom"
						},
						"1.0": [-10, 0, -2.5]
					},
					"position": {
						"0.0": [0, -1, -0.4],
						"0.5": {
							"pre": [0, -1, 0.6],
							"post": [0, -1, 0.6],
							"lerp_mode": "catmullrom"
						},
						"0.75": {
							"post": [0, 0, 0.3],
							"lerp_mode": "catmullrom"
						},
						"1.0": [0, -1, -0.4]
					}
				},
				"right_knee": {
					"rotation": {
						"0.0": [15, 0, 2.5],
						"0.5": {
							"pre": [0, 0, 2.5],
							"post": [0, 0, 2.5],
							"lerp_mode": "catmullrom"
						},
						"0.75": {
							"post": [12.40257, 0.92926, 2.21815],
							"lerp_mode": "catmullrom"
						},
						"1.0": [15, 0, 2.5]
					}
				},
				"shoulder_tuft_right": {
					"rotation": [0, 0, 25]
				},
				"right_arm": {
					"rotation": {
						"0.0": [21.70081, -19.33688, 36.61789],
						"0.5": {
							"pre": [24.46575, 4.05448, 38.61563],
							"post": [24.46575, 4.05448, 38.61563],
							"lerp_mode": "catmullrom"
						},
						"1.0": [21.70081, -19.33688, 36.61789]
					}
				},
				"right_elbow": {
					"rotation": {
						"0.0": [0, 29.71, 0],
						"0.125": [0, 27.5, 0],
						"0.5": {
							"pre": [0, 40.16, 0],
							"post": [0, 40.16, 0],
							"lerp_mode": "catmullrom"
						},
						"0.625": {
							"post": [0, 42.5, 0],
							"lerp_mode": "catmullrom"
						},
						"1.0": [0, 29.71, 0]
					}
				},
				"right_hand": {
					"rotation": [90, 0, 0]
				},
				"right_fingers": {
					"rotation": [0, 30, 0]
				},
				"left_thumb": {
					"rotation": [121.32733, -40.43634, -109.5238]
				},
				"right_thumb": {
					"rotation": [105.31945, 21.81307, -260.95868]
				},
				"shoulder_tuft_left": {
					"rotation": [0, 0, -25]
				},
				"closed": {
					"position": [0, 0, 1]
				},
				"left_foot": {
					"rotation": {
						"0.0": [-15, 0, 0],
						"0.5": {
							"pre": [-5, 0, 0],
							"post": [-5, 0, 0],
							"lerp_mode": "catmullrom"
						},
						"1.0": [-15, 0, 0]
					},
					"position": {
						"0.0": [0, 0.8, 0],
						"0.5": {
							"pre": [0, 1, 0],
							"post": [0, 1, 0],
							"lerp_mode": "catmullrom"
						},
						"1.0": [0, 0.8, 0]
					}
				},
				"right_foot": {
					"rotation": {
						"0.0": [-5, 0, 0],
						"0.5": {
							"pre": [-15, 0, 0],
							"post": [-15, 0, 0],
							"lerp_mode": "catmullrom"
						},
						"1.0": [-5, 0, 0]
					},
					"position": {
						"0.0": [0, 1, 0],
						"0.5": {
							"pre": [0, 0.8, 0],
							"post": [0, 0.8, 0],
							"lerp_mode": "catmullrom"
						},
						"1.0": [0, 1, 0]
					}
				},
				"torso2": {
					"rotation": ["0+Math.cos((query.anim_time)*90*8-30)*1", 0, 0]
				}
			}
		},
		"animation.ursaring.blink": {
			"animation_length": 0.16667,
			"bones": {
				"right_eye_closed": {
					"position": {
						"0.0": [0, 0, -0.1],
						"0.125": [0, 0, -0.1],
						"0.1667": [0, 0, 0]
					}
				},
				"left_eye_closed": {
					"position": {
						"0.0": [0, 0, -0.1],
						"0.125": [0, 0, -0.1],
						"0.1667": [0, 0, 0]
					}
				}
			}
		},
		"animation.ursaring.cry": {
			"animation_length": 1.5417,
			"bones": {
				"head": {
					"rotation": {
						"0.0": [0, 0, 0],
						"0.0833": {
							"pre": [2.5, 0, 0],
							"post": [2.5, 0, 0],
							"lerp_mode": "catmullrom"
						},
						"0.2917": {
							"post": [-5, 0, 0],
							"lerp_mode": "catmullrom"
						},
						"0.8333": {
							"post": [-5, 0, 0],
							"lerp_mode": "catmullrom"
						},
						"1.0": {
							"post": [0, 0, 0],
							"lerp_mode": "catmullrom"
						},
						"1.1667": {
							"post": [-5, 0, 0],
							"lerp_mode": "catmullrom"
						},
						"1.3333": {
							"post": [-5, 0, 0],
							"lerp_mode": "catmullrom"
						},
						"1.5417": [0, 0, 0]
					}
				},
				"jaw": {
					"rotation": {
						"0.0": [0, 0, 0],
						"0.0833": {
							"pre": [27.5, 0, 0],
							"post": [27.5, 0, 0],
							"lerp_mode": "catmullrom"
						},
						"0.2917": {
							"post": [20, 0, 0],
							"lerp_mode": "catmullrom"
						},
						"0.4167": {
							"post": [27.5, 0, 0],
							"lerp_mode": "catmullrom"
						},
						"0.7917": {
							"post": [27.5, 0, 0],
							"lerp_mode": "catmullrom"
						},
						"0.9167": {
							"post": [20, 0, 0],
							"lerp_mode": "catmullrom"
						},
						"1.125": {
							"post": [27.5, 0, 0],
							"lerp_mode": "catmullrom"
						},
						"1.2917": {
							"post": [27.5, 0, 0],
							"lerp_mode": "catmullrom"
						},
						"1.5": [0, 0, 0]
					}
				}
			},
			"sound_effects": {
				"0.0833": {
					"effect": "pokemon.ursaring.cry"
				}
			}
		}
	}
}