{
	"format_version": "1.8.0",
	"animations": {
		"animation.greedent.pose": {
			"loop": true,
			"bones": {
				"torso": {
					"rotation": [-5, 0, 0],
					"position": [0, 0.5, 0]
				},
				"tail_decor_left_1": {
					"rotation": [0, -40, 0],
					"position": [0, 0, 1.5]
				},
				"tail_decor_left_2": {
					"rotation": [-10, 30, 0]
				},
				"tail_decor_right_1": {
					"rotation": [0, 40, 0],
					"position": [0, 0, 1.5]
				},
				"tail_decor_right_2": {
					"rotation": [-10, 30, 0]
				},
				"tail_segment1": {
					"rotation": [-10, 0, 0],
					"position": [0, 0, 0.25]
				},
				"tail_decor1_left_1": {
					"rotation": [0, 35, 0]
				},
				"tail_decor1_left_2": {
					"rotation": [-7.5, 20, 0]
				},
				"tail_decor1_left_3": {
					"rotation": [0, 60, 0]
				},
				"tail_decor1_left_4": {
					"rotation": [0, 37.5, 0]
				},
				"tail_decor1_right_1": {
					"rotation": [0, -35, 0]
				},
				"tail_decor1_right_2": {
					"rotation": [-7.5, -20, 0]
				},
				"tail_decor1_right_3": {
					"rotation": [0, -60, 0]
				},
				"tail_decor1_right_4": {
					"rotation": [0, -37.5, 0]
				},
				"tail_segment2_right": {
					"rotation": [30, -10, -10],
					"position": [-0.4, 0, 1]
				},
				"tail_segment2_left": {
					"rotation": [30, 10, 10],
					"position": [0.4, 0, 1]
				},
				"head": {
					"rotation": [-2.5, 0, 0],
					"position": [0, -0.51117, -0.10585]
				},
				"mouth_smile": {
					"position": [0, 0, -0.09]
				},
				"arm_right": {
					"rotation": [50, 45, 60]
				},
				"forearm_right": {
					"rotation": [0, 90, 0],
					"position": [-1, 0.01, 1]
				},
				"arm_left": {
					"rotation": [50, -45, -60]
				},
				"forearm_left": {
					"rotation": [0, -90, 0],
					"position": [1, 0.01, 1]
				},
				"legs": {
					"position": [0, 0.5, 0]
				},
				"foot_right": {
					"rotation": [7.5, 0, 0]
				},
				"foot_left": {
					"rotation": [7.5, 0, 0]
				}
			}
		},
		"animation.greedent.ground_idle": {
			"loop": true,
			"bones": {
				"torso": {
					"rotation": [-5, 0, "0-math.sin(query.anim_time*90*2+0)*2"],
					"position": [0, 0.5, 0]
				},
				"tail": {
					"rotation": [0, "0-math.sin(query.anim_time*90*2+60)*4", 0]
				},
				"tail_decor_left_1": {
					"rotation": ["0+math.sin(query.anim_time*90*4+60)*2.5", "-40-math.sin(query.anim_time*90*2+60)*2.5", 0],
					"position": [0, 0, 1.5]
				},
				"tail_decor_left_2": {
					"rotation": ["-10+math.sin(query.anim_time*90*4+60)*2.5", "30-math.sin(query.anim_time*90*2+60)*2.5", 0]
				},
				"tail_decor_right_1": {
					"rotation": ["0+math.sin(query.anim_time*90*4+60)*2.5", "40-math.sin(query.anim_time*90*2+60)*2.5", 0],
					"position": [0, 0, 1.5]
				},
				"tail_decor_right_2": {
					"rotation": ["-10+math.sin(query.anim_time*90*4+60)*2.5", "30-math.sin(query.anim_time*90*2+60)*2.5", 0]
				},
				"tail_segment1": {
					"rotation": [-10, "0-math.sin(query.anim_time*90*2+120)*2", 0],
					"position": [0, 0, 0.25]
				},
				"tail_decor1_left_1": {
					"rotation": ["0+math.sin(query.anim_time*90*4+60)*2.5", "35-math.sin(query.anim_time*90*2+60)*2.5", 0]
				},
				"tail_decor1_left_2": {
					"rotation": ["-7.5+math.sin(query.anim_time*90*4+60)*2.5", "20-math.sin(query.anim_time*90*2+60)*2.5", 0]
				},
				"tail_decor1_left_3": {
					"rotation": ["0+math.sin(query.anim_time*90*4+60)*2.5", "60-math.sin(query.anim_time*90*2+60)*2.5", 0]
				},
				"tail_decor1_left_4": {
					"rotation": ["0+math.sin(query.anim_time*90*4+60)*2.5", "37.5-math.sin(query.anim_time*90*2+60)*2.5", 0]
				},
				"tail_decor1_right_1": {
					"rotation": ["0+math.sin(query.anim_time*90*4+60)*2.5", "-35-math.sin(query.anim_time*90*2+60)*2.5", 0]
				},
				"tail_decor1_right_2": {
					"rotation": ["-7.5+math.sin(query.anim_time*90*4+60)*2.5", "-20-math.sin(query.anim_time*90*2+60)*2.5", 0]
				},
				"tail_decor1_right_3": {
					"rotation": [0, -60, 0]
				},
				"tail_decor1_right_4": {
					"rotation": ["0+math.sin(query.anim_time*90*4+60)*2.5", "-37.5-math.sin(query.anim_time*90*2+60)*2.5", 0]
				},
				"tail_segment2_right": {
					"rotation": ["30+math.sin(query.anim_time*90*4+60)*2.5", "-10-math.sin(query.anim_time*90*2+60)*2.5", -10],
					"position": [-0.4, 0, 1]
				},
				"tail_segment2_left": {
					"rotation": ["30+math.sin(query.anim_time*90*4+60)*2.5", "10-math.sin(query.anim_time*90*2+60)*2.5", 10],
					"position": [0.4, 0, 1]
				},
				"head": {
					"rotation": ["-2.5+math.sin(query.anim_time*90*4-0)*2.5", 0, "0+math.sin(query.anim_time*90*2+0)*3"],
					"position": [0, -0.51117, -0.10585]
				},
				"ear_right": {
					"rotation": ["0+math.sin(query.anim_time*90*4+60)*2.5", 0, "0+math.sin(query.anim_time*90*2+60)*2.5"]
				},
				"ear_left": {
					"rotation": ["0+math.sin(query.anim_time*90*4+60)*2.5", 0, "0+math.sin(query.anim_time*90*2+60)*2.5"]
				},
				"mouth_smile": {
					"position": [0, 0, -0.09]
				},
				"arm_right": {
					"rotation": ["50+math.sin(query.anim_time*90*2+60)*2.5", 45, 60]
				},
				"forearm_right": {
					"rotation": [0, "90-math.sin(query.anim_time*90*4+60)*2.5", 0],
					"position": [-1, 0.01, 1]
				},
				"arm_left": {
					"rotation": ["50-math.sin(query.anim_time*90*2+60)*2.5", -45, -60]
				},
				"forearm_left": {
					"rotation": [0, "-90+math.sin(query.anim_time*90*4+60)*2.5", 0],
					"position": [1, 0.01, 1]
				},
				"legs": {
					"position": [0, 0.5, 0]
				},
				"leg_right": {
					"rotation": [0, 0, "0-math.sin(query.anim_time*90*2+30)*4"]
				},
				"foreleg_right": {
					"rotation": [0, 0, "0+math.sin(query.anim_time*90*2+30)*4"],
					"position": ["0-math.sin(query.anim_time*90*2+30)*0.2", 0, 0]
				},
				"foot_right": {
					"rotation": [7.5, 0, 0]
				},
				"leg_left": {
					"rotation": [0, 0, "0-math.sin(query.anim_time*90*2+30)*4"]
				},
				"foreleg_left": {
					"rotation": [0, 0, "0+math.sin(query.anim_time*90*2+30)*4"],
					"position": ["0-math.sin(query.anim_time*90*2+30)*0.2", 0, 0]
				},
				"foot_left": {
					"rotation": [7.5, 0, 0]
				}
			}
		},
		"animation.greedent.ground_walk": {
			"loop": true,
			"bones": {
				"torso": {
					"rotation": [5, 0, "0-math.sin(query.anim_time*90*2+0)*2"],
					"position": [0, 0.5, 0]
				},
				"tail": {
					"rotation": [0, "0-math.sin(query.anim_time*90*2+60)*4", 0]
				},
				"tail_decor_left_1": {
					"rotation": ["0+math.sin(query.anim_time*90*4+60)*2.5", "-40-math.sin(query.anim_time*90*2+60)*2.5", 0],
					"position": [0, 0, 1.5]
				},
				"tail_decor_left_2": {
					"rotation": ["-10+math.sin(query.anim_time*90*4+60)*2.5", "30-math.sin(query.anim_time*90*2+60)*2.5", 0]
				},
				"tail_decor_right_1": {
					"rotation": ["0+math.sin(query.anim_time*90*4+60)*2.5", "40-math.sin(query.anim_time*90*2+60)*2.5", 0],
					"position": [0, 0, 1.5]
				},
				"tail_decor_right_2": {
					"rotation": ["-10+math.sin(query.anim_time*90*4+60)*2.5", "30-math.sin(query.anim_time*90*2+60)*2.5", 0]
				},
				"tail_segment1": {
					"rotation": [-10, "0-math.sin(query.anim_time*90*2+120)*2", 0],
					"position": [0, 0, 0.5]
				},
				"tail_decor1_left_1": {
					"rotation": ["0+math.sin(query.anim_time*90*4+60)*2.5", "35-math.sin(query.anim_time*90*2+60)*2.5", 0]
				},
				"tail_decor1_left_2": {
					"rotation": ["-7.5+math.sin(query.anim_time*90*4+60)*2.5", "20-math.sin(query.anim_time*90*2+60)*2.5", 0]
				},
				"tail_decor1_left_3": {
					"rotation": ["0+math.sin(query.anim_time*90*4+60)*2.5", "60-math.sin(query.anim_time*90*2+60)*2.5", 0]
				},
				"tail_decor1_left_4": {
					"rotation": ["0+math.sin(query.anim_time*90*4+60)*2.5", "37.5-math.sin(query.anim_time*90*2+60)*2.5", 0]
				},
				"tail_decor1_right_1": {
					"rotation": ["0+math.sin(query.anim_time*90*4+60)*2.5", "-35-math.sin(query.anim_time*90*2+60)*2.5", 0]
				},
				"tail_decor1_right_2": {
					"rotation": ["-7.5+math.sin(query.anim_time*90*4+60)*2.5", "-20-math.sin(query.anim_time*90*2+60)*2.5", 0]
				},
				"tail_decor1_right_3": {
					"rotation": [0, -60, 0]
				},
				"tail_decor1_right_4": {
					"rotation": ["0+math.sin(query.anim_time*90*4+60)*2.5", "-37.5-math.sin(query.anim_time*90*2+60)*2.5", 0]
				},
				"tail_segment2_right": {
					"rotation": ["30+math.sin(query.anim_time*90*4+60)*2.5", "-10-math.sin(query.anim_time*90*2+60)*2.5", -10],
					"position": [-0.4, 0, 1]
				},
				"tail_segment2_left": {
					"rotation": ["30+math.sin(query.anim_time*90*4+60)*2.5", "10-math.sin(query.anim_time*90*2+60)*2.5", 10],
					"position": [0.4, 0, 1]
				},
				"head": {
					"rotation": ["-2.5+math.sin(query.anim_time*90*4-0)*2.5", 0, "0+math.sin(query.anim_time*90*2+0)*3"],
					"position": [0, -0.51117, -0.10585]
				},
				"ear_right": {
					"rotation": ["0+math.sin(query.anim_time*90*4+60)*2.5", 0, "0+math.sin(query.anim_time*90*2+60)*2.5"]
				},
				"ear_left": {
					"rotation": ["0+math.sin(query.anim_time*90*4+60)*2.5", 0, "0+math.sin(query.anim_time*90*2+60)*2.5"]
				},
				"mouth_smile": {
					"position": [0, 0, -0.09]
				},
				"arm_right": {
					"rotation": ["50+math.sin(query.anim_time*90*2+60)*2.5", 45, 60]
				},
				"forearm_right": {
					"rotation": [0, "90-math.sin(query.anim_time*90*4+60)*2.5", 0],
					"position": [-1, 0.01, 1]
				},
				"arm_left": {
					"rotation": ["50-math.sin(query.anim_time*90*2+60)*2.5", -45, -60]
				},
				"forearm_left": {
					"rotation": [0, "-90+math.sin(query.anim_time*90*4+60)*2.5", 0],
					"position": [1, 0.01, 1]
				},
				"legs": {
					"position": [0, 0.5, 0]
				},
				"leg_right": {
					"rotation": ["0-math.sin(q.anim_time*90*4-90)*4", 0, "0-math.sin(query.anim_time*90*2+30)*4"],
					"position": [0, "-0.25+math.clamp(math.sin(q.anim_time*90*4+60)*1,-0.25,2)", "0.25-math.sin(q.anim_time*90*4+0)*0.5"]
				},
				"foreleg_right": {
					"rotation": [0, 0, "0+math.sin(query.anim_time*90*2+30)*4"],
					"position": ["0-math.sin(query.anim_time*90*2+30)*0.2", 0.25, 0]
				},
				"foot_right": {
					"rotation": ["7.5+math.sin(q.anim_time*90*4-120)*4", 0, 0]
				},
				"leg_left": {
					"rotation": ["0+math.sin(q.anim_time*90*4-90)*4", 0, "0-math.sin(query.anim_time*90*2+30)*4"],
					"position": [0, "-0.25-math.clamp(math.sin(q.anim_time*90*4+60)*1,-2,0.25)", "0.25+math.sin(q.anim_time*90*4-0)*0.5"]
				},
				"foreleg_left": {
					"rotation": [0, 0, "0+math.sin(query.anim_time*90*2+30)*4"],
					"position": ["0-math.sin(query.anim_time*90*2+30)*0.2", 0.25, 0]
				},
				"foot_left": {
					"rotation": ["7.5-math.sin(q.anim_time*90*4-90)*4", 0, 0]
				}
			}
		},
		"animation.greedent.blink": {
			"animation_length": 0.1667,
			"bones": {
				"eyelid_right": {
					"position": {
						"0.0": [0, 0, -0.1],
						"0.125": [0, 0, -0.1],
						"0.1667": [0, 0, 0]
					}
				},
				"eyelid_left": {
					"position": {
						"0.0": [0, 0, -0.1],
						"0.125": [0, 0, -0.1],
						"0.1667": [0, 0, 0]
					}
				}
			}
		},
		"animation.greedent.cry": {
			"animation_length": 1.125,
			"bones": {
				"head": {
					"rotation": {
						"0.0": [-10, 0, 0],
						"0.2917": [-10, 0, 0],
						"0.375": [0, 0, 0],
						"0.4583": [0, 0, 0],
						"0.5417": [-10, 0, 0],
						"0.7083": [-10, 0, 0],
						"0.8333": [0, 0, 0],
						"0.9167": [-10, 0, 0],
						"1.0417": [-10, 0, 0],
						"1.125": [0, 0, 0]
					},
					"position": [0, 0, -0.05]
				},
				"mouth_smile": {
					"position": {
						"0.0": [0, 0, 0],
						"0.2917": [0, 0, 0],
						"0.3333": [0, 0, 0.1],
						"0.5": [0, 0, 0.1],
						"0.5417": [0, 0, 0],
						"0.7083": [0, 0, 0],
						"0.75": [0, 0, 0.1],
						"0.7917": [0, 0, 0.1],
						"0.875": [0, 0, 0.1],
						"0.9167": [0, 0, 0],
						"1.0833": [0, 0, 0],
						"1.125": [0, 0, 0.1]
					}
				}
			}
		}
	}
}