{
	"format_version": "1.8.0",
	"animations": {
		"animation.pansage.ground_idle": {
			"loop": true,
			"bones": {
				"leg_right": {
					"rotation": [-67.5, 35, 0]
				},
				"waist": {
					"rotation": [5, 0, 0]
				},
				"tail": {
					"rotation": [-40, 30, 0]
				},
				"tail2": {
					"rotation": [40, 30, 0]
				},
				"tail3": {
					"rotation": [32.5, 37.5, 0]
				},
				"tail4": {
					"rotation": [-22.5, 22.5, 0]
				},
				"tail5": {
					"rotation": [-32.5, 42.5, 0]
				},
				"torso": {
					"rotation": [10, 0, 0],
					"position": [0, -0.25, 0]
				},
				"arm_left": {
					"rotation": [0, 12.5, 45]
				},
				"arm_left2": {
					"rotation": [0, 27.5, 25]
				},
				"thumb_left": {
					"rotation": [35, -27.5, 0]
				},
				"hand_left": {
					"rotation": [0, 0, 20]
				},
				"arm_right": {
					"rotation": [0, -12.5, -45]
				},
				"arm_right2": {
					"rotation": [0, -27.5, -25]
				},
				"thumb_right": {
					"rotation": [35, 27.5, 0]
				},
				"hand_right": {
					"rotation": [0, 0, -20]
				},
				"head_angle": {
					"rotation": [-10, 0, 0]
				},
				"ear_left": {
					"rotation": [0, 0, 10]
				},
				"ear_right": {
					"rotation": [0, 0, -10]
				},
				"body": {
					"position": [0, -2, 0]
				},
				"leg_right2": {
					"rotation": [67.5, 0, 0]
				},
				"leg_left": {
					"rotation": [-67.5, -35, 0]
				},
				"leg_left2": {
					"rotation": [67.5, 0, 0]
				}
			}
		},
		"animation.pansage.pose": {
			"loop": true,
			"bones": {
				"leg_right": {
					"rotation": [-65, 35, 0]
				},
				"tail": {
					"rotation": [-40, 45, 0]
				},
				"tail2": {
					"rotation": [10, 30, 0]
				},
				"tail3": {
					"rotation": [22.5, 27.5, 0]
				},
				"tail4": {
					"rotation": [32.5, 0, 0]
				},
				"tail5": {
					"rotation": [0, -35, 95]
				},
				"arm_left": {
					"rotation": [0, 17.5, 45]
				},
				"arm_left2": {
					"rotation": [-67.5, 0, -62.5]
				},
				"thumb_left": {
					"rotation": [0, -35, 0]
				},
				"arm_right": {
					"rotation": [0, -17.5, -45]
				},
				"arm_right2": {
					"rotation": [-67.5, 0, 62.5]
				},
				"thumb_right": {
					"rotation": [0, 35, 0]
				},
				"head_angle": {
					"rotation": [-5, 0, 5]
				},
				"ear_left": {
					"rotation": [0, 0, 15]
				},
				"ear_right": {
					"rotation": [0, 0, -15]
				},
				"mouth": {
					"position": [0, 0, 0.1]
				},
				"mouth_open_happy": {
					"position": [0, 0, -0.1]
				},
				"body": {
					"position": [0, -2, 0]
				},
				"leg_right2": {
					"rotation": [65, 0, 0]
				},
				"leg_left": {
					"rotation": [-65, -35, 0]
				},
				"leg_left2": {
					"rotation": [65, 0, 0]
				},
				"torso": {
					"rotation": [10, 0, 0],
					"position": [0, -0.25, 0]
				}
			}
		},
		"animation.pansage.shocked": {
			"loop": true,
			"bones": {
				"mouth": {
					"position": [0, 0, 0.1]
				},
				"pupil_right": {
					"position": [0, 0, 0.1]
				},
				"pupil_left": {
					"position": [0, 0, 0.1]
				},
				"pupil_left_shocked": {
					"position": [0, 0, -0.1]
				},
				"pupil_right_shocked": {
					"position": [0, 0, -0.1]
				},
				"mouth_open_tall": {
					"position": [0, 0, -0.1]
				}
			}
		},
		"animation.pansage.angry": {
			"loop": true,
			"bones": {
				"mouth": {
					"position": [0, 0, 0.1]
				},
				"pupil_right": {
					"position": [0, 0, 0.1]
				},
				"pupil_left": {
					"position": [0, 0, 0.1]
				},
				"mouth_open_small": {
					"position": [0, 0, -0.1]
				},
				"pupil_right_angry": {
					"position": [0, 0, -0.1]
				},
				"pupil_left_angry": {
					"position": [0, 0, -0.1]
				},
				"eyebrow_left_angry": {
					"position": [0, 0, -0.1]
				},
				"eyebrow_right_angry": {
					"position": [0, 0, -0.1]
				}
			}
		},
		"animation.pansage.sad": {
			"loop": true,
			"bones": {
				"mouth": {
					"position": [0, 0, 0.1]
				},
				"mouth_frown": {
					"position": [0, 0, -0.1]
				},
				"eyebrow_right_sad": {
					"position": [0, 0, -0.1]
				},
				"eyebrow_left_sad": {
					"position": [0, 0, -0.1]
				},
				"pupil_left": {
					"position": [0, 0, 0.1]
				},
				"pupil_right": {
					"position": [0, 0, 0.1]
				},
				"pupil_right_sad": {
					"position": [0, 0, -0.1]
				},
				"pupil_left_sad": {
					"position": [0, 0, -0.1]
				}
			}
		},
		"animation.pansage.happy": {
			"loop": true,
			"bones": {
				"mouth": {
					"position": [0, 0, 0.1]
				},
				"pupil_right": {
					"position": [0, 0, 0.1]
				},
				"eyebrow_left_straight": {
					"position": [0, 0, 0.1]
				},
				"eyebrow_right_straight": {
					"position": [0, 0, 0.1]
				},
				"pupil_left": {
					"position": [0, 0, 0.1]
				},
				"blush_right": {
					"position": [0, 0, -0.1]
				},
				"blush_left": {
					"position": [0, 0, -0.1]
				},
				"mouth_open_happy": {
					"position": [0, 0, -0.1]
				},
				"pupil_right_happy": {
					"position": [0, 0, -0.1]
				},
				"pupil_left_happy": {
					"position": [0, 0, -0.1]
				}
			}
		},
		"animation.pansage.unamused": {
			"loop": true,
			"bones": {
				"mouth": {
					"position": [0, 0, 0.1]
				},
				"eyebrow_left_straight": {
					"position": [0, 0, -0.1]
				},
				"eyebrow_right_straight": {
					"position": [0, 0, -0.1]
				},
				"mouth_straight": {
					"position": [0, 0, -0.1]
				}
			}
		},
		"animation.pansage.smile": {
			"loop": true,
			"bones": {
				"mouth": {
					"position": [0, 0, 0.1]
				},
				"mouth_open_smile": {
					"position": [0, 0, -0.1]
				}
			}
		},
		"animation.pansage.recoil": {
			"loop": true
		},
		"animation.pansage.blink": {
			"animation_length": 0.1667,
			"bones": {
				"pupil_right": {
					"position": {
						"0.0": [0, 0, 0.1],
						"0.125": [0, 0, 0.1],
						"0.1667": [0, 0, 0]
					}
				},
				"pupil_left": {
					"position": {
						"0.0": [0, 0, 0.1],
						"0.125": [0, 0, 0.1],
						"0.1667": [0, 0, 0]
					}
				},
				"pupil_left_blink": {
					"position": {
						"0.0": [0, 0, -0.1],
						"0.125": [0, 0, -0.1],
						"0.1667": [0, 0, 0]
					}
				},
				"pupil_right_blink": {
					"position": {
						"0.0": [0, 0, -0.1],
						"0.125": [0, 0, -0.1],
						"0.1667": [0, 0, 0]
					}
				}
			}
		}
	}
}