{
	"format_version": "1.8.0",
	"animations": {
		"animation.pawmo.ground_walk": {
			"loop": true,
			"animation_length": 1,
			"bones": {
				"torso": {
					"rotation": ["2.5+math.cos(q.anim_time*90*8)*2", "math.cos(q.anim_time*90*4)*7", "math.cos(q.anim_time*90*4-30)*5"],
					"position": [0, "math.cos(q.anim_time*90*8)*0.2", 0]
				},
				"head": {
					"rotation": ["0+math.cos(q.anim_time*90*8-40)*-3", 0, "math.cos(q.anim_time*90*4)*-1"]
				},
				"ear_right": {
					"rotation": [0, 0, "math.sin(query.anim_time*90*4-90)*10"]
				},
				"head_front_fur2": {
					"rotation": [0, 0, "math.sin(query.anim_time*90*4-45)*10"]
				},
				"arm_right": {
					"rotation": [0, "math.cos(q.anim_time*90*4+20)*-20", -35]
				},
				"arm_3": {
					"rotation": [0, -7.5, "12.5-math.cos(q.anim_time*90*4-40)*-10"]
				},
				"tail": {
					"rotation": ["math.sin(q.anim_time*90*8+60)*-4", "math.sin(q.anim_time*90*4)*16", 0],
					"position": ["math.sin(q.anim_time*90*4)*0.5", -0.75, 0]
				},
				"leg_right": {
					"rotation": {
						"0.0": [53.77, 0, 0],
						"0.0833": {
							"pre": [59.09445, 0, 0],
							"post": [59.09445, 0, 0],
							"lerp_mode": "catmullrom"
						},
						"0.25": {
							"post": [10, 0, 0],
							"lerp_mode": "catmullrom"
						},
						"0.5": [12.5, 0, 0],
						"0.75": [33.89301, 0, 0],
						"0.9583": [47.51591, 0, 0],
						"1.0": [53.77, 0, 0]
					},
					"position": {
						"0.0": [-0.74, 0.68, 0.91],
						"0.3333": {
							"pre": [0, 1.5, -0.725],
							"post": [0, 1.5, -0.725],
							"lerp_mode": "catmullrom"
						},
						"0.5": [0, 0, 0],
						"0.75": [-0.4, 0.54, -0.25],
						"0.9583": [-0.775, 0.6, 1],
						"1.0": [-0.74, 0.68, 0.91]
					}
				},
				"foot_right": {
					"rotation": {
						"0.0": {
							"post": [9, 0, 0],
							"lerp_mode": "catmullrom"
						},
						"0.1667": {
							"post": [-2.5, 0, 0],
							"lerp_mode": "catmullrom"
						},
						"0.2917": {
							"post": [0, 0, 0],
							"lerp_mode": "catmullrom"
						},
						"0.625": {
							"post": [-2.5, 0, 0],
							"lerp_mode": "catmullrom"
						},
						"0.875": {
							"post": [9, 0, 0],
							"lerp_mode": "catmullrom"
						},
						"1.0": {
							"post": [9, 0, 0],
							"lerp_mode": "catmullrom"
						}
					}
				},
				"leg_left": {
					"rotation": {
						"0.0": [12.5, 0, 0],
						"0.25": [33.89301, 0, 0],
						"0.4583": [47.51591, 0, 0],
						"0.5833": {
							"pre": [59.09445, 0, 0],
							"post": [59.09445, 0, 0],
							"lerp_mode": "catmullrom"
						},
						"0.75": {
							"post": [10, 0, 0],
							"lerp_mode": "catmullrom"
						},
						"1.0": {
							"post": [12.5, 0, 0],
							"lerp_mode": "catmullrom"
						}
					},
					"position": {
						"0.0": [0, 0, -0.825],
						"0.25": [0.4, 0.54, 0.75],
						"0.4583": [0.775, 0.6, 1.2],
						"0.8333": {
							"pre": [0, 1.5, -0.9],
							"post": [0, 1.5, -0.9],
							"lerp_mode": "catmullrom"
						},
						"1.0": {
							"post": [0, 0, -0.825],
							"lerp_mode": "catmullrom"
						}
					}
				},
				"foot_left": {
					"rotation": {
						"0.0": [-5, 0, 0],
						"0.0833": [-5, 0, 0],
						"0.3333": {
							"pre": [6.5, 0, 0],
							"post": [6.5, 0, 0],
							"lerp_mode": "catmullrom"
						},
						"0.4583": {
							"post": [6.5, 0, 0],
							"lerp_mode": "catmullrom"
						},
						"0.625": {
							"post": [-2.5, 0, 0],
							"lerp_mode": "catmullrom"
						},
						"0.75": {
							"post": [0, 0, 0],
							"lerp_mode": "catmullrom"
						},
						"1.0": [-5, 0, 0]
					}
				},
				"arm_left": {
					"rotation": [0, "math.cos(q.anim_time*90*4+20)*-20", 35]
				},
				"arm_2": {
					"rotation": [0, 7.5, "-12.5-math.cos(q.anim_time*90*4-40)*-10"]
				},
				"ear_left": {
					"rotation": [0, 0, "math.sin(query.anim_time*90*4-90)*10"]
				},
				"torso_2": {
					"rotation": ["-0+math.cos(q.anim_time*90*8-40)*1", "math.cos(q.anim_time*90*4-30)*-2", 0]
				}
			}
		},
		"animation.pawmo.ground_idle": {
			"loop": true,
			"bones": {
				"torso": {
					"rotation": ["math.sin(q.anim_time*90*2)*2", "math.sin(q.anim_time*90*1)*3", 0],
					"position": [0, "math.cos(q.anim_time*90*2)*-0.3", 0]
				},
				"head": {
					"rotation": ["math.sin(q.anim_time*90*2)*+4", 0, 0]
				},
				"ear_right": {
					"rotation": [0, 0, "4*math.sin(q.anim_time*90*-2)"]
				},
				"head_front_fur2": {
					"rotation": [0, 0, "4*math.sin(q.anim_time*90*2-90)"]
				},
				"arm_right": {
					"rotation": [0, "-2.5+math.sin(q.anim_time*90*1-90)*8", -37.5]
				},
				"arm_3": {
					"rotation": [-2.08211, "-12.3635+math.sin(q.anim_time*90*1-130)*4", 7.78205]
				},
				"tail": {
					"rotation": ["math.sin(q.anim_time*90*2+60)*+1", "math.sin(q.anim_time*90*1)*10", 0],
					"position": [0, -0.75, 0]
				},
				"leg_right": {
					"rotation": [0, 5, 0]
				},
				"leg_left": {
					"rotation": [0, -5, 0]
				},
				"arm_left": {
					"rotation": [0, "2.5+math.sin(q.anim_time*90*1-90)*8", 37.5]
				},
				"arm_2": {
					"rotation": [-1.24268, "12.4185+math.sin(q.anim_time*90*1-130)*4", -7.60167]
				},
				"ear_left": {
					"rotation": [0, 0, "4*math.sin(q.anim_time*90*2)"]
				},
				"torso_2": {
					"rotation": ["-2.5+math.sin(q.anim_time*90*2-60)*2", "math.sin(q.anim_time*90*1-90)*-2", 0]
				}
			}
		},
		"animation.pawmo.ground_sleep": {
			"loop": true,
			"bones": {
				"torso": {
					"rotation": ["7.5+math.sin(q.anim_time*90*2)*2", "math.sin(q.anim_time*90*1)*3", 0],
					"position": [0, "math.cos(q.anim_time*90*2)*-0.3", 0]
				},
				"head": {
					"rotation": ["math.sin(q.anim_time*90*2)*+14", 0, 0]
				},
				"eyelid_right": {
					"position": [0, 0, -0.1]
				},
				"eyelid_left": {
					"position": [0, 0, -0.1]
				},
				"ear_right": {
					"rotation": [0, 0, "4*math.sin(q.anim_time*90*-2)"]
				},
				"head_front_fur2": {
					"rotation": [0, 0, "4*math.sin(q.anim_time*90*2-90)"]
				},
				"arm_right": {
					"rotation": [1.87801, "-9.8348+math.sin(q.anim_time*90*1-90)*2", -47.91257]
				},
				"arm_3": {
					"rotation": [-2.08211, "-12.3635+math.sin(q.anim_time*90*1-130)*4", 7.78205]
				},
				"tail": {
					"rotation": ["math.sin(q.anim_time*90*2+60)*+1", "math.sin(q.anim_time*90*1)*10", 0],
					"position": [0, -0.75, 0]
				},
				"leg_right": {
					"rotation": [0, 5, 0]
				},
				"leg_left": {
					"rotation": [0, -5, 0]
				},
				"arm_left": {
					"rotation": [-2.16679, "9.9807+math.sin(q.anim_time*90*1-90)*-2", 44.68833]
				},
				"arm_2": {
					"rotation": [-1.24268, "12.4185+math.sin(q.anim_time*90*1-130)*-4", -7.60167]
				},
				"ear_left": {
					"rotation": [0, 0, "4*math.sin(q.anim_time*90*2)"]
				},
				"torso_2": {
					"rotation": ["math.sin(q.anim_time*90*2-60)*2", "math.sin(q.anim_time*90*1-90)*-2", 0]
				}
			}
		},
		"animation.pawmo.battle_idle": {
			"loop": true,
			"bones": {
				"torso": {
					"rotation": ["9.9984+1*math.sin(q.anim_time*90*4)", "-0.1736+2*math.sin(q.anim_time*90*2)", "-0.0152+1*math.cos(q.anim_time*90*2)"],
					"position": [0, "-0.1*(math.sin(q.anim_time*90*4-90)*1+1)", 0]
				},
				"head": {
					"rotation": ["-6.4988+1*(math.sin(q.anim_time*90*4+80))", 0.12927, "-0.0199-math.sin(q.anim_time*90*2+80)*2"]
				},
				"eye_right": {
					"rotation": [0, 0, 7.5]
				},
				"eye_left": {
					"rotation": [0, 0, -7.5]
				},
				"ear_right": {
					"rotation": [0, 0, "4*math.sin(q.anim_time*90*-4)"]
				},
				"head_front_fur2": {
					"rotation": [0, 0, "4*math.sin(q.anim_time*90*4-90)"]
				},
				"arm_right": {
					"rotation": ["-9.5224-8*(math.sin(q.anim_time*90*4+40)*1)", -62.74757, "14.8157+8*(math.sin(q.anim_time*90*4+40)*1)"]
				},
				"arm_3": {
					"rotation": [-10.84967, "3.2184-2*(math.sin(q.anim_time*90*4-60)*1+1)", 22.44109]
				},
				"tail": {
					"rotation": ["4*math.sin(q.anim_time*90*6)", "4*math.sin(q.anim_time*90*4-180)", 0]
				},
				"leg_right": {
					"rotation": [0, 5, 0]
				},
				"foot_right": {
					"rotation": [0, 0, 0]
				},
				"leg_left": {
					"rotation": [0, -5, 0]
				},
				"foot_left": {
					"rotation": [0, 0, 0]
				},
				"arm_left": {
					"rotation": ["-9.5224-8*(math.sin(q.anim_time*90*4+40)*1)", 62.74757, "-14.8157-8*(math.sin(q.anim_time*90*4+40)*1)"]
				},
				"arm_2": {
					"rotation": [-9.91517, "-5.4567-2*(math.sin(q.anim_time*90*4-60)*1+1)", -22.51881]
				},
				"ear_left": {
					"rotation": [0, 0, "4*math.sin(q.anim_time*90*4)"]
				}
			}
		},
		"animation.pawmo.blink": {
			"animation_length": 0.1667,
			"bones": {
				"eyelid_right": {
					"position": {
						"0.0": [0, 0, -0.1],
						"0.125": {"pre": [0, 0, -0.1], "post": [0, 0, -0.1]},
						"0.1667": {"pre": [0, 0, -0.1], "post": [0, 0, 0]}
					}
				},
				"eyelid_left": {
					"position": {
						"0.0": [0, 0, -0.1],
						"0.125": {"pre": [0, 0, -0.1], "post": [0, 0, -0.1]},
						"0.1667": {"pre": [0, 0, -0.1], "post": [0, 0, 0]}
					}
				}
			}
		},
		"animation.pawmo.recoil": {
			"animation_length": 1,
			"bones": {
				"head": {
					"rotation": {
						"0.0": [0, 0, 0],
						"0.0833": {
							"pre": [6.2, 0, 0],
							"post": [6.2, 0, 0],
							"lerp_mode": "catmullrom"
						},
						"0.2917": {
							"post": [6.2, 0, 0],
							"lerp_mode": "catmullrom"
						},
						"0.5": {
							"post": [3.1, 0, 0],
							"lerp_mode": "catmullrom"
						},
						"0.7083": {
							"post": [0.6, 0, 0],
							"lerp_mode": "catmullrom"
						},
						"0.9167": {
							"post": [0, 0, 0],
							"lerp_mode": "catmullrom"
						},
						"1.0": [0, 0, 0]
					}
				},
				"eyelid_right": {
					"position": {
						"0.0": [0, 0, 0],
						"0.0417": {"pre": [0, 0, 0], "post": [0, 0, -0.1]},
						"0.375": {"pre": [0, 0, -0.1], "post": [0, 0, 0]}
					}
				},
				"eyelid_left": {
					"position": {
						"0.0": [0, 0, 0],
						"0.0417": {"pre": [0, 0, 0], "post": [0, 0, -0.1]},
						"0.375": {"pre": [0, 0, -0.1], "post": [0, 0, 0]}
					}
				}
			}
		},
		"animation.pawmo.cry": {
			"animation_length": 1.5,
			"bones": {
				"head": {
					"rotation": {
						"0.0": [0, 0, 0],
						"0.25": [-15, 0, 0],
						"1.25": [-15, 0, 0],
						"1.5": [0, 0, 0]
					}
				},
				"mouth_open": {
					"position": {
						"0.0": [0, 0, 0],
						"0.2083": {"pre": [0, 0, 0], "post": [0, 0, -0.05]},
						"1.2917": {"pre": [0, 0, -0.05], "post": [0, 0, -0.05]},
						"1.5": {"pre": [0, 0, -0.05], "post": [0, 0, 0]}
					}
				},
				"mouth_closed": {
					"position": {
						"0.0": [0, 0, 0],
						"0.2083": {"pre": [0, 0, 0], "post": [0, 0, 0.025]},
						"1.2917": {"pre": [0, 0, 0.025], "post": [0, 0, 0.025]},
						"1.5": {"pre": [0, 0, 0.025], "post": [0, 0, 0]}
					}
				}
			}
		}
	}
}