{
	"format_version": "1.8.0",
	"animations": {
		"animation.shelmet.ground_idle": {
			"loop": true,
			"bones": {
				"mouth2": {
					"rotation": [-5, 0, 0]
				},
				"lip_lower": {
					"rotation": [7.5, 0, 0]
				},
				"shell_top": {
					"rotation": ["-2.5+math.cos(q.anim_time*90*4-85)*2", 0, 0]
				},
				"shell_bottom": {
					"rotation": ["0+math.cos(q.anim_time*90*4-25)*0.75", 0, 0]
				},
				"tail": {
					"rotation": [-2.5, 0, 0]
				},
				"leg_left": {
					"rotation": [0, 0, -5]
				},
				"leg_right": {
					"rotation": [0, 0, 5]
				},
				"torso": {
					"rotation": ["0+math.cos(q.anim_time*90*4-15)*2", 0, "0+math.cos(q.anim_time*90*2-15)*3"]
				}
			}
		},
		"animation.shelmet.ground_walk": {
			"loop": true,
			"animation_length": 0.5,
			"bones": {
				"mouth2": {
					"rotation": [-5, 0, 0]
				},
				"lip_lower": {
					"rotation": [7.5, 0, 0]
				},
				"shell_top": {
					"rotation": [-2.32569, 0, 0]
				},
				"shell_bottom": {
					"rotation": [0.67973, 0, 0]
				},
				"tail": {
					"rotation": [-2.5, 0, 0]
				},
				"leg_left": {
					"rotation": {
						"0.0": {
							"post": [12.5, 0, -5],
							"lerp_mode": "catmullrom"
						},
						"0.25": {
							"post": [-30, 0, -5],
							"lerp_mode": "catmullrom"
						},
						"0.5": {
							"post": [12.5, 0, -5],
							"lerp_mode": "catmullrom"
						}
					}
				},
				"leg_right": {
					"rotation": {
						"0.0": {
							"post": [-30, 0, -5],
							"lerp_mode": "catmullrom"
						},
						"0.25": {
							"post": [12.5, 0, -5],
							"lerp_mode": "catmullrom"
						},
						"0.5": {
							"post": [-30, 0, -5],
							"lerp_mode": "catmullrom"
						}
					}
				},
				"torso": {
					"rotation": {
						"0.0": {
							"post": [0, 0, 0],
							"lerp_mode": "catmullrom"
						},
						"0.125": {
							"post": [2.5, 0, -3],
							"lerp_mode": "catmullrom"
						},
						"0.25": {
							"post": [0, 0, 0],
							"lerp_mode": "catmullrom"
						},
						"0.375": {
							"post": [2.5, 0, 3],
							"lerp_mode": "catmullrom"
						},
						"0.5": {
							"post": [0, 0, 0],
							"lerp_mode": "catmullrom"
						}
					}
				},
				"body": {
					"position": {
						"0.0": {
							"post": [0, 0.25, 0],
							"lerp_mode": "catmullrom"
						},
						"0.125": {
							"post": [0, -0.25, 0],
							"lerp_mode": "catmullrom"
						},
						"0.25": {
							"post": [0, 0.25, 0],
							"lerp_mode": "catmullrom"
						},
						"0.375": {
							"post": [0, -0.25, 0],
							"lerp_mode": "catmullrom"
						},
						"0.5": {
							"post": [0, 0.25, 0],
							"lerp_mode": "catmullrom"
						}
					}
				},
				"shell_top2": {
					"rotation": {
						"0.0": {
							"post": [-3.75, 0, 0],
							"lerp_mode": "catmullrom"
						},
						"0.0417": {
							"post": [-7.5, 0, 0],
							"lerp_mode": "catmullrom"
						},
						"0.1667": {
							"post": [0, 0, 0],
							"lerp_mode": "catmullrom"
						},
						"0.2917": {
							"post": [-7.5, 0, 0],
							"lerp_mode": "catmullrom"
						},
						"0.4167": {
							"post": [0, 0, 0],
							"lerp_mode": "catmullrom"
						},
						"0.5": {
							"post": [-3.75, 0, 0],
							"lerp_mode": "catmullrom"
						}
					}
				}
			}
		},
		"animation.shelmet.blink": {
			"animation_length": 0.1667,
			"bones": {
				"eyelid_left": {
					"position": {
						"0.0": [0.1, 0, -0.1],
						"0.125": [0.1, 0, -0.1],
						"0.1667": {"pre": [0.1, 0, -0.1], "post": [0, 0, 0]}
					}
				},
				"eyelid_right": {
					"position": {
						"0.0": [-0.1, 0, -0.1],
						"0.125": [-0.1, 0, -0.1],
						"0.1667": {"pre": [-0.1, 0, -0.1], "post": [0, 0, 0]}
					}
				}
			}
		},
		"animation.shelmet.shock": {
			"loop": true,
			"bones": {
				"pupil_left": {
					"position": [0, -0.5, 0],
					"scale": [1, 0.7, 0.7]
				},
				"pupil_right": {
					"position": [0, -0.5, 0],
					"scale": [1, 0.7, 0.7]
				},
				"lip_upper": {
					"rotation": [-7.5, 0, 0]
				},
				"lip_lower": {
					"rotation": [15, 0, 0]
				}
			}
		},
		"animation.shelmet.angry": {
			"loop": true,
			"bones": {
				"eye_angry_left": {
					"position": [0.1, 0, -0.1]
				},
				"pupil_left": {
					"position": [0, -0.5, 0]
				},
				"eye_angry_right": {
					"position": [-0.1, 0, -0.1]
				},
				"pupil_right": {
					"position": [0, -0.5, 0]
				}
			}
		},
		"animation.shelmet.sad": {
			"loop": true,
			"bones": {
				"eye_sad_left": {
					"position": [0.1, 0, 0]
				},
				"eye_sad_right": {
					"position": [-0.1, 0, 0]
				}
			}
		},
		"animation.shelmet.happy": {
			"loop": true,
			"bones": {
				"eyelid_happy_left": {
					"position": [0.1, 0, -0.1]
				},
				"eyelid_happy_right": {
					"position": [-0.1, 0, -0.1]
				},
				"lip_upper": {
					"rotation": [-7.5, 0, 0]
				},
				"lip_lower": {
					"rotation": [15, 0, 0]
				}
			}
		},
		"animation.shelmet.hurt": {
			"loop": true,
			"bones": {
				"eyelid_recoil_left": {
					"position": [0.1, 0, -0.1]
				},
				"eyelid_recoil_right": {
					"position": [-0.1, 0, -0.1]
				}
			}
		},
		"animation.shelmet.cry": {
			"animation_length": 0.75,
			"bones": {
				"head_angle": {
					"rotation": {
						"0.0": [0, 0, 0],
						"0.0417": {
							"pre": [2.5, 0, 0],
							"post": [2.5, 0, 0],
							"lerp_mode": "catmullrom"
						},
						"0.1667": {
							"post": [-5, 0, 0],
							"lerp_mode": "catmullrom"
						},
						"0.5417": {
							"post": [-5, 0, 0],
							"lerp_mode": "catmullrom"
						},
						"0.75": [0, 0, 0]
					}
				},
				"mouth2": {
					"scale": {
						"0.0": [1, 1, 1],
						"0.0417": {
							"pre": [1, 1, 0.9],
							"post": [1, 1, 0.9],
							"lerp_mode": "catmullrom"
						},
						"0.1667": {
							"post": [1, 1, 1.1],
							"lerp_mode": "catmullrom"
						},
						"0.3333": {
							"post": [1, 1, 1.1],
							"lerp_mode": "catmullrom"
						},
						"0.4167": {
							"post": [1, 1, 1],
							"lerp_mode": "catmullrom"
						},
						"0.5417": {
							"post": [1, 0.9, 1.2],
							"lerp_mode": "catmullrom"
						},
						"0.75": [1, 1, 1]
					}
				}
			},
			"sound_effects": {
				"0.0417": {
					"effect": "pokemon.shelmet.cry"
				}
			}
		}
	}
}