{
	"format_version": "1.8.0",
	"animations": {
		"animation.dedenne.ground_idle": {
			"loop": true,
			"bones": {
				"torso": {
					"rotation": ["1+1*math.sin(q.anim_time*90*4)", "1*math.sin(q.anim_time*90*1)", "1*math.cos(q.anim_time*90*1)"],
					"position": [0, "-0.1*(math.sin(q.anim_time*90*4-90)*1+1)", 0]
				},
				"head": {
					"rotation": ["4.9+1*(math.sin(q.anim_time*90*4-80))", 0, 0]
				},
				"wisker_right_3": {
					"rotation": [0, 0, "-0.1-1*(math.sin(q.anim_time*90*4+180))"]
				},
				"wisker_right_4": {
					"rotation": [0, 12.5, 0]
				},
				"wisker_right_1": {
					"rotation": [0, 0, "-0.1-1*(math.sin(q.anim_time*90*4+180))"]
				},
				"wisker_right_2": {
					"rotation": [0, 10, 0]
				},
				"wisker_left_3": {
					"rotation": [0, 0, "-0.1+1*(math.sin(q.anim_time*90*4+180))"]
				},
				"wisker_left_4": {
					"rotation": [0, -12.5, 0]
				},
				"wisker_left_1": {
					"rotation": [0, 0, "-0.1+1*(math.sin(q.anim_time*90*4+180))"]
				},
				"wisker_left_2": {
					"rotation": [0, -10, 0]
				},
				"ear_right": {
					"rotation": [0, 0, "-0.1-1*(math.sin(q.anim_time*90*4-160))"]
				},
				"ear_left": {
					"rotation": [0, 0, "-0.1+1*(math.sin(q.anim_time*90*4-160))"]
				},
				"tail": {
					"rotation": [0, 62.5, "-0.1-1*(math.sin(q.anim_time*90*4+180))"]
				},
				"tail2": {
					"rotation": [0, 30, 0]
				},
				"tail3": {
					"rotation": [0, 35, 0]
				},
				"tail4": {
					"rotation": [10, 40, 0]
				},
				"tail5": {
					"rotation": [-17.5, 25, 0]
				},
				"arm_left": {
					"rotation": [83.22308, 54.58153, 102.6384],
					"position": [-0.925, -0.45, -2.5]
				},
				"hand_left": {
					"rotation": [0, 37.5, 0]
				},
				"arm_right": {
					"rotation": [77.20375, -53.77182, -94.27423],
					"position": [0.825, -0.45, -2.5]
				},
				"hand_right": {
					"rotation": [0, -37.5, 0]
				},
				"tail6": {
					"rotation": [-14.72765, 31.63886, -7.85085]
				},
				"tail7": {
					"rotation": [37.5, 22.5, 0]
				},
				"tail8": {
					"rotation": ["15+0.1+1*(math.sin(q.anim_time*90*4+180))", 27.5, 0]
				},
				"tail9": {
					"rotation": [-40, 0, 0]
				},
				"tail10": {
					"rotation": [-40.43246, 7.64427, -6.46635]
				},
				"tail11": {
					"rotation": ["20.8885243525-0.1+2*(math.sin(q.anim_time*90*4-180))", 16.41371, 6.15491]
				},
				"tail12": {
					"rotation": ["32.5-2*(math.sin(q.anim_time*90*4-180)*7)", 0, 0]
				},
				"tail13": {
					"rotation": ["27.5-2*(math.sin(q.anim_time*90*4-45)*5)", 0, 0]
				}
			}
		},
		"animation.dedenne.ground_walk": {
			"loop": true,
			"animation_length": 1,
			"bones": {
				"torso": {
					"rotation": ["-5*math.sin(q.anim_time*90*8-120)*0.5", "5*math.sin(q.anim_time*90*4-90)*1", "-5*math.sin(q.anim_time*90*4-30)*0.5"]
				},
				"head": {
					"rotation": ["2.5-5*math.sin(q.anim_time*90*8-60)*0.2", 0, "-5*math.sin(q.anim_time*90*4-30)*0.3"]
				},
				"wisker_right_3": {
					"rotation": [0, "-3*math.cos(q.anim_time*90*4-30)*2", "-1*math.cos(q.anim_time*90*4-30)*2"]
				},
				"wisker_right_4": {
					"rotation": [0, 10, 0]
				},
				"wisker_right_1": {
					"rotation": [0, "-3*math.cos(q.anim_time*90*4-30)*2", "-1*math.cos(q.anim_time*90*4-30)*2"]
				},
				"wisker_right_2": {
					"rotation": [0, 10, 0]
				},
				"wisker_left_3": {
					"rotation": [0, "3*math.cos(q.anim_time*90*4-30)*2", "1*math.cos(q.anim_time*90*4-30)*2"]
				},
				"wisker_left_4": {
					"rotation": [0, -10, 0]
				},
				"wisker_left_1": {
					"rotation": [0, "3*math.cos(q.anim_time*90*4-30)*2", "1*math.cos(q.anim_time*90*4-30)*2"]
				},
				"wisker_left_2": {
					"rotation": [0, -10, 0]
				},
				"ear_right": {
					"rotation": ["-5*math.cos(q.anim_time*90*8-70)*0.5", 3, "1*math.cos(q.anim_time*90*4-30)*2"]
				},
				"ear_left": {
					"rotation": ["-5*math.cos(q.anim_time*90*8-70)*0.5", 3, "1*math.cos(q.anim_time*90*4-30)*2"]
				},
				"tail": {
					"rotation": [0, 62.5, "-0.1-1*(math.sin(q.anim_time*90*4+180))"]
				},
				"tail2": {
					"rotation": [0, 30, 0]
				},
				"tail3": {
					"rotation": [0, 35, 0]
				},
				"tail4": {
					"rotation": [10, 40, 0]
				},
				"tail5": {
					"rotation": [-17.5, 25, 0]
				},
				"tail6": {
					"rotation": [-14.72765, 31.63886, -7.85085]
				},
				"tail7": {
					"rotation": [37.5, 22.5, 0]
				},
				"tail8": {
					"rotation": ["15+0.1+1*(math.sin(q.anim_time*90*4+180))", 27.5, 0]
				},
				"tail9": {
					"rotation": [-40, 0, 0]
				},
				"tail10": {
					"rotation": [-40.43246, 7.64427, -6.46635]
				},
				"tail11": {
					"rotation": ["20.8885243525-0.1+2*(math.sin(q.anim_time*90*4-180))", 16.41371, 6.15491]
				},
				"tail12": {
					"rotation": [32.5, "0-2*(math.sin(q.anim_time*90*4-180)*7)", 0]
				},
				"tail13": {
					"rotation": [27.5, "0-2*(math.sin(q.anim_time*90*4-45)*5)", 0]
				},
				"arm_left": {
					"rotation": [83.89058, "49.613-5*math.sin(q.anim_time*90*8-60)*-0.5", 103.5098],
					"position": [-0.925, -0.125, -2.5]
				},
				"hand_left": {
					"rotation": [0, 25, 0]
				},
				"thumb_left": {
					"rotation": [20, 0, 0]
				},
				"arm_right": {
					"rotation": [79.54215, "-46.4358-5*math.sin(q.anim_time*90*8-60)*0.5", -97.03535],
					"position": [0.825, -0.125, -2.5]
				},
				"hand_right": {
					"rotation": [0, -30, 0]
				},
				"thumb_right": {
					"rotation": [20, 0, 0]
				},
				"foot_right": {
					"rotation": {
						"0.0": [0, -2.4683, 0],
						"0.5": [0, -2.4683, 0],
						"0.6667": {
							"pre": [9.84251, -2.4683, 1.95993],
							"post": [9.84251, -2.4683, 1.95993],
							"lerp_mode": "catmullrom"
						},
						"0.7917": {
							"post": [0.2426, -2.4683, 3.03491],
							"lerp_mode": "catmullrom"
						},
						"0.9167": {
							"post": [-6.38277, -2.46831, 4.73767],
							"lerp_mode": "catmullrom"
						},
						"1.0": [0, -2.4683, 0]
					},
					"position": {
						"0.0": [0, 0, -2],
						"0.5": [0, 0, 2.5],
						"0.5833": [0, 0.27, 2.65],
						"0.6667": [0, 0.4, 1.88],
						"0.7917": [0, 0.27, 0.46],
						"0.9167": [0, 0.33, -1.27],
						"1.0": [0, 0, -2]
					}
				},
				"foot_left": {
					"rotation": {
						"0.0": [0, 2.4683, 0],
						"0.1667": {
							"pre": [9.84251, 2.4683, -1.95993],
							"post": [9.84251, 2.4683, -1.95993],
							"lerp_mode": "catmullrom"
						},
						"0.2917": {
							"post": [0.2426, 2.4683, -3.03491],
							"lerp_mode": "catmullrom"
						},
						"0.4167": {
							"post": [-6.38277, 2.46831, -4.73767],
							"lerp_mode": "catmullrom"
						},
						"0.5": [0, 2.4683, 0],
						"1.0": [0, 2.4683, 0]
					},
					"position": {
						"0.0": [0, 0, 2.5],
						"0.0833": [0, 0.27, 2.65],
						"0.1667": [0, 0.4, 1.88],
						"0.2917": [0, 0.27, 0.46],
						"0.4167": [0, 0.33, -1.27],
						"0.5": [0, 0, -2],
						"1.0": [0, 0, 2.5]
					}
				}
			}
		},
		"animation.dedenne.sleep": {
			"loop": true,
			"bones": {
				"torso": {
					"rotation": ["1+1*math.sin(q.anim_time*90*4)", "1*math.sin(q.anim_time*90*1)", "1*math.cos(q.anim_time*90*1)"],
					"position": [0, "-0.1*(math.sin(q.anim_time*90*4-90)*1+1)", 0]
				},
				"head": {
					"rotation": ["4.9+1*(math.sin(q.anim_time*90*4-80))", 0, 0]
				},
				"wisker_right_3": {
					"rotation": [0, 0, "-0.1-1*(math.sin(q.anim_time*90*4+180))"]
				},
				"wisker_right_4": {
					"rotation": [0, 12.5, 0]
				},
				"wisker_right_1": {
					"rotation": [0, 0, "-0.1-1*(math.sin(q.anim_time*90*4+180))"]
				},
				"wisker_right_2": {
					"rotation": [0, 10, 0]
				},
				"wisker_left_3": {
					"rotation": [0, 0, "-0.1+1*(math.sin(q.anim_time*90*4+180))"]
				},
				"wisker_left_4": {
					"rotation": [0, -12.5, 0]
				},
				"wisker_left_1": {
					"rotation": [0, 0, "-0.1+1*(math.sin(q.anim_time*90*4+180))"]
				},
				"wisker_left_2": {
					"rotation": [0, -10, 0]
				},
				"ear_right": {
					"rotation": [0, 0, "-0.1-1*(math.sin(q.anim_time*90*4-160))"]
				},
				"ear_left": {
					"rotation": [0, 0, "-0.1+1*(math.sin(q.anim_time*90*4-160))"]
				},
				"tail": {
					"rotation": [0, 62.5, "-0.1-1*(math.sin(q.anim_time*90*4+180))"]
				},
				"tail2": {
					"rotation": [0, 30, 0]
				},
				"tail3": {
					"rotation": [0, 35, 0]
				},
				"tail4": {
					"rotation": [10, 40, 0]
				},
				"tail5": {
					"rotation": [-17.5, 25, 0]
				},
				"arm_left": {
					"rotation": [83.22308, 54.58153, 102.6384],
					"position": [-0.925, -0.75, -2.5]
				},
				"hand_left": {
					"rotation": [0, 37.5, 0]
				},
				"arm_right": {
					"rotation": [77.20375, -53.77182, -94.27423],
					"position": [0.825, -0.75, -2.5]
				},
				"hand_right": {
					"rotation": [0, -37.5, 0]
				},
				"tail6": {
					"rotation": [-14.72765, 31.63886, -7.85085]
				},
				"tail7": {
					"rotation": [37.5, 22.5, 0]
				},
				"tail8": {
					"rotation": ["15+0.1+1*(math.sin(q.anim_time*90*4+180))", 27.5, 0]
				},
				"tail9": {
					"rotation": [-40, 0, 0]
				},
				"tail10": {
					"rotation": [-40.43246, 7.64427, -6.46635]
				},
				"tail11": {
					"rotation": ["20.8885243525-0.1+2*(math.sin(q.anim_time*90*4-180))", 16.41371, 6.15491]
				},
				"tail12": {
					"rotation": ["32.5-2*(math.sin(q.anim_time*90*4-180)*7)", 0, 0]
				},
				"tail13": {
					"rotation": ["27.5-2*(math.sin(q.anim_time*90*4-45)*5)", 0, 0]
				},
				"eyelid_left": {
					"position": [0, 0, -0.05]
				},
				"eyelid_right": {
					"position": [0, 0, -0.05]
				}
			}
		},
		"animation.dedenne.blink": {
			"animation_length": 0.1667,
			"bones": {
				"eyelid_left": {
					"position": {
						"0.0": [0, 0, -0.1],
						"0.125": {"pre": [0, 0, -0.1], "post": [0, 0, -0.1]},
						"0.1667": {"pre": [0, 0, -0.1], "post": [0, 0, 0]}
					}
				},
				"eyelid_right": {
					"position": {
						"0.0": [0, 0, -0.1],
						"0.125": {"pre": [0, 0, -0.1], "post": [0, 0, -0.1]},
						"0.1667": {"pre": [0, 0, -0.1], "post": [0, 0, 0]}
					}
				}
			}
		},
		"animation.dedenne.cry": {
			"animation_length": 0.9167,
			"bones": {
				"head": {
					"rotation": {
						"0.0": [0, 0, 0],
						"0.0833": [-5, 0, 0],
						"0.8333": [-5, 0, 0],
						"0.9167": [0, 0, 0]
					}
				},
				"mouth_close": {
					"position": {
						"0.0": [0, 0, 0],
						"0.0833": {"pre": [0, 0, 0], "post": [0, 0, 0.1]},
						"0.8333": [0, 0, 0.1],
						"0.9167": {"pre": [0, 0, 0.1], "post": [0, 0, 0]}
					}
				},
				"mouth_open": {
					"position": {
						"0.0": [0, 0, 0],
						"0.0833": {"pre": [0, 0, 0], "post": [0, 0, -0.1]},
						"0.8333": [0, 0, -0.1],
						"0.9167": {"pre": [0, 0, -0.1], "post": [0, 0, 0]}
					}
				}
			}
		},
		"animation.dedenne.ear_flick": {
			"animation_length": 0.625,
			"bones": {
				"ear_left": {
					"rotation": {
						"0.0": {
							"post": [0, 0, 0],
							"lerp_mode": "catmullrom"
						},
						"0.125": {
							"post": [0, 0, 13],
							"lerp_mode": "catmullrom"
						},
						"0.25": {
							"post": [0, 0, -18.39],
							"lerp_mode": "catmullrom"
						},
						"0.375": {
							"post": [0, 0, 18.39],
							"lerp_mode": "catmullrom"
						},
						"0.5": {
							"post": [0, 0, -8.39],
							"lerp_mode": "catmullrom"
						},
						"0.625": {
							"post": [0, 0, 0],
							"lerp_mode": "catmullrom"
						}
					}
				}
			}
		},
		"animation.dedenne.recoil": {
			"animation_length": 1.5,
			"bones": {
				"torso": {
					"rotation": {
						"0.0": [0, 0, 0],
						"0.0417": [-13, 0, 0],
						"0.5833": {
							"pre": [8.66, 0, 0],
							"post": [8.66, 0, 0],
							"lerp_mode": "catmullrom"
						},
						"1.0833": {
							"post": [-2, 0, 0],
							"lerp_mode": "catmullrom"
						},
						"1.5": [0, 0, 0]
					}
				},
				"head": {
					"rotation": {
						"0.0": [0, 0, 0],
						"0.0417": {
							"pre": [11, 0, 0],
							"post": [11, 0, 0],
							"lerp_mode": "catmullrom"
						},
						"0.1667": {
							"post": [-9.58, 0, 0],
							"lerp_mode": "catmullrom"
						},
						"0.375": {
							"post": [-7, 0, 0],
							"lerp_mode": "catmullrom"
						},
						"0.7083": {
							"post": [-3.3, 0, 0],
							"lerp_mode": "catmullrom"
						},
						"1.0417": {
							"post": [0.7, 0, 0],
							"lerp_mode": "catmullrom"
						},
						"1.4583": [0, 0, 0]
					}
				},
				"eyelid_left": {
					"position": {
						"0.0": [0, 0, -0.05],
						"0.25": {"pre": [0, 0, -0.05], "post": [0, 0, -0.05]},
						"0.2917": {"pre": [0, 0, -0.05], "post": [0, 0, 0]}
					}
				},
				"eyelid_right": {
					"position": {
						"0.0": [0, 0, -0.05],
						"0.25": {"pre": [0, 0, -0.05], "post": [0, 0, -0.05]},
						"0.2917": {"pre": [0, 0, -0.05], "post": [0, 0, 0]}
					}
				}
			}
		}
	}
}