{
	"format_version": "1.8.0",
	"animations": {
		"animation.simipour.ground_idle": {
			"loop": true,
			"bones": {
				"body": {
					"position": [0, -0.5, 0]
				},
				"leg_left": {
					"rotation": [-5, 0, -12.5],
					"position": [0, 0, -0.5]
				},
				"leg_left2": {
					"rotation": [15, 0, 0]
				},
				"leg_right": {
					"rotation": [-5.3191, 19.92066, 10.68307],
					"position": [0, 0, 0.5]
				},
				"leg_right2": {
					"rotation": [15, 0, 0]
				},
				"waist": {
					"rotation": [0, 10, 0]
				},
				"dress_front2": {
					"rotation": [-7.5, 0, 0]
				},
				"torso2": {
					"rotation": [7.5, 0, 0],
					"position": [0, -0.25, 0]
				},
				"arm_left": {
					"rotation": [0, 0, 60]
				},
				"arm_left2": {
					"rotation": [0, 15, 7.5]
				},
				"hand_left": {
					"rotation": [0, 10, 12.5]
				},
				"thumb_left": {
					"rotation": [0, -45, 0]
				},
				"thumb_left_tip": {
					"rotation": [27.5, 0, 0]
				},
				"hand_left_finger": {
					"rotation": [0, 0, 15]
				},
				"hand_left_finger_tip": {
					"rotation": [0, 0, 45]
				},
				"hand_left_finger2": {
					"rotation": [0, 0, 12.5]
				},
				"hand_left_finger_tip2": {
					"rotation": [0, 0, 25]
				},
				"hand_left_finger3": {
					"rotation": [0, 0, 10]
				},
				"hand_left_finger_tip3": {
					"rotation": [0, 0, 20]
				},
				"hand_left_finger4": {
					"rotation": [0, 0, 10]
				},
				"hand_left_finger_tip4": {
					"rotation": [0, 0, 22.5]
				},
				"arm_right": {
					"rotation": [0, 0, -65]
				},
				"arm_right2": {
					"rotation": [0, -20, 7.5]
				},
				"hand_right": {
					"rotation": [0, 0, -10]
				},
				"thumb_right": {
					"rotation": [0, 45, 0]
				},
				"thumb_right_tip": {
					"rotation": [27.5, 0, 0]
				},
				"hand_right_finger": {
					"rotation": [0, 0, -15]
				},
				"hand_right_finger_tip": {
					"rotation": [0, 0, -45]
				},
				"hand_right_finger2": {
					"rotation": [0, 0, -12.5]
				},
				"hand_right_finger_tip2": {
					"rotation": [0, 0, -25]
				},
				"hand_right_finger3": {
					"rotation": [0, 0, -10]
				},
				"hand_right_finger_tip3": {
					"rotation": [0, 0, -20]
				},
				"hand_right_finger4": {
					"rotation": [0, 0, -10]
				},
				"hand_right_finger_tip4": {
					"rotation": [0, 0, -22.5]
				},
				"head_angle": {
					"rotation": [-5, 0, -2.5]
				},
				"ear_left": {
					"rotation": [0, 0, -10]
				},
				"ear_right": {
					"rotation": [0, 0, 10]
				},
				"tail": {
					"rotation": [-60, 0, 0]
				},
				"tail2": {
					"rotation": [27.5, 17.5, 0]
				},
				"tail3": {
					"rotation": [20, 5, 0]
				},
				"tail4": {
					"rotation": [42.5, 0, 0]
				},
				"tail_tip": {
					"rotation": [-22.5, 0, 0]
				},
				"tail5": {
					"rotation": [22.5, 25, 0]
				},
				"dress_back_tip": {
					"rotation": [12.5, 0, 0]
				},
				"foot_right": {
					"rotation": [-5, 15, -12.5]
				},
				"foot_left": {
					"rotation": [-10, 0, 12.5]
				},
				"hair_right_tip": {
					"rotation": [0, 0, -22.5]
				},
				"hair_left_tip": {
					"rotation": [0, 0, 22.5]
				},
				"hair_back_left_tip": {
					"rotation": [0, 0, 22.5]
				},
				"hair_back_right_tip": {
					"rotation": [0, 0, -22.5]
				},
				"hair_front_left_tip": {
					"rotation": [0, 0, 22.5]
				},
				"hair_front_right_tip": {
					"rotation": [0, 0, -22.5]
				}
			}
		},
		"animation.simipour.pose": {
			"loop": true,
			"bones": {
				"body": {
					"position": [0, -0.75, 0]
				},
				"leg_left": {
					"rotation": [-10, 0, -7.5],
					"position": [0, 0.25, 0]
				},
				"leg_left2": {
					"rotation": [20, 0, 0]
				},
				"arm_left": {
					"rotation": [-65.75231, 6.27967, 33.85027]
				},
				"arm_left2": {
					"rotation": [-55, 62.5, -55]
				},
				"hand_left": {
					"rotation": [0, 0, 22.5]
				},
				"head_angle": {
					"rotation": [0, 0, -7.5]
				},
				"ear_left": {
					"rotation": [0, 0, -15]
				},
				"leg_right": {
					"rotation": [-7.5, 0, 17.5]
				},
				"leg_right2": {
					"rotation": [12.5, 0, 0]
				},
				"ear_right": {
					"rotation": [0, 0, 15]
				},
				"hand_left_finger": {
					"rotation": [5, 15, 5]
				},
				"hand_left_finger_tip": {
					"rotation": [0, 0, 10]
				},
				"hand_left_finger2": {
					"rotation": [0, 2.5, 0]
				},
				"hand_left_finger_tip2": {
					"rotation": [0, 0, 25]
				},
				"hand_left_finger3": {
					"rotation": [0, -5, 0]
				},
				"hand_left_finger_tip3": {
					"rotation": [0, 0, 15]
				},
				"hand_left_finger4": {
					"rotation": [0, -10, 0]
				},
				"hand_left_finger_tip4": {
					"rotation": [0, 0, 5]
				},
				"thumb_left": {
					"rotation": [0, -17.5, 0]
				},
				"thumb_left_tip": {
					"rotation": [17.5, 0, 0]
				},
				"arm_right": {
					"rotation": [-2.35666, 17.34551, -32.85952]
				},
				"arm_right2": {
					"rotation": [0, 0, -80],
					"position": [0, 1, 0]
				},
				"hand_right": {
					"rotation": [120, 27, -6]
				},
				"thumb_right": {
					"rotation": [0, 35, 0]
				},
				"thumb_right_tip": {
					"rotation": [45, 0, 0]
				},
				"hand_right_finger": {
					"rotation": [0, 0, -42.5]
				},
				"hand_right_finger_tip": {
					"rotation": [0, 0, -42.5]
				},
				"hand_right_finger2": {
					"rotation": [0, 0, -42.5]
				},
				"hand_right_finger_tip2": {
					"rotation": [0, 0, -62.5]
				},
				"hand_right_finger3": {
					"rotation": [0, 0, -45]
				},
				"hand_right_finger_tip3": {
					"rotation": [0, 0, -45]
				},
				"hand_right_finger4": {
					"rotation": [0, 0, -35]
				},
				"hand_right_finger_tip4": {
					"rotation": [0, 0, -17.5]
				},
				"hand_right_fingers": {
					"position": [0, 0, 0]
				},
				"dress_front2": {
					"rotation": [-5, 0, 0]
				},
				"tail": {
					"rotation": [-52.5, 0, 0]
				},
				"tail2": {
					"rotation": [0, -17.5, 0]
				},
				"tail3": {
					"rotation": [20, -42.5, 0]
				},
				"tail4": {
					"rotation": [0, -30, 0]
				},
				"tail_tip": {
					"rotation": [20, -27.5, 0]
				},
				"tail5": {
					"rotation": [0, -25, 0]
				},
				"dress_back_tip": {
					"rotation": [7.5, 0, 0]
				},
				"foot_right": {
					"rotation": [-5.48747, 25.87634, -17.37997],
					"position": [0.25, 0, 0]
				},
				"foot_left": {
					"rotation": [-10, -12.5, 7.5],
					"position": [0, -0.25, 0]
				}
			}
		},
		"animation.simipour.shocked": {
			"loop": true,
			"bones": {
				"mouth": {
					"position": [0, 0, 0.1]
				},
				"mouth_open_tall": {
					"position": [0, 0, -0.1]
				}
			}
		},
		"animation.simipour.angry": {
			"loop": true,
			"bones": {
				"mouth": {
					"position": [0, 0, 0.1]
				},
				"pupil_left": {
					"position": [0, 0, 0.1]
				},
				"pupil_left_angry": {
					"position": [0, 0, -0.1]
				},
				"pupil_right": {
					"position": [0, 0, 0.1]
				},
				"pupil_right_angry": {
					"position": [0, 0, -0.1]
				},
				"mouth_open_small": {
					"position": [0, 0, -0.1]
				},
				"eyebrow_right_angry": {
					"position": [0, 0, -0.1]
				},
				"eyebrow_left_angry": {
					"position": [0, 0, -0.1]
				}
			}
		},
		"animation.simipour.sad": {
			"loop": true,
			"bones": {
				"mouth": {
					"position": [0, 0, 0.1]
				},
				"pupil_left": {
					"position": [0, 0, 0.1]
				},
				"pupil_left_sad": {
					"position": [0, 0, -0.1]
				},
				"pupil_right": {
					"position": [0, 0, 0.1]
				},
				"pupil_right_sad": {
					"position": [0, 0, -0.1]
				},
				"mouth_frown": {
					"position": [0, 0, -0.1]
				},
				"eyebrow_right_sad": {
					"position": [0, 0, -0.1]
				},
				"eyebrow_left_sad": {
					"position": [0, 0, -0.1]
				}
			}
		},
		"animation.simipour.happy": {
			"loop": true,
			"bones": {
				"mouth": {
					"position": [0, 0, 0.1]
				},
				"mouth_open_happy": {
					"position": [0, 0, -0.1]
				},
				"blush": {
					"position": [0, 0, -0.1]
				}
			}
		},
		"animation.simipour.unamused": {
			"loop": true,
			"bones": {
				"mouth": {
					"position": [0, 0, 0.1]
				},
				"eyebrow_left_straight": {
					"position": [0, 0, -0.1]
				},
				"eyebrow_right_straight": {
					"position": [0, 0, -0.1]
				},
				"mouth_straight": {
					"position": [0, 0, -0.1]
				}
			}
		},
		"animation.simipour.smile": {
			"loop": true,
			"bones": {
				"mouth": {
					"position": [0, 0, 0.1]
				},
				"mouth_open_smile": {
					"position": [0, 0, -0.1]
				}
			}
		},
		"animation.simipour.recoil": {
			"animation_length": 0.0417
		},
		"animation.simipour.blink": {
			"animation_length": 0.1667,
			"bones": {
				"pupil_left": {
					"position": {
						"0.0": [0, 0, 0.1],
						"0.125": [0, 0, 0.1],
						"0.1667": [0, 0, 0]
					}
				},
				"pupil_left_blink": {
					"position": {
						"0.0": [0, 0, -0.1],
						"0.125": [0, 0, -0.1],
						"0.1667": [0, 0, 0]
					}
				},
				"pupil_right": {
					"position": {
						"0.0": [0, 0, 0.1],
						"0.125": [0, 0, 0.1],
						"0.1667": [0, 0, 0]
					}
				},
				"pupil_right_blink": {
					"position": {
						"0.0": [0, 0, -0.1],
						"0.125": [0, 0, -0.1],
						"0.1667": [0, 0, 0]
					}
				}
			}
		}
	}
}