{
	"format_version": "1.8.0",
	"animations": {
		"animation.simisage.ground_idle": {
			"loop": true,
			"bones": {
				"body": {
					"position": [0, -2, 0]
				},
				"leg_left": {
					"rotation": [-22.5, 0, -12.5],
					"position": [0, 0, -0.5]
				},
				"leg_left2": {
					"rotation": [42.5, 0, 0]
				},
				"leg_right": {
					"rotation": [-35, 22.5, 15],
					"position": [0, 0, 0.5]
				},
				"leg_right2": {
					"rotation": [52.5, 0, 0]
				},
				"waist": {
					"rotation": [0, 10, 0]
				},
				"torso2": {
					"rotation": [12.5, 0, 0],
					"position": [0, -0.25, 0]
				},
				"arm_left": {
					"rotation": [-47.5, 0, 25]
				},
				"arm_left2": {
					"rotation": [0, 0, 57.5]
				},
				"hand_left": {
					"rotation": [-15, 0, 10]
				},
				"thumb_left": {
					"rotation": [0, -55, 0]
				},
				"thumb_left_tip": {
					"rotation": [27.5, 0, 0]
				},
				"hand_left_finger": {
					"rotation": [0, 0, 57.5]
				},
				"hand_left_finger_tip": {
					"rotation": [0, 0, 45]
				},
				"hand_left_finger2": {
					"rotation": [0, 0, 60]
				},
				"hand_left_finger_tip2": {
					"rotation": [0, 0, 50]
				},
				"hand_left_finger3": {
					"rotation": [0, 0, 62.5]
				},
				"hand_left_finger_tip3": {
					"rotation": [0, 0, 47.5]
				},
				"hand_left_finger4": {
					"rotation": [0, 0, 65]
				},
				"hand_left_finger_tip4": {
					"rotation": [0, 0, 60]
				},
				"arm_right": {
					"rotation": [-57.5, 0, -32.5]
				},
				"arm_right2": {
					"rotation": [0, 0, -57.5]
				},
				"hand_right": {
					"rotation": [-15, 0, -10]
				},
				"thumb_right": {
					"rotation": [0, 55, 0]
				},
				"thumb_right_tip": {
					"rotation": [27.5, 0, 0]
				},
				"hand_right_finger": {
					"rotation": [0, 0, -57.5]
				},
				"hand_right_finger_tip": {
					"rotation": [0, 0, -45]
				},
				"hand_right_finger2": {
					"rotation": [0, 0, -60]
				},
				"hand_right_finger_tip2": {
					"rotation": [0, 0, -55]
				},
				"hand_right_finger3": {
					"rotation": [0, 0, -62.5]
				},
				"hand_right_finger_tip3": {
					"rotation": [0, 0, -45]
				},
				"hand_right_finger4": {
					"rotation": [0, 0, -65]
				},
				"hand_right_finger_tip4": {
					"rotation": [0, 0, -60]
				},
				"head_angle": {
					"rotation": [-5, 0, -2.5]
				},
				"ear_right": {
					"rotation": [0, 0, 10]
				},
				"tail": {
					"rotation": [-25, -30, 0]
				},
				"tail2": {
					"rotation": [31, -15, 0]
				},
				"tail3": {
					"rotation": [20, -5, 0]
				},
				"tail4": {
					"rotation": [25, 0, 0]
				},
				"tail6": {
					"rotation": [20, -25, 0]
				},
				"tail5": {
					"rotation": [22.5, -25, 0]
				},
				"foot_right": {
					"rotation": [0, 0, -15]
				},
				"foot_left": {
					"rotation": [-20, 0, 12.5]
				},
				"ear_left": {
					"rotation": [0, 0, -10]
				},
				"toes_right": {
					"rotation": [-10, 0, 0]
				},
				"hand_left_fingers": {
					"position": [0.25, 0, 0]
				},
				"hand_right_fingers": {
					"position": [-0.25, 0, 0]
				},
				"eyebrow_left": {
					"rotation": [7.5, 0, 0]
				},
				"wrist_left": {
					"rotation": [112.5, 0, 0]
				},
				"wrist_right": {
					"rotation": [112.5, 0, 0]
				},
				"leg_left_fur": {
					"rotation": [-12.5, 0, 0],
					"position": [0, 0.5, 0]
				},
				"collar_back": {
					"rotation": [15, 0, 0]
				},
				"waist_fur_front": {
					"rotation": [15, 0, 0]
				},
				"waist_fur_back": {
					"rotation": [-15, 0, 0]
				},
				"waist_fur_left": {
					"rotation": [0, 0, 12.5]
				},
				"waist_fur_right": {
					"rotation": [0, 0, -12.5]
				},
				"eyebrow_right": {
					"rotation": [7.5, 0, 0]
				}
			}
		},
		"animation.simisage.pose": {
			"loop": true,
			"bones": {
				"body": {
					"position": [0, -1.75, 0]
				},
				"leg_left": {
					"rotation": [-42.5, -45, 0],
					"position": [0, 0, -1]
				},
				"leg_left2": {
					"rotation": [45, 0, 0]
				},
				"arm_left": {
					"rotation": [0, 0, 17.5]
				},
				"head_angle": {
					"rotation": [0, 15, -5]
				},
				"leg_right": {
					"rotation": [0, 0, 27.5],
					"position": [0, 0.5, 1.25]
				},
				"leg_right2": {
					"rotation": [20, 0, 0]
				},
				"ear_right": {
					"rotation": [0, 0, 15]
				},
				"hand_left_finger": {
					"rotation": [0, 12.5, -20]
				},
				"hand_left_finger_tip": {
					"rotation": [0, 0, -2.5]
				},
				"hand_left_finger2": {
					"rotation": [0, 5, 0]
				},
				"hand_left_finger3": {
					"rotation": [0, -5, 15]
				},
				"hand_left_finger4": {
					"rotation": [-5, -15, 30]
				},
				"thumb_left": {
					"rotation": [25, -17.5, 0]
				},
				"arm_right": {
					"rotation": [-90, 0, -35]
				},
				"arm_right2": {
					"rotation": [0, 0, -62.5]
				},
				"hand_right": {
					"rotation": [25, 30, -72.5]
				},
				"thumb_right": {
					"rotation": [0, 15, 0]
				},
				"thumb_right_tip": {
					"rotation": [0, -10, 0]
				},
				"hand_right_finger": {
					"rotation": [0, 0, -75]
				},
				"hand_right_finger_tip": {
					"rotation": [0, 0, -45]
				},
				"hand_right_finger2": {
					"rotation": [0, 0, -72.5]
				},
				"hand_right_finger_tip2": {
					"rotation": [0, 0, -40]
				},
				"hand_right_finger3": {
					"rotation": [0, 0, -67.5]
				},
				"hand_right_finger_tip3": {
					"rotation": [0, 0, -52.5]
				},
				"hand_right_finger4": {
					"rotation": [0, 0, -65]
				},
				"hand_right_finger_tip4": {
					"rotation": [0, 0, -42.5]
				},
				"hand_right_fingers": {
					"position": [-0.25, 0, 0]
				},
				"tail": {
					"rotation": [-47.81374, 17.38772, -18.2489]
				},
				"tail2": {
					"rotation": [0, 30, 0]
				},
				"tail3": {
					"rotation": [0, 37.5, 0]
				},
				"tail4": {
					"rotation": [30, 40, 0]
				},
				"tail6": {
					"rotation": [27.5, 0, 0]
				},
				"tail5": {
					"rotation": [0, 27.5, 0]
				},
				"foot_right": {
					"rotation": [-18.84359, 21.40584, -37.09999],
					"position": [0.75, 0, 0]
				},
				"foot_left": {
					"position": [0, -0.25, 0]
				},
				"ear_left": {
					"rotation": [0, 0, -15]
				},
				"tail_tips": {
					"rotation": [0, 0, 37.5]
				},
				"eyebrow_left": {
					"rotation": [7.5, 0, 0]
				},
				"torso2": {
					"rotation": [5, 0, 0]
				},
				"collar_back": {
					"rotation": [12.5, 0, 0]
				},
				"waist_fur_front": {
					"rotation": [12.5, 0, 0]
				},
				"waist_fur_back": {
					"rotation": [-15, 0, 0]
				},
				"waist_fur_left": {
					"rotation": [0, 0, 12.5]
				},
				"waist_fur_right": {
					"rotation": [0, 0, -12.5]
				},
				"waist": {
					"rotation": [0, 17.5, 0]
				},
				"eyebrow_right": {
					"rotation": [7.5, 0, 0]
				}
			}
		},
		"animation.simisage.shocked": {
			"loop": true,
			"bones": {
				"mouth": {
					"position": [0, 0, 0.1]
				},
				"mouth_open_tall": {
					"position": [0, 0, -0.1]
				},
				"pupil_left": {
					"position": [0, 0, 0.1]
				},
				"pupil_left_shocked": {
					"position": [0, 0, -0.1]
				},
				"pupil_right": {
					"position": [0, 0, 0.1]
				},
				"pupil_right_shocked": {
					"position": [0, 0, -0.1]
				}
			}
		},
		"animation.simisage.angry": {
			"loop": true,
			"bones": {
				"mouth": {
					"position": [0, 0, 0.1]
				},
				"pupil_left_happy": {
					"position": [0, 0, 0.1]
				},
				"pupil_left_angry": {
					"position": [0, 0, -0.1]
				},
				"mouth_open_small": {
					"position": [0, 0, -0.1]
				},
				"pupil_left": {
					"position": [0, 0, 0.1]
				},
				"eyebrow_left": {
					"rotation": [0, 0, -10]
				},
				"pupil_right_angry": {
					"position": [0, 0, -0.1]
				},
				"eyebrow_right": {
					"rotation": [0, 0, 10]
				},
				"pupil_right": {
					"position": [0, 0, 0.1]
				}
			}
		},
		"animation.simisage.sad": {
			"loop": true,
			"bones": {
				"mouth": {
					"position": [0, 0, 0.1]
				},
				"pupil_left_happy": {
					"position": [0, 0, 0.1]
				},
				"pupil_left_sad": {
					"position": [0, 0, -0.1]
				},
				"mouth_frown": {
					"position": [0, 0, -0.1]
				},
				"pupil_left": {
					"position": [0, 0, 0.1]
				},
				"eyebrow_left": {
					"rotation": [0, 0, 10]
				},
				"pupil_right_sad": {
					"position": [0, 0, -0.1]
				},
				"eyebrow_right": {
					"rotation": [0, 0, -10]
				},
				"pupil_right": {
					"position": [0, 0, 0.1]
				}
			}
		},
		"animation.simisage.happy": {
			"loop": true,
			"bones": {
				"mouth": {
					"position": [0, 0, 0.1]
				},
				"mouth_open_happy": {
					"position": [0, 0, -0.1]
				},
				"blush": {
					"position": [0, 0, -0.1]
				},
				"pupil_left_happy": {
					"position": [0.25, 0, -0.1]
				},
				"pupil_left": {
					"position": [0, 0, 0.1]
				},
				"pupil_right_happy": {
					"position": [-0.25, 0, -0.1]
				},
				"pupil_right": {
					"position": [0, 0, 0.1]
				}
			}
		},
		"animation.simisage.unamused": {
			"loop": true,
			"bones": {
				"mouth": {
					"position": [0, 0, 0.1]
				},
				"mouth_straight": {
					"position": [0, 0, -0.1]
				}
			}
		},
		"animation.simisage.smile": {
			"loop": true,
			"bones": {
				"mouth": {
					"position": [0, 0, 0.1]
				},
				"mouth_open_smile": {
					"position": [0, 0, -0.1]
				}
			}
		},
		"animation.simisage.recoil": {
			"loop": true
		},
		"animation.simisage.blink": {
			"animation_length": 0.1667,
			"bones": {
				"pupil_left_happy": {
					"position": {
						"0.0": [0, 0, 0.1],
						"0.125": [0, 0, 0.1],
						"0.1667": [0, 0, 0]
					}
				},
				"pupil_left_blink": {
					"position": {
						"0.0": [0, 0, -0.1],
						"0.125": [0, 0, -0.1],
						"0.1667": [0, 0, 0]
					}
				},
				"pupil_left": {
					"position": {
						"0.0": [0, 0, 0.1],
						"0.125": [0, 0, 0.1],
						"0.1667": [0, 0, 0]
					}
				},
				"pupil_right": {
					"position": {
						"0.0": [0, 0, 0.1],
						"0.125": [0, 0, 0.1],
						"0.1667": [0, 0, 0]
					}
				},
				"pupil_right_blink": {
					"position": {
						"0.0": [0, 0, -0.1],
						"0.125": [0, 0, -0.1],
						"0.1667": [0, 0, 0]
					}
				}
			}
		}
	}
}