{
	"format_version": "1.8.0",
	"animations": {
		"animation.karrablast.ground_idle": {
			"loop": true,
			"bones": {
				"torso": {
					"rotation": ["math.cos(q.anim_time*90*4-45)*2", "math.cos(q.anim_time*90*2-45)*3", "math.cos(q.anim_time*90*2-45)*2"]
				},
				"arm_left": {
					"rotation": [14.9092, 17.04678, "42.2468+math.cos(q.anim_time*90*4-65)*8"]
				},
				"arm_right": {
					"rotation": [14.9092, -17.04678, "-42.2468-math.cos(q.anim_time*90*4-65)*8 "]
				},
				"horn": {
					"rotation": [-2.5, 0, 0]
				},
				"leg_left": {
					"rotation": [0, 0, 2.5]
				},
				"leg_right": {
					"rotation": [0, 0, -2.5]
				}
			}
		},
		"animation.karrablast.ground_walk": {
			"loop": true,
			"animation_length": 0.5,
			"bones": {
				"torso": {
					"rotation": {
						"0.0": {
							"post": [2.5, 0, 0],
							"lerp_mode": "catmullrom"
						},
						"0.125": {
							"post": [4.98466, -0.3918, 4.48295],
							"lerp_mode": "catmullrom"
						},
						"0.3333": {
							"post": [4.98466, 0.3918, -4.48295],
							"lerp_mode": "catmullrom"
						},
						"0.5": {
							"post": [2.5, 0, 0],
							"lerp_mode": "catmullrom"
						}
					}
				},
				"arm_left": {
					"rotation": {
						"0.0": {
							"post": [2.06754, 22.40972, 5.40961],
							"lerp_mode": "catmullrom"
						},
						"0.25": {
							"post": [2.06985, -22.56388, 3.82659],
							"lerp_mode": "catmullrom"
						},
						"0.5": {
							"post": [2.06754, 22.40972, 5.40961],
							"lerp_mode": "catmullrom"
						}
					}
				},
				"arm_right": {
					"rotation": {
						"0.0": {
							"post": [2.06985, 22.56388, -3.82659],
							"lerp_mode": "catmullrom"
						},
						"0.25": {
							"post": [2.06754, -22.40972, -5.40961],
							"lerp_mode": "catmullrom"
						},
						"0.5": {
							"post": [2.06985, 22.56388, -3.82659],
							"lerp_mode": "catmullrom"
						}
					}
				},
				"horn": {
					"rotation": [-2.5, 0, 0]
				},
				"leg_left": {
					"rotation": {
						"0.0": {
							"post": [-25, 0, 2.5],
							"lerp_mode": "catmullrom"
						},
						"0.25": {
							"post": [25, 0, 2.5],
							"lerp_mode": "catmullrom"
						},
						"0.5": {
							"post": [-25, 0, 2.5],
							"lerp_mode": "catmullrom"
						}
					},
					"position": {
						"0.0": {
							"post": [0, 0, 0],
							"lerp_mode": "catmullrom"
						},
						"0.25": {
							"post": [0, 0, 2],
							"lerp_mode": "catmullrom"
						},
						"0.375": {
							"post": [0, 1, 1],
							"lerp_mode": "catmullrom"
						},
						"0.5": {
							"post": [0, 0, 0],
							"lerp_mode": "catmullrom"
						}
					}
				},
				"leg_right": {
					"rotation": {
						"0.0": {
							"post": [25, 0, -2.5],
							"lerp_mode": "catmullrom"
						},
						"0.25": {
							"post": [-25, 0, -2.5],
							"lerp_mode": "catmullrom"
						},
						"0.5": {
							"post": [25, 0, -2.5],
							"lerp_mode": "catmullrom"
						}
					},
					"position": {
						"0.0": {
							"post": [0, 0, 2],
							"lerp_mode": "catmullrom"
						},
						"0.125": {
							"post": [0, 1, 1],
							"lerp_mode": "catmullrom"
						},
						"0.25": {
							"post": [0, 0, 0],
							"lerp_mode": "catmullrom"
						},
						"0.5": {
							"post": [0, 0, 2],
							"lerp_mode": "catmullrom"
						}
					}
				},
				"body": {
					"position": {
						"0.0": {
							"post": [0, 0, 0],
							"lerp_mode": "catmullrom"
						},
						"0.125": {
							"post": [0, -1, 0],
							"lerp_mode": "catmullrom"
						},
						"0.25": {
							"post": [0, 0, 0],
							"lerp_mode": "catmullrom"
						},
						"0.375": {
							"post": [0, -1, 0],
							"lerp_mode": "catmullrom"
						},
						"0.5": {
							"post": [0, 0, 0],
							"lerp_mode": "catmullrom"
						}
					}
				}
			}
		},
		"animation.karrablast.blink": {
			"animation_length": 0.1667,
			"bones": {
				"eyelid_left": {
					"position": {
						"0.0": [0, 0, -0.1],
						"0.125": [0, 0, -0.1],
						"0.1667": {"pre": [0, 0, -0.1], "post": [0, 0, 0]}
					}
				},
				"eyelid_right": {
					"position": {
						"0.0": [0, 0, -0.1],
						"0.125": [0, 0, -0.1],
						"0.1667": {"pre": [0, 0, -0.1], "post": [0, 0, 0]}
					}
				}
			}
		},
		"animation.karrablast.shock": {
			"loop": true,
			"bones": {
				"pupil_left": {
					"scale": [0.7, 0.7, 1]
				},
				"pupil_right": {
					"scale": [0.7, 0.7, 1]
				},
				"mouth_closed": {
					"position": [0, 0, 0.1]
				},
				"mouth_open": {
					"position": [0, 0, -1]
				}
			}
		},
		"animation.karrablast.angry": {
			"loop": true,
			"bones": {
				"eye_angry_left": {
					"position": [0, 0, -0.1]
				},
				"eye_angry_right": {
					"position": [0, 0, -0.1]
				}
			}
		},
		"animation.karrablast.sad": {
			"loop": true,
			"bones": {
				"eye_sad_left": {
					"position": [0, 0, -0.1]
				},
				"eye_sad_right": {
					"position": [0, 0, -0.1]
				}
			}
		},
		"animation.karrablast.happy": {
			"loop": true,
			"bones": {
				"mouth_closed": {
					"position": [0, 0, 0.1]
				},
				"mouth_open": {
					"position": [0, 0, -1]
				},
				"eyelid_happy_left": {
					"position": [0, 0, -0.1]
				},
				"eyelid_happy_right": {
					"position": [0, 0, -0.1]
				}
			}
		},
		"animation.karrablast.hurt": {
			"loop": true,
			"bones": {
				"eyelid_recoil_left": {
					"position": [0, 0, -0.1]
				},
				"eyelid_recoil_right": {
					"position": [0, 0, -0.1]
				}
			}
		},
		"animation.karrablast.new": {
			"loop": true,
			"bones": {
				"karrablast": {
					"position": [0, 0, "-q.anim_time*90*0.25"]
				}
			}
		},
		"animation.karrablast.cry": {
			"loop": "hold_on_last_frame",
			"animation_length": 0.6667,
			"bones": {
				"torso": {
					"rotation": {
						"0.0": [0, 0, 0],
						"0.0417": {
							"pre": [2.5, 0, 0],
							"post": [2.5, 0, 0],
							"lerp_mode": "catmullrom"
						},
						"0.1667": {
							"post": [-5, 0, 0],
							"lerp_mode": "catmullrom"
						},
						"0.4583": {
							"post": [-5, 0, 0],
							"lerp_mode": "catmullrom"
						},
						"0.625": [0, 0, 0]
					}
				},
				"mouth_closed": {
					"position": {
						"0.125": [0, 0, 0],
						"0.1667": [0, 0, 0.1],
						"0.5": [0, 0, 0.1],
						"0.5417": [0, 0, 0]
					}
				},
				"mouth_open": {
					"position": {
						"0.125": [0, 0, 0],
						"0.1667": [0, 0, -1],
						"0.5": [0, 0, -1],
						"0.5417": [0, 0, 0]
					}
				}
			},
			"sound_effects": {
				"0.0417": {
					"effect": "pokemon.karrablast.cry"
				}
			}
		}
	}
}