{
	"format_version": "1.8.0",
	"animations": {
		"animation.pansear.ground_idle": {
			"loop": true,
			"bones": {
				"waist": {
					"rotation": [7.5, 0, 0]
				},
				"torso": {
					"rotation": [7.5, 0, 0],
					"position": [0, -0.25, 0]
				},
				"arm_left": {
					"rotation": [0, 17.5, 25]
				},
				"arm_left2": {
					"rotation": [70, 25, 60]
				},
				"hand_left": {
					"rotation": [0, 0, 20]
				},
				"thumb_left": {
					"rotation": [0, -32.5, 0]
				},
				"arm_right": {
					"rotation": [0, -17.5, -25]
				},
				"arm_right2": {
					"rotation": [70, -25, -60]
				},
				"hand_right": {
					"rotation": [0, 0, -20]
				},
				"thumb_right": {
					"rotation": [0, 32.5, 0]
				},
				"head_angle": {
					"rotation": [-7.5, 0, 0]
				},
				"tail": {
					"rotation": [15, -22.5, 0]
				},
				"tail2": {
					"rotation": [30, 0, 0]
				},
				"tail3": {
					"rotation": [45, 37.5, 0]
				},
				"tail4": {
					"rotation": [30, 25, 0]
				},
				"tail_tip": {
					"rotation": [-25, 0, 0]
				},
				"tail5": {
					"rotation": [-40, -37.5, 0]
				},
				"leg_right": {
					"rotation": [-60, 30, 0]
				},
				"hair_left_tip2": {
					"rotation": [0, 0, -20]
				},
				"ear_left": {
					"rotation": [0, 0, 10]
				},
				"ear_right": {
					"rotation": [0, 0, -10]
				},
				"body": {
					"position": [0, -1.75, 0]
				},
				"leg_right2": {
					"rotation": [60, 0, 0]
				},
				"leg_left": {
					"rotation": [-60, -30, 0]
				},
				"leg_left2": {
					"rotation": [60, 0, 0]
				}
			}
		},
		"animation.pansear.pose": {
			"loop": true,
			"bones": {
				"waist": {
					"rotation": [7.5, 15, 0]
				},
				"torso": {
					"rotation": [12.5, 0, 0],
					"position": [0, -0.25, 0]
				},
				"arm_left": {
					"rotation": [0, 10, 15],
					"position": [1, 0, 0]
				},
				"arm_left2": {
					"rotation": [-87.5, 0, -67.5]
				},
				"thumb_left": {
					"rotation": [0, -27.5, 0]
				},
				"arm_right": {
					"rotation": [-52.5, 0, -15]
				},
				"arm_right2": {
					"rotation": [87.5, 0, -60]
				},
				"hand_right": {
					"rotation": [0, 0, -22.5]
				},
				"thumb_right": {
					"rotation": [47.5, 0, 0]
				},
				"head_angle": {
					"rotation": [-7.5, 0, 7.5]
				},
				"pupil_right": {
					"position": [0.25, 0, 0]
				},
				"pupil_left": {
					"position": [0.75, 0, 0]
				},
				"tail": {
					"rotation": [-37.68944, 20.25437, -14.97401]
				},
				"tail2": {
					"rotation": [20, 0, 0]
				},
				"tail3": {
					"rotation": [17.5, 0, 0]
				},
				"tail4": {
					"rotation": [32.5, 0, 0]
				},
				"tail_tip": {
					"rotation": [0, 35, 0]
				},
				"tail5": {
					"rotation": [22.5, 0, 0]
				},
				"leg_right": {
					"rotation": [-60, 30, 0],
					"position": [-0.5, 0, 0]
				},
				"body": {
					"position": [0, -1.75, 0]
				},
				"leg_right2": {
					"rotation": [60, 0, 0]
				},
				"ear_left": {
					"rotation": [0, -12.5, 10]
				},
				"ear_right": {
					"rotation": [0, 0, -10]
				},
				"leg_left": {
					"rotation": [-60, -30, 0]
				},
				"leg_left2": {
					"rotation": [60, 0, 0]
				}
			}
		},
		"animation.pansear.shocked": {
			"loop": true,
			"bones": {
				"mouth": {
					"position": [0, 0, 0.1]
				},
				"pupil_right": {
					"position": [0, 0, 0.1]
				},
				"pupil_left": {
					"position": [0, 0, 0.1]
				},
				"pupil_left_shocked": {
					"position": [0, 0, -0.1]
				},
				"pupil_right_shocked": {
					"position": [0, 0, -0.1]
				},
				"mouth_open_tall": {
					"position": [0, 0, -0.1]
				},
				"eyebrow_right": {
					"position": [0, 0, 0.1]
				},
				"eyebrow_left": {
					"position": [0, 0, 0.1]
				}
			}
		},
		"animation.pansear.angry": {
			"loop": true,
			"bones": {
				"mouth": {
					"position": [0, 0, 0.1]
				},
				"pupil_right": {
					"position": [0, 0, 0.1]
				},
				"eyebrow_right": {
					"position": [0, 0, 0.1]
				},
				"pupil_left": {
					"position": [0, 0, 0.1]
				},
				"mouth_open_small": {
					"position": [0, 0, -0.1]
				},
				"pupil_right_annoyed": {
					"position": [0, 0, -0.1]
				},
				"pupil_left_annoyed": {
					"position": [0, 0, -0.1]
				},
				"eyebrow_left": {
					"position": [0, 0, 0.1]
				},
				"eyebrow_right_angry": {
					"position": [0, 0, -0.1]
				},
				"eyebrow_left_angry": {
					"position": [0, 0, -0.1]
				}
			}
		},
		"animation.pansear.sad": {
			"loop": true,
			"bones": {
				"mouth": {
					"position": [0, 0, 0.1]
				},
				"eyebrow_right": {
					"position": [0, 0, 0.1]
				},
				"mouth_frown": {
					"position": [0, 0, -0.1]
				},
				"eyebrow_left": {
					"position": [0, 0, 0.1]
				},
				"eyebrow_left_sad": {
					"position": [0, 0, -0.1]
				},
				"pupil_left": {
					"position": [0, 0, 0.1]
				},
				"pupil_right": {
					"position": [0, 0, 0.1]
				},
				"eyebrow_right_sad": {
					"position": [0, 0, -0.1]
				},
				"pupil_left_sad": {
					"position": [0, 0, -0.1]
				},
				"pupil_right_sad": {
					"position": [0, 0, -0.1]
				}
			}
		},
		"animation.pansear.happy": {
			"loop": true,
			"bones": {
				"mouth": {
					"position": [0, 0, 0.1]
				},
				"pupil_right": {
					"position": [0, 0, 0.1]
				},
				"eyebrow_right": {
					"position": [0, 0, 0.1]
				},
				"pupil_left": {
					"position": [0, 0, 0.1]
				},
				"blush_right": {
					"position": [0, 0, -0.1]
				},
				"blush_left": {
					"position": [0, 0, -0.1]
				},
				"mouth_open_happy": {
					"position": [0, 0, -0.1]
				},
				"pupil_left_happy": {
					"position": [0, 0, -0.1]
				},
				"eyebrow_left": {
					"position": [0, 0, 0.1]
				},
				"pupil_right_happy": {
					"position": [0, 0, -0.1]
				}
			}
		},
		"animation.pansear.unamused": {
			"loop": true,
			"bones": {
				"mouth": {
					"position": [0, 0, 0.1]
				},
				"eyebrow_right": {
					"position": [0, 0, 0.1]
				},
				"mouth_straight": {
					"position": [0, 0, -0.1]
				},
				"eyebrow_left": {
					"position": [0, 0, 0.1]
				},
				"eyebrow_right_straight": {
					"position": [0, 0, -0.1]
				},
				"eyebrow_left_straight": {
					"position": [0, 0, -0.1]
				}
			}
		},
		"animation.pansear.smile": {
			"loop": true,
			"bones": {
				"mouth": {
					"position": [0, 0, 0.1]
				},
				"mouth_open_smile": {
					"position": [0, 0, -0.1]
				}
			}
		},
		"animation.pansear.recoil": {
			"loop": true
		},
		"animation.pansear.blink": {
			"animation_length": 0.1667,
			"bones": {
				"pupil_right": {
					"position": {
						"0.0": [0, 0, 0.1],
						"0.125": [0, 0, 0.1],
						"0.1667": [0, 0, 0]
					}
				},
				"pupil_left": {
					"position": {
						"0.0": [0, 0, 0.1],
						"0.125": [0, 0, 0.1],
						"0.1667": [0, 0, 0]
					}
				},
				"pupil_left_blink": {
					"position": {
						"0.0": [0, 0, -0.1],
						"0.125": [0, 0, -0.1],
						"0.1667": [0, 0, 0]
					}
				},
				"pupil_right_blink": {
					"position": {
						"0.0": [0, 0, -0.1],
						"0.125": [0, 0, -0.1],
						"0.1667": [0, 0, 0]
					}
				}
			}
		}
	}
}