{
	"format_version": "1.10.0",
	"particle_effect": {
		"description": {
			"identifier": "cobblemon:selfdestruct_actor",
			"basic_render_parameters": {
				"material": "particles_blend",
				"texture": "textures/particles/smoke"
			}
		},
		"curves": {
			"variable.scale": {
				"type": "bezier",
				"input": "v.particle_age",
				"horizontal_range": "v.particle_lifetime",
				"nodes": [2, 0.75, 1, 1]
			}
		},
		"events": {
			"event_sound": {
				"sound_effect": {
					"event_name": "move.generic.explosion"
				}
			}
		},
		"components": {
			"minecraft:emitter_rate_instant": {
				"num_particles": 100
			},
			"minecraft:emitter_lifetime_once": {
				"active_time": 0.9
			},
			"minecraft:emitter_lifetime_events": {
				"creation_event": "event_sound"
			},
			"minecraft:emitter_shape_point": {
				"offset": ["math.random(-0.1,0.1)", "math.random(-0.1,0.1)", "math.random(-0.1,0.1)"]
			},
			"minecraft:particle_lifetime_expression": {
				"max_lifetime": 2
			},
			"minecraft:particle_initial_spin": {
				"rotation": "math.random(0,360)"
			},
			"minecraft:particle_initial_speed": "math.random(4,40)",
			"minecraft:particle_motion_dynamic": {
				"linear_acceleration": [0, 10, 0],
				"linear_drag_coefficient": 7
			},
			"minecraft:particle_appearance_billboard": {
				"size": ["2*variable.scale", "2*variable.scale"],
				"facing_camera_mode": "rotate_xyz",
				"uv": {
					"texture_width": 16,
					"texture_height": 96,
					"flipbook": {
						"base_UV": [0, 0],
						"size_UV": [16, 16],
						"step_UV": [0, 16],
						"frames_per_second": 3,
						"max_frame": 6
					}
				}
			},
			"minecraft:particle_appearance_tinting": {
				"color": {
					"interpolant": "v.particle_age / v.particle_lifetime",
					"gradient": {
						"0.0": "#FFEF3D1D",
						"0.14": "#FFF46F14",
						"0.74": "#FFBABABA"
					}
				}
			}
		}
	}
}