{
	"format_version": "1.8.0",
	"animations": {
		"animation.xerneas.ground_idle": {
			"loop": true,
			"bones": {
				"neck": {
					"rotation": [7.63825, 0.41414, 1.34692],
					"position": [0, 0, 0.25]
				},
				"shoulder_right": {
					"rotation": [0, 0, -7.5]
				},
				"neck2": {
					"rotation": [-10, 0, 0],
					"position": [0, -0.95372, -0.30071]
				},
				"jaw": {
					"rotation": [0, 0, 0]
				},
				"leg_right": {
					"rotation": [0, 0, -10],
					"position": [0.07869, -0.44627, 0.21131]
				},
				"leg_left": {
					"rotation": [-10.01363, 0.64686, 7.58508],
					"position": [0.20461, 0.50792, -0.04857]
				},
				"shoulder_left": {
					"rotation": [-5, 0, 7.5]
				}
			}
		},
		"animation.xerneas.ground_walk": {
			"loop": true,
			"bones": {
				"neck": {
					"rotation": [7.63825, 0.41414, 1.34692],
					"position": [0, 0, 0.25]
				},
				"neck2": {
					"rotation": [-10, 0, 0],
					"position": [0, -0.95372, -0.30071]
				},
				"jaw": {
					"rotation": [0, 0, 0]
				},
				"leg_right": {
					"position": [0.07869, -0.44627, 0.21131]
				},
				"leg_left": {
					"position": [0.20461, 0.50792, -0.04857]
				}
			}
		},
		"animation.xerneas.blink": {
			"loop": true
		}
	}
}