{
	"format_version": "1.8.0",
	"animations": {
		"animation.rhyperior.ground_idle": {
			"loop": true,
			"bones": {
				"torso": {
					"rotation": ["2.5-math.sin(q.anim_time*120*1-20)*-2.3", 0, 0],
					"position": [0, 0.5, 0]
				},
				"upper_torso": {
					"rotation": [2.5, 0, 0]
				},
				"left_shoulder": {
					"rotation": [0, 0, 7.5]
				},
				"left_upper_arm": {
					"rotation": [2.18558, "-9.7606+math.sin(q.anim_time*120*1-0)*-4", "22.3134+math.sin(q.anim_time*120*1-0)*-6"]
				},
				"tail": {
					"rotation": ["-17.5-math.sin(q.anim_time*120*1-0)*-1", 0, 0]
				},
				"tail2": {
					"rotation": ["12.5-math.sin(q.anim_time*120*1-30)*-1.5", 0, 0]
				},
				"left_lower_arm": {
					"rotation": [65, "75+math.sin(q.anim_time*120*1-60)*-3", 50],
					"position": [0, 1, 0]
				},
				"tail3": {
					"rotation": ["12.5-math.sin(q.anim_time*120*1-90)*-2", 0, 0]
				},
				"left_thumb": {
					"rotation": [0, 7.5, -5],
					"position": [0, 0, 0]
				},
				"left_thumb_claw": {
					"rotation": [0, 0, 5]
				},
				"left_middle_finger_claw": {
					"rotation": [0, 5, 0]
				},
				"left_middle_finger": {
					"rotation": [0, -5, -2.5]
				},
				"tail_club": {
					"rotation": [12.5, 0, 0]
				},
				"head_angle": {
					"rotation": [5, 0, 0],
					"position": [0, 1, 0]
				},
				"jaw": {
					"rotation": [0, 0, 0],
					"position": [0, 0, 0]
				},
				"tongue": {
					"rotation": [0, 0, 0]
				},
				"left_shoulder2": {
					"rotation": [0, 0, 7.5]
				},
				"left_upper_arm2": {
					"rotation": [2.18558, -9.76061, 22.31336]
				},
				"left_lower_arm2": {
					"rotation": [65, 75, 50],
					"position": [0, 1, 0]
				},
				"left_thumb2": {
					"rotation": [0, 7.5, -5],
					"position": [0, 0, 0]
				},
				"left_thumb_claw2": {
					"rotation": [0, 0, 5]
				},
				"left_middle_finger2": {
					"rotation": [0, -5, -2.5],
					"position": [0, 2, 0]
				},
				"left_middle_finger_claw2": {
					"rotation": [0, 5, 0]
				},
				"left_pinky_finger": {
					"rotation": [0, -5, 2.5]
				},
				"left_pinky_finger_claw": {
					"rotation": [0, 5, 0]
				},
				"right_shoulder": {
					"rotation": [0, 0, -7.5]
				},
				"right_upper_arm": {
					"rotation": [2.18558, "9.7606-math.sin(q.anim_time*120*1-0)*-4", "-22.3134-math.sin(q.anim_time*120*1-0)*-6"]
				},
				"right_lower_arm": {
					"rotation": [65, "-75-math.sin(q.anim_time*120*1-60)*-3", -50],
					"position": [0, 1, 0]
				},
				"right_thumb": {
					"rotation": [0, -7.5, 5],
					"position": [0, 0, 0]
				},
				"right_middle_finger": {
					"rotation": [0, 5, 2.5]
				},
				"right_middle_finger_claw": {
					"rotation": [0, -5, 0]
				},
				"right_pinky_finger": {
					"rotation": [0, 5, -2.5]
				},
				"right_pinky_finger_claw": {
					"rotation": [0, -5, 0]
				},
				"head": {
					"rotation": ["0-math.sin(q.anim_time*120*1-60)*-3", 0, 0]
				}
			}
		},
		"animation.rhyperior.ground_walk": {
			"loop": true,
			"animation_length": 1.5,
			"bones": {
				"torso": {
					"rotation": {
						"0.0": [2.50238, -2.49762, -2.60912],
						"0.25": {
							"pre": [2.5, 0, 0],
							"post": [2.5, 0, 0],
							"lerp_mode": "catmullrom"
						},
						"0.5": {
							"post": [2.50954, 4.99523, 2.71865],
							"lerp_mode": "catmullrom"
						},
						"0.75": {
							"post": [2.50954, 4.99523, 2.71865],
							"lerp_mode": "catmullrom"
						},
						"1.0": {
							"post": [2.5, 0, 0],
							"lerp_mode": "catmullrom"
						},
						"1.25": [2.50238, -2.49762, -2.60912],
						"1.5": [2.50238, -2.49762, -2.60912]
					},
					"position": {
						"0.0": [0, 0.5, 0],
						"0.25": {
							"pre": [0, 1, 0],
							"post": [0, 1, 0],
							"lerp_mode": "catmullrom"
						},
						"0.5": {
							"post": [0, 2, 0],
							"lerp_mode": "catmullrom"
						},
						"0.75": {
							"post": [0, 0.5, 0],
							"lerp_mode": "catmullrom"
						},
						"1.0": {
							"post": [0, 1, 0],
							"lerp_mode": "catmullrom"
						},
						"1.25": {
							"post": [0, 2, 0],
							"lerp_mode": "catmullrom"
						},
						"1.5": [0, 0.5, 0]
					}
				},
				"upper_torso": {
					"rotation": [2.5, 0, 0]
				},
				"left_shoulder": {
					"rotation": [0, 0, 7.5]
				},
				"left_upper_arm": {
					"rotation": {
						"0.0": {
							"post": [2.4229, -27.2467, 21.5743],
							"lerp_mode": "catmullrom"
						},
						"0.5": {
							"post": [2.15395, 0.2323, 22.6928],
							"lerp_mode": "catmullrom"
						},
						"0.75": [2.16293, 5.2287, 22.8813],
						"1.25": {
							"pre": [2.32732, -22.251, 21.8024],
							"post": [2.32732, -22.251, 21.8024],
							"lerp_mode": "catmullrom"
						},
						"1.5": {
							"post": [2.4229, -27.2467, 21.5743],
							"lerp_mode": "catmullrom"
						}
					}
				},
				"tail": {
					"rotation": {
						"0.0": [-17.5, 0, 0],
						"0.25": {
							"pre": [-15, 0, 0],
							"post": [-15, 0, 0],
							"lerp_mode": "catmullrom"
						},
						"0.4167": [-17.5, 0, 0],
						"0.4583": [-19, 0, 0],
						"0.5": [-17, 0, 0],
						"0.75": [-17.5, 0, 0],
						"1.0": {
							"pre": [-15, 0, 0],
							"post": [-15, 0, 0],
							"lerp_mode": "catmullrom"
						},
						"1.1667": [-17.5, 0, 0],
						"1.2083": [-19, 0, 0],
						"1.25": [-17, 0, 0],
						"1.5": [-17.5, 0, 0]
					}
				},
				"tail2": {
					"rotation": {
						"0.0": [12.5, 0, 0],
						"0.2917": {
							"pre": [15, 0, 0],
							"post": [15, 0, 0],
							"lerp_mode": "catmullrom"
						},
						"0.4583": [12.5, 0, 0],
						"0.5": [10, 0, 0],
						"0.7917": [12.5, 0, 0],
						"1.0417": [15, 0, 0],
						"1.2083": [12.5, 0, 0],
						"1.25": [10, 0, 0],
						"1.5": [12.5, 0, 0]
					}
				},
				"left_lower_arm": {
					"rotation": {
						"0.0": {
							"post": [65, 75, 50],
							"lerp_mode": "catmullrom"
						},
						"0.5": {
							"post": [72.13523, 75.73229, 57.37366],
							"lerp_mode": "catmullrom"
						},
						"0.75": {
							"post": [81.97947, 76.27044, 67.51616],
							"lerp_mode": "catmullrom"
						},
						"1.25": {
							"post": [75.95533, 76.00733, 61.31284],
							"lerp_mode": "catmullrom"
						},
						"1.5": {
							"post": [65, 75, 50],
							"lerp_mode": "catmullrom"
						}
					},
					"position": [0, 1, 0]
				},
				"tail3": {
					"rotation": {
						"0.0": [12.5, 0, 0],
						"0.375": {
							"pre": [15, 0, 0],
							"post": [15, 0, 0],
							"lerp_mode": "catmullrom"
						},
						"0.5": [12.5, 0, 0],
						"0.5417": [10, 0, 0],
						"0.8333": [12.5, 0, 0],
						"1.0833": [15, 0, 0],
						"1.25": [12.5, 0, 0],
						"1.2917": [10, 0, 0],
						"1.5": [12.5, 0, 0]
					}
				},
				"left_thumb": {
					"rotation": [0, 7.5, -5],
					"position": [0, 0, 0]
				},
				"left_thumb_claw": {
					"rotation": [0, 0, 5]
				},
				"left_middle_finger_claw": {
					"rotation": [0, 5, 0]
				},
				"left_middle_finger": {
					"rotation": [0, -5, -2.5]
				},
				"tail_club": {
					"rotation": [12.5, 0, 0]
				},
				"head_angle": {
					"rotation": [5, 0, 0],
					"position": [0, 1, 0]
				},
				"jaw": {
					"rotation": [0, 0, 0],
					"position": [0, 0, 0]
				},
				"tongue": {
					"rotation": [0, 0, 0]
				},
				"left_shoulder2": {
					"rotation": [0, 0, 7.5]
				},
				"left_upper_arm2": {
					"rotation": [2.18558, -9.76061, 22.31336]
				},
				"left_lower_arm2": {
					"rotation": [65, 75, 50],
					"position": [0, 1, 0]
				},
				"left_thumb2": {
					"rotation": [0, 7.5, -5],
					"position": [0, 0, 0]
				},
				"left_thumb_claw2": {
					"rotation": [0, 0, 5]
				},
				"left_middle_finger2": {
					"rotation": [0, -5, -2.5],
					"position": [0, 2, 0]
				},
				"left_middle_finger_claw2": {
					"rotation": [0, 5, 0]
				},
				"left_pinky_finger": {
					"rotation": [0, -5, 2.5]
				},
				"left_pinky_finger_claw": {
					"rotation": [0, 5, 0]
				},
				"right_shoulder": {
					"rotation": [0, 0, -7.5]
				},
				"right_upper_arm": {
					"rotation": {
						"0.0": [2.16293, -5.22872, -22.8813],
						"0.5": {
							"pre": [2.32732, 22.25099, -21.80241],
							"post": [2.32732, 22.25099, -21.80241],
							"lerp_mode": "catmullrom"
						},
						"0.75": {
							"post": [2.4229, 27.24671, -21.57432],
							"lerp_mode": "catmullrom"
						},
						"1.25": {
							"post": [2.15395, -0.23227, -22.69284],
							"lerp_mode": "catmullrom"
						},
						"1.5": [2.16293, -5.22872, -22.8813]
					}
				},
				"right_lower_arm": {
					"rotation": {
						"0.0": {
							"post": [65, -75, -50],
							"lerp_mode": "catmullrom"
						},
						"0.5": {
							"post": [50.53098, -72.31046, -34.93257],
							"lerp_mode": "catmullrom"
						},
						"0.75": {
							"post": [49.21105, -71.7415, -33.51932],
							"lerp_mode": "catmullrom"
						},
						"1.25": {
							"post": [53.04149, -72.92921, -37.5631],
							"lerp_mode": "catmullrom"
						},
						"1.5": {
							"post": [65, -75, -50],
							"lerp_mode": "catmullrom"
						}
					},
					"position": [0, 1, 0]
				},
				"right_thumb": {
					"rotation": [0, -7.5, 5],
					"position": [0, 0, 0]
				},
				"right_middle_finger": {
					"rotation": [0, 5, 2.5]
				},
				"right_middle_finger_claw": {
					"rotation": [0, -5, 0]
				},
				"right_pinky_finger": {
					"rotation": [0, 5, -2.5]
				},
				"right_pinky_finger_claw": {
					"rotation": [0, -5, 0]
				},
				"head": {
					"rotation": [0, 0, 0]
				},
				"left_upper_leg": {
					"rotation": {
						"0.0": [-22.5, 0, 0],
						"0.5": {
							"pre": [22.5, 0, 0],
							"post": [22.5, 0, 0],
							"lerp_mode": "catmullrom"
						},
						"0.75": {
							"post": [22.5, 0, 0],
							"lerp_mode": "catmullrom"
						},
						"1.25": {
							"post": [-22.5, 0, 0],
							"lerp_mode": "catmullrom"
						},
						"1.5": [-22.5, 0, 0]
					},
					"position": {
						"0.0": {
							"post": [0, 0, -2],
							"lerp_mode": "catmullrom"
						},
						"0.5": {
							"post": [0, 0, 1],
							"lerp_mode": "catmullrom"
						},
						"0.75": {
							"post": [0, 0, 2],
							"lerp_mode": "catmullrom"
						},
						"1.25": {
							"post": [0, 2, -1],
							"lerp_mode": "catmullrom"
						},
						"1.5": {
							"post": [0, 0, -2],
							"lerp_mode": "catmullrom"
						}
					}
				},
				"left_foot": {
					"rotation": {
						"0.0": [15, 0, 0],
						"0.25": {
							"pre": [3.5, 0, 0],
							"post": [3.5, 0, 0],
							"lerp_mode": "catmullrom"
						},
						"0.5": {
							"post": [-22.5, 0, 0],
							"lerp_mode": "catmullrom"
						},
						"0.625": {
							"post": [-27.5, 0, 0],
							"lerp_mode": "catmullrom"
						},
						"0.75": {
							"post": [-22.5, 0, 0],
							"lerp_mode": "catmullrom"
						},
						"1.0": {
							"post": [3.27, 0, 0],
							"lerp_mode": "catmullrom"
						},
						"1.25": {
							"post": [22.27, 0, 0],
							"lerp_mode": "catmullrom"
						},
						"1.375": {
							"post": [27.5, 0, 0],
							"lerp_mode": "catmullrom"
						},
						"1.5": {
							"post": [15, 0, 0],
							"lerp_mode": "catmullrom"
						}
					}
				},
				"right_upper_leg": {
					"rotation": {
						"0.0": [22.5, 0, 0],
						"0.5": {
							"pre": [-22.5, 0, 0],
							"post": [-22.5, 0, 0],
							"lerp_mode": "catmullrom"
						},
						"0.75": {
							"post": [-22.5, 0, 0],
							"lerp_mode": "catmullrom"
						},
						"1.25": {
							"post": [22.5, 0, 0],
							"lerp_mode": "catmullrom"
						},
						"1.5": [22.5, 0, 0]
					},
					"position": {
						"0.0": {
							"post": [0, 0, 2],
							"lerp_mode": "catmullrom"
						},
						"0.5": {
							"post": [0, 2, -1],
							"lerp_mode": "catmullrom"
						},
						"0.75": {
							"post": [0, 0, -2],
							"lerp_mode": "catmullrom"
						},
						"1.25": {
							"post": [0, 0, 1],
							"lerp_mode": "catmullrom"
						},
						"1.5": {
							"post": [0, 0, 2],
							"lerp_mode": "catmullrom"
						}
					}
				},
				"right_foot": {
					"rotation": {
						"0.0": [-22.5, 0, 0],
						"0.5": {
							"pre": [12.5, 0, 0],
							"post": [12.5, 0, 0],
							"lerp_mode": "catmullrom"
						},
						"0.75": {
							"post": [3.27, 0, 0],
							"lerp_mode": "catmullrom"
						},
						"1.0": {
							"post": [3.5, 0, 0],
							"lerp_mode": "catmullrom"
						},
						"1.25": {
							"post": [-22.5, 0, 0],
							"lerp_mode": "catmullrom"
						},
						"1.375": {
							"post": [-27.5, 0, 0],
							"lerp_mode": "catmullrom"
						},
						"1.5": [-22.5, 0, 0]
					}
				},
				"body": {
					"position": {
						"0.0": [0, 0.5, 0],
						"0.25": [0, -0.1, 0],
						"0.2917": [0, -0.4, 0],
						"0.3333": [0, 0.6, 0],
						"0.375": [0, 0.3, 0],
						"0.4167": [0, 0, 0],
						"0.5": [0, 0.5, 0],
						"0.75": [0, 0.5, 0],
						"1.0": [0, -0.1, 0],
						"1.0417": [0, -0.4, 0],
						"1.0833": [0, 0.6, 0],
						"1.125": [0, 0.3, 0],
						"1.1667": [0, 0, 0],
						"1.25": [0, 0.5, 0],
						"1.5": [0, 0.5, 0]
					}
				}
			}
		},
		"animation.rhyperior.blink": {
			"animation_length": 0.1667,
			"bones": {
				"left_eyebrow": {
					"rotation": {
						"0.0": [-20, 0, 0],
						"0.125": [-20, 0, 0],
						"0.1667": {"pre": [-20, 0, 0], "post": [0, 0, 0]}
					},
					"position": {
						"0.0": [0, -0.5, 0],
						"0.125": [0, -0.5, 0],
						"0.1667": {"pre": [0, -0.5, 0], "post": [0, 0, 0]}
					}
				},
				"right_eyebrow": {
					"rotation": {
						"0.0": [-20, 0, 0],
						"0.125": [-20, 0, 0],
						"0.1667": {"pre": [-20, 0, 0], "post": [0, 0, 0]}
					},
					"position": {
						"0.0": [0, -0.5, 0],
						"0.125": [0, -0.5, 0],
						"0.1667": {"pre": [0, -0.5, 0], "post": [0, 0, 0]}
					}
				},
				"left_eyelid": {
					"position": {
						"0.0": [0.1, 0, 0],
						"0.125": [0.1, 0, 0],
						"0.1667": {"pre": [0.1, 0, 0], "post": [0, 0, 0]}
					}
				},
				"right_eyelid": {
					"position": {
						"0.0": [-0.1, 0, 0],
						"0.125": [-0.1, 0, 0],
						"0.1667": {"pre": [-0.1, 0, 0], "post": [0, 0, 0]}
					}
				}
			}
		},
		"animation.rhyperior.expressions": {
			"loop": true,
			"animation_length": 1.25,
			"bones": {
				"head_angle": {
					"rotation": {
						"0.0": [-10, 0, 0],
						"0.25": [-10, 0, 0],
						"0.5": {"pre": [-10, 0, 0], "post": [0, 0, 0]},
						"0.75": [0, 0, 0],
						"1.0": [0, 0, 0]
					}
				},
				"jaw": {
					"rotation": {
						"0.0": [40, 0, 0],
						"0.25": [40, 0, 0],
						"0.5": {"pre": [40, 0, 0], "post": [0, 0, 0]},
						"0.75": [0, 0, 0],
						"1.0": [0, 0, 0]
					}
				},
				"left_pupil": {
					"scale": {
						"0.0": [1, 1, 1],
						"0.25": {"pre": [1, 1, 1], "post": [1, 0.7, 0.7]},
						"0.5": {"pre": [1, 0.7, 0.7], "post": [1, 1, 1]},
						"0.75": [1, 1, 1],
						"1.0": [1, 1, 1]
					}
				},
				"left_eyelid": {
					"position": {
						"0.0": [0, 0, 0],
						"1.0": {"pre": [0, 0, 0], "post": [0.1, 0, 0]}
					}
				},
				"right_eyelid": {
					"position": {
						"0.0": [0, 0, 0],
						"1.0": {"pre": [0, 0, 0], "post": [-0.1, 0, 0]}
					}
				},
				"right_pupil": {
					"scale": {
						"0.0": [1, 1, 1],
						"0.25": {"pre": [1, 1, 1], "post": [1, 0.7, 0.7]},
						"0.5": {"pre": [1, 0.7, 0.7], "post": [1, 1, 1]},
						"0.75": [1, 1, 1],
						"1.0": [1, 1, 1]
					}
				},
				"left_eyebrow": {
					"rotation": {
						"0.0": [-15, 0, 0],
						"0.25": {"pre": [-15, 0, 0], "post": [-27.5, 0, 0]},
						"0.5": {"pre": [-27.5, 0, 0], "post": [10, 0, 0]},
						"0.75": {"pre": [10, 0, 0], "post": [-30, 0, 0]},
						"1.0": {"pre": [-30, 0, 0], "post": [5, 0, 0]}
					},
					"position": {
						"0.0": [0, 0.75, 0],
						"0.25": {"pre": [0, 0.75, 0], "post": [0, 0.65, 0]},
						"0.5": {"pre": [0, 0.65, 0], "post": [0, -0.25, -0.25]},
						"0.75": {"pre": [0, -0.25, -0.25], "post": [0, -0.5, 0]},
						"1.0": [0, -0.5, 0]
					}
				},
				"right_eyebrow": {
					"rotation": {
						"0.0": [-15, 0, 0],
						"0.25": {"pre": [-15, 0, 0], "post": [-27.5, 0, 0]},
						"0.5": {"pre": [-27.5, 0, 0], "post": [10, 0, 0]},
						"0.75": {"pre": [10, 0, 0], "post": [-30, 0, 0]},
						"1.0": {"pre": [-30, 0, 0], "post": [5, 0, 0]}
					},
					"position": {
						"0.0": [0, 0.75, 0],
						"0.25": {"pre": [0, 0.75, 0], "post": [0, 0.65, 0]},
						"0.5": {"pre": [0, 0.65, 0], "post": [0, -0.25, -0.25]},
						"0.75": {"pre": [0, -0.25, -0.25], "post": [0, -0.5, 0]},
						"1.0": [0, -0.5, 0]
					}
				},
				"right_eyelid_happy": {
					"position": {
						"0.0": [-0.1, 0, 0],
						"0.25": {"pre": [-0.1, 0, 0], "post": [0, 0, 0]},
						"0.5": [0, 0, 0],
						"0.75": [0, 0, 0],
						"1.0": [0, 0, 0]
					}
				},
				"left_eyelid_happy": {
					"position": {
						"0.0": [0.1, 0, 0],
						"0.25": {"pre": [0.1, 0, 0], "post": [0, 0, 0]},
						"0.5": [0, 0, 0],
						"0.75": [0, 0, 0],
						"1.0": [0, 0, 0]
					}
				}
			}
		},
		"animation.rhyperior.size": {
			"animation_length": 14.3333,
			"bones": {
				"body": {
					"scale": 1.25
				}
			}
		},
		"animation.rhyperior.waawaawaawaa": {
			"loop": true,
			"animation_length": 1,
			"bones": {
				"torso": {
					"rotation": ["2.5+math.sin(q.anim_time*90*4+90)*1.5", 0, 0],
					"position": [0, "0.5+math.sin(q.anim_time*90*4+90)*0.5", "0+math.sin(q.anim_time*90*4+270)*0.25"]
				},
				"upper_torso": {
					"rotation": ["2.5+math.sin(q.anim_time*90*4+75)*2.5", 0, 0]
				},
				"left_shoulder": {
					"rotation": [0, 0, 7.5]
				},
				"left_upper_arm": {
					"rotation": [2.18558, -9.76061, "22.3134+math.sin(q.anim_time*90*4+220)*2.5"]
				},
				"tail": {
					"rotation": ["-17.5+math.sin(q.anim_time*90*4+60)*2.5", 0, 0]
				},
				"tail2": {
					"rotation": ["12.5+math.sin(q.anim_time*90*4+30)*2", 0, 0]
				},
				"left_lower_arm": {
					"rotation": [65, "75+math.sin(q.anim_time*90*4+170)*2.5", 50],
					"position": [0, 1, 0]
				},
				"tail3": {
					"rotation": ["12.5+math.sin(q.anim_time*90*4+0)*1.5", 0, 0]
				},
				"left_thumb": {
					"rotation": [0, 7.5, -5],
					"position": [0, 0, 0]
				},
				"left_thumb_claw": {
					"rotation": [0, 0, 5]
				},
				"left_middle_finger_claw": {
					"rotation": [0, 5, 0]
				},
				"left_middle_finger": {
					"rotation": [0, -5, -2.5]
				},
				"tail_club": {
					"rotation": ["12.5+math.sin(q.anim_time*90*4-30)*2.5", 0, 0]
				},
				"head_angle": {
					"rotation": {
						"0.0": [5, 0, 0],
						"0.1667": {
							"pre": [0, 0, 0],
							"post": [0, 0, 0],
							"lerp_mode": "catmullrom"
						},
						"0.3333": {
							"post": [-32.5, 0, 0],
							"lerp_mode": "catmullrom"
						},
						"0.5": {
							"post": [-37.5, 0, 0],
							"lerp_mode": "catmullrom"
						},
						"0.6667": {
							"post": [-32.5, 0, 0],
							"lerp_mode": "catmullrom"
						},
						"0.8333": {
							"post": [0, 0, 0],
							"lerp_mode": "catmullrom"
						},
						"1.0": [5, 0, 0]
					},
					"position": {
						"0.0": [0, 1, 0],
						"0.5": {
							"pre": [0, 1, 0],
							"post": [0, 1, 0],
							"lerp_mode": "catmullrom"
						},
						"1.0": [0, 1, 0]
					}
				},
				"jaw": {
					"rotation": {
						"0.0": [0, 0, 0],
						"0.1667": {
							"pre": [7.5, 0, 0],
							"post": [7.5, 0, 0],
							"lerp_mode": "catmullrom"
						},
						"0.3333": {
							"post": [60, 0, 0],
							"lerp_mode": "catmullrom"
						},
						"0.5": {
							"post": [67.5, 0, 0],
							"lerp_mode": "catmullrom"
						},
						"0.6667": {
							"post": [60, 0, 0],
							"lerp_mode": "catmullrom"
						},
						"0.8333": {
							"post": [7.5, 0, 0],
							"lerp_mode": "catmullrom"
						},
						"1.0": [0, 0, 0]
					},
					"position": {
						"0.0": [0, 0, 0],
						"0.5": {
							"pre": [0, 0, 0],
							"post": [0, 0, 0],
							"lerp_mode": "catmullrom"
						},
						"1.0": [0, 0, 0]
					}
				},
				"tongue": {
					"rotation": [0, 0, 0]
				},
				"left_pinky_finger": {
					"rotation": [0, -5, 2.5]
				},
				"left_pinky_finger_claw": {
					"rotation": [0, 5, 0]
				},
				"right_shoulder": {
					"rotation": [0, 0, -7.5]
				},
				"right_upper_arm": {
					"rotation": [2.18558, 9.76061, "-22.3134+math.sin(q.anim_time*90*4+40)*2.5"]
				},
				"right_lower_arm": {
					"rotation": [65, "-75+math.sin(q.anim_time*90*4-10)*2.5", -50],
					"position": [0, 1, 0]
				},
				"right_thumb": {
					"rotation": [0, -7.5, 5],
					"position": [0, 0, 0]
				},
				"right_middle_finger": {
					"rotation": [0, 5, 2.5]
				},
				"right_middle_finger_claw": {
					"rotation": [0, -5, 0]
				},
				"right_pinky_finger": {
					"rotation": [0, 5, -2.5]
				},
				"right_pinky_finger_claw": {
					"rotation": [0, -5, 0]
				},
				"left_upper_leg": {
					"rotation": ["0+math.sin(q.anim_time*90*4+90)*2.5", 0, 0],
					"position": ["0+math.sin(q.anim_time*90*4+90)*0.1", "-0.25+math.sin(q.anim_time*90*4+90)*0.3", "0+math.sin(q.anim_time*90*4+270)*0.2"]
				},
				"left_lower_leg": {
					"rotation": ["0+math.sin(q.anim_time*90*4+270)*2.5", 0, 0]
				},
				"right_upper_leg": {
					"rotation": ["0+math.sin(q.anim_time*90*4+90)*2.5", 0, 0],
					"position": ["0+math.sin(q.anim_time*90*4+270)*0.1", "-0.25+math.sin(q.anim_time*90*4+90)*0.3", "0+math.sin(q.anim_time*90*4+270)*0.2"]
				},
				"right_lower_leg": {
					"rotation": ["0+math.sin(q.anim_time*90*4+270)*2.5", 0, 0]
				}
			}
		},
		"animation.rhyperior.thing": {
			"loop": true,
			"bones": {
				"rhyperior": {
					"rotation": [-2, 0, 0],
					"position": [0, -2, 7]
				},
				"torso": {
					"rotation": [90, 0, 0],
					"position": [0, 15, 0]
				},
				"left_lower_arm": {
					"rotation": [90, 0, 82.5]
				},
				"left_arm_blade": {
					"rotation": [0, 77.5, -180],
					"position": [1, 0, 0],
					"scale": [2.5, 0.5, 2]
				},
				"left_thumb": {
					"rotation": [0.32902, "7.4928*1+q.anim_time*90*8", 2.52154],
					"position": [-16.75, -36, -26.75]
				},
				"left_thumb_claw": {
					"rotation": [0, 0, 0],
					"scale": [7, 1, 1.5]
				},
				"left_middle_finger": {
					"rotation": [4.98107, -44.78238, -7.05323]
				},
				"left_middle_finger_claw": {
					"rotation": [0, 35, 0],
					"scale": [4, 1, 1]
				},
				"left_pinky_finger": {
					"rotation": [-4.98107, -44.78238, 7.05323]
				},
				"left_pinky_finger_claw": {
					"rotation": [0, 35, 0],
					"scale": [4, 1, 1]
				},
				"right_lower_arm": {
					"rotation": [90, 0, -82.5]
				},
				"right_arm_blade": {
					"rotation": [0, -77.5, 180],
					"position": [-1, 0, 0],
					"scale": [2.5, 0.5, 2]
				},
				"right_thumb": {
					"rotation": [179.67098, "7.4928*1-q.anim_time*90*8", -182.52154],
					"position": [16.75, -36, -26.75]
				},
				"right_thumb_claw": {
					"rotation": [0, 0, 0],
					"scale": [7, 1, 1.5]
				},
				"right_middle_finger": {
					"rotation": [4.98107, 44.78238, 7.05323]
				},
				"right_middle_finger_claw": {
					"rotation": [0, -35, 0],
					"scale": [4, 1, 1]
				},
				"right_pinky_finger": {
					"rotation": [-4.98107, 44.78238, -7.05323]
				},
				"right_pinky_finger_claw": {
					"rotation": [0, -35, 0],
					"scale": [4, 1, 1]
				},
				"head_angle": {
					"rotation": [-87.5, 0, 0],
					"position": [0, -6, -5]
				},
				"jaw": {
					"rotation": [17.5, 0, 0],
					"position": [0, -2, 0]
				},
				"tongue": {
					"rotation": [2.5, 0, 0],
					"position": [0, 0.5, 0]
				},
				"left_teeth": {
					"rotation": [0, 0, -72.5],
					"scale": [1, 2.5, 1]
				},
				"right_teeth": {
					"rotation": [0, 0, 72.5],
					"scale": [1, 2.5, 1]
				},
				"front_horn": {
					"rotation": [0, 0, "0*1-q.anim_time*90*16"],
					"position": [0, -0.5, 0],
					"scale": [1.2, 1.2, 1.9]
				},
				"left_eye": {
					"position": [0, 0.25, 0],
					"scale": [1, 0.7, 1]
				},
				"left_pupil": {
					"position": [0, 0.25, 0],
					"scale": [1, 1.3, 1]
				},
				"right_eye": {
					"position": [0, 0.25, 0],
					"scale": [1, 0.7, 1]
				},
				"right_pupil": {
					"position": [0, 0.25, 0],
					"scale": [1, 1.3, 1]
				},
				"left_eyebrow": {
					"rotation": [20, 0, 0],
					"position": [-1, 4, 2.75]
				},
				"right_eyebrow": {
					"rotation": [20, 0, 0],
					"position": [1, 4, 2.75]
				},
				"left_shoulder_plate": {
					"rotation": [-90, 2.5, -5],
					"position": [0, -17, -15]
				},
				"left_shoulder_plate_front": {
					"scale": [1, 1, 2]
				},
				"left_shoulder_plate_back": {
					"scale": [1, 1, 1.9]
				},
				"right_shoulder_plate": {
					"rotation": [-90, -2.5, 5],
					"position": [0, -17, -15]
				},
				"right_shoulder_plate_front": {
					"scale": [1, 1, 2]
				},
				"right_shoulder_plate_back": {
					"scale": [1, 1, 1.9]
				},
				"tail": {
					"rotation": [-90, 0, 0],
					"position": [0, -3, -10]
				},
				"tail2": {
					"rotation": [22.5, 0, 0]
				},
				"tail3": {
					"rotation": [22.5, 0, 0]
				},
				"tail_club": {
					"rotation": [15, 0, 0],
					"scale": [0.2, 1.4, 1.3]
				},
				"left_upper_leg": {
					"rotation": [-7.5, -60, -65],
					"position": [0.25, 14, -21],
					"scale": [0.6, 1, 1]
				},
				"left_lower_leg": {
					"rotation": [-2.5, 0, 0]
				},
				"left_foot": {
					"rotation": [-15, 0, 0],
					"scale": [1.5, 1, 1]
				},
				"left_inner_toe": {
					"rotation": [75, 0, 0],
					"scale": [1, 0.6, 2.9]
				},
				"left_outer_toe": {
					"rotation": [75, 0, 0],
					"scale": [1, 0.6, 2.9]
				},
				"right_upper_leg": {
					"rotation": [-7.5, 60, 65],
					"position": [-0.25, 14, -21],
					"scale": [0.6, 1, 1]
				},
				"right_lower_leg": {
					"rotation": [-2.5, 0, 0]
				},
				"right_foot": {
					"rotation": [-15, 0, 0],
					"scale": [1.5, 1, 1]
				},
				"right_inner_toe": {
					"rotation": [75, 0, 0],
					"scale": [1, 0.6, 2.9]
				},
				"right_outer_toe": {
					"rotation": [75, 0, 0],
					"scale": [1, 0.6, 2.9]
				}
			}
		},
		"animation.rhyperior.cry": {
			"animation_length": 1.5833,
			"bones": {
				"head": {
					"rotation": {
						"0.0": [0, 0, 0],
						"0.125": {
							"pre": [-5, 0, 0],
							"post": [-5, 0, 0],
							"lerp_mode": "catmullrom"
						},
						"0.5": {
							"post": [-7.5, 0, 0],
							"lerp_mode": "catmullrom"
						},
						"1.3333": {
							"post": [-7.5, 0, 0],
							"lerp_mode": "catmullrom"
						},
						"1.5833": [0, 0, 0]
					},
					"position": {
						"0.125": [0, 0, 0],
						"0.1667": [0, -0.1, 0],
						"0.2083": [0, 0.1, 0],
						"0.25": [0, -0.3, 0],
						"0.2917": [0, 0.2, 0],
						"0.3333": [0, -0.3, 0],
						"0.375": [0, 0.3, 0],
						"0.4167": [0, -0.3, 0],
						"0.4583": [0, 0.3, 0],
						"0.5": [0, 0, 0],
						"0.7083": [0, 0, 0],
						"0.75": [0, 0.1, 0],
						"0.7917": [0, -0.3, 0],
						"0.8333": [0, 0.3, 0],
						"0.875": [0, -0.3, 0],
						"0.9167": [0, 0.3, 0],
						"0.9583": [0, -0.1, 0],
						"1.0": [0, 0, 0]
					}
				},
				"jaw": {
					"rotation": {
						"0.0": [0, 0, 0],
						"0.125": {
							"pre": [22.5, 0, 0],
							"post": [22.5, 0, 0],
							"lerp_mode": "catmullrom"
						},
						"0.5": {
							"post": [25, 0, 0],
							"lerp_mode": "catmullrom"
						},
						"0.625": {
							"post": [15, 0, 0],
							"lerp_mode": "catmullrom"
						},
						"1.0": {
							"post": [27.5, 0, 0],
							"lerp_mode": "catmullrom"
						},
						"1.2917": {
							"post": [27.5, 0, 0],
							"lerp_mode": "catmullrom"
						},
						"1.5833": [0, 0, 0]
					}
				}
			},
			"sound_effects": {
				"0.0833": {
					"effect": "pokemon.rhyperior.cry"
				}
			}
		}
	}
}