{
	"format_version": "1.8.0",
	"animations": {
		"animation.irontreads.test": {
			"loop": true,
			"animation_length": 4,
			"bones": {
				"Treads": {
					"rotation": {
						"0.0": [0, 0, 0],
						"4.0": [2880, 0, 0]
					},
					"position": [0, 0.5, 1]
				},
				"face": {
					"position": [0, 0, 2.5]
				},
				"tread_1": {
					"rotation": [37.5, 0, 0]
				},
				"tread_2": {
					"rotation": [42.5, 0, 0]
				},
				"tread_4": {
					"rotation": [30, 0, 0]
				},
				"tread_3": {
					"rotation": [32.5, 0, 0]
				},
				"Right_front_leg": {
					"position": [2, 6, 0]
				},
				"Right_front_plate": {
					"rotation": [0, 0, -7.5]
				},
				"Right_back_leg": {
					"position": [2, 6, 0]
				},
				"Right_back_plate": {
					"rotation": [0, 0, -7.5]
				},
				"Left_front_leg": {
					"position": [-2, 6, 0]
				},
				"Left_front_plate": {
					"rotation": [0, 0, 7.5]
				},
				"Left_back_leg": {
					"position": [-2, 6, 0]
				},
				"Left_back_plate": {
					"rotation": [0, 0, 7.5]
				},
				"tread_5": {
					"rotation": [-37.5, 0, 0]
				},
				"tread_7": {
					"rotation": [-32.5, 0, 0]
				},
				"tread_6": {
					"rotation": [-42.5, 0, 0]
				},
				"tread_8": {
					"rotation": [-37.5, 0, 0]
				},
				"tread_9": {
					"rotation": [-22.5, 0, 0]
				},
				"Left_ear": {
					"rotation": [20, 0, "0+math.sin((query.anim_time-0.1)*90)*3"]
				},
				"Right_ear": {
					"rotation": [20, 0, "0+math.sin((query.anim_time-0.1)*90)*3"]
				},
				"torso": {
					"rotation": [0, 0, "0+math.sin((query.anim_time)*90)*2"]
				}
			}
		},
		"animation.irontreads.pose": {
			"animation_length": 1,
			"bones": {
				"Treads": {
					"rotation": [10, 0, 0],
					"position": [0, -1, -4]
				},
				"tread_1": {
					"rotation": [20, 0, 0]
				},
				"tread_2": {
					"rotation": [40, 0, 0]
				},
				"tread_3": {
					"rotation": [45, 0, 0]
				},
				"tread_4": {
					"rotation": [37.5, 0, 0]
				},
				"Left_ear": {
					"rotation": [15, 0, 0]
				},
				"Right_ear": {
					"rotation": [15, 0, 0]
				},
				"Right_front_leg": {
					"rotation": [0, 0, 25],
					"position": [0, 1, 0]
				},
				"Right_front_plate": {
					"rotation": [0, 0, -17.5]
				},
				"Right_back_leg": {
					"rotation": [0, 0, 25],
					"position": [0, 1, 0]
				},
				"Right_back_plate": {
					"rotation": [0, 0, -17.5]
				},
				"Left_front_leg": {
					"rotation": [0, 0, -25],
					"position": [0, 1, 0]
				},
				"Left_front_plate": {
					"rotation": [0, 0, 17.5]
				},
				"Left_back_leg": {
					"rotation": [0, 0, -25],
					"position": [0, 1, 0]
				},
				"Left_back_plate": {
					"rotation": [0, 0, 17.5]
				},
				"tread_5": {
					"rotation": [-17.5, 0, 0]
				},
				"tread_6": {
					"rotation": [-32.5, 0, 0]
				},
				"tread_7": {
					"rotation": [-45, 0, 0]
				},
				"tread_8": {
					"rotation": [42.5, 0, 0]
				},
				"tread_9": {
					"rotation": [40, 0, 0]
				},
				"body": {
					"position": [0, 1, 0]
				}
			}
		},
		"animation.irontreads.mouth_open": {
			"animation_length": 1,
			"bones": {
				"Treads": {
					"rotation": [10, 0, 0],
					"position": [0, -1, -4]
				},
				"tread_1": {
					"rotation": [27.5, 0, 0]
				},
				"tread_2": {
					"rotation": [40, 0, 0]
				},
				"tread_3": {
					"rotation": [45, 0, 0]
				},
				"tread_4": {
					"rotation": [42.5, 0, 0]
				},
				"Left_ear": {
					"rotation": [15, 0, 0]
				},
				"Right_ear": {
					"rotation": [15, 0, 0]
				},
				"Right_front_leg": {
					"rotation": [0, 0, 25]
				},
				"Right_front_plate": {
					"rotation": [0, 0, -17.5]
				},
				"Right_back_leg": {
					"rotation": [0, 0, 25]
				},
				"Right_back_plate": {
					"rotation": [0, 0, -17.5]
				},
				"Left_front_leg": {
					"rotation": [0, 0, -25]
				},
				"Left_front_plate": {
					"rotation": [0, 0, 17.5]
				},
				"Left_back_leg": {
					"rotation": [0, 0, -25]
				},
				"Left_back_plate": {
					"rotation": [0, 0, 17.5]
				},
				"tread_5": {
					"rotation": [-17.5, 0, 0]
				},
				"tread_6": {
					"rotation": [-32.5, 0, 0]
				},
				"tread_7": {
					"rotation": [-45, 0, 0]
				},
				"tread_8": {
					"rotation": [42.5, 0, 0]
				},
				"tread_9": {
					"rotation": [40, 0, 0]
				},
				"Mouth_Open": {
					"position": [0, 0, -3],
					"scale": {
						"0.0": [0.9, 0.9, 0.9],
						"0.0417": [1, 1, 1],
						"0.2083": [1, 1, 1],
						"0.25": [0.9, 0.9, 0.9],
						"0.5": [0.9, 0.9, 0.9],
						"0.5417": [1, 1, 1],
						"0.7083": [1, 1, 1],
						"0.75": [0.9, 0.9, 0.9]
					}
				}
			}
		},
		"animation.irontreads.ground_base": {
			"loop": true,
			"animation_length": 3,
			"bones": {
				"Treads": {
					"rotation": [10, 0, 0],
					"position": [0, -1, -4]
				},
				"tread_1": {
					"rotation": [20, 0, 0]
				},
				"tread_2": {
					"rotation": [40, 0, 0]
				},
				"tread_3": {
					"rotation": [45, 0, 0]
				},
				"tread_4": {
					"rotation": [37.5, 0, 0]
				},
				"Left_ear": {
					"rotation": [15, 0, 0]
				},
				"Right_ear": {
					"rotation": [15, 0, 0]
				},
				"Right_front_leg": {
					"rotation": [0, 0, 25],
					"position": [0, 1, 0]
				},
				"Right_front_plate": {
					"rotation": [0, 0, -17.5]
				},
				"Right_back_leg": {
					"rotation": [0, 0, 25],
					"position": [0, 1, 0]
				},
				"Right_back_plate": {
					"rotation": [0, 0, -17.5]
				},
				"Left_front_leg": {
					"rotation": [0, 0, -25],
					"position": [0, 1, 0]
				},
				"Left_front_plate": {
					"rotation": [0, 0, 17.5]
				},
				"Left_back_leg": {
					"rotation": [0, 0, -25],
					"position": [0, 1, 0]
				},
				"Left_back_plate": {
					"rotation": [0, 0, 17.5]
				},
				"tread_5": {
					"rotation": [-17.5, 0, 0]
				},
				"tread_6": {
					"rotation": [-32.5, 0, 0]
				},
				"tread_7": {
					"rotation": [-45, 0, 0]
				},
				"tread_8": {
					"rotation": [42.5, 0, 0]
				},
				"tread_9": {
					"rotation": [40, 0, 0]
				},
				"body": {
					"position": [0, 1, 0]
				}
			}
		},
		"animation.irontreads.ground_idle": {
			"loop": true,
			"animation_length": 4,
			"bones": {
				"Treads": {
					"rotation": [10, 0, 0],
					"position": [0, -1, -4]
				},
				"tread_1": {
					"rotation": ["20-math.sin((query.anim_time-0.1)*180)*0.3", 0, 0]
				},
				"tread_2": {
					"rotation": [40, 0, 0]
				},
				"tread_3": {
					"rotation": ["45-math.sin((query.anim_time-0.2)*180)*0.3", 0, 0]
				},
				"tread_4": {
					"rotation": [37.5, 0, 0]
				},
				"Left_ear": {
					"rotation": {
						"0.0": [15, 0, 0],
						"0.75": [15, 0, 0],
						"0.7917": [25, 0, 0],
						"0.875": [25, 0, 0],
						"0.9167": [15, 0, 0],
						"2.0": [15, 0, 0],
						"2.0417": [14.98637, -0.64686, 2.41492],
						"2.125": [14.98637, -0.64686, 2.41492],
						"2.1667": [15, 0, 0]
					}
				},
				"Right_ear": {
					"rotation": {
						"0.0": [15, 0, 0],
						"0.75": [15, 0, 0],
						"0.7917": [25, 0, 0],
						"0.875": [25, 0, 0],
						"0.9167": [15, 0, 0],
						"2.0": [15, 0, 0],
						"2.0417": [14.98637, 0.64686, -2.41492],
						"2.125": [14.98637, 0.64686, -2.41492],
						"2.1667": [15, 0, 0]
					}
				},
				"Right_front_leg": {
					"rotation": [0, 0, 25],
					"position": [0, 1, 0]
				},
				"Right_front_plate": {
					"rotation": [0, 0, -17.5]
				},
				"Right_back_leg": {
					"rotation": [0, 0, 25],
					"position": [0, 1, 0]
				},
				"Right_back_plate": {
					"rotation": [0, 0, -17.5]
				},
				"Left_front_leg": {
					"rotation": [0, 0, -25],
					"position": [0, 1, 0]
				},
				"Left_front_plate": {
					"rotation": [0, 0, 17.5]
				},
				"Left_back_leg": {
					"rotation": [0, 0, -25],
					"position": [0, 1, 0]
				},
				"Left_back_plate": {
					"rotation": [0, 0, 17.5]
				},
				"tread_5": {
					"rotation": [-17.5, 0, 0]
				},
				"tread_6": {
					"rotation": [-32.5, 0, 0]
				},
				"tread_7": {
					"rotation": ["-45-math.sin((query.anim_time+0.2)*180)*0.3", 0, 0]
				},
				"tread_8": {
					"rotation": ["42.5+math.sin((query.anim_time-0.3)*180)*0.3", 0, 0]
				},
				"tread_9": {
					"rotation": [40, 0, 0]
				},
				"body": {
					"position": [0, "1-math.sin((query.anim_time)*180)*0.05", 0]
				}
			}
		},
		"animation.irontreads.ground_walk": {
			"loop": true,
			"animation_length": 3,
			"bones": {
				"Treads": {
					"rotation": [10, 0, 0],
					"position": [0, -1, -4]
				},
				"tread_1": {
					"rotation": ["20-math.sin((query.anim_time-0.1)*960)*0.5", 0, 0]
				},
				"tread_2": {
					"rotation": [40, 0, 0]
				},
				"tread_3": {
					"rotation": ["45-math.sin((query.anim_time-0.2)*960)*0.5", 0, 0]
				},
				"tread_4": {
					"rotation": ["37.5-math.sin((query.anim_time-0.1)*960)*0.8", 0, 0]
				},
				"Left_ear": {
					"rotation": [15, 0, "0-math.sin((query.anim_time-0.1)*960)*1"]
				},
				"Right_ear": {
					"rotation": [15, 0, "0+math.sin((query.anim_time-0.1)*960)*1"]
				},
				"Right_front_leg": {
					"rotation": ["0+math.clamp((math.sin((query.anim_time-0.4)*480)*9),0,9)", 0, 25],
					"position": [0, "1+math.clamp((math.sin((query.anim_time-0.4)*480)*1.2),0,1.2)", "0-math.sin((query.anim_time-0.6)*480)*1"]
				},
				"Right_front_plate": {
					"rotation": [0, 0, -17.5]
				},
				"Right_back_leg": {
					"rotation": ["0+math.clamp((math.sin((query.anim_time)*480)*9),0,9)", 0, 25],
					"position": [0, "1+math.clamp((math.sin((query.anim_time)*480)*1.2),0,1.2)", "0-math.sin((query.anim_time-0.2)*480)*1"]
				},
				"Right_back_plate": {
					"rotation": [0, 0, -17.5]
				},
				"Left_front_leg": {
					"rotation": ["0+math.clamp((math.sin((query.anim_time)*480)*9),0,9)", 0, -25],
					"position": [0, "1+math.clamp((math.sin((query.anim_time)*480)*1.2),0,1.2)", "0-math.sin((query.anim_time-0.2)*480)*1"]
				},
				"Left_front_plate": {
					"rotation": [0, 0, 17.5]
				},
				"Left_back_leg": {
					"rotation": ["0+math.clamp((math.sin((query.anim_time-0.4)*480)*9),0,9)", 0, -25],
					"position": [0, "1+math.clamp((math.sin((query.anim_time-0.4)*480)*1.2),0,1.2)", "0-math.sin((query.anim_time-0.6)*480)*1"]
				},
				"Left_back_plate": {
					"rotation": [0, 0, 17.5]
				},
				"tread_5": {
					"rotation": [-17.5, 0, 0]
				},
				"tread_6": {
					"rotation": [-32.5, 0, 0]
				},
				"tread_7": {
					"rotation": ["-45-math.sin((query.anim_time-0.1)*960)*0.5", 0, 0]
				},
				"tread_8": {
					"rotation": ["42.5-math.sin((query.anim_time-0.2)*960)*0.5", 0, 0]
				},
				"tread_9": {
					"rotation": [40, 0, 0]
				},
				"irontreads": {
					"position": [0, 0, 0]
				},
				"body": {
					"rotation": [0, "0-math.sin((query.anim_time)*960)*0.1", 0],
					"position": [0, "1-math.sin((query.anim_time)*960)*0.1", 0]
				}
			}
		},
		"animation.irontreads.blink": {
			"animation_length": 0.3333,
			"bones": {
				"Eyes_Open": {
					"position": {
						"0.0": [0, 0, 0],
						"0.0417": [0, 0, 1],
						"0.25": [0, 0, 1],
						"0.2917": [0, 0, 0]
					}
				},
				"Eyes_closed": {
					"position": {
						"0.0": [0, 0, 0],
						"0.0417": [0, 0, -1],
						"0.25": [0, 0, -1],
						"0.2917": [0, 0, 0]
					}
				}
			}
		},
		"animation.irontreads.cry": {
			"animation_length": 2.5,
			"bones": {
				"tread_1": {
					"rotation": {
						"0.0": {
							"post": [0, 0, 0],
							"lerp_mode": "catmullrom"
						},
						"0.0417": {
							"post": [4.76, 0, 0],
							"lerp_mode": "catmullrom"
						},
						"0.2083": {
							"post": [-2.5, 0, 0],
							"lerp_mode": "catmullrom"
						},
						"0.625": {
							"post": [-17.5, 0, 0],
							"lerp_mode": "catmullrom"
						},
						"1.0417": {
							"post": [-17.5, 0, 0],
							"lerp_mode": "catmullrom"
						},
						"1.4583": {
							"post": [-10, 0, 0],
							"lerp_mode": "catmullrom"
						},
						"2.5": {
							"post": [0, 0, 0],
							"lerp_mode": "catmullrom"
						}
					}
				},
				"tread_2": {
					"rotation": {
						"0.0": {
							"post": [0, 0, 0],
							"lerp_mode": "catmullrom"
						},
						"0.375": {
							"post": [-42.5, 0, 0],
							"lerp_mode": "catmullrom"
						},
						"0.5833": {
							"post": [-70.12, 0, 0],
							"lerp_mode": "catmullrom"
						},
						"1.0417": {
							"post": [-77.72, 0, 0],
							"lerp_mode": "catmullrom"
						},
						"1.7917": {
							"post": [-70.12, 0, 0],
							"lerp_mode": "catmullrom"
						},
						"2.5": {
							"post": [0, 0, 0],
							"lerp_mode": "catmullrom"
						}
					}
				},
				"tread_3": {
					"rotation": {
						"0.0": {
							"post": [0, 0, 0],
							"lerp_mode": "catmullrom"
						},
						"0.0833": {
							"post": [7.16, 0, 0],
							"lerp_mode": "catmullrom"
						},
						"0.2083": {
							"post": [0.17, 0, 0],
							"lerp_mode": "catmullrom"
						},
						"0.6667": {
							"post": [-82.5, 0, 0],
							"lerp_mode": "catmullrom"
						},
						"1.125": {
							"post": [-95.26, 0, 0],
							"lerp_mode": "catmullrom"
						},
						"1.875": {
							"post": [-82.5, 0, 0],
							"lerp_mode": "catmullrom"
						},
						"2.25": {
							"post": [-4.91, 0, 0],
							"lerp_mode": "catmullrom"
						},
						"2.5": {
							"post": [0, 0, 0],
							"lerp_mode": "catmullrom"
						}
					}
				},
				"tread_4": {
					"rotation": {
						"0.0": {
							"post": [0, 0, 0],
							"lerp_mode": "catmullrom"
						},
						"0.0833": {
							"post": [7.21, 0, 0],
							"lerp_mode": "catmullrom"
						},
						"0.2083": {
							"post": [10.35, 0, 0],
							"lerp_mode": "catmullrom"
						},
						"0.75": {
							"post": [-67.5, 0, 0],
							"lerp_mode": "catmullrom"
						},
						"1.2917": {
							"post": [-82.16, 0, 0],
							"lerp_mode": "catmullrom"
						},
						"1.9167": {
							"post": [-67.5, 0, 0],
							"lerp_mode": "catmullrom"
						},
						"2.1667": {
							"post": [5.52, 0, 0],
							"lerp_mode": "catmullrom"
						},
						"2.5": {
							"post": [0, 0, 0],
							"lerp_mode": "catmullrom"
						}
					}
				},
				"Mouth_Open": {
					"position": {
						"0.0": [0, 0, 0],
						"0.0417": [0, 0, -3],
						"1.9583": [0, 0, -3],
						"2.0": [0, 0, 0]
					},
					"scale": {
						"0.0": [0.9, 0.9, 0.9],
						"0.25": [1, 1, 1],
						"1.9583": [1, 1, 1],
						"2.0": [0.9, 0.9, 0.9]
					}
				}
			},
			"sound_effects": {
				"0.25": {
					"effect": "pokemon.irontreads.cry"
				}
			}
		},
		"animation.irontreads.recoil": {
			"animation_length": 1.5,
			"bones": {
				"tread_1": {
					"rotation": {
						"0.0": {
							"post": [0, 0, 0],
							"lerp_mode": "catmullrom"
						},
						"0.125": {
							"post": [2.5, 0, 0],
							"lerp_mode": "catmullrom"
						},
						"1.0": {
							"post": [0, 0, 0],
							"lerp_mode": "catmullrom"
						},
						"1.5": {
							"post": [0, 0, 0],
							"lerp_mode": "catmullrom"
						}
					}
				},
				"tread_2": {
					"rotation": {
						"0.0": {
							"post": [0, 0, 0],
							"lerp_mode": "catmullrom"
						},
						"0.1667": {
							"post": [5, 0, 0],
							"lerp_mode": "catmullrom"
						},
						"1.0": {
							"post": [0, 0, 0],
							"lerp_mode": "catmullrom"
						},
						"1.5": {
							"post": [0, 0, 0],
							"lerp_mode": "catmullrom"
						}
					}
				},
				"tread_3": {
					"rotation": {
						"0.0": {
							"post": [0, 0, 0],
							"lerp_mode": "catmullrom"
						},
						"0.2083": {
							"post": [5, 0, 0],
							"lerp_mode": "catmullrom"
						},
						"1.0": {
							"post": [0, 0, 0],
							"lerp_mode": "catmullrom"
						},
						"1.5": {
							"post": [0, 0, 0],
							"lerp_mode": "catmullrom"
						}
					}
				},
				"tread_4": {
					"rotation": {
						"0.0": {
							"post": [0, 0, 0],
							"lerp_mode": "catmullrom"
						},
						"0.25": {
							"post": [5, 0, 0],
							"lerp_mode": "catmullrom"
						},
						"1.0": {
							"post": [0, 0, 0],
							"lerp_mode": "catmullrom"
						},
						"1.5": {
							"post": [0, 0, 0],
							"lerp_mode": "catmullrom"
						}
					}
				},
				"Eyes_Open": {
					"position": {
						"0.0": [0, 0, 1],
						"0.0417": [0, 0, 1],
						"0.5833": [0, 0, 1],
						"0.625": [0, 0, 0],
						"1.0": [0, 0, 0],
						"1.0417": [0, 0, 1],
						"1.1667": [0, 0, 1],
						"1.2083": [0, 0, 0]
					}
				},
				"Eyes_closed": {
					"position": {
						"0.0": [0, 0, -1],
						"0.0417": [0, 0, -1],
						"0.5833": [0, 0, -1],
						"0.625": [0, 0, 0],
						"1.0": [0, 0, 0],
						"1.0417": [0, 0, -1],
						"1.1667": [0, 0, -1],
						"1.2083": [0, 0, 0]
					}
				}
			}
		},
		"animation.irontreads.physical": {
			"loop": true,
			"animation_length": 3,
			"bones": {
				"Treads": {
					"rotation": {
						"0.0": [10, 0, 0],
						"0.125": [10, 0, 0],
						"0.2917": [0, 0, 0],
						"0.5833": [0, 0, 0],
						"0.9583": [180, 0, 0],
						"1.9583": [720, 0, 0],
						"2.375": [0, 0, 0],
						"2.5417": [10, 0, 0],
						"2.6667": [10, 0, 0]
					},
					"position": {
						"0.0": [0, -1, -4],
						"0.125": [0, -1, -4],
						"0.2917": [0, 0.5, 1],
						"2.375": [0, 0.5, 1],
						"2.5417": [0, -1, -4],
						"2.6667": [0, -1, -4]
					}
				},
				"tread_1": {
					"rotation": {
						"0.0": [20, 0, 0],
						"0.125": [20, 0, 0],
						"0.2917": [37.5, 0, 0],
						"2.375": [37.5, 0, 0],
						"2.5": [20, 0, 0]
					}
				},
				"tread_2": {
					"rotation": {
						"0.0": [40, 0, 0],
						"0.125": [40, 0, 0],
						"0.2917": [42.5, 0, 0],
						"2.375": [42.5, 0, 0],
						"2.5": [40, 0, 0]
					}
				},
				"tread_3": {
					"rotation": {
						"0.0": [45, 0, 0],
						"0.125": [45, 0, 0],
						"0.2917": [32.5, 0, 0],
						"2.375": [32.5, 0, 0],
						"2.5": [45, 0, 0]
					}
				},
				"tread_4": {
					"rotation": {
						"0.0": [37.5, 0, 0],
						"0.125": [37.5, 0, 0],
						"0.2917": [30, 0, 0],
						"2.375": [30, 0, 0],
						"2.5": [37.5, 0, 0]
					}
				},
				"Left_ear": {
					"rotation": {
						"0.0": {
							"post": [15, 0, 0],
							"lerp_mode": "catmullrom"
						},
						"0.375": {
							"post": [14.65993, 3.21132, -12.08681],
							"lerp_mode": "catmullrom"
						},
						"1.4583": {
							"post": [14.13, 5.08, -19.37],
							"lerp_mode": "catmullrom"
						},
						"1.875": {
							"post": [14.9436, -1.29012, 4.83079],
							"lerp_mode": "catmullrom"
						},
						"2.25": {
							"post": [14.8836, 2.02722, -7.58181],
							"lerp_mode": "catmullrom"
						},
						"3.0": {
							"post": [15, 0, 0],
							"lerp_mode": "catmullrom"
						}
					}
				},
				"Right_ear": {
					"rotation": {
						"0.0": {
							"post": [15, 0, 0],
							"lerp_mode": "catmullrom"
						},
						"0.375": {
							"post": [14.65993, -3.21132, 12.08681],
							"lerp_mode": "catmullrom"
						},
						"1.4583": {
							"post": [14.13, -5.08, 19.37],
							"lerp_mode": "catmullrom"
						},
						"1.875": {
							"post": [14.9436, 1.29012, -4.83079],
							"lerp_mode": "catmullrom"
						},
						"2.25": {
							"post": [14.8836, -2.02722, 7.58181],
							"lerp_mode": "catmullrom"
						},
						"3.0": {
							"post": [15, 0, 0],
							"lerp_mode": "catmullrom"
						}
					}
				},
				"Right_front_leg": {
					"rotation": {
						"0.0": [0, 0, 25],
						"0.5833": {
							"pre": [0, 0, 5],
							"post": [0, 0, 5],
							"lerp_mode": "catmullrom"
						},
						"0.7083": {
							"post": [7.47178, -0.65182, 4.95744],
							"lerp_mode": "catmullrom"
						},
						"1.375": {
							"post": [7.47178, -0.65182, 4.95744],
							"lerp_mode": "catmullrom"
						},
						"1.9583": {
							"post": [-10, 0, 0],
							"lerp_mode": "catmullrom"
						},
						"2.375": {
							"post": [0, 0, 0],
							"lerp_mode": "catmullrom"
						},
						"2.6667": [0, 0, 25]
					},
					"position": {
						"0.0": {
							"post": [0, 1, 0],
							"lerp_mode": "catmullrom"
						},
						"0.2917": {
							"post": [2, 7, 0],
							"lerp_mode": "catmullrom"
						},
						"0.5": {
							"post": [2.5, 6, 0],
							"lerp_mode": "catmullrom"
						},
						"0.5417": {
							"post": [2.5, 6.5, 0],
							"lerp_mode": "catmullrom"
						},
						"0.5833": {
							"post": [2.5, 6.75, 0],
							"lerp_mode": "catmullrom"
						},
						"0.7083": {
							"post": [2.39, 5.96, -1.96],
							"lerp_mode": "catmullrom"
						},
						"1.0417": {
							"post": [2.25, 6, -8],
							"lerp_mode": "catmullrom"
						},
						"1.25": [2.5, 6, -40],
						"1.375": [2.75, 9, -32.2],
						"1.4583": [2.75, 11, -27],
						"1.625": [2.5, 6.5, -19.75],
						"1.7083": [2.25, 8.75, -17],
						"1.7917": [2.25, 6.5, -14.75],
						"1.875": [2.25, 8.75, -12],
						"1.9583": [2, 6.5, -9.25],
						"2.375": {
							"pre": [2, 6, 0],
							"post": [2, 6, 0],
							"lerp_mode": "catmullrom"
						},
						"2.5417": {
							"post": [0.68, 8.61, 0.49],
							"lerp_mode": "catmullrom"
						},
						"2.6667": {
							"post": [0, 1, 0],
							"lerp_mode": "catmullrom"
						}
					}
				},
				"Right_front_plate": {
					"rotation": [0, 0, -17.5]
				},
				"Right_back_leg": {
					"rotation": {
						"0.0": [0, 0, 25],
						"0.5833": {
							"pre": [0, 0, 5],
							"post": [0, 0, 5],
							"lerp_mode": "catmullrom"
						},
						"0.7083": {
							"post": [7.47178, -0.65182, 4.95744],
							"lerp_mode": "catmullrom"
						},
						"1.375": {
							"post": [7.47178, -0.65182, 4.95744],
							"lerp_mode": "catmullrom"
						},
						"1.9583": {
							"post": [-10, 0, 0],
							"lerp_mode": "catmullrom"
						},
						"2.375": {
							"post": [0, 0, 0],
							"lerp_mode": "catmullrom"
						},
						"2.6667": [0, 0, 25]
					},
					"position": {
						"0.0": {
							"post": [0, 1, 0],
							"lerp_mode": "catmullrom"
						},
						"0.2917": {
							"post": [2, 7, 0],
							"lerp_mode": "catmullrom"
						},
						"0.5": {
							"post": [2.5, 6, 0],
							"lerp_mode": "catmullrom"
						},
						"0.5417": {
							"post": [2.5, 6.5, 0],
							"lerp_mode": "catmullrom"
						},
						"0.5833": {
							"post": [2.5, 6.75, 0],
							"lerp_mode": "catmullrom"
						},
						"0.7083": {
							"post": [2.39, 5.96, -1.96],
							"lerp_mode": "catmullrom"
						},
						"1.0417": {
							"post": [2.25, 6, -8],
							"lerp_mode": "catmullrom"
						},
						"1.25": [2.5, 6, -40],
						"1.375": [2.75, 9, -32.2],
						"1.4583": [2.75, 11, -27],
						"1.625": [2.5, 6.5, -19.75],
						"1.7083": [2.25, 8.25, -17],
						"1.7917": [2.25, 5.5, -14.75],
						"1.875": [2.25, 7.25, -12],
						"1.9583": [2, 5, -9.25],
						"2.375": {
							"pre": [2, 6, 0],
							"post": [2, 6, 0],
							"lerp_mode": "catmullrom"
						},
						"2.5417": {
							"post": [0.68, 8.61, 0.49],
							"lerp_mode": "catmullrom"
						},
						"2.6667": {
							"post": [0, 1, 0],
							"lerp_mode": "catmullrom"
						}
					}
				},
				"Right_back_plate": {
					"rotation": [0, 0, -17.5]
				},
				"Left_front_leg": {
					"rotation": {
						"0.0": [0, 0, -25],
						"0.5833": {
							"pre": [0, 0, -5],
							"post": [0, 0, -5],
							"lerp_mode": "catmullrom"
						},
						"0.7083": {
							"post": [7.47178, 0.65182, -4.95744],
							"lerp_mode": "catmullrom"
						},
						"1.375": {
							"post": [7.47178, 0.65182, -4.95744],
							"lerp_mode": "catmullrom"
						},
						"1.9583": {
							"post": [-10, 0, 0],
							"lerp_mode": "catmullrom"
						},
						"2.375": {
							"post": [0, 0, 0],
							"lerp_mode": "catmullrom"
						},
						"2.6667": [0, 0, -25]
					},
					"position": {
						"0.0": {
							"post": [0, 1, 0],
							"lerp_mode": "catmullrom"
						},
						"0.2917": {
							"post": [-2, 7, 0],
							"lerp_mode": "catmullrom"
						},
						"0.5": {
							"post": [-2.5, 6, 0],
							"lerp_mode": "catmullrom"
						},
						"0.5417": {
							"post": [-2.5, 6.5, 0],
							"lerp_mode": "catmullrom"
						},
						"0.5833": {
							"post": [-2.5, 6.75, 0],
							"lerp_mode": "catmullrom"
						},
						"0.7083": {
							"post": [-2.39, 5.96, -1.96],
							"lerp_mode": "catmullrom"
						},
						"1.0417": {
							"post": [-2.25, 6, -8],
							"lerp_mode": "catmullrom"
						},
						"1.25": [-2.5, 6, -40],
						"1.375": [-2.75, 9, -32.2],
						"1.4583": [-2.75, 11, -27],
						"1.625": [-2.5, 6.5, -19.75],
						"1.7083": [-2.25, 8.75, -17],
						"1.7917": [-2.25, 6.5, -14.75],
						"1.875": [-2.25, 8.75, -12],
						"1.9583": [-2, 6.5, -9.25],
						"2.375": {
							"pre": [-2, 6, 0],
							"post": [-2, 6, 0],
							"lerp_mode": "catmullrom"
						},
						"2.5417": {
							"post": [-0.68, 8.61, 0.49],
							"lerp_mode": "catmullrom"
						},
						"2.6667": {
							"post": [0, 1, 0],
							"lerp_mode": "catmullrom"
						}
					}
				},
				"Left_front_plate": {
					"rotation": [0, 0, 17.5]
				},
				"Left_back_leg": {
					"rotation": {
						"0.0": [0, 0, -25],
						"0.5833": {
							"pre": [0, 0, -5],
							"post": [0, 0, -5],
							"lerp_mode": "catmullrom"
						},
						"0.7083": {
							"post": [7.47178, 0.65182, -4.95744],
							"lerp_mode": "catmullrom"
						},
						"1.375": {
							"post": [7.47178, 0.65182, -4.95744],
							"lerp_mode": "catmullrom"
						},
						"1.9583": {
							"post": [-10, 0, 0],
							"lerp_mode": "catmullrom"
						},
						"2.375": {
							"post": [0, 0, 0],
							"lerp_mode": "catmullrom"
						},
						"2.6667": [0, 0, -25]
					},
					"position": {
						"0.0": {
							"post": [0, 1, 0],
							"lerp_mode": "catmullrom"
						},
						"0.2917": {
							"post": [-2, 7, 0],
							"lerp_mode": "catmullrom"
						},
						"0.5": {
							"post": [-2.5, 6, 0],
							"lerp_mode": "catmullrom"
						},
						"0.5417": {
							"post": [-2.5, 6.5, 0],
							"lerp_mode": "catmullrom"
						},
						"0.5833": {
							"post": [-2.5, 6.75, 0],
							"lerp_mode": "catmullrom"
						},
						"0.7083": {
							"post": [-2.39, 5.96, -1.96],
							"lerp_mode": "catmullrom"
						},
						"1.0417": {
							"post": [-2.25, 6, -8],
							"lerp_mode": "catmullrom"
						},
						"1.25": [-2.5, 6, -40],
						"1.375": [-2.75, 9, -32.2],
						"1.4583": [-2.75, 11, -27],
						"1.625": [-2.5, 6.5, -19.75],
						"1.7083": [-2.25, 8.25, -17],
						"1.7917": [-2.25, 5.5, -14.75],
						"1.875": [-2.25, 7.25, -12],
						"1.9583": [-2, 5, -9.25],
						"2.375": {
							"pre": [-2, 6, 0],
							"post": [-2, 6, 0],
							"lerp_mode": "catmullrom"
						},
						"2.5417": {
							"post": [-0.68, 8.61, 0.49],
							"lerp_mode": "catmullrom"
						},
						"2.6667": {
							"post": [0, 1, 0],
							"lerp_mode": "catmullrom"
						}
					}
				},
				"Left_back_plate": {
					"rotation": [0, 0, 17.5]
				},
				"tread_5": {
					"rotation": {
						"0.0": [-17.5, 0, 0],
						"0.125": [-17.5, 0, 0],
						"0.2917": [-37.5, 0, 0],
						"2.375": [-37.5, 0, 0],
						"2.5": [-17.5, 0, 0]
					}
				},
				"tread_6": {
					"rotation": {
						"0.0": [-32.5, 0, 0],
						"0.125": [-32.5, 0, 0],
						"0.2917": [-42.5, 0, 0],
						"2.375": [-42.5, 0, 0],
						"2.5": [-32.5, 0, 0]
					}
				},
				"tread_7": {
					"rotation": {
						"0.0": [-45, 0, 0],
						"0.125": [-45, 0, 0],
						"0.2917": [-32.5, 0, 0],
						"2.375": [-32.5, 0, 0],
						"2.5": [-45, 0, 0]
					}
				},
				"tread_8": {
					"rotation": {
						"0.0": [42.5, 0, 0],
						"0.125": [42.5, 0, 0],
						"0.2917": [-37.5, 0, 0],
						"2.375": [-37.5, 0, 0],
						"2.5": [42.5, 0, 0]
					}
				},
				"tread_9": {
					"rotation": {
						"0.0": [40, 0, 0],
						"0.125": [40, 0, 0],
						"0.2917": [-22.5, 0, 0],
						"2.375": [-22.5, 0, 0],
						"2.5": [40, 0, 0]
					}
				},
				"body": {
					"rotation": {
						"0.5833": {
							"pre": [0, 0, 0],
							"post": [0, 0, 0],
							"lerp_mode": "catmullrom"
						},
						"0.7083": {
							"post": [7.5, 0, 0],
							"lerp_mode": "catmullrom"
						},
						"1.375": {
							"post": [7.5, 0, 0],
							"lerp_mode": "catmullrom"
						},
						"1.9583": {
							"post": [-10, 0, 0],
							"lerp_mode": "catmullrom"
						},
						"2.375": {
							"post": [0, 0, 0],
							"lerp_mode": "catmullrom"
						}
					},
					"position": {
						"0.0": {
							"post": [0, 1, 0],
							"lerp_mode": "catmullrom"
						},
						"0.0833": {
							"post": [0, 0, 0],
							"lerp_mode": "catmullrom"
						},
						"0.1667": {
							"post": [0, 5, 0],
							"lerp_mode": "catmullrom"
						},
						"0.2917": {
							"post": [0, 6, 0],
							"lerp_mode": "catmullrom"
						},
						"0.5": {
							"post": [0, 1, 0],
							"lerp_mode": "catmullrom"
						},
						"0.5417": {
							"post": [0, 2, 0],
							"lerp_mode": "catmullrom"
						},
						"0.5833": {
							"post": [0, 1, 0],
							"lerp_mode": "catmullrom"
						},
						"1.0417": {
							"post": [0, 1, -6],
							"lerp_mode": "catmullrom"
						},
						"1.25": [0, 1, -38],
						"1.4583": [0, 6, -26],
						"1.625": [0, 1, -20],
						"1.7083": [0, 2.73, -18.17],
						"1.7917": [0, 0.67, -16.43],
						"1.875": [0, 2.6, -14.55],
						"1.9583": [0, 0.52, -12.48],
						"2.375": [0, 1, 0],
						"2.5417": [0, 6, 0],
						"2.6667": {
							"pre": [0, 1, 0],
							"post": [0, 1, 0],
							"lerp_mode": "catmullrom"
						}
					}
				},
				"Mouth_Open": {
					"position": {
						"0.0": [0, 0, 0],
						"0.0417": [0, 0, 2]
					}
				},
				"face": {
					"position": {
						"0.0": [0, 0, 0],
						"0.125": [0, 0, 0],
						"0.2917": [0, 0, 2.5],
						"2.5": [0, 0, 2.5],
						"2.625": [0, 0, 0]
					}
				},
				"Eyes_Open": {
					"position": {
						"0.0": [0, 0, 0],
						"0.0833": [0, 0, 0],
						"0.125": [0, 0, 2],
						"2.5833": [0, 0, 2],
						"2.625": [0, 0, 0]
					}
				},
				"Eyes_angry": {
					"position": {
						"0.0": [0, 0, 0],
						"0.0833": [0, 0, 0],
						"0.125": [0, 0, -1],
						"2.5833": [0, 0, -1],
						"2.625": [0, 0, 0]
					}
				}
			}
		},
		"animation.irontreads.special": {
			"loop": true,
			"animation_length": 3,
			"bones": {
				"Treads": {
					"rotation": [10, 0, 0],
					"position": [0, -1, -4]
				},
				"tread_1": {
					"rotation": {
						"0.0": [20, 0, 0],
						"0.5417": {
							"pre": [20, 0, 0],
							"post": [20, 0, 0],
							"lerp_mode": "catmullrom"
						},
						"1.125": {
							"post": [-17.5, 0, 0],
							"lerp_mode": "catmullrom"
						},
						"1.5417": {
							"post": [-17.5, 0, 0],
							"lerp_mode": "catmullrom"
						},
						"1.9583": {
							"post": [-10, 0, 0],
							"lerp_mode": "catmullrom"
						},
						"2.7917": [20, 0, 0],
						"3.0": [20, 0, 0]
					}
				},
				"tread_2": {
					"rotation": {
						"0.0": [40, 0, 0],
						"0.5417": {
							"pre": [40, 0, 0],
							"post": [40, 0, 0],
							"lerp_mode": "catmullrom"
						},
						"1.0833": {
							"post": [-32.62, 0, 0],
							"lerp_mode": "catmullrom"
						},
						"1.5417": {
							"post": [-55.22, 0, 0],
							"lerp_mode": "catmullrom"
						},
						"2.2917": {
							"post": [-70.12, 0, 0],
							"lerp_mode": "catmullrom"
						},
						"2.7917": [40, 0, 0],
						"3.0": [40, 0, 0]
					}
				},
				"tread_3": {
					"rotation": {
						"0.0": [45, 0, 0],
						"0.5417": {
							"pre": [45, 0, 0],
							"post": [45, 0, 0],
							"lerp_mode": "catmullrom"
						},
						"1.1667": {
							"post": [-37.5, 0, 0],
							"lerp_mode": "catmullrom"
						},
						"1.625": {
							"post": [-67.76, 0, 0],
							"lerp_mode": "catmullrom"
						},
						"2.375": {
							"post": [-82.5, 0, 0],
							"lerp_mode": "catmullrom"
						},
						"2.5833": {
							"post": [-4.91, 0, 0],
							"lerp_mode": "catmullrom"
						},
						"2.7917": [45, 0, 0],
						"3.0": [45, 0, 0]
					}
				},
				"tread_4": {
					"rotation": {
						"0.0": [37.5, 0, 0],
						"0.5417": {
							"pre": [37.5, 0, 0],
							"post": [37.5, 0, 0],
							"lerp_mode": "catmullrom"
						},
						"0.7083": {
							"post": [7.21, 0, 0],
							"lerp_mode": "catmullrom"
						},
						"0.9583": {
							"post": [10.35, 0, 0],
							"lerp_mode": "catmullrom"
						},
						"1.25": {
							"post": [-30, 0, 0],
							"lerp_mode": "catmullrom"
						},
						"1.7917": {
							"post": [-49.66, 0, 0],
							"lerp_mode": "catmullrom"
						},
						"2.4167": {
							"post": [-67.5, 0, 0],
							"lerp_mode": "catmullrom"
						},
						"2.5833": {
							"post": [5.52, 0, 0],
							"lerp_mode": "catmullrom"
						},
						"2.7917": [37.5, 0, 0],
						"3.0": [37.5, 0, 0]
					}
				},
				"Left_ear": {
					"rotation": [15, 0, 0]
				},
				"Right_ear": {
					"rotation": [15, 0, 0]
				},
				"Right_front_leg": {
					"rotation": [0, 0, 25],
					"position": [0, 1, 0]
				},
				"Right_front_plate": {
					"rotation": [0, 0, -17.5]
				},
				"Right_back_leg": {
					"rotation": [0, 0, 25],
					"position": [0, 1, 0]
				},
				"Right_back_plate": {
					"rotation": [0, 0, -17.5]
				},
				"Left_front_leg": {
					"rotation": [0, 0, -25],
					"position": [0, 1, 0]
				},
				"Left_front_plate": {
					"rotation": [0, 0, 17.5]
				},
				"Left_back_leg": {
					"rotation": [0, 0, -25],
					"position": [0, 1, 0]
				},
				"Left_back_plate": {
					"rotation": [0, 0, 17.5]
				},
				"tread_5": {
					"rotation": [-17.5, 0, 0]
				},
				"tread_6": {
					"rotation": [-32.5, 0, 0]
				},
				"tread_7": {
					"rotation": [-45, 0, 0]
				},
				"tread_8": {
					"rotation": [42.5, 0, 0]
				},
				"tread_9": {
					"rotation": [40, 0, 0]
				},
				"body": {
					"rotation": {
						"0.0": {
							"post": [0, 0, 0],
							"lerp_mode": "catmullrom"
						},
						"1.0417": {
							"post": [-2.5, 0, 0],
							"lerp_mode": "catmullrom"
						},
						"1.625": {
							"post": [-5, 0, 0],
							"lerp_mode": "catmullrom"
						},
						"2.375": {
							"post": [0, 0, 0],
							"lerp_mode": "catmullrom"
						},
						"3.0": {
							"post": [0, 0, 0],
							"lerp_mode": "catmullrom"
						}
					},
					"position": [0, 1, 0]
				},
				"Mouth_Open": {
					"position": {
						"0.0": [0, 0, 0],
						"0.9583": [0, 0, 0],
						"1.0": [0, 0, -3],
						"2.0833": [0, 0, -3],
						"2.125": [0, 0, 0]
					}
				},
				"Eyes_Open": {
					"position": {
						"0.7917": [0, 0, 0],
						"0.8333": [0, 0, 1],
						"2.2917": [0, 0, 1],
						"2.3333": [0, 0, 0]
					}
				},
				"Eyes_closed": {
					"position": {
						"0.0": [0, 0, 0],
						"0.7917": [0, 0, 0.05],
						"0.8333": [0, 0, -1],
						"0.9167": [0, 0, -1],
						"0.9583": [0, 0, 0],
						"2.1667": [0, 0, 0.05],
						"2.2083": [0, 0, -1],
						"2.2917": [0, 0, -1],
						"2.3333": [0, 0, 0]
					}
				},
				"Eyes_angry": {
					"position": {
						"0.0": [0, 0, 0],
						"0.9167": [0, 0, 0],
						"0.9583": [0, 0, -1],
						"2.1667": [0, 0, -1],
						"2.2083": [0, 0, 0],
						"3.0": [0, 0, 0]
					}
				}
			}
		},
		"animation.irontreads.faint": {
			"loop": true,
			"animation_length": 3,
			"bones": {
				"Treads": {
					"rotation": [10, 0, 0],
					"position": [0, -1, -4]
				},
				"tread_1": {
					"rotation": {
						"0.0": {
							"post": [20, 0, 0],
							"lerp_mode": "catmullrom"
						},
						"1.2917": {
							"post": [-20, 0, 0],
							"lerp_mode": "catmullrom"
						},
						"1.7083": {
							"post": [32.5, 0, 0],
							"lerp_mode": "catmullrom"
						}
					}
				},
				"tread_2": {
					"rotation": {
						"0.0": {
							"post": [40, 0, 0],
							"lerp_mode": "catmullrom"
						},
						"0.2083": {
							"post": [36.72, 0, 0],
							"lerp_mode": "catmullrom"
						},
						"1.375": {
							"post": [-15, 0, 0],
							"lerp_mode": "catmullrom"
						},
						"1.75": {
							"post": [17.5, 0, 0],
							"lerp_mode": "catmullrom"
						}
					}
				},
				"tread_3": {
					"rotation": {
						"0.0": {
							"post": [45, 0, 0],
							"lerp_mode": "catmullrom"
						},
						"0.25": {
							"post": [50.85, 0, 0],
							"lerp_mode": "catmullrom"
						},
						"1.4167": {
							"post": [-12.5, 0, 0],
							"lerp_mode": "catmullrom"
						},
						"1.8333": {
							"post": [-32.5, 0, 0],
							"lerp_mode": "catmullrom"
						}
					}
				},
				"tread_4": {
					"rotation": {
						"0.0": {
							"post": [37.5, 0, 0],
							"lerp_mode": "catmullrom"
						},
						"0.375": {
							"post": [41.3, 0, 0],
							"lerp_mode": "catmullrom"
						},
						"1.5": {
							"post": [-25, 0, 0],
							"lerp_mode": "catmullrom"
						},
						"1.875": {
							"post": [-30, 0, 0],
							"lerp_mode": "catmullrom"
						}
					}
				},
				"Left_ear": {
					"rotation": {
						"0.0": {
							"post": [15, 0, 0],
							"lerp_mode": "catmullrom"
						},
						"0.6667": {
							"post": [14.78217, -2.57594, 9.6658],
							"lerp_mode": "catmullrom"
						},
						"1.5": {
							"post": [14.65993, 3.21132, -12.08681],
							"lerp_mode": "catmullrom"
						},
						"1.7083": {
							"post": [13.9042, -5.68422, 21.80633],
							"lerp_mode": "catmullrom"
						},
						"1.75": {
							"post": [14.13272, -5.07855, 19.37006],
							"lerp_mode": "catmullrom"
						},
						"1.7917": {
							"post": [13.9042, -5.68422, 21.80633],
							"lerp_mode": "catmullrom"
						}
					}
				},
				"Right_ear": {
					"rotation": {
						"0.0": {
							"post": [15, 0, 0],
							"lerp_mode": "catmullrom"
						},
						"0.6667": {
							"post": [14.78217, 2.57594, -9.6658],
							"lerp_mode": "catmullrom"
						},
						"1.5": {
							"post": [14.65993, -3.21132, 12.08681],
							"lerp_mode": "catmullrom"
						},
						"1.7083": {
							"post": [13.9042, 5.68422, -21.80633],
							"lerp_mode": "catmullrom"
						},
						"1.75": {
							"post": [14.13272, 5.07855, -19.37006],
							"lerp_mode": "catmullrom"
						},
						"1.7917": {
							"post": [13.9042, 5.68422, -21.80633],
							"lerp_mode": "catmullrom"
						}
					}
				},
				"Right_front_leg": {
					"rotation": {
						"0.0": [0, 0, 25],
						"0.3333": [0, 0, 25],
						"1.5417": [0, 0, 25],
						"1.625": [0, 0, 62.5]
					},
					"position": {
						"0.0": [0, 1, 0],
						"0.3333": {
							"pre": [0, 1, 0],
							"post": [0, 1, 0],
							"lerp_mode": "catmullrom"
						},
						"0.5833": {
							"post": [0, 2, -1.09],
							"lerp_mode": "catmullrom"
						},
						"0.7917": [0, 1, -2],
						"1.0": [0, 1, -2],
						"1.25": {
							"pre": [0, 2, -1.09],
							"post": [0, 2, -1.09],
							"lerp_mode": "catmullrom"
						},
						"1.5417": {
							"post": [0, 1, 0],
							"lerp_mode": "catmullrom"
						},
						"1.625": {
							"post": [1, -5, 0],
							"lerp_mode": "catmullrom"
						},
						"1.6667": {
							"post": [1, -4.75, 0],
							"lerp_mode": "catmullrom"
						},
						"1.7083": {
							"post": [1, -5.25, 0],
							"lerp_mode": "catmullrom"
						}
					}
				},
				"Right_front_plate": {
					"rotation": [0, 0, -17.5]
				},
				"Right_back_leg": {
					"rotation": {
						"0.0": [0, 0, 25],
						"1.25": [0, 0, 25],
						"1.5417": [0, 0, 25],
						"1.625": [0, 0, 62.5]
					},
					"position": {
						"0.0": [0, 1, 0],
						"0.0833": {
							"pre": [0, 1, 0],
							"post": [0, 1, 0],
							"lerp_mode": "catmullrom"
						},
						"0.3333": {
							"post": [0, 2, -1.09],
							"lerp_mode": "catmullrom"
						},
						"0.5417": [0, 1, -2],
						"0.75": [0, 1, -2],
						"1.0": {
							"pre": [0, 2, -1.09],
							"post": [0, 2, -1.09],
							"lerp_mode": "catmullrom"
						},
						"1.25": {
							"post": [0, 1, 0],
							"lerp_mode": "catmullrom"
						},
						"1.5417": {
							"post": [0, 1, 0],
							"lerp_mode": "catmullrom"
						},
						"1.625": {
							"post": [1, -5, 0],
							"lerp_mode": "catmullrom"
						},
						"1.6667": {
							"post": [1, -4.75, 0],
							"lerp_mode": "catmullrom"
						},
						"1.7083": {
							"post": [1, -5.25, 0],
							"lerp_mode": "catmullrom"
						}
					}
				},
				"Right_back_plate": {
					"rotation": [0, 0, -17.5]
				},
				"Left_front_leg": {
					"rotation": {
						"0.0": [0, 0, -25],
						"0.1667": [0, 0, -25],
						"1.0833": [0, 0, -25],
						"1.5417": [0, 0, -25],
						"1.625": [0, 0, -62.5]
					},
					"position": {
						"0.0": {
							"post": [0, 1, 0],
							"lerp_mode": "catmullrom"
						},
						"0.1667": {
							"post": [0, 2, -1.09],
							"lerp_mode": "catmullrom"
						},
						"0.375": [0, 1, -2],
						"0.5833": [0, 1, -2],
						"0.8333": {
							"pre": [0, 2, -1.09],
							"post": [0, 2, -1.09],
							"lerp_mode": "catmullrom"
						},
						"1.0833": {
							"post": [0, 1, 0],
							"lerp_mode": "catmullrom"
						},
						"1.5417": {
							"post": [0, 1, 0],
							"lerp_mode": "catmullrom"
						},
						"1.625": {
							"post": [1, -5, 0],
							"lerp_mode": "catmullrom"
						},
						"1.6667": {
							"post": [1, -4.75, 0],
							"lerp_mode": "catmullrom"
						},
						"1.7083": {
							"post": [1, -5.25, 0],
							"lerp_mode": "catmullrom"
						}
					}
				},
				"Left_front_plate": {
					"rotation": [0, 0, 17.5]
				},
				"Left_back_leg": {
					"rotation": {
						"0.0": [0, 0, -25],
						"1.5417": [0, 0, -25],
						"1.625": [0, 0, -62.5]
					},
					"position": {
						"0.0": [0, 1, 0],
						"0.1667": [0, 1, 0],
						"0.3333": {
							"pre": [0, 1, 0],
							"post": [0, 1, 0],
							"lerp_mode": "catmullrom"
						},
						"0.5833": {
							"post": [0, 2, -1.09],
							"lerp_mode": "catmullrom"
						},
						"0.7917": [0, 1, -2],
						"1.0": [0, 1, -2],
						"1.25": {
							"pre": [0, 2, -1.09],
							"post": [0, 2, -1.09],
							"lerp_mode": "catmullrom"
						},
						"1.4167": {
							"post": [0, 1, 0],
							"lerp_mode": "catmullrom"
						},
						"1.5417": {
							"post": [0, 1, 0],
							"lerp_mode": "catmullrom"
						},
						"1.625": {
							"post": [1, -5, 0],
							"lerp_mode": "catmullrom"
						},
						"1.6667": {
							"post": [1, -4.75, 0],
							"lerp_mode": "catmullrom"
						},
						"1.7083": {
							"post": [1, -5.25, 0],
							"lerp_mode": "catmullrom"
						}
					}
				},
				"Left_back_plate": {
					"rotation": [0, 0, 17.5]
				},
				"tread_5": {
					"rotation": [-17.5, 0, 0]
				},
				"tread_6": {
					"rotation": {
						"0.0": {
							"post": [-32.5, 0, 0],
							"lerp_mode": "catmullrom"
						},
						"1.9167": {
							"post": [-35, 0, 0],
							"lerp_mode": "catmullrom"
						}
					}
				},
				"tread_7": {
					"rotation": {
						"0.0": {
							"post": [-45, 0, 0],
							"lerp_mode": "catmullrom"
						},
						"0.375": {
							"post": [-32.5, 0, 0],
							"lerp_mode": "catmullrom"
						},
						"1.125": {
							"post": [-7.5, 0, 0],
							"lerp_mode": "catmullrom"
						},
						"1.7083": {
							"post": [-15, 0, 0],
							"lerp_mode": "catmullrom"
						}
					}
				},
				"tread_8": {
					"rotation": {
						"0.0": {
							"post": [42.5, 0, 0],
							"lerp_mode": "catmullrom"
						},
						"0.5": {
							"post": [52.5, 0, 0],
							"lerp_mode": "catmullrom"
						},
						"1.2917": {
							"post": [65, 0, 0],
							"lerp_mode": "catmullrom"
						},
						"1.7917": {
							"post": [15, 0, 0],
							"lerp_mode": "catmullrom"
						}
					}
				},
				"tread_9": {
					"rotation": {
						"0.0": {
							"post": [40, 0, 0],
							"lerp_mode": "catmullrom"
						},
						"0.75": {
							"post": [60, 0, 0],
							"lerp_mode": "catmullrom"
						},
						"1.4583": {
							"post": [65, 0, 0],
							"lerp_mode": "catmullrom"
						},
						"1.875": {
							"post": [45, 0, 0],
							"lerp_mode": "catmullrom"
						}
					}
				},
				"body": {
					"rotation": {
						"0.0": {
							"post": [0, 0, 0],
							"lerp_mode": "catmullrom"
						},
						"0.4583": {
							"post": [5, 0, 0],
							"lerp_mode": "catmullrom"
						},
						"1.4167": {
							"post": [-7.5, 0, 0],
							"lerp_mode": "catmullrom"
						},
						"1.5417": {
							"post": [0, 0, 0],
							"lerp_mode": "catmullrom"
						}
					},
					"position": {
						"0.0": [0, 1, 0],
						"1.5417": [0, 1, 0],
						"1.7083": [0, -3, 0],
						"1.75": [0, -2, 0],
						"1.7917": [0, -3, 0]
					}
				},
				"Mouth_Open": {
					"position": {
						"0.0": [0, 0, 0],
						"0.0417": [0, 0, -3],
						"1.5833": [0, 0, -3],
						"1.625": [0, 0, -3]
					},
					"scale": {
						"0.0": [0.9, 0.9, 0.9],
						"0.4167": [1, 1, 1],
						"1.5417": [1, 1, 1],
						"1.5833": [0.9, 0.9, 0.9]
					}
				},
				"Eyes_Open": {
					"position": {
						"0.0": [0, 0, 0],
						"0.25": [0, 0, 0],
						"0.2917": [0, 0, 1],
						"0.7083": [0, 0, 1],
						"0.75": [0, 0, 0],
						"0.9583": [0, 0, 0],
						"1.0": [0, 0, 2],
						"1.0833": [0, 0, 2],
						"1.125": [0, 0, 0],
						"1.5": [0, 0, 0],
						"1.5417": [0, 0, 1]
					}
				},
				"Eyes_closed": {
					"position": {
						"0.0": [0, 0, 0],
						"0.25": [0, 0, 0],
						"0.2917": [0, 0, -1],
						"0.7083": [0, 0, -1],
						"0.75": [0, 0, 0],
						"0.9583": [0, 0, 0],
						"1.0": [0, 0, -1],
						"1.0833": [0, 0, -1],
						"1.125": [0, 0, 0],
						"1.5": [0, 0, 0],
						"1.5417": [0, 0, -1]
					}
				}
			}
		},
		"animation.irontreads.status": {
			"loop": true,
			"animation_length": 3,
			"bones": {
				"Treads": {
					"rotation": [10, 0, 0],
					"position": [0, -1, -4]
				},
				"tread_1": {
					"rotation": {
						"0.0": [20, 0, 0],
						"0.5417": {
							"pre": [20, 0, 0],
							"post": [20, 0, 0],
							"lerp_mode": "catmullrom"
						},
						"1.125": {
							"post": [-17.5, 0, 0],
							"lerp_mode": "catmullrom"
						},
						"1.5417": {
							"post": [-17.5, 0, 0],
							"lerp_mode": "catmullrom"
						},
						"1.9583": {
							"post": [-10, 0, 0],
							"lerp_mode": "catmullrom"
						},
						"2.7917": [20, 0, 0],
						"3.0": [20, 0, 0]
					}
				},
				"tread_2": {
					"rotation": {
						"0.0": [40, 0, 0],
						"0.5417": {
							"pre": [40, 0, 0],
							"post": [40, 0, 0],
							"lerp_mode": "catmullrom"
						},
						"1.0833": {
							"post": [-32.62, 0, 0],
							"lerp_mode": "catmullrom"
						},
						"1.5417": {
							"post": [-55.22, 0, 0],
							"lerp_mode": "catmullrom"
						},
						"2.2917": {
							"post": [-70.12, 0, 0],
							"lerp_mode": "catmullrom"
						},
						"2.7917": [40, 0, 0],
						"3.0": [40, 0, 0]
					}
				},
				"tread_3": {
					"rotation": {
						"0.0": [45, 0, 0],
						"0.5417": {
							"pre": [45, 0, 0],
							"post": [45, 0, 0],
							"lerp_mode": "catmullrom"
						},
						"1.1667": {
							"post": [-37.5, 0, 0],
							"lerp_mode": "catmullrom"
						},
						"1.625": {
							"post": [-67.76, 0, 0],
							"lerp_mode": "catmullrom"
						},
						"2.375": {
							"post": [-82.5, 0, 0],
							"lerp_mode": "catmullrom"
						},
						"2.5833": {
							"post": [-4.91, 0, 0],
							"lerp_mode": "catmullrom"
						},
						"2.7917": [45, 0, 0],
						"3.0": [45, 0, 0]
					}
				},
				"tread_4": {
					"rotation": {
						"0.0": [37.5, 0, 0],
						"0.5417": {
							"pre": [37.5, 0, 0],
							"post": [37.5, 0, 0],
							"lerp_mode": "catmullrom"
						},
						"0.7083": {
							"post": [7.21, 0, 0],
							"lerp_mode": "catmullrom"
						},
						"0.9583": {
							"post": [10.35, 0, 0],
							"lerp_mode": "catmullrom"
						},
						"1.25": {
							"post": [-30, 0, 0],
							"lerp_mode": "catmullrom"
						},
						"1.7917": {
							"post": [-49.66, 0, 0],
							"lerp_mode": "catmullrom"
						},
						"2.4167": {
							"post": [-67.5, 0, 0],
							"lerp_mode": "catmullrom"
						},
						"2.5833": {
							"post": [5.52, 0, 0],
							"lerp_mode": "catmullrom"
						},
						"2.7917": [37.5, 0, 0],
						"3.0": [37.5, 0, 0]
					}
				},
				"Left_ear": {
					"rotation": [15, 0, 0]
				},
				"Right_ear": {
					"rotation": [15, 0, 0]
				},
				"Right_front_leg": {
					"rotation": [0, 0, 25],
					"position": [0, 1, 0]
				},
				"Right_front_plate": {
					"rotation": [0, 0, -17.5]
				},
				"Right_back_leg": {
					"rotation": [0, 0, 25],
					"position": [0, 1, 0]
				},
				"Right_back_plate": {
					"rotation": [0, 0, -17.5]
				},
				"Left_front_leg": {
					"rotation": [0, 0, -25],
					"position": [0, 1, 0]
				},
				"Left_front_plate": {
					"rotation": [0, 0, 17.5]
				},
				"Left_back_leg": {
					"rotation": [0, 0, -25],
					"position": [0, 1, 0]
				},
				"Left_back_plate": {
					"rotation": [0, 0, 17.5]
				},
				"tread_5": {
					"rotation": [-17.5, 0, 0]
				},
				"tread_6": {
					"rotation": [-32.5, 0, 0]
				},
				"tread_7": {
					"rotation": [-45, 0, 0]
				},
				"tread_8": {
					"rotation": [42.5, 0, 0]
				},
				"tread_9": {
					"rotation": [40, 0, 0]
				},
				"body": {
					"rotation": {
						"0.0": {
							"post": [0, 0, 0],
							"lerp_mode": "catmullrom"
						},
						"1.0417": {
							"post": [-2.5, 0, 0],
							"lerp_mode": "catmullrom"
						},
						"1.625": {
							"post": [-5, 0, 0],
							"lerp_mode": "catmullrom"
						},
						"2.375": {
							"post": [0, 0, 0],
							"lerp_mode": "catmullrom"
						},
						"3.0": {
							"post": [0, 0, 0],
							"lerp_mode": "catmullrom"
						}
					},
					"position": [0, 1, 0]
				},
				"Mouth_Open": {
					"position": {
						"0.0": [0, 0, 0],
						"0.9583": [0, 0, 0],
						"1.0": [0, 0, -3],
						"2.0833": [0, 0, -3],
						"2.125": [0, 0, 0]
					}
				},
				"Eyes_Open": {
					"position": {
						"0.7917": [0, 0, 0],
						"0.8333": [0, 0, 1],
						"2.2917": [0, 0, 1],
						"2.3333": [0, 0, 0]
					}
				},
				"Eyes_closed": {
					"position": {
						"0.0": [0, 0, 0],
						"0.7917": [0, 0, 0.05],
						"0.8333": [0, 0, -1],
						"0.9167": [0, 0, -1],
						"0.9583": [0, 0, 0],
						"2.1667": [0, 0, 0.05],
						"2.2083": [0, 0, -1],
						"2.2917": [0, 0, -1],
						"2.3333": [0, 0, 0]
					}
				},
				"Eyes_angry": {
					"position": {
						"0.0": [0, 0, 0],
						"0.9167": [0, 0, 0],
						"0.9583": [0, 0, -1],
						"2.1667": [0, 0, -1],
						"2.2083": [0, 0, 0],
						"3.0": [0, 0, 0]
					}
				}
			}
		},
		"animation.irontreads.sleep": {
			"loop": true,
			"bones": {
				"face": {
					"position": [0, 0, 2.5]
				},
				"tread_1": {
					"rotation": [37.5, 0, 0]
				},
				"tread_2": {
					"rotation": [42.5, 0, 0]
				},
				"tread_4": {
					"rotation": [30, 0, 0]
				},
				"tread_3": {
					"rotation": [32.5, 0, 0]
				},
				"Right_front_leg": {
					"position": [2, 6, 0]
				},
				"Right_front_plate": {
					"rotation": ["0-math.sin((query.anim_time)*120)*03", 0, -7.5],
					"position": [0, "0+math.sin((query.anim_time)*120)*0.3", "0+math.sin((query.anim_time)*120)*0.3"]
				},
				"Right_back_leg": {
					"rotation": ["0-math.sin((query.anim_time)*120)*03", 0, 2.5],
					"position": [2.25, "6-math.sin((query.anim_time)*120)*0.3", "0+math.sin((query.anim_time)*120)*0.7"]
				},
				"Right_back_plate": {
					"rotation": [0, 0, -7.5]
				},
				"Left_front_leg": {
					"position": [-2, 6, 0]
				},
				"Left_front_plate": {
					"rotation": ["0-math.sin((query.anim_time)*120)*03", 0, 7.5],
					"position": [0, "0+math.sin((query.anim_time)*120)*0.3", "0+math.sin((query.anim_time)*120)*0.3"]
				},
				"Left_back_leg": {
					"rotation": ["0-math.sin((query.anim_time)*120)*03", 0, -2.5],
					"position": [-2.25, "6-math.sin((query.anim_time)*120)*0.3", "0+math.sin((query.anim_time)*120)*0.7"]
				},
				"Left_back_plate": {
					"rotation": [0, 0, 7.5]
				},
				"tread_5": {
					"rotation": [-37.5, 0, 0]
				},
				"tread_7": {
					"rotation": [-32.5, 0, 0]
				},
				"tread_6": {
					"rotation": [-42.5, 0, 0]
				},
				"tread_8": {
					"rotation": [-37.5, 0, 0]
				},
				"tread_9": {
					"rotation": [-22.5, 0, 0]
				},
				"body": {
					"rotation": ["0-math.sin((query.anim_time)*120)*3", 0, 0]
				},
				"Left_ear": {
					"rotation": [13.81465, -14.60559, "45.7211338711-math.sin((query.anim_time-0.1)*120)*03"]
				},
				"Right_ear": {
					"rotation": [13.81465, 14.60559, "-45.7211-math.sin((query.anim_time-0.1)*120)*03"]
				},
				"Eyes_Open": {
					"rotation": [0, 0, 0],
					"position": [0, 0, 1]
				}
			}
		}
	}
}