{
	"format_version": "1.12.0",
	"minecraft:geometry": [
		{
			"description": {
				"identifier": "geometry.eevee_male",
				"texture_width": 128,
				"texture_height": 64,
				"visible_bounds_width": 4,
				"visible_bounds_height": 2.5,
				"visible_bounds_offset": [0, 0.75, 0]
			},
			"bones": [
				{
					"name": "eevee",
					"pivot": [0, 0, 0]
				},
				{
					"name": "locator_root",
					"parent": "eevee",
					"pivot": [0, 0, 0],
					"locators": {
						"root": [0, 0, 0]
					}
				},
				{
					"name": "locator_top",
					"parent": "eevee",
					"pivot": [0, 18, 0],
					"locators": {
						"top": [0, 18, 0]
					}
				},
				{
					"name": "body",
					"parent": "eevee",
					"pivot": [0, 6.5, 0]
				},
				{
					"name": "locator_target",
					"parent": "body",
					"pivot": [0, 7.5, -11],
					"locators": {
						"target": [0, 7.5, -11]
					}
				},
				{
					"name": "locator_middle",
					"parent": "body",
					"pivot": [0, 9, 0],
					"locators": {
						"middle": [0, 9, 0]
					}
				},
				{
					"name": "waist",
					"parent": "body",
					"pivot": [0, 6.5, 3]
				},
				{
					"name": "torso",
					"parent": "waist",
					"pivot": [0, 6.5, 3],
					"cubes": [
						{"origin": [-3.5, 4.5, 1], "size": [7, 5, 4], "inflate": 0.25, "uv": [0, 14]}
					]
				},
				{
					"name": "torso2",
					"parent": "torso",
					"pivot": [0, 6.75, 1.25],
					"cubes": [
						{"origin": [-3, 4.25, -1.5], "size": [6, 5, 3], "uv": [0, 32]}
					]
				},
				{
					"name": "torso3",
					"parent": "torso2",
					"pivot": [0, 6.75, -1.25],
					"cubes": [
						{"origin": [-3, 4.25, -5], "size": [6, 5, 4], "inflate": 0.01, "uv": [0, 23]}
					]
				},
				{
					"name": "neck",
					"parent": "torso3",
					"pivot": [0, 6.7, -2.75],
					"rotation": [25, 0, 0],
					"cubes": [
						{"origin": [-2.5, 6.2, -4.9], "size": [5, 5, 4], "inflate": -0.01, "uv": [28, 0]}
					]
				},
				{
					"name": "neckfur",
					"parent": "neck",
					"pivot": [0, 10.2, -2.15],
					"rotation": [-5, 0, 0],
					"cubes": [
						{"origin": [-4, 7.45, -5.65], "size": [8, 3, 7], "uv": [72, 0]}
					]
				},
				{
					"name": "neckfur_front",
					"parent": "neckfur",
					"pivot": [0, 10.45, -5.65],
					"rotation": [-42.5, 0, 0],
					"cubes": [
						{"origin": [-4, 7.45, -5.65], "size": [8, 3, 3], "uv": [80, 10]}
					]
				},
				{
					"name": "neckfur_front2",
					"parent": "neckfur_front",
					"pivot": [0, 7.45, -4.65],
					"rotation": [-25, 0, 0],
					"cubes": [
						{"origin": [-2.5, 7.45, -4.65], "size": [5, 0, 3], "uv": [49, 59]}
					]
				},
				{
					"name": "neckfur_back",
					"parent": "neckfur",
					"pivot": [0, 10.45, 1.35],
					"rotation": [-32.5, 0, 0],
					"cubes": [
						{"origin": [-3, 8.35, 1.45], "size": [6, 2, 2], "inflate": 0.1, "uv": [63, 0]}
					]
				},
				{
					"name": "neckfur_back2",
					"parent": "neckfur_back",
					"pivot": [1, 9.8, 3.5],
					"cubes": [
						{"origin": [-1.5, 9.8, 3.5], "size": [3, 0, 2], "uv": [62, 55]}
					]
				},
				{
					"name": "fluff_left",
					"parent": "neckfur",
					"pivot": [4, 10.45, -0.65],
					"rotation": [0, 0, -35],
					"cubes": [
						{"origin": [2, 7.45, -5.65], "size": [2, 3, 7], "inflate": 0.01, "uv": [69, 10]}
					]
				},
				{
					"name": "fluff_left2",
					"parent": "fluff_left",
					"pivot": [3.75, 7.45, -2.4],
					"rotation": [0, 0, 50],
					"cubes": [
						{"origin": [3.75, 4.45, -4.15], "size": [0, 3, 4], "uv": [64, 55]}
					]
				},
				{
					"name": "fluff_right",
					"parent": "neckfur",
					"pivot": [-4, 10.45, -0.65],
					"rotation": [0, 0, 35],
					"cubes": [
						{"origin": [-4, 7.45, -5.65], "size": [2, 3, 7], "inflate": 0.01, "uv": [58, 4]}
					]
				},
				{
					"name": "fluff_right2",
					"parent": "fluff_right",
					"pivot": [-3.75, 7.45, -2.4],
					"rotation": [0, 0, -50],
					"cubes": [
						{"origin": [-3.75, 4.45, -4.15], "size": [0, 3, 4], "uv": [74, 55]}
					]
				},
				{
					"name": "head",
					"parent": "neck",
					"pivot": [0, 9.75, -2.3],
					"rotation": [-15, 0, 0]
				},
				{
					"name": "head_ai",
					"parent": "head",
					"pivot": [0, 9.75, -2.3]
				},
				{
					"name": "head_angle",
					"parent": "head_ai",
					"pivot": [0, 9.75, -2.3],
					"rotation": [-10, 0, 0],
					"cubes": [
						{"origin": [-3.5, 9.5, -6.5], "size": [7, 7, 7], "inflate": 0.16, "uv": [0, 0]}
					]
				},
				{
					"name": "item_hat",
					"parent": "head_angle",
					"pivot": [0, 16.65, -3],
					"locators": {
						"item_hat": [0, 16.65, -3]
					}
				},
				{
					"name": "locator_head",
					"parent": "head_angle",
					"pivot": [0, 16.65, -5.1],
					"locators": {
						"head": [0, 16.65, -5.1],
						"physical": [0, 9.65, -7.1]
					}
				},
				{
					"name": "locator_mouth",
					"parent": "head_angle",
					"pivot": [0, 9.65, -7.1],
					"locators": {
						"mouth": [0, 9.65, -7.1],
						"special": [0, 9.65, -7.1]
					}
				},
				{
					"name": "locator_item_face",
					"parent": "head_angle",
					"pivot": [0, 12.45, -6.75],
					"locators": {
						"item_face": [0, 12.45, -6.75]
					}
				},
				{
					"name": "locator_face",
					"parent": "head_angle",
					"pivot": [0, 12.45, -6.75],
					"locators": {
						"face": [0, 12.45, -6.75]
					}
				},
				{
					"name": "muzzle",
					"parent": "head_angle",
					"pivot": [0, 9, -7.05],
					"rotation": [10, 0, 0],
					"cubes": [
						{"origin": [-3.5, 9.25, -6.8], "size": [7, 2, 2], "inflate": 0.15, "uv": [42, 0]}
					]
				},
				{
					"name": "locator_item",
					"parent": "muzzle",
					"pivot": [0, 9.65, -7],
					"rotation": [90, 0, 0],
					"locators": {
						"item": [0, 9.65, -7]
					}
				},
				{
					"name": "mouth",
					"parent": "muzzle",
					"pivot": [0, 10.4, -6.95]
				},
				{
					"name": "mouth_open_wide",
					"parent": "mouth",
					"pivot": [0, 10.15, -6.86],
					"cubes": [
						{"origin": [-1.5, 9.65, -6.86], "size": [3, 1, 0], "uv": [21, 32]}
					]
				},
				{
					"name": "mouth_open_wide_tongue",
					"parent": "mouth_open_wide",
					"pivot": [0, 9.65, -6.87],
					"cubes": [
						{"origin": [-1.5, 9.15, -6.87], "size": [3, 1, 0], "uv": [21, 33], "mirror": true}
					]
				},
				{
					"name": "mouth_open_thin",
					"parent": "mouth",
					"pivot": [0, 10.15, -6.86],
					"cubes": [
						{"origin": [-1, 9.65, -6.86], "size": [2, 1, 0], "uv": [28, 32]}
					]
				},
				{
					"name": "mouth_open_thin_tongue",
					"parent": "mouth_open_thin",
					"pivot": [0, 9.65, -6.87],
					"cubes": [
						{"origin": [-1, 9.15, -6.87], "size": [2, 1, 0], "uv": [28, 33]}
					]
				},
				{
					"name": "mouth_open_happy",
					"parent": "mouth",
					"pivot": [0, 10.15, -6.86],
					"cubes": [
						{"origin": [-1.5, 9.65, -6.86], "size": [3, 1, 0], "uv": [21, 35]}
					]
				},
				{
					"name": "mouth_open_happy_tongue",
					"parent": "mouth_open_happy",
					"pivot": [0, 9.65, -6.87],
					"cubes": [
						{"origin": [-1, 9.15, -6.87], "size": [2, 1, 0], "uv": [21, 36]}
					]
				},
				{
					"name": "locator_jaw_upper",
					"parent": "mouth",
					"pivot": [0, 10.25, -7],
					"locators": {
						"jaw1": [0, 10.25, -7]
					}
				},
				{
					"name": "locator_jaw_lower",
					"parent": "mouth",
					"pivot": [0, 8.75, -7],
					"locators": {
						"jaw2": [0, 8.75, -7]
					}
				},
				{
					"name": "eyes",
					"parent": "head_angle",
					"pivot": [0, 13.1, -6.65]
				},
				{
					"name": "eye_left",
					"parent": "eyes",
					"pivot": [2.4, 12.1, -6.65]
				},
				{
					"name": "eye_left_emote",
					"parent": "eye_left",
					"pivot": [2.4, 11.6, -6.67],
					"cubes": [
						{"origin": [1.4, 11.1, -6.67], "size": [2, 2, 0], "uv": [28, 16]}
					]
				},
				{
					"name": "eye_left_emote2",
					"parent": "eye_left",
					"pivot": [2.4, 13.1, -6.67],
					"cubes": [
						{"origin": [2.4, 13.1, -6.67], "size": [1, 1, 0], "uv": [28, 15]}
					]
				},
				{
					"name": "eyeshine_left",
					"parent": "eye_left",
					"pivot": [1.9, 13.6, -6.67],
					"cubes": [
						{"origin": [1.4, 13.1, -6.67], "size": [1, 1, 0], "inflate": 0.005, "uv": [30, 15]}
					]
				},
				{
					"name": "locator_eye_left",
					"parent": "eye_left",
					"pivot": [2.4, 12.45, -6.7],
					"locators": {
						"eye2": [2.4, 12.45, -6.7]
					}
				},
				{
					"name": "eye_right",
					"parent": "eyes",
					"pivot": [-2.4, 12.1, -6.65]
				},
				{
					"name": "eye_right_emote",
					"parent": "eye_right",
					"pivot": [-2.4, 11.6, -6.67],
					"cubes": [
						{"origin": [-3.4, 11.1, -6.67], "size": [2, 2, 0], "uv": [23, 16]}
					]
				},
				{
					"name": "eye_right_emote2",
					"parent": "eye_right",
					"pivot": [-2.4, 13.1, -6.67],
					"cubes": [
						{"origin": [-3.4, 13.1, -6.67], "size": [1, 1, 0], "uv": [23, 15]}
					]
				},
				{
					"name": "eyeshine_right",
					"parent": "eye_right",
					"pivot": [-1.9, 13.6, -6.67],
					"cubes": [
						{"origin": [-2.4, 13.1, -6.67], "size": [1, 1, 0], "inflate": 0.005, "uv": [25, 15]}
					]
				},
				{
					"name": "locator_eye_right",
					"parent": "eye_right",
					"pivot": [-2.4, 12.45, -6.7],
					"locators": {
						"eye1": [-2.4, 12.45, -6.7]
					}
				},
				{
					"name": "eyelid_left",
					"parent": "eyes",
					"pivot": [2.4, 12.6, -6.07],
					"cubes": [
						{"origin": [1.4, 11.1, -6.57], "size": [2, 3, 1], "inflate": 0.01, "uv": [27, 27]}
					]
				},
				{
					"name": "eyelid_hurt_left",
					"parent": "eyes",
					"pivot": [2.4, 13.1, -6.07],
					"cubes": [
						{"origin": [1.4, 11.6, -6.57], "size": [2, 3, 0], "uv": [28, 23]}
					]
				},
				{
					"name": "eyelid_right",
					"parent": "eyes",
					"pivot": [-2.4, 12.6, -6.07],
					"cubes": [
						{"origin": [-3.4, 11.1, -6.57], "size": [2, 3, 1], "inflate": 0.01, "uv": [21, 27]}
					]
				},
				{
					"name": "eyelid_hurt_right",
					"parent": "eyes",
					"pivot": [-2.4, 13.1, -6.07],
					"cubes": [
						{"origin": [-3.4, 11.6, -6.57], "size": [2, 3, 0], "uv": [23, 23]}
					]
				},
				{
					"name": "hair",
					"parent": "head_angle",
					"pivot": [0.25, 16.5, -4.35]
				},
				{
					"name": "hair_left",
					"parent": "hair",
					"pivot": [0.75, 16.65, -4.35],
					"rotation": [5, -10, 0],
					"cubes": [
						{"origin": [0.25, 16.15, -4.55], "size": [2, 2, 0], "uv": [27, 54]}
					]
				},
				{
					"name": "hair_right",
					"parent": "hair",
					"pivot": [-0.2, 16.65, -4.35],
					"rotation": [5, 5, -20],
					"cubes": [
						{"origin": [-2, 15.75, -4.35], "size": [3, 3, 0], "uv": [19, 53]}
					]
				},
				{
					"name": "ears",
					"parent": "head_angle",
					"pivot": [-3, 15.2, -2.85]
				},
				{
					"name": "ear_right",
					"parent": "ears",
					"pivot": [-3, 15.2, -2.85],
					"rotation": [0, 0, 30],
					"cubes": [
						{"origin": [-8, 13.2, -2.85], "size": [5, 4, 0], "uv": [104, 2]}
					]
				},
				{
					"name": "ear_scruff_right",
					"parent": "ear_right",
					"pivot": [-3, 14.7, -2.85],
					"rotation": [0, -12.5, -12.5],
					"cubes": [
						{"origin": [-5, 14.2, -2.85], "size": [2, 2, 0], "uv": [33, 54]}
					]
				},
				{
					"name": "ear2_right",
					"parent": "ear_right",
					"pivot": [-8, 15.2, -2.85],
					"cubes": [
						{"origin": [-13, 13.2, -2.85], "size": [5, 4, 0], "uv": [104, 8]}
					]
				},
				{
					"name": "ear_left",
					"parent": "ears",
					"pivot": [3, 15.2, -2.85],
					"rotation": [0, 0, -30],
					"cubes": [
						{"origin": [3, 13.2, -2.85], "size": [5, 4, 0], "uv": [116, 2]}
					]
				},
				{
					"name": "ear_scruff_left",
					"parent": "ear_left",
					"pivot": [3, 14.7, -2.85],
					"rotation": [0, 12.5, 12.5],
					"cubes": [
						{"origin": [3, 14.2, -2.85], "size": [2, 2, 0], "uv": [39, 54]}
					]
				},
				{
					"name": "ear2_left",
					"parent": "ear_left",
					"pivot": [8, 15.2, -2.85],
					"cubes": [
						{"origin": [8, 13.2, -2.85], "size": [5, 4, 0], "uv": [116, 8]}
					]
				},
				{
					"name": "tail1",
					"parent": "torso",
					"pivot": [0, 8.75, 5],
					"cubes": [
						{"origin": [-2.5, 6.3, 4.5], "size": [5, 5, 4], "uv": [84, 55]}
					]
				},
				{
					"name": "tail2",
					"parent": "tail1",
					"pivot": [0, 8.8, 7],
					"cubes": [
						{"origin": [-3.5, 5.3, 6.5], "size": [7, 7, 6], "uv": [102, 51]}
					]
				},
				{
					"name": "locator_tail",
					"parent": "tail2",
					"pivot": [0, 8.8, 9.5],
					"rotation": [-180, 0, 180],
					"locators": {
						"tail": [0, 8.8, 9.5]
					}
				},
				{
					"name": "tail3",
					"parent": "tail2",
					"pivot": [0, 8.8, 12],
					"cubes": [
						{"origin": [-2.5, 6.3, 10.5], "size": [5, 5, 5], "uv": [108, 31]}
					]
				},
				{
					"name": "tail4",
					"parent": "tail3",
					"pivot": [0, 8.8, 15.5],
					"cubes": [
						{"origin": [0, 7.3, 13.5], "size": [0, 3, 5], "uv": [52, 49]}
					]
				},
				{
					"name": "locator_tail_tip",
					"parent": "tail4",
					"pivot": [0, 8.8, 18.5],
					"rotation": [-180, 0, 180],
					"locators": {
						"tail_tip": [0, 8.8, 18.5]
					}
				},
				{
					"name": "ftorso2",
					"parent": "waist",
					"pivot": [0, 6.75, 1.25]
				},
				{
					"name": "ftorso3",
					"parent": "ftorso2",
					"pivot": [0, 6.75, -1.25]
				},
				{
					"name": "front_legs",
					"parent": "ftorso3",
					"pivot": [0, 6.25, -3.8]
				},
				{
					"name": "front_leg_left",
					"parent": "front_legs",
					"pivot": [2.1, 6.25, -3.8],
					"cubes": [
						{"origin": [1.1, 3.75, -4.8], "size": [2, 4, 2], "inflate": 0.25, "uv": [28, 58]}
					]
				},
				{
					"name": "elbow_left",
					"parent": "front_leg_left",
					"pivot": [2.1, 3.75, -2.8],
					"cubes": [
						{"origin": [1.1, 0.75, -4.8], "size": [2, 3, 2], "inflate": 0.01, "uv": [8, 40]}
					]
				},
				{
					"name": "frontpaw_left",
					"parent": "elbow_left",
					"pivot": [2.1, 0.75, -4.05],
					"cubes": [
						{"origin": [1.1, 0.1, -5.3], "size": [2, 1, 2], "inflate": 0.1, "uv": [42, 57]},
						{"origin": [1.6, 0.1, -4.8], "size": [1, 0, 1], "inflate": 0.11, "uv": [0, 4]}
					]
				},
				{
					"name": "locator_foot_secondary1",
					"parent": "frontpaw_left",
					"pivot": [2.1, 0.5, -4.3],
					"rotation": [90, 0, 0],
					"locators": {
						"foot_secondary": [2.1, 0.5, -4.3]
					}
				},
				{
					"name": "front_leg_right",
					"parent": "front_legs",
					"pivot": [-2.1, 6.25, -3.8],
					"cubes": [
						{"origin": [-3.1, 3.75, -4.8], "size": [2, 4, 2], "inflate": 0.25, "uv": [20, 58]}
					]
				},
				{
					"name": "elbow_right",
					"parent": "front_leg_right",
					"pivot": [-2.1, 3.75, -2.8],
					"cubes": [
						{"origin": [-3.1, 0.75, -4.8], "size": [2, 3, 2], "inflate": 0.01, "uv": [0, 40]}
					]
				},
				{
					"name": "frontpaw_right",
					"parent": "elbow_right",
					"pivot": [-2.1, 0.75, -4.05],
					"cubes": [
						{"origin": [-3.1, 0.1, -5.3], "size": [2, 1, 2], "inflate": 0.1, "uv": [36, 58]},
						{"origin": [-2.6, 0.1, -4.8], "size": [1, 0, 1], "inflate": 0.11, "uv": [2, 5]}
					]
				},
				{
					"name": "locator_foot_primary",
					"parent": "frontpaw_right",
					"pivot": [-2.1, 0.5, -4.3],
					"rotation": [90, 0, 0],
					"locators": {
						"foot_primary": [-2.1, 0.5, -4.3]
					}
				},
				{
					"name": "back_legs",
					"parent": "body",
					"pivot": [0, 7.2, 3.2]
				},
				{
					"name": "back_leg_left",
					"parent": "back_legs",
					"pivot": [2.75, 7.2, 3.2],
					"cubes": [
						{"origin": [1.75, 3.3, 1.7], "size": [2, 5, 3], "inflate": 0.25, "uv": [10, 56]}
					]
				},
				{
					"name": "knee_left",
					"parent": "back_leg_left",
					"pivot": [2.75, 3.05, 2.7],
					"rotation": [37.5, 0, 0],
					"cubes": [
						{"origin": [1.75, 1.05, 2.7], "size": [2, 2, 2], "uv": [8, 50]}
					]
				},
				{
					"name": "ankle_left",
					"parent": "knee_left",
					"pivot": [2.75, 1.05, 4.7],
					"rotation": [-65, 0, 0],
					"cubes": [
						{"origin": [1.75, -1.95, 2.7], "size": [2, 3, 2], "inflate": 0.01, "uv": [8, 45]}
					]
				},
				{
					"name": "backpaw_left",
					"parent": "ankle_left",
					"pivot": [2.75, -1.75, 3.55],
					"rotation": [27.5, 0, 0],
					"cubes": [
						{"origin": [1.75, -2.4, 2.15], "size": [2, 1, 2], "inflate": 0.1, "uv": [42, 60]},
						{"origin": [2.25, -2.4, 2.7], "size": [1, 0, 1], "inflate": 0.11, "uv": [2, 4]}
					]
				},
				{
					"name": "locator_foot_secondary3",
					"parent": "backpaw_left",
					"pivot": [2.75, -2, 3.15],
					"rotation": [90, 0, 0],
					"locators": {
						"foot_secondary3": [2.75, -2, 3.15]
					}
				},
				{
					"name": "back_leg_right",
					"parent": "back_legs",
					"pivot": [-2.75, 7.2, 3.2],
					"cubes": [
						{"origin": [-3.75, 3.3, 1.7], "size": [2, 5, 3], "inflate": 0.25, "uv": [0, 56]}
					]
				},
				{
					"name": "knee_right",
					"parent": "back_leg_right",
					"pivot": [-2.75, 3.05, 2.7],
					"rotation": [37.5, 0, 0],
					"cubes": [
						{"origin": [-3.75, 1.05, 2.7], "size": [2, 2, 2], "uv": [0, 50], "mirror": true}
					]
				},
				{
					"name": "ankle_right",
					"parent": "knee_right",
					"pivot": [-2.75, 1.05, 4.7],
					"rotation": [-65, 0, 0],
					"cubes": [
						{"origin": [-3.75, -1.95, 2.7], "size": [2, 3, 2], "inflate": 0.01, "uv": [0, 45]}
					]
				},
				{
					"name": "backpaw_right",
					"parent": "ankle_right",
					"pivot": [-2.75, -1.75, 3.55],
					"rotation": [27.5, 0, 0],
					"cubes": [
						{"origin": [-3.75, -2.4, 2.15], "size": [2, 1, 2], "inflate": 0.1, "uv": [36, 61]},
						{"origin": [-3.25, -2.4, 2.7], "size": [1, 0, 1], "inflate": 0.11, "uv": [0, 5]}
					]
				},
				{
					"name": "locator_foot_secondary2",
					"parent": "backpaw_right",
					"pivot": [-2.75, -2, 3.15],
					"rotation": [90, 0, 0],
					"locators": {
						"foot_secondary2": [-2.75, -2, 3.15]
					}
				}
			]
		}
	]
}