{
	"format_version": "1.8.0",
	"animations": {
		"animation.mew.ground_idle": {
			"loop": true,
			"bones": {
				"body": {
					"position": [0, 6, 0]
				},
				"arm_left": {
					"rotation": [-1.10693, 12.45167, 29.87924]
				},
				"arm_left2": {
					"rotation": [0, 0, 15]
				},
				"arm_right": {
					"rotation": [-1.10693, -12.45167, -29.87924]
				},
				"arm_right2": {
					"rotation": [0, 0, -15]
				},
				"leg_left": {
					"rotation": [0, 0, 7.5]
				},
				"bone11": {
					"rotation": [59.93507, 2.59111, 0.90014]
				},
				"bone21": {
					"rotation": [-7.5, 0, 0]
				},
				"leg_right": {
					"rotation": [0, 0, -7.5],
					"position": [0, 0, 0]
				},
				"bone13": {
					"rotation": [75.69, -8.8, -8.91]
				},
				"bone20": {
					"rotation": [-7.5, 0, 0]
				}
			}
		},
		"animation.mew.ground_walk": {
			"loop": true,
			"bones": {
				"body": {
					"position": [0, 6, 0]
				},
				"arm_left": {
					"rotation": [-1.10693, 12.45167, 29.87924]
				},
				"arm_left2": {
					"rotation": [0, 0, 15]
				},
				"arm_right": {
					"rotation": [-1.10693, -12.45167, -29.87924]
				},
				"arm_right2": {
					"rotation": [0, 0, -15]
				},
				"leg_left": {
					"rotation": [54.76837, -6.13784, 4.31837],
					"position": [-0.39158, -1.70601, 2.43643]
				},
				"bone11": {
					"rotation": [59.93507, 2.59111, 0.90014]
				},
				"bone21": {
					"rotation": [-7.5, 0, 0]
				},
				"leg_right": {
					"rotation": [54.76837, 6.13784, -4.31837],
					"position": [0.39158, -1.70601, 2.43643]
				},
				"bone13": {
					"rotation": [75.69, -8.8, -8.91]
				},
				"bone20": {
					"rotation": [-7.5, 0, 0]
				},
				"torso": {
					"rotation": [45, 0, 0]
				},
				"tail": {
					"rotation": [-32.5, 0, 0],
					"position": [-0.22928, -0.95521, -0.1871]
				},
				"chest": {
					"rotation": [-15, 0, 0]
				},
				"neck": {
					"rotation": [-10, 0, 0]
				},
				"head": {
					"rotation": [-15, 0, 0]
				}
			}
		},
		"animation.mew.tail_kayer": {
			"loop": true,
			"bones": {
				"tail": {
					"rotation": [0, "math.cos((query.anim_time - 0.5) * 90) * 16", "math.cos((query.anim_time - 0.5) * 90) * 16"]
				},
				"tail2": {
					"rotation": [0, "math.cos((query.anim_time - 0.8) * 90) * 16", 0]
				},
				"tail3": {
					"rotation": [0, "math.cos((query.anim_time - 1.1) * 90) * 16", 0]
				},
				"tail4": {
					"rotation": [0, "math.cos((query.anim_time - 1.4) * 90) * 16", 0]
				},
				"tail5": {
					"rotation": [0, "math.cos((query.anim_time - 1.7) * 90) * 16", 0]
				},
				"tail6": {
					"rotation": [0, "math.cos((query.anim_time - 2.0) * 90) * 16", 0]
				},
				"tail7": {
					"rotation": [0, "math.cos((query.anim_time - 2.3) * 90) * 16", 0]
				}
			}
		}
	}
}