{
	"format_version": "1.8.0",
	"animations": {
		"animation.tapukoko.ground_idle": {
			"loop": true,
			"bones": {
				"arm_right3": {
					"rotation": [0, "-45-Math.cos((query.anim_time - 0.5) * 360) * 2", 0]
				},
				"arm_right2": {
					"rotation": [0, 0, "-25-Math.cos((query.anim_time - 0.2) * 360) * 2"],
					"position": [2, 1, 0]
				},
				"arm_left2": {
					"rotation": [0, 0, "25+Math.cos((query.anim_time - 0.2) * 360) * 2"],
					"position": [-2, 1, 0]
				},
				"arm_left3": {
					"rotation": [0, "45+Math.cos((query.anim_time - 0.5) * 360) * 2", 0]
				},
				"beak_left": {
					"rotation": [22.5, 45, 0],
					"position": [-1, 0, -1]
				},
				"shell_left": {
					"rotation": [0, 0, 0],
					"position": [0, 0, 3.5]
				},
				"hip": {
					"rotation": ["Math.cos((query.anim_time - 0.5) * 180) * 2", 0, 0]
				},
				"torso": {
					"rotation": [0, "Math.cos((query.anim_time - 0.2) * 360) * 2", 0]
				},
				"head": {
					"rotation": ["Math.cos((query.anim_time - 0.2) * 360) * 2", 0, 0]
				},
				"body": {
					"position": [0, "2+Math.cos((query.anim_time - 0.2) * 360) * 2", 0]
				},
				"beak_right": {
					"rotation": [22.5, -45, 0],
					"position": [1, 0, -1]
				},
				"shell_right": {
					"rotation": [0, 0, 0],
					"position": [0, 0, 3.5]
				}
			}
		},
		"animation.tapukoko.ground_walk": {
			"loop": true,
			"bones": {
				"arm_right3": {
					"rotation": [0, "-45-Math.cos((query.anim_time - 0.5) * 360) * 2", 0]
				},
				"arm_right2": {
					"rotation": [0, 17.5, "-25-Math.cos((query.anim_time - 0.2) * 360) * 2"],
					"position": [2, 1, 0]
				},
				"arm_left2": {
					"rotation": [0, -17.5, "25+Math.cos((query.anim_time - 0.2) * 360) * 2"],
					"position": [-2, 1, 0]
				},
				"arm_left3": {
					"rotation": [0, "45+Math.cos((query.anim_time - 0.5) * 360) * 2", 0]
				},
				"beak_left": {
					"rotation": [22.5, 45, 0],
					"position": [-1, 0, -1]
				},
				"shell_left": {
					"rotation": [0, 0, 0],
					"position": [0, 0, 3.5]
				},
				"hip": {
					"rotation": ["Math.cos((query.anim_time - 0.5) * 180) * 2", 0, 0]
				},
				"torso": {
					"rotation": [0, "Math.cos((query.anim_time - 0.2) * 360) * 2", 0]
				},
				"head": {
					"rotation": ["-15+Math.cos((query.anim_time - 0.2) * 360) * 2", 0, 0]
				},
				"body": {
					"rotation": [17.5, 0, 0],
					"position": [0, "2+Math.cos((query.anim_time - 0.2) * 360) * 2", 0]
				},
				"beak_right": {
					"rotation": [22.5, -45, 0],
					"position": [1, 0, -1]
				},
				"shell_right": {
					"rotation": [0, 0, 0],
					"position": [0, 0, 3.5]
				}
			}
		},
		"animation.tapukoko.cry": {
			"animation_length": 1.7917,
			"bones": {
				"head": {
					"rotation": {
						"0.0": [0, 0, 0],
						"0.25": [20, 0, 0],
						"0.5": [-20, 0, 0],
						"0.5417": [-22.5, 0, 0],
						"0.5833": [-20, 0, 0],
						"0.625": [-20, 0, 0],
						"0.6667": [-22.5, 0, 0],
						"0.7083": [-20, 0, 0],
						"0.75": [-22.5, 0, 0],
						"1.25": [0, 0, 0],
						"1.7917": [0, 0, 0]
					}
				},
				"bone26": {
					"position": {
						"0.0": [0, 0, 0],
						"0.2083": [0, 0, 0],
						"0.25": [0, 0, -1],
						"0.3333": [0, 0, -1],
						"0.5": [0, 0, 0],
						"1.0": [0, 0, 0]
					}
				},
				"bone19": {
					"position": {
						"0.0": [0, 0, 0],
						"0.2083": [0, 0, 0],
						"0.25": [0, 0, -1],
						"0.3333": [0, 0, -1],
						"0.5": [0, 0, 0],
						"1.0": [0, 0, 0]
					}
				}
			},
			"sound_effects": {
				"0.0": {
					"effect": "tapukoko"
				}
			}
		},
		"animation.tapukoko.blink": {
			"animation_length": 0.125,
			"bones": {
				"bone19": {
					"position": {
						"0.0": [0, 0, -1],
						"0.0833": [0, 0, 0],
						"0.125": [0, 0, -1]
					}
				},
				"bone26": {
					"position": {
						"0.0": [0, 0, -1],
						"0.0833": [0, 0, 0],
						"0.125": [0, 0, -1]
					}
				}
			}
		},
		"animation.tapukoko.sleep": {
			"loop": true,
			"bones": {
				"torso": {
					"rotation": ["20-Math.cos((query.anim_time - 0.2) * 90) * 2", 0, 0]
				},
				"arm_left2": {
					"rotation": [0, 0, 25],
					"position": [-3, 1, 0]
				},
				"arm_left3": {
					"rotation": [0, 45, 0],
					"position": [-2, 0, 2]
				},
				"beak_left": {
					"rotation": [25, 45, 0],
					"position": [-3.3, -4.55, -7]
				},
				"shell_left": {
					"rotation": [0, 0, 0],
					"position": [0, 0, 3],
					"scale": 1
				},
				"arm_right2": {
					"rotation": [0, 0, -25],
					"position": [9, -0.6, -2.7]
				},
				"arm_right3": {
					"rotation": [0, -45, 0],
					"position": [2, 0, 2]
				},
				"hip": {
					"rotation": ["-30+Math.cos((query.anim_time - 0.5) * 90) * 2", 0, 0],
					"position": [0, -1, 1]
				},
				"bone19": {
					"position": [0, 0, -1]
				},
				"bone26": {
					"position": [0, 0, -1]
				},
				"hair": {
					"position": [-0.5, 0, 1]
				},
				"beak_right": {
					"rotation": [25, -45, 0],
					"position": [1, 0, -1]
				},
				"shell_right": {
					"rotation": [0, 0, 0],
					"position": [0, 0, 3]
				}
			}
		}
	}
}