{
	"format_version": "1.8.0",
	"animations": {
		"animation.lameyser.ground_idle": {
			"loop": true,
			"bones": {
				"body": {
					"rotation": [0, "math.sin(q.anim_time*-90)*2", 0],
					"position": ["math.sin(q.anim_time*-90)*0.2", 0, 0]
				},
				"neck": {
					"rotation": [0, "math.sin(q.anim_time*90+90)*6", 0]
				},
				"head": {
					"rotation": ["math.sin(q.anim_time*180)*2-5", "math.sin(q.anim_time*90+180)*2", 0]
				},
				"upper_neck": {
					"rotation": [0, "math.sin(q.anim_time*90+90)*6", 0]
				}
			}
		},
		"animation.lameyser.battle_idle": {
			"loop": true,
			"bones": {
				"body": {
					"rotation": [5, "math.sin(q.anim_time*-135)*2", 0],
					"position": ["math.sin(q.anim_time*-135)*0.2", "math.sin(q.anim_time*-270-90)*0.05", 0]
				},
				"neck": {
					"rotation": ["2.5+math.sin(q.anim_time*270+90)", "math.sin(q.anim_time*135)*4", 0],
					"position": [0, 0, -0.5]
				},
				"head": {
					"rotation": ["math.sin(q.anim_time*270)*2-5", "math.sin(q.anim_time*135+180)*2", "math.sin(q.anim_time*135+180+90)*5"]
				},
				"upper_neck": {
					"rotation": [10, "math.sin(q.anim_time*135+90)*6", 0]
				},
				"left_fur": {
					"rotation": [0, 0, 5]
				},
				"right_fur": {
					"rotation": [0, 0, -5]
				}
			}
		},
		"animation.lameyser.ground_walk": {
			"loop": true,
			"bones": {
				"body": {
					"rotation": ["math.sin(q.anim_time*540)*1", "math.sin(q.anim_time*270)*2", "math.sin(q.anim_time*270)*4"],
					"position": [0, "math.sin(q.anim_time*540)*0.2+0.5", 0]
				},
				"right_fur": {
					"rotation": [0, 0, -7.5]
				},
				"left_fur": {
					"rotation": [0, 0, 7.5]
				},
				"neck": {
					"rotation": ["math.sin(q.anim_time*540+45)*2", "math.sin(q.anim_time*270+180)*4", 0]
				},
				"head": {
					"rotation": ["-math.sin(q.anim_time*540+90)*2-5", "math.sin(q.anim_time*270)*4", 0]
				},
				"front_left_leg": {
					"rotation": ["-math.clamp(math.sin(q.anim_time*270-45)*20+10,0,200)*0.66", 0, "math.clamp(math.sin(q.anim_time*270)*20+10,0,200)*0.2"],
					"position": [
						0,
						"math.clamp(math.clamp(math.sin(q.anim_time*270)*1+0.5,0,2)-math.clamp(math.sin(q.anim_time*270-180+90)*2-1,0,2),0,100)",
						"math.sin(q.anim_time*270+90)*1+0.5"
					]
				},
				"front_leg_lower_leg": {
					"rotation": ["5+math.clamp(math.sin(q.anim_time*270-180)*20+10,0,200)*-0.5", 0, 0]
				},
				"front_right_leg": {
					"rotation": ["-math.clamp(math.sin(q.anim_time*270-180-45)*20+10,0,200)*0.66", 0, "-math.clamp(math.sin(q.anim_time*270-180)*20+10,0,200)*0.2"],
					"position": [
						0,
						"math.clamp(math.clamp(math.sin(q.anim_time*270-180-45)*1+0.5,0,2)-math.clamp(math.sin(q.anim_time*270-180-135)*2-1,0,2),0,100)",
						"math.sin(q.anim_time*270-45-90)*1+0.5"
					]
				},
				"front_leg_lower_leg2": {
					"rotation": ["5+math.clamp(math.sin(q.anim_time*270-180)*20+10,0,200)*0.5", 0, 0]
				},
				"back_left_leg": {
					"rotation": [
						"math.clamp(-math.clamp(math.sin(q.anim_time*270-180-90)*20+10,-5,200)*0.66-3,-100,0)",
						0,
						"math.clamp(math.sin(q.anim_time*270-180-45)*20+10,0,200)*0.2"
					],
					"position": [
						"-math.sin(q.anim_time*270)*0.3-0.3",
						"math.clamp(math.clamp(math.sin(q.anim_time*270-180-45)*1+0.5,0,2)-math.clamp(math.sin(q.anim_time*270-180-135)*2-1,0,2),0,100)",
						"math.sin(q.anim_time*270-90-45)*1-1"
					]
				},
				"back_left_lower_leg": {
					"rotation": ["5-math.clamp(math.sin(q.anim_time*270-180)*20+10,0,200)*-0.5", 0, 0]
				},
				"back_right_leg": {
					"rotation": [
						"math.clamp(-math.clamp(math.sin(q.anim_time*270-90)*20+10,-5,200)*0.66-3,-100,0)",
						0,
						"-math.clamp(math.sin(q.anim_time*270-45)*20+10,0,200)*0.2"
					],
					"position": [
						"-math.sin(q.anim_time*270)*0.3+0.3",
						"math.clamp(math.clamp(math.sin(q.anim_time*270-45)*1+0.5,0,2)-math.clamp(math.sin(q.anim_time*270-180+45)*2-1,0,2),0,100)",
						"math.sin(q.anim_time*270+90-45)*1-1"
					]
				},
				"back_right_lower_leg": {
					"rotation": ["5+math.clamp(math.sin(q.anim_time*270-180)*20+10,0,200)*0.5", 0, 0]
				},
				"upper_neck": {
					"rotation": ["math.sin(q.anim_time*540+45+90)*1", "math.sin(q.anim_time*270+270)*6", 0]
				}
			}
		},
		"animation.lameyser.sleep": {
			"loop": true,
			"bones": {
				"lameyser": {
					"position": [0, -13, 0]
				},
				"body": {
					"position": [0, -2, 0]
				},
				"neck": {
					"rotation": [10, 0, 0]
				},
				"head": {
					"rotation": ["12.5+math.sin(q.anim_time*180)*2-5", 0, 0]
				},
				"front_left_leg": {
					"rotation": [-34.60125, 8.42145, 5.41207]
				},
				"front_leg_lower_leg": {
					"rotation": [132.5, 0, 0]
				},
				"front_right_leg": {
					"rotation": [-34.60125, -8.42145, -5.41207]
				},
				"front_leg_lower_leg2": {
					"rotation": [132.5, 0, 0]
				},
				"back_left_leg": {
					"rotation": [-50, 0, 0],
					"position": [0, -3, 0]
				},
				"back_left_lower_leg": {
					"rotation": [155, 0, 0],
					"position": [0, 2.9, 2.3]
				},
				"back_right_leg": {
					"rotation": [-50, 0, 0],
					"position": [0, -3, 0]
				},
				"back_right_lower_leg": {
					"rotation": [155, 0, 0],
					"position": [0, 2.9, 2.3]
				},
				"upper_neck": {
					"rotation": [20, 0, 0]
				},
				"jaw": {
					"rotation": [20, 0, 0]
				}
			}
		},
		"animation.lameyser.cry": {
			"animation_length": 2.6667,
			"bones": {
				"neck": {
					"rotation": {
						"0.0": {
							"post": [0, 0, 0],
							"lerp_mode": "catmullrom"
						},
						"0.25": {
							"post": [7, 0, 0],
							"lerp_mode": "catmullrom"
						},
						"0.5": {
							"post": [-11, -5, 0],
							"lerp_mode": "catmullrom"
						},
						"0.75": {
							"post": [-9.72, 5, 0],
							"lerp_mode": "catmullrom"
						},
						"1.0": {
							"post": [-8.07, -5, 0],
							"lerp_mode": "catmullrom"
						},
						"1.25": {
							"post": [-6.11, 3, 0],
							"lerp_mode": "catmullrom"
						},
						"1.5": {
							"post": [-3.86, -3, 0],
							"lerp_mode": "catmullrom"
						},
						"1.75": {
							"post": [-1.29, 0, 0],
							"lerp_mode": "catmullrom"
						},
						"2.0": {
							"post": [0, 0, 0],
							"lerp_mode": "catmullrom"
						}
					}
				},
				"head": {
					"rotation": {
						"0.0": ["math.sin(q.anim_time*360*0.5+90)*20-20", 0, 0],
						"0.1667": [-8.65, 0, 0],
						"0.5": [-19, 0, 0],
						"1.0": [-19.23, "math.sin(q.anim_time*360*2)*2", 0],
						"1.5": [-18.99, 0, 0],
						"2.5417": [1.01, 0, 0]
					}
				},
				"upper_neck": {
					"rotation": {
						"0.0417": ["-math.sin(q.anim_time*360-180-135)*15+10.5", 0, 0],
						"1.0417": [0, "math.sin(q.anim_time*360*2+90)*5", 0],
						"2.0417": [0, 0, 0]
					}
				},
				"jaw": {
					"rotation": {
						"0.0": [0, 0, 0],
						"0.25": [32.5, 0, 0],
						"2.125": [32.5, 0, 0],
						"2.375": [0, 0, 0]
					}
				}
			},
			"sound_effects": {
				"0.3333": {
					"effect": "pokemon.lameyser.cry"
				}
			}
		},
		"animation.lameyser.blink": {
			"animation_length": 0.5417,
			"bones": {
				"head": {
					"rotation": {
						"0.0": [0, 0, 0],
						"0.2917": [7.5, 0, 0],
						"0.4167": [0, 0, 0]
					}
				}
			}
		}
	}
}