{
	"format_version": "1.8.0",
	"animations": {
		"animation.camerupt_dawnian.ground_idle": {
			"loop": true,
			"bones": {
				"tail": {
					"rotation": [-17.5, 0, 0]
				},
				"tail2": {
					"rotation": [7.5, 0, 0]
				},
				"neck": {
					"rotation": [7.5, 0, 0]
				},
				"ear_right": {
					"rotation": [0, 0, 15]
				},
				"ear_left": {
					"rotation": [0, 0, -15]
				},
				"volcano": {
					"rotation": [5, 0, 0]
				},
				"torso": {
					"rotation": [0, "math.sin(q.anim_time*-90)*2", 0],
					"position": ["math.sin(q.anim_time*-90)*0.2", 0, 0]
				},
				"head": {
					"rotation": ["math.sin(q.anim_time*180)*2-5", "math.sin(q.anim_time*90+180)*2", 0]
				},
				"leg_front_left4": {
					"rotation": [0, 0, "-(math.sin(q.anim_time*-90)*1)"],
					"position": ["-(math.sin(q.anim_time*-90)*0.2)", 0, 0]
				},
				"leg_front_right4": {
					"rotation": [0, 0, "math.sin(q.anim_time*-90)*1"],
					"position": ["math.sin(q.anim_time*-90)*0.2", 0, 0]
				}
			}
		},
		"animation.camerupt_dawnian.battle_idle": {
			"loop": true,
			"bones": {
				"tail": {
					"rotation": [-17.5, 0, 0]
				},
				"tail2": {
					"rotation": [7.5, 0, 0]
				},
				"neck": {
					"rotation": [7.5, 0, 0]
				},
				"ear_right": {
					"rotation": [0, 0, 15]
				},
				"ear_left": {
					"rotation": [0, 0, -15]
				},
				"volcano": {
					"rotation": [5, 0, 0]
				},
				"torso": {
					"rotation": [5, "math.sin(q.anim_time*-135)*2", 0],
					"position": ["math.sin(q.anim_time*-135)*0.2", "math.sin(q.anim_time*-270-90)*0.05", 0]
				},
				"head": {
					"rotation": ["math.sin(q.anim_time*270)*2-15", "math.sin(q.anim_time*135+180)*2", "math.sin(q.anim_time*135+180+90)*5"]
				},
				"leg_front_left4": {
					"rotation": [0, 0, "-(math.sin(q.anim_time*-90)*1)"],
					"position": ["-(math.sin(q.anim_time*-90)*0.2)", 0, 0]
				},
				"leg_front_right4": {
					"rotation": [0, 0, "math.sin(q.anim_time*-90)*1"],
					"position": ["math.sin(q.anim_time*-90)*0.2", 0, 0]
				}
			}
		},
		"animation.camerupt_dawnian.ground_walk": {
			"loop": true,
			"bones": {
				"torso": {
					"rotation": ["math.sin(q.anim_time*540)*1", "math.sin(q.anim_time*270)*2", "math.sin(q.anim_time*270)*4"],
					"position": [0, "math.sin(q.anim_time*540)*0.2+0.5", 0]
				},
				"head": {
					"rotation": ["-math.sin(q.anim_time*540+90)*2-5", "math.sin(q.anim_time*270)*4", 0]
				},
				"ear_right": {
					"rotation": [0, "-math.sin(q.anim_time*540+90)*6-6", "-math.sin(q.anim_time*270)*4"]
				},
				"ear_left": {
					"rotation": [0, "math.sin(q.anim_time*540+90)*6-6", "math.sin(q.anim_time*270)*4"]
				},
				"leg_front_right2": {
					"rotation": ["-math.clamp(math.sin(q.anim_time*270-45)*20+10,0,200)*0.66", 0, "math.clamp(math.sin(q.anim_time*270)*20+10,0,200)*0.66"],
					"position": [
						0,
						"math.clamp(math.clamp(math.sin(q.anim_time*270)*1+0.5,0,2)-math.clamp(math.sin(q.anim_time*270-180+90)*2-1,0,2),0,100)",
						"math.sin(q.anim_time*270+90)*1+0.5"
					]
				},
				"leg_front_left2": {
					"rotation": ["-math.clamp(math.sin(q.anim_time*270-180-45)*20+10,0,200)*0.66", 0, "-math.clamp(math.sin(q.anim_time*270-180)*20+10,0,200)*0.66"],
					"position": [
						0,
						"math.clamp(math.clamp(math.sin(q.anim_time*270-180-45)*1+0.5,0,2)-math.clamp(math.sin(q.anim_time*270-180-135)*2-1,0,2),0,100)",
						"math.sin(q.anim_time*270-45-90)*1+0.5"
					]
				},
				"leg_front_left4": {
					"rotation": [
						"math.clamp(-math.clamp(math.sin(q.anim_time*270-90)*20+10,-5,200)*0.66-3,-100,0)",
						0,
						"-math.clamp(math.sin(q.anim_time*270-45)*20+10,0,200)*0.66"
					],
					"position": [
						"-math.sin(q.anim_time*270)*0.3+0.3",
						"math.clamp(math.clamp(math.sin(q.anim_time*270-45)*1+0.5,0,2)-math.clamp(math.sin(q.anim_time*270-180+45)*2-1,0,2),0,100)",
						"math.sin(q.anim_time*270+90-45)*1-1"
					]
				},
				"leg_front_right4": {
					"rotation": [
						"math.clamp(-math.clamp(math.sin(q.anim_time*270-180-90)*20+10,-5,200)*0.66-3,-100,0)",
						0,
						"math.clamp(math.sin(q.anim_time*270-180-45)*20+10,0,200)*0.66"
					],
					"position": [
						"-math.sin(q.anim_time*270)*0.3-0.3",
						"math.clamp(math.clamp(math.sin(q.anim_time*270-180-45)*1+0.5,0,2)-math.clamp(math.sin(q.anim_time*270-180-135)*2-1,0,2),0,100)",
						"math.sin(q.anim_time*270-90-45)*1-1"
					]
				}
			}
		},
		"animation.camerupt_dawnian.sleep": {
			"loop": true,
			"bones": {
				"body": {
					"position": [0, -6, 0]
				},
				"neck": {
					"rotation": [37.5, 0, 0]
				},
				"head": {
					"rotation": [-27.5, 0, 0]
				},
				"leg_front_right": {
					"rotation": [0, 0, 90],
					"position": [2, -10, 0]
				},
				"leg_front_left": {
					"rotation": [0, 0, -90],
					"position": [-2, -10, 0]
				},
				"leg_back_left": {
					"rotation": [0, 0, -90],
					"position": [-2, -10, 0]
				},
				"leg_back_right": {
					"rotation": [0, 0, 90],
					"position": [2, -10, 0]
				}
			}
		},
		"animation.camerupt_dawnian.cry": {
			"animation_length": 2,
			"bones": {
				"neck": {
					"rotation": {
						"0.0": [0, 0, 0],
						"0.25": [10, 0, 0],
						"1.25": [10, 0, 0],
						"1.5": [0, 0, 0]
					}
				},
				"head": {
					"rotation": {
						"0.0": [0, 0, 0],
						"0.25": [-10, 0, 0],
						"1.25": [-10, 0, 0],
						"1.5": [0, 0, 0]
					}
				},
				"jaw": {
					"rotation": {
						"0.0": [0, 0, 0],
						"0.25": [67.5, 0, 0],
						"1.25": [67.5, 0, 0],
						"1.5": [0, 0, 0]
					}
				}
			},
			"sound_effects": {
				"0.0833": {
					"effect": "pokemon.camerupt_dawnian.cry"
				}
			}
		},
		"animation.camerupt_dawnian.blink": {
			"animation_length": 0.1667,
			"bones": {
				"eyelid_right": {
					"position": {
						"0.0": [-0.1, 0, 0],
						"0.125": [-0.1, 0, 0],
						"0.1667": [0, 0, 0]
					}
				},
				"eyelid_left": {
					"position": {
						"0.0": [0.1, 0, 0],
						"0.125": [0.1, 0, 0],
						"0.1667": [0, 0, 0]
					}
				}
			}
		}
	}
}