{
	"format_version": "1.12.0",
	"minecraft:geometry": [
		{
			"description": {
				"identifier": "geometry.unknown",
				"texture_width": 128,
				"texture_height": 128,
				"visible_bounds_width": 9,
				"visible_bounds_height": 5.5,
				"visible_bounds_offset": [0, 2.25, 0]
			},
			"bones": [
				{
					"name": "deoxys",
					"pivot": [0.5, 0.25, -1]
				},
				{
					"name": "body",
					"parent": "deoxys",
					"pivot": [0, 45.82143, 3.14286],
					"cubes": [
						{"origin": [-7, 43.5, -3], "size": [14, 7, 9], "uv": [0, 0]},
						{"origin": [5.75, 44, -2], "size": [3, 6, 7], "uv": [53, 68]},
						{"origin": [-2, 46.5, -0.25], "size": [4, 7, 4], "uv": [78, 39]},
						{"origin": [-2.5, 37.75, -1], "size": [5, 6, 5], "inflate": 0.2, "uv": [73, 16]},
						{"origin": [1, 44.25, 4.25], "size": [2, 2, 2], "inflate": -0.1, "uv": [52, 43]},
						{"origin": [-3, 44.25, 4.25], "size": [2, 2, 2], "inflate": -0.1, "uv": [52, 43], "mirror": true},
						{"origin": [-1, 47.5, 4.25], "size": [2, 2, 2], "inflate": -0.1, "uv": [0, 21]},
						{"origin": [-4.5, 42.52, -2], "size": [9, 7, 7], "uv": [0, 34]},
						{"origin": [-8.75, 44, -2], "size": [3, 6, 7], "uv": [53, 68], "mirror": true},
						{"origin": [-6, 46.07143, -3.01], "size": [3, 2, 2], "uv": [0, 113]},
						{"origin": [-0.5, 49.57143, -3.01], "size": [1, 1, 2], "uv": [10, 113]},
						{"origin": [-0.5, 50.07143, -2.01], "size": [1, 1, 2], "uv": [10, 113]},
						{"origin": [-0.5, 51.07143, -0.26], "size": [1, 2, 1], "uv": [11, 114]},
						{"origin": [3, 46.07143, -3.01], "size": [3, 2, 2], "uv": [0, 113], "mirror": true}
					]
				},
				{
					"name": "chestdetail",
					"parent": "body",
					"pivot": [0.5, 45.74536, 1.96954],
					"cubes": [
						{"origin": [-3, 43.49536, -3.03046], "size": [2, 6, 0], "pivot": [-3, 46.49536, -3.03046], "rotation": [0, -45, 0], "uv": [0, 3]},
						{"origin": [-3, 47.5, -3], "size": [6, 2, 0], "pivot": [0, 49.5, -3], "rotation": [45, 0, 0], "uv": [46, 71]},
						{"origin": [1, 43.49536, -3.03046], "size": [2, 6, 0], "pivot": [3, 46.49536, -3.03046], "rotation": [0, 45, 0], "uv": [0, 3], "mirror": true},
						{"origin": [-3, 43.5, -3], "size": [6, 2, 0], "pivot": [0, 43.5, -3], "rotation": [-45, 0, 0], "uv": [0, 89]},
						{"origin": [-2, 44.5, -2.5], "size": [4, 4, 2], "uv": [8, 100]}
					]
				},
				{
					"name": "collar",
					"parent": "body",
					"pivot": [-0.5, 45.74536, 1.96954],
					"cubes": [
						{"origin": [-5, 48.99768, -2], "size": [10, 2, 7], "uv": [61, 107]}
					]
				},
				{
					"name": "hips",
					"parent": "body",
					"pivot": [0, 38.25, 1.5],
					"cubes": [
						{"origin": [-3.5, 37, -2], "size": [7, 2, 7], "uv": [54, 43]},
						{"origin": [-4, 32.75, -2], "size": [8, 5, 7], "uv": [50, 20]},
						{"origin": [-4.5, 34, -2.5], "size": [9, 4, 8], "uv": [38, 8]},
						{"origin": [-2.5, 33.7756, 5.04986], "size": [5, 5, 4], "inflate": -0.1, "pivot": [0, 39.06627, 4.99749], "rotation": [-42.5, 0, 0], "uv": [16, 75]}
					]
				},
				{
					"name": "left_arm",
					"parent": "body",
					"pivot": [1, 47, 1.5]
				},
				{
					"name": "left_red",
					"parent": "left_arm",
					"pivot": [1.84375, 48.5, 1.5]
				},
				{
					"name": "Lred1",
					"parent": "left_red",
					"pivot": [1.84375, 48.5, 1.5],
					"cubes": [
						{"origin": [0, 47.5, 0.5], "size": [8, 2, 2], "uv": [93, 92]}
					]
				},
				{
					"name": "Lred2",
					"parent": "Lred1",
					"pivot": [7.84375, 48.5, 1.5],
					"cubes": [
						{"origin": [8, 47.5, 0.5], "size": [8, 2, 2], "uv": [92, 52]}
					]
				},
				{
					"name": "Lred3",
					"parent": "Lred2",
					"pivot": [15.84375, 48.5, 1.5],
					"cubes": [
						{"origin": [16, 47.5, 0.5], "size": [8, 2, 2], "uv": [92, 48]}
					]
				},
				{
					"name": "Lred4",
					"parent": "Lred3",
					"pivot": [23.84375, 48.5, 1.5],
					"cubes": [
						{"origin": [24, 47.5, 0.5], "size": [8, 2, 2], "uv": [20, 92]}
					]
				},
				{
					"name": "Lred5",
					"parent": "Lred4",
					"pivot": [31.84375, 48.5, 1.5],
					"cubes": [
						{"origin": [32, 47.5, 0.5], "size": [8, 2, 2], "uv": [0, 91]}
					]
				},
				{
					"name": "Lred6",
					"parent": "Lred5",
					"pivot": [39.84375, 48.5, 1.5],
					"cubes": [
						{"origin": [40, 47.5, 0.5], "size": [8, 2, 2], "uv": [66, 90]}
					]
				},
				{
					"name": "Lred7",
					"parent": "Lred6",
					"pivot": [47.84375, 48.5, 1.5],
					"cubes": [
						{"origin": [47.75, 47.5, 0.5], "size": [8, 2, 2], "inflate": -0.2, "uv": [90, 38]}
					]
				},
				{
					"name": "Lred8",
					"parent": "Lred7",
					"pivot": [55.34375, 48.5, 1.5],
					"cubes": [
						{"origin": [55.5, 48, 1], "size": [7, 1, 1], "uv": [94, 35]}
					]
				},
				{
					"name": "left_blue",
					"parent": "left_arm",
					"pivot": [1.84375, 46.5, 1.5]
				},
				{
					"name": "Lblue1",
					"parent": "left_blue",
					"pivot": [1.84375, 46.5, 1.5],
					"cubes": [
						{"origin": [0, 45.5, 0.5], "size": [8, 2, 2], "uv": [93, 23]}
					]
				},
				{
					"name": "Lblue2",
					"parent": "Lblue1",
					"pivot": [7.84375, 46.5, 1.5],
					"cubes": [
						{"origin": [8, 45.5, 0.5], "size": [8, 2, 2], "uv": [89, 75]}
					]
				},
				{
					"name": "Lblue3",
					"parent": "Lblue2",
					"pivot": [15.84375, 46.5, 1.5],
					"cubes": [
						{"origin": [16, 45.5, 0.5], "size": [8, 2, 2], "uv": [89, 71]}
					]
				},
				{
					"name": "Lblue4",
					"parent": "Lblue3",
					"pivot": [23.84375, 46.5, 1.5],
					"cubes": [
						{"origin": [24, 45.5, 0.5], "size": [8, 2, 2], "uv": [46, 89]}
					]
				},
				{
					"name": "Lblue5",
					"parent": "Lblue4",
					"pivot": [31.84375, 46.5, 1.5],
					"cubes": [
						{"origin": [32, 45.5, 0.5], "size": [8, 2, 2], "uv": [84, 88]}
					]
				},
				{
					"name": "Lblue6",
					"parent": "Lblue5",
					"pivot": [39.84375, 46.5, 1.5],
					"cubes": [
						{"origin": [40, 45.5, 0.5], "size": [8, 2, 2], "uv": [88, 15]}
					]
				},
				{
					"name": "Lblue7",
					"parent": "Lblue6",
					"pivot": [47.84375, 46.5, 1.5],
					"cubes": [
						{"origin": [47.75, 45.5, 0.5], "size": [8, 2, 2], "inflate": -0.2, "uv": [87, 80]}
					]
				},
				{
					"name": "Lblue8",
					"parent": "Lblue7",
					"pivot": [55.34375, 46.5, 1.5],
					"cubes": [
						{"origin": [55.5, 46, 1], "size": [7, 1, 1], "uv": [92, 60]}
					]
				},
				{
					"name": "right_arm",
					"parent": "body",
					"pivot": [-1, 47, 1.5]
				},
				{
					"name": "right_red",
					"parent": "right_arm",
					"pivot": [-1.84375, 48.5, 1.5]
				},
				{
					"name": "Rred1",
					"parent": "right_red",
					"pivot": [-1.84375, 48.5, 1.5],
					"cubes": [
						{"origin": [-8, 47.5, 0.5], "size": [8, 2, 2], "uv": [93, 92], "mirror": true}
					]
				},
				{
					"name": "Rred2",
					"parent": "Rred1",
					"pivot": [-7.84375, 48.5, 1.5],
					"cubes": [
						{"origin": [-16, 47.5, 0.5], "size": [8, 2, 2], "uv": [92, 52], "mirror": true}
					]
				},
				{
					"name": "Rred3",
					"parent": "Rred2",
					"pivot": [-15.84375, 48.5, 1.5],
					"cubes": [
						{"origin": [-24, 47.5, 0.5], "size": [8, 2, 2], "uv": [92, 48], "mirror": true}
					]
				},
				{
					"name": "Rred4",
					"parent": "Rred3",
					"pivot": [-23.84375, 48.5, 1.5],
					"cubes": [
						{"origin": [-32, 47.5, 0.5], "size": [8, 2, 2], "uv": [20, 92], "mirror": true}
					]
				},
				{
					"name": "Rred5",
					"parent": "Rred4",
					"pivot": [-31.84375, 48.5, 1.5],
					"cubes": [
						{"origin": [-40, 47.5, 0.5], "size": [8, 2, 2], "uv": [0, 91], "mirror": true}
					]
				},
				{
					"name": "Rred6",
					"parent": "Rred5",
					"pivot": [-39.84375, 48.5, 1.5],
					"cubes": [
						{"origin": [-48, 47.5, 0.5], "size": [8, 2, 2], "uv": [66, 90], "mirror": true}
					]
				},
				{
					"name": "Rred7",
					"parent": "Rred6",
					"pivot": [-47.84375, 48.5, 1.5],
					"cubes": [
						{"origin": [-55.75, 47.5, 0.5], "size": [8, 2, 2], "inflate": -0.2, "uv": [90, 38], "mirror": true}
					],
					"locators": {
						"held_item": [-51, 47.25, 1.5]
					}
				},
				{
					"name": "Rred8",
					"parent": "Rred7",
					"pivot": [-55.34375, 48.5, 1.5],
					"cubes": [
						{"origin": [-62.5, 48, 1], "size": [7, 1, 1], "uv": [94, 35], "mirror": true}
					]
				},
				{
					"name": "right_blue",
					"parent": "right_arm",
					"pivot": [-1.84375, 46.5, 1.5]
				},
				{
					"name": "Rblue1",
					"parent": "right_blue",
					"pivot": [-1.84375, 46.5, 1.5],
					"cubes": [
						{"origin": [-8, 45.5, 0.5], "size": [8, 2, 2], "uv": [93, 23], "mirror": true}
					]
				},
				{
					"name": "Rblue2",
					"parent": "Rblue1",
					"pivot": [-7.84375, 46.5, 1.5],
					"cubes": [
						{"origin": [-16, 45.5, 0.5], "size": [8, 2, 2], "uv": [89, 75], "mirror": true}
					]
				},
				{
					"name": "Rblue3",
					"parent": "Rblue2",
					"pivot": [-15.84375, 46.5, 1.5],
					"cubes": [
						{"origin": [-24, 45.5, 0.5], "size": [8, 2, 2], "uv": [89, 71], "mirror": true}
					]
				},
				{
					"name": "Rblue4",
					"parent": "Rblue3",
					"pivot": [-23.84375, 46.5, 1.5],
					"cubes": [
						{"origin": [-32, 45.5, 0.5], "size": [8, 2, 2], "uv": [46, 89], "mirror": true}
					]
				},
				{
					"name": "Rblue5",
					"parent": "Rblue4",
					"pivot": [-31.84375, 46.5, 1.5],
					"cubes": [
						{"origin": [-40, 45.5, 0.5], "size": [8, 2, 2], "uv": [84, 88], "mirror": true}
					]
				},
				{
					"name": "Rblue6",
					"parent": "Rblue5",
					"pivot": [-39.84375, 46.5, 1.5],
					"cubes": [
						{"origin": [-48, 45.5, 0.5], "size": [8, 2, 2], "uv": [88, 15], "mirror": true}
					]
				},
				{
					"name": "Rblue7",
					"parent": "Rblue6",
					"pivot": [-47.84375, 46.5, 1.5],
					"cubes": [
						{"origin": [-55.75, 45.5, 0.5], "size": [8, 2, 2], "inflate": -0.2, "uv": [87, 80], "mirror": true}
					]
				},
				{
					"name": "Rblue8",
					"parent": "Rblue7",
					"pivot": [-55.34375, 46.5, 1.5],
					"cubes": [
						{"origin": [-62.5, 46, 1], "size": [7, 1, 1], "uv": [92, 60], "mirror": true}
					]
				},
				{
					"name": "head",
					"parent": "body",
					"pivot": [0, 55.81756, 1.4037],
					"cubes": [
						{"origin": [-4.5, 53.5, -3], "size": [9, 8, 9], "uv": [0, 16]},
						{"origin": [-3.5, 61.25, -2], "size": [7, 1, 7], "uv": [37, 0]},
						{"origin": [-3.5, 52.75, -3.25], "size": [7, 8, 8], "uv": [28, 25]}
					]
				},
				{
					"name": "topspike",
					"parent": "head",
					"pivot": [-0.5, 22, -2.25],
					"cubes": [
						{"origin": [1.25, 58.6649, -2.57771], "size": [2, 11.25, 3], "inflate": 0.02, "pivot": [1, 60.12541, -1.96513], "rotation": [-41.81615, -8.40819, -9.28293], "uv": [47, 93]},
						{"origin": [-1, 57.20384, 0.1903], "size": [2, 11, 3], "inflate": 0.01, "pivot": [0, 62.70384, 1.9403], "rotation": [-42.5, 0, 0], "uv": [57, 93]},
						{"origin": [-3.25, 58.6649, -2.57771], "size": [2, 11.25, 3], "inflate": 0.02, "pivot": [-1, 60.12541, -1.96513], "rotation": [-41.81615, 8.40819, 9.28293], "uv": [47, 93], "mirror": true},
						{"origin": [-1, 56.37541, -0.71513], "size": [2, 11, 3], "pivot": [-1, 59.12541, 1.03487], "rotation": [-30, 0, 0], "uv": [83, 92]}
					]
				},
				{
					"name": "ears",
					"parent": "head",
					"pivot": [0, 24.25, -2]
				},
				{
					"name": "left_ear",
					"parent": "ears",
					"pivot": [4.25498, 57.69465, -0.5],
					"rotation": [8.29012, -39.27345, -12.96248],
					"cubes": [
						{"origin": [3.08067, 59.02836, -1.5], "size": [9, 1, 2], "inflate": 0.01, "uv": [80, 0]},
						{"origin": [3.33067, 58.02836, -1.5], "size": [7, 2, 2], "uv": [0, 95]},
						{"origin": [3.33067, 57.02836, -1.5], "size": [5, 1, 2], "uv": [98, 62]},
						{"origin": [3.33067, 56.02836, -1.5], "size": [3, 1, 2], "uv": [54, 52]},
						{"origin": [2.32845, 54.92912, -1.5], "size": [11, 1, 2], "inflate": 0.01, "pivot": [4.32845, 55.42912, -0.5], "rotation": [0, 0, -27.5], "uv": [27, 20]},
						{"origin": [2.58067, 55.52836, -1.5], "size": [2, 1, 2], "uv": [28, 55]},
						{"origin": [4.33067, 57.52836, -1.5], "size": [5, 1, 1], "inflate": 0.02, "pivot": [5.83067, 57.52836, -1], "rotation": [0, 0, -7.5], "uv": [58, 2]}
					]
				},
				{
					"name": "right_ear",
					"parent": "ears",
					"pivot": [-4.25498, 57.69465, -0.5],
					"rotation": [8.29012, 39.27345, 12.96248],
					"cubes": [
						{"origin": [-13.32845, 54.92912, -1.5], "size": [11, 1, 2], "inflate": 0.01, "pivot": [-4.32845, 55.42912, -0.5], "rotation": [0, 0, 27.5], "uv": [27, 20], "mirror": true},
						{"origin": [-4.58067, 55.52836, -1.5], "size": [2, 1, 2], "uv": [28, 55], "mirror": true},
						{"origin": [-12.08067, 59.02836, -1.5], "size": [9, 1, 2], "inflate": 0.01, "uv": [80, 0], "mirror": true},
						{"origin": [-10.33067, 58.02836, -1.5], "size": [7, 2, 2], "uv": [0, 95], "mirror": true},
						{"origin": [-6.33067, 56.02836, -1.5], "size": [3, 1, 2], "uv": [54, 52], "mirror": true},
						{"origin": [-8.33067, 57.02836, -1.5], "size": [5, 1, 2], "uv": [98, 62], "mirror": true},
						{"origin": [-9.33067, 57.52836, -1.5], "size": [5, 1, 1], "inflate": 0.02, "pivot": [-5.83067, 57.52836, -1], "rotation": [0, 0, 7.5], "uv": [58, 2], "mirror": true}
					]
				},
				{
					"name": "lefteye",
					"parent": "head",
					"pivot": [2.3517, 57.16453, -2.368],
					"rotation": [0, 0, -12.55],
					"cubes": [
						{"origin": [3, 57, -3.25], "size": [1, 1, 2], "inflate": 0.01, "uv": [72, 16]},
						{"origin": [1.5, 56, -3.25], "size": [2, 2, 2], "inflate": 0.01, "uv": [66, 68]},
						{"origin": [1.6, 57, -3.7], "size": [1, 1, 2], "inflate": -0.3, "pivot": [2, 57.5, -2.75], "rotation": [0, 0, 10], "uv": [58, 4]},
						{"origin": [1.66, 56.84, -3.1], "size": [1, 1, 2], "inflate": 0.17, "uv": [0, 59]},
						{"origin": [1, 56, -3.25], "size": [1, 1, 2], "inflate": 0.01, "uv": [0, 62]}
					]
				},
				{
					"name": "righteye6",
					"parent": "head",
					"pivot": [-2.3517, 57.16453, -2.368],
					"rotation": [0, 0, 12.55],
					"cubes": [
						{"origin": [-3.5, 56, -3.25], "size": [2, 2, 2], "inflate": 0.01, "uv": [66, 68], "mirror": true},
						{"origin": [-4, 57, -3.25], "size": [1, 1, 2], "inflate": 0.01, "uv": [72, 16], "mirror": true},
						{"origin": [-2.66, 56.84, -3.1], "size": [1, 1, 2], "inflate": 0.17, "uv": [0, 59], "mirror": true},
						{"origin": [-2, 56, -3.25], "size": [1, 1, 2], "inflate": 0.01, "uv": [0, 62], "mirror": true},
						{"origin": [-2.6, 57, -3.7], "size": [1, 1, 2], "inflate": -0.3, "pivot": [-2, 57.5, -2.75], "rotation": [0, 0, -10], "uv": [58, 4], "mirror": true}
					]
				},
				{
					"name": "eyelids",
					"parent": "head",
					"pivot": [0, 55.81756, 2.4037]
				},
				{
					"name": "righteyelid",
					"parent": "eyelids",
					"pivot": [0, 57, -1.25],
					"cubes": [
						{"origin": [-3.25, 56, -2.25], "size": [2, 1, 2], "inflate": 0.01, "pivot": [-2.5, 57, -1.25], "rotation": [0, 0, 12.5], "uv": [102, 2]}
					]
				},
				{
					"name": "lefteyelid",
					"parent": "eyelids",
					"pivot": [0, 57, -1.25],
					"cubes": [
						{"origin": [1.25, 56, -2.25], "size": [2, 1, 2], "inflate": 0.01, "pivot": [2.5, 57, -1.25], "rotation": [0, 0, -12.5], "uv": [102, 2], "mirror": true}
					]
				},
				{
					"name": "collar2",
					"parent": "body",
					"pivot": [0.5, 45.74536, 1.96954]
				},
				{
					"name": "leftleg",
					"parent": "deoxys",
					"pivot": [4, 36, 1.5]
				},
				{
					"name": "left_thigh",
					"parent": "leftleg",
					"pivot": [-3, 14, -2.5],
					"cubes": [
						{"origin": [3, 18.75, -1], "size": [5, 11, 5], "inflate": 0.1, "uv": [65, 0]},
						{"origin": [2.5, 25.75, -1.5], "size": [6, 10, 6], "inflate": 0.1, "uv": [36, 50]}
					]
				},
				{
					"name": "leftlegguard",
					"parent": "left_thigh",
					"pivot": [8.75, 36.28893, 1.75],
					"rotation": [-0.21864, 9.9668, -20.02839],
					"cubes": [
						{"origin": [-0.78247, 35.65437, -3.25], "size": [10, 1, 8], "pivot": [8.46753, 36.40437, 1.75], "rotation": [-2.5, 0, -27.5], "uv": [0, 50]},
						{"origin": [7.21753, 35.90437, -1], "size": [5, 0, 5], "pivot": [8.46753, 36.40437, 1.75], "rotation": [-8.49628, 44.54999, -38.2098], "uv": [17, 116]}
					]
				},
				{
					"name": "left_calf",
					"parent": "left_thigh",
					"pivot": [5.5, 20, 1.25],
					"cubes": [
						{"origin": [3.5, 11, -0.5], "size": [4, 10, 4], "uv": [0, 75]},
						{"origin": [4, 5.25, 0], "size": [3, 10, 3], "uv": [34, 79]},
						{"origin": [4.5, 1, 0.5], "size": [2, 10, 2], "uv": [0, 99]},
						{"origin": [9.05563, 18.5, -2.81569], "size": [0, 5, 5], "pivot": [9.05563, 19, -2.06569], "rotation": [-45, -45, 0], "uv": [28, 45]}
					]
				},
				{
					"name": "rightleg",
					"parent": "deoxys",
					"pivot": [-4, 36, 1.5]
				},
				{
					"name": "right_thigh",
					"parent": "rightleg",
					"pivot": [3, 14, -2.5],
					"cubes": [
						{"origin": [-8.5, 25.75, -1.5], "size": [6, 10, 6], "inflate": 0.1, "uv": [36, 50], "mirror": true},
						{"origin": [-8, 18.75, -1], "size": [5, 11, 5], "inflate": 0.1, "uv": [65, 0], "mirror": true}
					]
				},
				{
					"name": "rightlegguard",
					"parent": "right_thigh",
					"pivot": [-8.75, 36.28893, 1.75],
					"rotation": [-0.21864, -9.9668, 20.02839],
					"cubes": [
						{"origin": [-9.3347, 35.52261, -3.25093], "size": [10, 1, 8], "pivot": [-8.3347, 36.27261, 1.74907], "rotation": [-2.5, 0, 27.5], "uv": [24, 41]},
						{"origin": [-12.21753, 35.90437, -1], "size": [5, 0, 5], "pivot": [-8.46753, 36.40437, 1.75], "rotation": [-8.49628, -44.54999, 38.2098], "uv": [17, 116], "mirror": true}
					]
				},
				{
					"name": "right_calf",
					"parent": "right_thigh",
					"pivot": [-5.5, 20, 1.25],
					"cubes": [
						{"origin": [-7.5, 11, -0.5], "size": [4, 10, 4], "uv": [0, 75], "mirror": true},
						{"origin": [-7, 5.25, 0], "size": [3, 10, 3], "uv": [34, 79], "mirror": true},
						{"origin": [-6.5, 1, 0.5], "size": [2, 10, 2], "uv": [0, 99], "mirror": true},
						{"origin": [-9.05563, 18.5, -2.81569], "size": [0, 5, 5], "pivot": [-9.05563, 19, -2.06569], "rotation": [-45, 45, 0], "uv": [28, 45], "mirror": true}
					]
				}
			]
		}
	]
}