{
	"format_version": "1.10.0",
	"particle_effect": {
		"description": {
			"identifier": "cobblemon:makeitrain_impact",
			"basic_render_parameters": {
				"material": "particles_alpha",
				"texture": "textures/particles/coin"
			}
		},
		"curves": {
			"variable.scale": {
				"type": "linear",
				"input": "v.particle_age",
				"horizontal_range": "v.particle_lifetime",
				"nodes": [1, 0]
			}
		},
		"components": {
			"minecraft:emitter_rate_instant": {
				"num_particles": 30
			},
			"minecraft:emitter_lifetime_once": {
				"active_time": 1
			},
			"minecraft:emitter_lifetime_events": {
				"creation_event": "event_sound"
			},
			"minecraft:emitter_shape_point": {},
			"minecraft:particle_lifetime_expression": {
				"max_lifetime": "math.random(0.5, 1)"
			},
			"minecraft:particle_initial_spin": {
				"rotation": "math.random(0,360)"
			},
			"minecraft:particle_initial_speed": "math.random(15,10)",
			"minecraft:particle_motion_dynamic": {
				"linear_drag_coefficient": 5
			},
			"minecraft:particle_appearance_billboard": {
				"size": ["0.2 * variable.scale", "0.2 * variable.scale"],
				"facing_camera_mode": "rotate_xyz",
				"uv": {
					"texture_width": 7,
					"texture_height": 7,
					"flipbook": {
						"base_UV": [0, 0],
						"size_UV": [7, 7],
						"step_UV": [0, 0],
						"frames_per_second": 4,
						"max_frame": 4,
						"loop": true
					}
				}
			},
			"minecraft:particle_appearance_tinting": {
				"color": [0.90196, 0.6902, 0.46667, 1]
			}
		}
	}
}