{
	"format_version": "1.10.0",
	"particle_effect": {
		"description": {
			"identifier": "cobblemon:makeitrain_target",
			"basic_render_parameters": {
				"material": "particles_blend",
				"texture": "textures/particles/coin"
			}
		},
		"curves": {
			"variable.scale": {
				"type": "linear",
				"input": "v.particle_age",
				"horizontal_range": "v.particle_lifetime",
				"nodes": [0, 1, 1, 0]
			}
		},
		"events": {
			"event_sound": {
				"sound_effect": {
					"event_name": "move.makeitrain.target"
				}
			}
		},
		"components": {
			"minecraft:emitter_rate_steady": {
				"spawn_rate": 80,
				"max_particles": 100
			},
			"minecraft:emitter_lifetime_looping": {
				"active_time": 0.9
			},
			"minecraft:emitter_lifetime_events": {
				"creation_event": "event_sound"
			},
			"minecraft:emitter_shape_point": {
				"offset": ["math.random(-1,1)", "math.random(1.5,2.5)", "0.5+math.random(-1,1)"],
				"direction": [0, 5, 0]
			},
			"minecraft:particle_lifetime_expression": {
				"max_lifetime": 0.6
			},
			"minecraft:particle_initial_spin": {
				"rotation": "math.random(0,360)"
			},
			"minecraft:particle_initial_speed": -4.5,
			"minecraft:particle_motion_dynamic": {},
			"minecraft:particle_appearance_billboard": {
				"size": ["0.15*variable.scale", "0.15*variable.scale"],
				"facing_camera_mode": "rotate_xyz",
				"uv": {
					"texture_width": 7,
					"texture_height": 7,
					"flipbook": {
						"base_UV": [0, 0],
						"size_UV": [7, 7],
						"step_UV": [0, 0],
						"frames_per_second": 4,
						"max_frame": 4,
						"loop": true
					}
				}
			},
			"minecraft:particle_appearance_tinting": {
				"color": [1, 1, 1, 1]
			}
		}
	}
}