{
	"format_version": "1.8.0",
	"animations": {
		"animation.morgrem.ground_idle": {
			"loop": true,
			"bones": {
				"body": {
					"position": [0, -0.25, 0]
				},
				"torso": {
					"rotation": ["4.9811+Math.cos((query.anim_time)*90*2-30)*0.5", -0.43523, 4.98107]
				},
				"waist": {
					"rotation": ["-4.9953+Math.cos((query.anim_time)*90*2-90)*1.5", -0.21782, -2.4905]
				},
				"chest": {
					"rotation": [-7.5, 0, 0]
				},
				"head": {
					"rotation": [12.45392, 1.08089, -4.88206]
				},
				"leg_left": {
					"rotation": [1.10693, -12.45167, -5.12076]
				},
				"leg_left2": {
					"rotation": [9.53149, -2.48589, 5.18777]
				},
				"foot_left": {
					"rotation": [-10, 0, 0]
				},
				"leg_right": {
					"rotation": [-11.05312, 15.31527, 20.34578]
				},
				"leg_right2": {
					"rotation": [22.19157, 3.81024, -9.25249]
				},
				"foot_right": {
					"rotation": [9.60967, -3.73171, -8.06155]
				},
				"toes_right": {
					"rotation": [-15, 0, 0]
				},
				"arm_left": {
					"rotation": [19.83286, "-18.3552-Math.cos((query.anim_time)*90*2-90)*1.5", 62.345]
				},
				"arm_left2": {
					"rotation": [0, 25, 0]
				},
				"arm_left3": {
					"rotation": [0.54559, "7.4881-Math.cos((query.anim_time)*90*2-150)*1.5", -4.98808]
				},
				"hand_left": {
					"rotation": [27.5, 0, 25]
				},
				"finger_back_left": {
					"rotation": [-1.84282, -1.58787, 46.68943]
				},
				"finger_back_left2": {
					"rotation": [0, 0, 82.5]
				},
				"thumb_left": {
					"rotation": [7.91773, -52.47743, -0.53559]
				},
				"thumb_left2": {
					"rotation": [0, -37.5, 0]
				},
				"finger_front_left": {
					"rotation": [0, 5, 40]
				},
				"finger_front_left2": {
					"rotation": [0, 0, 62.5]
				},
				"arm_right": {
					"rotation": [-35.89032, "24.8959+Math.cos((query.anim_time)*90*2-90)*1", -73.72173]
				},
				"arm_right2": {
					"rotation": [0, -32.5, 0]
				},
				"arm_right3": {
					"rotation": [-0.03643, "-44.7898+Math.cos((query.anim_time)*90*2-120)*2", -5.57154]
				},
				"hand_right": {
					"rotation": [84.83476, 27.0478, -11.24314]
				},
				"finger_back_right": {
					"rotation": [0, 5, -40]
				},
				"finger_back_right2": {
					"rotation": [0, 0, -55]
				},
				"finger_front_right": {
					"rotation": [0, -5, -30]
				},
				"finger_front_right2": {
					"rotation": [0, 0, -17.5]
				},
				"thumb_right": {
					"rotation": [31.13205, 58.4402, 10.90841]
				},
				"thumb_right2": {
					"rotation": [0, 12.5, 0]
				},
				"neck": {
					"rotation": ["0+Math.cos((query.anim_time)*90*2-120)*1", 0, -5]
				},
				"hair_back_left": {
					"rotation": [-2.5, 0, 0]
				},
				"hair_back_left2": {
					"rotation": [2.48107, -0.43523, 4.98107]
				},
				"hair_back": {
					"rotation": ["2.5-Math.cos((query.anim_time)*90*2-120)*1", 0, 0]
				},
				"hair_back_left3": {
					"rotation": [2.48107, -0.43523, 4.98107]
				},
				"hair_back2": {
					"rotation": ["2.4976-Math.cos((query.anim_time)*90*2-150)*1", 0.10901, -2.49762]
				},
				"hair_back_left4": {
					"rotation": [2.5, 0, 7.5]
				},
				"hair_back_right": {
					"rotation": [-2.5, 0, 0]
				},
				"hair_back_right2": {
					"rotation": [2.48107, 0.43523, -4.98107]
				},
				"hair_back_right3": {
					"rotation": [2.48107, 0.43523, -4.98107]
				},
				"hair_back_right4": {
					"rotation": [2.5, 0, -7.5]
				},
				"hair_back3": {
					"rotation": ["9.9162-Math.cos((query.anim_time)*90*2-210)*2", 1.29876, -7.38733]
				},
				"hair_back4": {
					"rotation": ["9.9627-Math.cos((query.anim_time)*90*2-240)*2", 0.86717, -4.92442]
				},
				"hair_back5": {
					"rotation": ["17.3159-Math.cos((query.anim_time)*90*2-270)*2", 2.15393, -9.76758]
				},
				"hair_back6": {
					"rotation": ["9.9574-Math.cos((query.anim_time)*90*2-310)*3", 0.65182, -7.47178]
				},
				"hair_front_right": {
					"rotation": [-4.96271, 0.86717, 4.92442]
				},
				"hair_front_right2": {
					"rotation": [0, 0, -5]
				}
			}
		},
		"animation.morgrem.ground_walk": {
			"loop": true,
			"animation_length": 1,
			"bones": {
				"body": {
					"position": {
						"0.0": {
							"post": [0, -1, 0],
							"lerp_mode": "catmullrom"
						},
						"0.25": {
							"post": [0, -0.2, 0],
							"lerp_mode": "catmullrom"
						},
						"0.5": {
							"post": [0, -1, 0],
							"lerp_mode": "catmullrom"
						},
						"0.75": {
							"post": [0, -0.2, 0],
							"lerp_mode": "catmullrom"
						},
						"1.0": {
							"post": [0, -1, 0],
							"lerp_mode": "catmullrom"
						}
					}
				},
				"torso": {
					"rotation": ["0+Math.cos((query.anim_time)*90*8-30)*2", 0, 0]
				},
				"waist": {
					"rotation": ["5+Math.cos((query.anim_time)*90*8-90)*2", 0, 0]
				},
				"arm_left": {
					"rotation": {
						"0.0": {
							"post": [0, -20, 52.5],
							"lerp_mode": "catmullrom"
						},
						"0.5": {
							"post": [0, 15, 52.5],
							"lerp_mode": "catmullrom"
						},
						"1.0": {
							"post": [0, -20, 52.5],
							"lerp_mode": "catmullrom"
						}
					}
				},
				"arm_left3": {
					"rotation": [0, 45, 0]
				},
				"hand_left": {
					"rotation": [0, 0, 12.5]
				},
				"finger_back_left": {
					"rotation": [0, 0, 50]
				},
				"finger_back_left2": {
					"rotation": [0, 0, 55]
				},
				"finger_front_left": {
					"rotation": [0, 0, 37.5]
				},
				"finger_front_left2": {
					"rotation": [0, 0, 32.5]
				},
				"thumb_left": {
					"rotation": [57.26759, -24.4045, -32.73241]
				},
				"thumb_left2": {
					"rotation": [25.18908, -6.79382, -3.18458]
				},
				"arm_right": {
					"rotation": {
						"0.0": {
							"post": [0, -20, -52.5],
							"lerp_mode": "catmullrom"
						},
						"0.5": {
							"post": [0, 15, -52.5],
							"lerp_mode": "catmullrom"
						},
						"1.0": {
							"post": [0, -20, -52.5],
							"lerp_mode": "catmullrom"
						}
					}
				},
				"arm_right3": {
					"rotation": [0, -45, 0]
				},
				"hand_right": {
					"rotation": [0, 0, -12.5]
				},
				"finger_back_right": {
					"rotation": [0, 0, -50]
				},
				"finger_back_right2": {
					"rotation": [0, 0, -55]
				},
				"finger_front_right": {
					"rotation": [0, 0, -37.5]
				},
				"finger_front_right2": {
					"rotation": [0, 0, -32.5]
				},
				"thumb_right": {
					"rotation": [57.26759, 24.4045, 32.73241]
				},
				"thumb_right2": {
					"rotation": [25.18908, 6.79382, 3.18458]
				},
				"neck": {
					"rotation": [5, 0, 0]
				},
				"hair_back": {
					"rotation": [5, 0, 0]
				},
				"hair_back2": {
					"rotation": [10, 0, "0+Math.cos((query.anim_time)*90*4-90)*4"]
				},
				"hair_back3": {
					"rotation": [12.5, 0, "0+Math.cos((query.anim_time)*90*4-150)*5"]
				},
				"hair_back4": {
					"rotation": [10, 0, "0+Math.cos((query.anim_time)*90*4-210)*5"]
				},
				"hair_back5": {
					"rotation": [15, 0, "0+Math.cos((query.anim_time)*90*4-270)*5.5"]
				},
				"hair_back6": {
					"rotation": [12.5, 0, "Math.cos((query.anim_time)*90*4-280)*12"]
				},
				"hair_back_left2": {
					"rotation": [2.49762, -0.10901, 2.49762]
				},
				"hair_back_left3": {
					"rotation": [9.96271, -0.86717, 4.92442]
				},
				"hair_back_left4": {
					"rotation": [10, 0, 0]
				},
				"hair_back_right2": {
					"rotation": [2.49762, 0.10901, -2.49762]
				},
				"hair_back_right3": {
					"rotation": [9.96271, 0.86717, -4.92442]
				},
				"hair_back_right4": {
					"rotation": [10, 0, 0]
				},
				"leg_left": {
					"rotation": {
						"0.0": {
							"post": [-25, 0, 0],
							"lerp_mode": "catmullrom"
						},
						"0.5": {
							"post": [25, 0, 0],
							"lerp_mode": "catmullrom"
						},
						"1.0": {
							"post": [-25, 0, 0],
							"lerp_mode": "catmullrom"
						}
					},
					"position": [0.5, 0, 0]
				},
				"leg_left2": {
					"rotation": {
						"0.0": {
							"post": [0, 0, 0],
							"lerp_mode": "catmullrom"
						},
						"0.25": {
							"post": [0, 0, 0],
							"lerp_mode": "catmullrom"
						},
						"0.5": {
							"post": [35, 0, 0],
							"lerp_mode": "catmullrom"
						},
						"0.75": {
							"post": [70, 0, 0],
							"lerp_mode": "catmullrom"
						},
						"1.0": {
							"post": [0, 0, 0],
							"lerp_mode": "catmullrom"
						}
					}
				},
				"foot_left": {
					"rotation": {
						"0.0": {
							"post": [0, 0, 0],
							"lerp_mode": "catmullrom"
						},
						"0.5": {
							"post": [5, 0, 0],
							"lerp_mode": "catmullrom"
						},
						"1.0": {
							"post": [0, 0, 0],
							"lerp_mode": "catmullrom"
						}
					}
				},
				"toe_inner_left": {
					"rotation": {
						"0.0": [0, 0, 0],
						"0.25": [0, 0, 0],
						"0.5": [-37.5, 0, 0],
						"0.75": [0, 0, 0],
						"1.0": [0, 0, 0]
					}
				},
				"toe_middle_left": {
					"rotation": {
						"0.0": [0, 0, 0],
						"0.25": [0, 0, 0],
						"0.5": [-37.5, 0, 0],
						"0.75": [0, 0, 0],
						"1.0": [0, 0, 0]
					}
				},
				"toe_outer_left": {
					"rotation": {
						"0.0": [0, 0, 0],
						"0.25": [0, 0, 0],
						"0.5": [-37.5, 0, 0],
						"0.75": [0, 0, 0],
						"1.0": [0, 0, 0]
					}
				},
				"leg_right": {
					"rotation": {
						"0.0": {
							"post": [25, 0, 0],
							"lerp_mode": "catmullrom"
						},
						"0.5": {
							"post": [-25, 0, 0],
							"lerp_mode": "catmullrom"
						},
						"1.0": {
							"post": [25, 0, 0],
							"lerp_mode": "catmullrom"
						}
					},
					"position": [-0.5, 0, 0]
				},
				"leg_right2": {
					"rotation": {
						"0.0": {
							"post": [35, 0, 0],
							"lerp_mode": "catmullrom"
						},
						"0.25": {
							"post": [70, 0, 0],
							"lerp_mode": "catmullrom"
						},
						"0.5": {
							"post": [0, 0, 0],
							"lerp_mode": "catmullrom"
						},
						"0.75": {
							"post": [0, 0, 0],
							"lerp_mode": "catmullrom"
						},
						"1.0": {
							"post": [35, 0, 0],
							"lerp_mode": "catmullrom"
						}
					}
				},
				"foot_right": {
					"rotation": {
						"0.0": {
							"post": [5, 0, 0],
							"lerp_mode": "catmullrom"
						},
						"0.5": {
							"post": [0, 0, 0],
							"lerp_mode": "catmullrom"
						},
						"1.0": {
							"post": [5, 0, 0],
							"lerp_mode": "catmullrom"
						}
					}
				},
				"toe_inner_right": {
					"rotation": {
						"0.0": [-37.5, 0, 0],
						"0.25": [0, 0, 0],
						"0.5": [0, 0, 0],
						"0.75": [0, 0, 0],
						"1.0": [-37.5, 0, 0]
					}
				},
				"toe_middle_right": {
					"rotation": {
						"0.0": [-37.5, 0, 0],
						"0.25": [0, 0, 0],
						"0.5": [0, 0, 0],
						"0.75": [0, 0, 0],
						"1.0": [-37.5, 0, 0]
					}
				},
				"toe_outer_right": {
					"rotation": {
						"0.0": [-37.5, 0, 0],
						"0.25": [0, 0, 0],
						"0.5": [0, 0, 0],
						"0.75": [0, 0, 0],
						"1.0": [-37.5, 0, 0]
					}
				}
			}
		},
		"animation.morgrem.blink": {
			"animation_length": 0.1667,
			"bones": {
				"pupil_left": {
					"position": {
						"0.0": [0, 0, 0.1],
						"0.125": [0, 0, 0.1],
						"0.1667": [0, 0, 0]
					}
				},
				"eyelid_left": {
					"position": {
						"0.0": [0, 0, -0.1],
						"0.125": [0, 0, -0.1],
						"0.1667": [0, 0, 0]
					}
				},
				"pupil_right": {
					"position": {
						"0.0": [0, 0, 0.1],
						"0.125": [0, 0, 0.1],
						"0.1667": [0, 0, 0]
					}
				},
				"eyelid_right": {
					"position": {
						"0.0": [0, 0, -0.1],
						"0.125": [0, 0, -0.1],
						"0.1667": [0, 0, 0]
					}
				}
			}
		},
		"animation.morgrem.cry": {
			"animation_length": 1.2,
			"bones": {
				"neck": {
					"rotation": {
						"0.0": [0, 0, 0],
						"0.0417": {
							"pre": [2.5, 0, 0],
							"post": [2.5, 0, 0],
							"lerp_mode": "catmullrom"
						},
						"0.125": {
							"post": [-3, 0, 0],
							"lerp_mode": "catmullrom"
						},
						"0.5833": {
							"post": [-3, 0, 0],
							"lerp_mode": "catmullrom"
						},
						"0.875": [0, 0, 0]
					}
				},
				"head": {
					"rotation": {
						"0.0": [0, 0, 0],
						"0.1667": {
							"pre": [-3, 0, 0],
							"post": [-3, 0, 0],
							"lerp_mode": "catmullrom"
						},
						"0.7083": {
							"post": [-3, 0, 0],
							"lerp_mode": "catmullrom"
						},
						"1.0417": [0, 0, 0]
					}
				}
			},
			"sound_effects": {
				"0.0417": {
					"effect": "pokemon.morgrem.cry"
				}
			}
		}
	}
}