{
	"format_version": "1.8.0",
	"animations": {
		"animation.druddigon.pose": {
			"loop": true,
			"bones": {
				"body": {
					"position": [0, -2.5, 0]
				},
				"head": {
					"rotation": [-2.5, 0, 0]
				},
				"bone": {
					"rotation": [2.5, 0, 0]
				},
				"bone39": {
					"rotation": [0, 0, 10]
				},
				"bone40": {
					"rotation": [0, 0, 7.5]
				},
				"bone12": {
					"rotation": [-39.48558, -44.8799, 14.98542]
				},
				"bone13": {
					"rotation": [0, 0, 57.5]
				},
				"bone14": {
					"rotation": [0, -20, 0]
				},
				"bone22": {
					"rotation": [37.5, 0, 0]
				},
				"bone23": {
					"rotation": [37.5, 0, 0]
				},
				"bone19": {
					"rotation": [-60, 0, 0]
				},
				"bone20": {
					"rotation": [-22.5, 0, 0]
				},
				"bone8": {
					"rotation": [28.24835, -32.87646, -16.19063]
				},
				"bone9": {
					"rotation": [12.5, 0, 0]
				},
				"bone25": {
					"rotation": [-56.00374, 11.28916, -9.93694]
				},
				"bone28": {
					"rotation": [0, 0, 15]
				},
				"bone30": {
					"rotation": [0, 0, -15]
				},
				"bone45": {
					"rotation": [-46.42311, 40.78097, -21.13931]
				},
				"bone46": {
					"rotation": [0, 0, -57.5]
				},
				"bone51": {
					"rotation": [50, 0, 0]
				},
				"bone52": {
					"rotation": [35, 0, 0]
				},
				"bone54": {
					"rotation": [-30, 0, 0]
				},
				"bone55": {
					"rotation": [-45, 0, 0]
				},
				"bone58": {
					"rotation": [15.63834, 34.58274, 10.52462]
				},
				"bone59": {
					"rotation": [17.5, 0, 0]
				},
				"bone60": {
					"rotation": [-50.43717, -7.35559, 6.79333]
				},
				"bone65": {
					"rotation": [0, 0, -17.5]
				},
				"bone67": {
					"rotation": [0, 0, 15]
				},
				"bone70": {
					"rotation": [0, 0, -10]
				},
				"bone71": {
					"rotation": [0, 0, -15]
				},
				"bone57": {
					"rotation": [32.5, 0, 0]
				},
				"bone49": {
					"rotation": [42.5, 0, 0]
				},
				"bone16": {
					"rotation": [30, 0, 0]
				},
				"bone18": {
					"rotation": [40, 0, 0]
				}
			}
		},
		"animation.druddigon.ground_walk": {
			"loop": true,
			"animation_length": 2,
			"bones": {
				"body": {
					"position": [0, -2.5, 0]
				},
				"head": {
					"rotation": ["5+math.cos((q.anim_time)*90*8/2-90)*6", 0, 0]
				},
				"bone": {
					"rotation": ["10+math.cos((q.anim_time)*90*8/2-90)*6", 0, 0]
				},
				"bone39": {
					"rotation": [0, 0, "10+math.cos((q.anim_time)*90*8/2-90)*6"]
				},
				"bone40": {
					"rotation": [0, 0, "7.5+math.cos((q.anim_time)*90*8/2-90)*6"]
				},
				"bone12": {
					"rotation": ["-49.5706+math.cos((q.anim_time)*90*8/2-90)*6", -32.51177, "30.9601+math.cos((q.anim_time)*90*8/2)*6"]
				},
				"bone13": {
					"rotation": [0, 0, "57.5-math.cos((q.anim_time)*90*8/4-90)*10"]
				},
				"bone14": {
					"rotation": [0, "-20+math.cos((q.anim_time)*90*8/2-90)*6", 0]
				},
				"bone22": {
					"rotation": ["37.5+math.cos((q.anim_time)*90*8/2-90)*6", 0, 0]
				},
				"bone23": {
					"rotation": ["37.5+math.cos((q.anim_time)*90*8/2-90)*6", 0, 0]
				},
				"bone19": {
					"rotation": ["-61.0617351602-math.cos((q.anim_time)*90*8/2-90)*6", 3.50297, 19.12698]
				},
				"bone20": {
					"rotation": ["-22.5-math.cos((q.anim_time)*90*8/2-90)*6", 0, 0]
				},
				"bone8": {
					"rotation": {
						"0.0": [59.30778, -11.90757, -23.53507],
						"0.8333": {
							"pre": [-1.33639, -13.01596, -12.51068],
							"post": [-1.33639, -13.01596, -12.51068],
							"lerp_mode": "catmullrom"
						},
						"1.0": {
							"post": [4.30778, -11.90757, -23.53507],
							"lerp_mode": "catmullrom"
						},
						"2.0": [59.30778, -11.90757, -23.53507]
					},
					"position": {
						"0.0": [0, 0, 2],
						"0.8333": {
							"pre": [0, 2, -1],
							"post": [0, 2, -1],
							"lerp_mode": "catmullrom"
						},
						"1.0": {
							"post": [0, 0, -2],
							"lerp_mode": "catmullrom"
						},
						"2.0": [0, 0, 2]
					}
				},
				"bone9": {
					"rotation": {
						"0.0": [-5.00804, 0.37203, -0.12151],
						"0.3333": {
							"pre": [16.93641, 0.37203, -0.12151],
							"post": [16.93641, 0.37203, -0.12151],
							"lerp_mode": "catmullrom"
						},
						"0.75": {
							"post": [4.99196, 0.37203, -0.12151],
							"lerp_mode": "catmullrom"
						},
						"1.0": {
							"post": [-2.00804, 0.37203, -0.12151],
							"lerp_mode": "catmullrom"
						},
						"1.3333": {
							"post": [4.49196, 0.37203, -0.12151],
							"lerp_mode": "catmullrom"
						},
						"1.75": {
							"post": [3.55446, 0.37203, -0.12151],
							"lerp_mode": "catmullrom"
						},
						"2.0": [-5.00804, 0.37203, -0.12151]
					}
				},
				"bone25": {
					"rotation": {
						"0.0": [-41.58604, 16.8975, -14.12834],
						"0.3333": {
							"pre": [-42.75136, 13.96557, -11.87314],
							"post": [-42.75136, 13.96557, -11.87314],
							"lerp_mode": "catmullrom"
						},
						"0.6667": {
							"post": [-33.89382, 12.42631, -9.92075],
							"lerp_mode": "catmullrom"
						},
						"1.0": {
							"post": [-22.36574, 22.00624, -1.97092],
							"lerp_mode": "catmullrom"
						},
						"1.3333": {
							"post": [-48.53884, 20.16371, -12.29139],
							"lerp_mode": "catmullrom"
						},
						"1.75": {
							"post": [-46.69334, 18.12233, -13.43949],
							"lerp_mode": "catmullrom"
						},
						"2.0": [-41.58604, 16.8975, -14.12834]
					}
				},
				"bone28": {
					"rotation": [0, 0, 15]
				},
				"bone30": {
					"rotation": [0, 0, -15]
				},
				"bone45": {
					"rotation": ["-51.391-math.cos((q.anim_time)*90*8/2-90)*6", 33.22916, "-29.3666-math.cos((q.anim_time)*90*8/2)*6"]
				},
				"bone46": {
					"rotation": [0, 0, "-57.5-math.cos((q.anim_time)*90*8/4-90)*10"]
				},
				"bone51": {
					"rotation": {
						"0.0": ["50-math.cos((q.anim_time)*90*8/2-90)*6", 0, 0],
						"2.0": [50, 0, 0]
					}
				},
				"bone52": {
					"rotation": ["27.5-math.cos((q.anim_time)*90*8/2-90)*6", 0, 0]
				},
				"bone54": {
					"rotation": ["-47.8645452843+math.cos((q.anim_time)*90*8/2-90)*6", -7.12939, -19.65456]
				},
				"bone55": {
					"rotation": ["-45+math.cos((q.anim_time)*90*8/2-90)*6", 0, 0]
				},
				"bone58": {
					"rotation": {
						"0.0": [-10, 20, 0],
						"1.0": {
							"pre": [59.19226, -4.3029, 18.5798],
							"post": [59.19226, -4.3029, 18.5798],
							"lerp_mode": "catmullrom"
						},
						"1.8333": {
							"post": [-10.18473, 20.96192, 3.9749],
							"lerp_mode": "catmullrom"
						},
						"2.0": [-10, 20, 0]
					},
					"position": {
						"0.0": [0, 0, -3],
						"1.0": {
							"pre": [0, 0, 2],
							"post": [0, 0, 2],
							"lerp_mode": "catmullrom"
						},
						"1.8333": {
							"post": [0, 2, -1.75],
							"lerp_mode": "catmullrom"
						},
						"2.0": [0, 0, -3]
					}
				},
				"bone59": {
					"rotation": {
						"0.0": [7.5, 0, 0],
						"0.3333": {
							"pre": [16.67, 0, 0],
							"post": [16.67, 0, 0],
							"lerp_mode": "catmullrom"
						},
						"0.6667": {
							"post": [12.09, 0, 0],
							"lerp_mode": "catmullrom"
						},
						"1.0": {
							"post": [-5, 0, 0],
							"lerp_mode": "catmullrom"
						},
						"1.25": {
							"post": [26.46, 0, 0],
							"lerp_mode": "catmullrom"
						},
						"2.0": [7.5, 0, 0]
					}
				},
				"bone60": {
					"rotation": {
						"0.0": [-22.5, 0, 0],
						"0.3333": {
							"pre": [-52.26027, -4.66515, 4.81092],
							"post": [-52.26027, -4.66515, 4.81092],
							"lerp_mode": "catmullrom"
						},
						"0.75": {
							"post": [-55.84421, -22.75808, 5.04594],
							"lerp_mode": "catmullrom"
						},
						"1.0": {
							"post": [-44.28082, -13.99545, 14.43276],
							"lerp_mode": "catmullrom"
						},
						"1.25": {
							"post": [-51.96062, -10.49658, 10.82457],
							"lerp_mode": "catmullrom"
						},
						"1.5": {
							"post": [-52.69819, -6.95453, 7.17183],
							"lerp_mode": "catmullrom"
						},
						"2.0": [-22.5, 0, 0]
					}
				},
				"bone65": {
					"rotation": [0, 0, -17.5]
				},
				"bone67": {
					"rotation": [0, 0, 15]
				},
				"bone70": {
					"rotation": [0, 0, "-10-math.cos((q.anim_time)*90*8/2-90)*6"]
				},
				"bone71": {
					"rotation": [0, 0, "-15-math.cos((q.anim_time)*90*8/2-90)*6"]
				},
				"bone57": {
					"rotation": ["32.5-math.cos((q.anim_time)*90*8/2-90)*6", 0, 0]
				},
				"bone49": {
					"rotation": ["42.5-math.cos((q.anim_time)*90*8/2-90)*6", 0, 0]
				},
				"bone16": {
					"rotation": ["30+math.cos((q.anim_time)*90*8/2-90)*6", 0, 0]
				},
				"bone18": {
					"rotation": ["40+math.cos((q.anim_time)*90*8/2-90)*6", 0, 0]
				},
				"torso": {
					"rotation": ["2.5+math.cos((q.anim_time)*90*8/2-90)*5", "0-math.cos((q.anim_time)*90*8/4-90)*10", "0-math.cos((q.anim_time)*90*8/4)*5"],
					"position": ["0-math.cos((q.anim_time)*90*8/4)*0.7", "0-math.cos((q.anim_time)*90*8/2)*1.5", 0]
				},
				"bone7": {
					"rotation": [0, "0+math.cos((q.anim_time)*90*8/4-90)*10", "0+math.cos((q.anim_time)*90*8/4)*5"]
				},
				"bone38": {
					"rotation": [0, 0, "0+math.cos((q.anim_time)*90*8/2-90)*6"]
				},
				"bone69": {
					"rotation": [0, 0, "0-math.cos((q.anim_time)*90*8/2-90)*6"]
				},
				"bone47": {
					"rotation": [0, "0+math.cos((q.anim_time)*90*8/2-90)*6", 0]
				},
				"bone34": {
					"rotation": [0, "0-math.cos((q.anim_time)*90*8/4)*15", 0]
				},
				"bone35": {
					"rotation": [0, "0-math.cos((q.anim_time)*90*8/4-90)*15", 0]
				},
				"bone36": {
					"rotation": [0, "0-math.cos((q.anim_time)*90*8/4-90)*15", 0]
				},
				"bone37": {
					"rotation": [0, "0-math.cos((q.anim_time)*90*8/4-90)*15", 0]
				},
				"bone32": {
					"rotation": {
						"0.0": [-32.5, 0, 0],
						"0.3333": [-20.62, 0, 0],
						"1.0": [0, 0, 0],
						"1.3333": [-0.83, 0, 0],
						"2.0": [-32.5, 0, 0]
					}
				},
				"bone62": {
					"rotation": {
						"0.0": [0, 0, 0],
						"0.3333": [0, 0, 0],
						"1.0": [-35, 0, 0],
						"1.5": [0, 0, 0],
						"2.0": [0, 0, 0]
					}
				}
			}
		},
		"animation.druddigon.ground_walkspeed": {
			"loop": true,
			"animation_length": 12,
			"bones": {
				"body": {
					"position": [0, -2.5, 0]
				},
				"head": {
					"rotation": {
						"0.0": ["5+math.cos((q.anim_time)*90*8/2-90)*6", 0, 0],
						"2.0": ["5+math.cos((q.anim_time)*90*8/2-90)*6", 0, 0],
						"4.0": ["5+math.cos((q.anim_time)*90*8/2-90)*6", 0, 0],
						"6.0": ["5+math.cos((q.anim_time)*90*8/2-90)*6", 0, 0],
						"8.0": ["5+math.cos((q.anim_time)*90*8/2-90)*6", 0, 0],
						"10.0": ["5+math.cos((q.anim_time)*90*8/2-90)*6", 0, 0]
					}
				},
				"bone": {
					"rotation": {
						"0.0": ["10+math.cos((q.anim_time)*90*8/2-90)*6", 0, 0],
						"2.0": ["10+math.cos((q.anim_time)*90*8/2-90)*6", 0, 0],
						"4.0": ["10+math.cos((q.anim_time)*90*8/2-90)*6", 0, 0],
						"6.0": ["10+math.cos((q.anim_time)*90*8/2-90)*6", 0, 0],
						"8.0": ["10+math.cos((q.anim_time)*90*8/2-90)*6", 0, 0],
						"10.0": ["10+math.cos((q.anim_time)*90*8/2-90)*6", 0, 0]
					}
				},
				"bone39": {
					"rotation": {
						"0.0": [0, 0, "10+math.cos((q.anim_time)*90*8/2-90)*6"],
						"2.0": [0, 0, "10+math.cos((q.anim_time)*90*8/2-90)*6"],
						"4.0": [0, 0, "10+math.cos((q.anim_time)*90*8/2-90)*6"],
						"6.0": [0, 0, "10+math.cos((q.anim_time)*90*8/2-90)*6"],
						"8.0": [0, 0, "10+math.cos((q.anim_time)*90*8/2-90)*6"],
						"10.0": [0, 0, "10+math.cos((q.anim_time)*90*8/2-90)*6"]
					}
				},
				"bone40": {
					"rotation": {
						"0.0": [0, 0, "7.5+math.cos((q.anim_time)*90*8/2-90)*6"],
						"2.0": [0, 0, "7.5+math.cos((q.anim_time)*90*8/2-90)*6"],
						"4.0": [0, 0, "7.5+math.cos((q.anim_time)*90*8/2-90)*6"],
						"6.0": [0, 0, "7.5+math.cos((q.anim_time)*90*8/2-90)*6"],
						"8.0": [0, 0, "7.5+math.cos((q.anim_time)*90*8/2-90)*6"],
						"10.0": [0, 0, "7.5+math.cos((q.anim_time)*90*8/2-90)*6"]
					}
				},
				"bone12": {
					"rotation": {
						"0.0": ["-49.5706+math.cos((q.anim_time)*90*8/2-90)*6", -32.51177, "30.9601+math.cos((q.anim_time)*90*8/2)*6"],
						"2.0": ["-49.5706+math.cos((q.anim_time)*90*8/2-90)*6", -32.51177, "30.9601+math.cos((q.anim_time)*90*8/2)*6"],
						"4.0": ["-49.5706+math.cos((q.anim_time)*90*8/2-90)*6", -32.51177, "30.9601+math.cos((q.anim_time)*90*8/2)*6"],
						"6.0": ["-49.5706+math.cos((q.anim_time)*90*8/2-90)*6", -32.51177, "30.9601+math.cos((q.anim_time)*90*8/2)*6"],
						"8.0": ["-49.5706+math.cos((q.anim_time)*90*8/2-90)*6", -32.51177, "30.9601+math.cos((q.anim_time)*90*8/2)*6"],
						"10.0": ["-49.5706+math.cos((q.anim_time)*90*8/2-90)*6", -32.51177, "30.9601+math.cos((q.anim_time)*90*8/2)*6"]
					}
				},
				"bone13": {
					"rotation": {
						"0.0": [0, 0, "57.5-math.cos((q.anim_time)*90*8/4-90)*10"],
						"2.0": [0, 0, "57.5-math.cos((q.anim_time)*90*8/4-90)*10"],
						"4.0": [0, 0, "57.5-math.cos((q.anim_time)*90*8/4-90)*10"],
						"6.0": [0, 0, "57.5-math.cos((q.anim_time)*90*8/4-90)*10"],
						"8.0": [0, 0, "57.5-math.cos((q.anim_time)*90*8/4-90)*10"],
						"10.0": [0, 0, "57.5-math.cos((q.anim_time)*90*8/4-90)*10"]
					}
				},
				"bone14": {
					"rotation": {
						"0.0": [0, "-20+math.cos((q.anim_time)*90*8/2-90)*6", 0],
						"2.0": [0, "-20+math.cos((q.anim_time)*90*8/2-90)*6", 0],
						"4.0": [0, "-20+math.cos((q.anim_time)*90*8/2-90)*6", 0],
						"6.0": [0, "-20+math.cos((q.anim_time)*90*8/2-90)*6", 0],
						"8.0": [0, "-20+math.cos((q.anim_time)*90*8/2-90)*6", 0],
						"10.0": [0, "-20+math.cos((q.anim_time)*90*8/2-90)*6", 0]
					}
				},
				"bone22": {
					"rotation": {
						"0.0": ["37.5+math.cos((q.anim_time)*90*8/2-90)*6", 0, 0],
						"2.0": ["37.5+math.cos((q.anim_time)*90*8/2-90)*6", 0, 0],
						"4.0": ["37.5+math.cos((q.anim_time)*90*8/2-90)*6", 0, 0],
						"6.0": ["37.5+math.cos((q.anim_time)*90*8/2-90)*6", 0, 0],
						"8.0": ["37.5+math.cos((q.anim_time)*90*8/2-90)*6", 0, 0],
						"10.0": ["37.5+math.cos((q.anim_time)*90*8/2-90)*6", 0, 0]
					}
				},
				"bone23": {
					"rotation": {
						"0.0": ["37.5+math.cos((q.anim_time)*90*8/2-90)*6", 0, 0],
						"2.0": ["37.5+math.cos((q.anim_time)*90*8/2-90)*6", 0, 0],
						"4.0": ["37.5+math.cos((q.anim_time)*90*8/2-90)*6", 0, 0],
						"6.0": ["37.5+math.cos((q.anim_time)*90*8/2-90)*6", 0, 0],
						"8.0": ["37.5+math.cos((q.anim_time)*90*8/2-90)*6", 0, 0],
						"10.0": ["37.5+math.cos((q.anim_time)*90*8/2-90)*6", 0, 0]
					}
				},
				"bone19": {
					"rotation": {
						"0.0": ["-61.0617351602-math.cos((q.anim_time)*90*8/2-90)*6", 3.50297, 19.12698],
						"2.0": ["-61.0617351602-math.cos((q.anim_time)*90*8/2-90)*6", 3.50297, 19.12698],
						"4.0": ["-61.0617351602-math.cos((q.anim_time)*90*8/2-90)*6", 3.50297, 19.12698],
						"6.0": ["-61.0617351602-math.cos((q.anim_time)*90*8/2-90)*6", 3.50297, 19.12698],
						"8.0": ["-61.0617351602-math.cos((q.anim_time)*90*8/2-90)*6", 3.50297, 19.12698],
						"10.0": ["-61.0617351602-math.cos((q.anim_time)*90*8/2-90)*6", 3.50297, 19.12698]
					}
				},
				"bone20": {
					"rotation": {
						"0.0": ["-22.5-math.cos((q.anim_time)*90*8/2-90)*6", 0, 0],
						"2.0": ["-22.5-math.cos((q.anim_time)*90*8/2-90)*6", 0, 0],
						"4.0": ["-22.5-math.cos((q.anim_time)*90*8/2-90)*6", 0, 0],
						"6.0": ["-22.5-math.cos((q.anim_time)*90*8/2-90)*6", 0, 0],
						"8.0": ["-22.5-math.cos((q.anim_time)*90*8/2-90)*6", 0, 0],
						"10.0": ["-22.5-math.cos((q.anim_time)*90*8/2-90)*6", 0, 0]
					}
				},
				"bone8": {
					"rotation": {
						"0.0": [59.30778, -11.90757, -23.53507],
						"0.8333": {
							"pre": [-1.33639, -13.01596, -12.51068],
							"post": [-1.33639, -13.01596, -12.51068],
							"lerp_mode": "catmullrom"
						},
						"1.0": {
							"post": [4.30778, -11.90757, -23.53507],
							"lerp_mode": "catmullrom"
						},
						"2.0": [59.30778, -11.90757, -23.53507],
						"2.8333": {
							"pre": [-1.33639, -13.01596, -12.51068],
							"post": [-1.33639, -13.01596, -12.51068],
							"lerp_mode": "catmullrom"
						},
						"3.0": {
							"post": [4.30778, -11.90757, -23.53507],
							"lerp_mode": "catmullrom"
						},
						"4.0": [59.30778, -11.90757, -23.53507],
						"4.8333": {
							"pre": [-1.33639, -13.01596, -12.51068],
							"post": [-1.33639, -13.01596, -12.51068],
							"lerp_mode": "catmullrom"
						},
						"5.0": {
							"post": [4.30778, -11.90757, -23.53507],
							"lerp_mode": "catmullrom"
						},
						"6.0": [59.30778, -11.90757, -23.53507],
						"6.8333": {
							"pre": [-1.33639, -13.01596, -12.51068],
							"post": [-1.33639, -13.01596, -12.51068],
							"lerp_mode": "catmullrom"
						},
						"7.0": {
							"post": [4.30778, -11.90757, -23.53507],
							"lerp_mode": "catmullrom"
						},
						"8.0": [59.30778, -11.90757, -23.53507],
						"8.8333": {
							"pre": [-1.33639, -13.01596, -12.51068],
							"post": [-1.33639, -13.01596, -12.51068],
							"lerp_mode": "catmullrom"
						},
						"9.0": {
							"post": [4.30778, -11.90757, -23.53507],
							"lerp_mode": "catmullrom"
						},
						"10.0": [59.30778, -11.90757, -23.53507],
						"10.8333": {
							"pre": [-1.33639, -13.01596, -12.51068],
							"post": [-1.33639, -13.01596, -12.51068],
							"lerp_mode": "catmullrom"
						},
						"11.0": {
							"post": [4.30778, -11.90757, -23.53507],
							"lerp_mode": "catmullrom"
						},
						"12.0": [59.30778, -11.90757, -23.53507]
					},
					"position": {
						"0.0": [0, 0, 2],
						"0.8333": {
							"pre": [0, 2, -1],
							"post": [0, 2, -1],
							"lerp_mode": "catmullrom"
						},
						"1.0": {
							"post": [0, 0, -2],
							"lerp_mode": "catmullrom"
						},
						"2.0": [0, 0, 2],
						"2.8333": {
							"pre": [0, 2, -1],
							"post": [0, 2, -1],
							"lerp_mode": "catmullrom"
						},
						"3.0": {
							"post": [0, 0, -2],
							"lerp_mode": "catmullrom"
						},
						"4.0": [0, 0, 2],
						"4.8333": {
							"pre": [0, 2, -1],
							"post": [0, 2, -1],
							"lerp_mode": "catmullrom"
						},
						"5.0": {
							"post": [0, 0, -2],
							"lerp_mode": "catmullrom"
						},
						"6.0": [0, 0, 2],
						"6.8333": {
							"pre": [0, 2, -1],
							"post": [0, 2, -1],
							"lerp_mode": "catmullrom"
						},
						"7.0": {
							"post": [0, 0, -2],
							"lerp_mode": "catmullrom"
						},
						"8.0": [0, 0, 2],
						"8.8333": {
							"pre": [0, 2, -1],
							"post": [0, 2, -1],
							"lerp_mode": "catmullrom"
						},
						"9.0": {
							"post": [0, 0, -2],
							"lerp_mode": "catmullrom"
						},
						"10.0": [0, 0, 2],
						"10.8333": {
							"pre": [0, 2, -1],
							"post": [0, 2, -1],
							"lerp_mode": "catmullrom"
						},
						"11.0": {
							"post": [0, 0, -2],
							"lerp_mode": "catmullrom"
						},
						"12.0": [0, 0, 2]
					}
				},
				"bone9": {
					"rotation": {
						"0.0": [-5.00804, 0.37203, -0.12151],
						"0.3333": {
							"pre": [16.93641, 0.37203, -0.12151],
							"post": [16.93641, 0.37203, -0.12151],
							"lerp_mode": "catmullrom"
						},
						"0.75": {
							"post": [4.99196, 0.37203, -0.12151],
							"lerp_mode": "catmullrom"
						},
						"1.0": {
							"post": [-2.00804, 0.37203, -0.12151],
							"lerp_mode": "catmullrom"
						},
						"1.3333": {
							"post": [4.49196, 0.37203, -0.12151],
							"lerp_mode": "catmullrom"
						},
						"1.75": {
							"post": [3.55446, 0.37203, -0.12151],
							"lerp_mode": "catmullrom"
						},
						"2.0": [-5.00804, 0.37203, -0.12151],
						"2.3333": {
							"pre": [16.93641, 0.37203, -0.12151],
							"post": [16.93641, 0.37203, -0.12151],
							"lerp_mode": "catmullrom"
						},
						"2.75": {
							"post": [4.99196, 0.37203, -0.12151],
							"lerp_mode": "catmullrom"
						},
						"3.0": {
							"post": [-2.00804, 0.37203, -0.12151],
							"lerp_mode": "catmullrom"
						},
						"3.3333": {
							"post": [4.49196, 0.37203, -0.12151],
							"lerp_mode": "catmullrom"
						},
						"3.75": {
							"post": [3.55446, 0.37203, -0.12151],
							"lerp_mode": "catmullrom"
						},
						"4.0": [-5.00804, 0.37203, -0.12151],
						"4.3333": {
							"pre": [16.93641, 0.37203, -0.12151],
							"post": [16.93641, 0.37203, -0.12151],
							"lerp_mode": "catmullrom"
						},
						"4.75": {
							"post": [4.99196, 0.37203, -0.12151],
							"lerp_mode": "catmullrom"
						},
						"5.0": {
							"post": [-2.00804, 0.37203, -0.12151],
							"lerp_mode": "catmullrom"
						},
						"5.3333": {
							"post": [4.49196, 0.37203, -0.12151],
							"lerp_mode": "catmullrom"
						},
						"5.75": {
							"post": [3.55446, 0.37203, -0.12151],
							"lerp_mode": "catmullrom"
						},
						"6.0": [-5.00804, 0.37203, -0.12151],
						"6.3333": {
							"pre": [16.93641, 0.37203, -0.12151],
							"post": [16.93641, 0.37203, -0.12151],
							"lerp_mode": "catmullrom"
						},
						"6.75": {
							"post": [4.99196, 0.37203, -0.12151],
							"lerp_mode": "catmullrom"
						},
						"7.0": {
							"post": [-2.00804, 0.37203, -0.12151],
							"lerp_mode": "catmullrom"
						},
						"7.3333": {
							"post": [4.49196, 0.37203, -0.12151],
							"lerp_mode": "catmullrom"
						},
						"7.75": {
							"post": [3.55446, 0.37203, -0.12151],
							"lerp_mode": "catmullrom"
						},
						"8.0": [-5.00804, 0.37203, -0.12151],
						"8.3333": {
							"pre": [16.93641, 0.37203, -0.12151],
							"post": [16.93641, 0.37203, -0.12151],
							"lerp_mode": "catmullrom"
						},
						"8.75": {
							"post": [4.99196, 0.37203, -0.12151],
							"lerp_mode": "catmullrom"
						},
						"9.0": {
							"post": [-2.00804, 0.37203, -0.12151],
							"lerp_mode": "catmullrom"
						},
						"9.3333": {
							"post": [4.49196, 0.37203, -0.12151],
							"lerp_mode": "catmullrom"
						},
						"9.75": {
							"post": [3.55446, 0.37203, -0.12151],
							"lerp_mode": "catmullrom"
						},
						"10.0": [-5.00804, 0.37203, -0.12151],
						"10.3333": {
							"pre": [16.93641, 0.37203, -0.12151],
							"post": [16.93641, 0.37203, -0.12151],
							"lerp_mode": "catmullrom"
						},
						"10.75": {
							"post": [4.99196, 0.37203, -0.12151],
							"lerp_mode": "catmullrom"
						},
						"11.0": {
							"post": [-2.00804, 0.37203, -0.12151],
							"lerp_mode": "catmullrom"
						},
						"11.3333": {
							"post": [4.49196, 0.37203, -0.12151],
							"lerp_mode": "catmullrom"
						},
						"11.75": {
							"post": [3.55446, 0.37203, -0.12151],
							"lerp_mode": "catmullrom"
						},
						"12.0": [-5.00804, 0.37203, -0.12151]
					}
				},
				"bone25": {
					"rotation": {
						"0.0": [-41.58604, 16.8975, -14.12834],
						"0.3333": {
							"pre": [-42.75136, 13.96557, -11.87314],
							"post": [-42.75136, 13.96557, -11.87314],
							"lerp_mode": "catmullrom"
						},
						"0.6667": {
							"post": [-33.89382, 12.42631, -9.92075],
							"lerp_mode": "catmullrom"
						},
						"1.0": {
							"post": [-22.36574, 22.00624, -1.97092],
							"lerp_mode": "catmullrom"
						},
						"1.3333": {
							"post": [-48.53884, 20.16371, -12.29139],
							"lerp_mode": "catmullrom"
						},
						"1.75": {
							"post": [-46.69334, 18.12233, -13.43949],
							"lerp_mode": "catmullrom"
						},
						"2.0": [-41.58604, 16.8975, -14.12834],
						"2.3333": {
							"pre": [-42.75136, 13.96557, -11.87314],
							"post": [-42.75136, 13.96557, -11.87314],
							"lerp_mode": "catmullrom"
						},
						"2.6667": {
							"post": [-33.89382, 12.42631, -9.92075],
							"lerp_mode": "catmullrom"
						},
						"3.0": {
							"post": [-22.36574, 22.00624, -1.97092],
							"lerp_mode": "catmullrom"
						},
						"3.3333": {
							"post": [-48.53884, 20.16371, -12.29139],
							"lerp_mode": "catmullrom"
						},
						"3.75": {
							"post": [-46.69334, 18.12233, -13.43949],
							"lerp_mode": "catmullrom"
						},
						"4.0": [-41.58604, 16.8975, -14.12834],
						"4.3333": {
							"pre": [-42.75136, 13.96557, -11.87314],
							"post": [-42.75136, 13.96557, -11.87314],
							"lerp_mode": "catmullrom"
						},
						"4.6667": {
							"post": [-33.89382, 12.42631, -9.92075],
							"lerp_mode": "catmullrom"
						},
						"5.0": {
							"post": [-22.36574, 22.00624, -1.97092],
							"lerp_mode": "catmullrom"
						},
						"5.3333": {
							"post": [-48.53884, 20.16371, -12.29139],
							"lerp_mode": "catmullrom"
						},
						"5.75": {
							"post": [-46.69334, 18.12233, -13.43949],
							"lerp_mode": "catmullrom"
						},
						"6.0": [-41.58604, 16.8975, -14.12834],
						"6.3333": {
							"pre": [-42.75136, 13.96557, -11.87314],
							"post": [-42.75136, 13.96557, -11.87314],
							"lerp_mode": "catmullrom"
						},
						"6.6667": {
							"post": [-33.89382, 12.42631, -9.92075],
							"lerp_mode": "catmullrom"
						},
						"7.0": {
							"post": [-22.36574, 22.00624, -1.97092],
							"lerp_mode": "catmullrom"
						},
						"7.3333": {
							"post": [-48.53884, 20.16371, -12.29139],
							"lerp_mode": "catmullrom"
						},
						"7.75": {
							"post": [-46.69334, 18.12233, -13.43949],
							"lerp_mode": "catmullrom"
						},
						"8.0": [-41.58604, 16.8975, -14.12834],
						"8.3333": {
							"pre": [-42.75136, 13.96557, -11.87314],
							"post": [-42.75136, 13.96557, -11.87314],
							"lerp_mode": "catmullrom"
						},
						"8.6667": {
							"post": [-33.89382, 12.42631, -9.92075],
							"lerp_mode": "catmullrom"
						},
						"9.0": {
							"post": [-22.36574, 22.00624, -1.97092],
							"lerp_mode": "catmullrom"
						},
						"9.3333": {
							"post": [-48.53884, 20.16371, -12.29139],
							"lerp_mode": "catmullrom"
						},
						"9.75": {
							"post": [-46.69334, 18.12233, -13.43949],
							"lerp_mode": "catmullrom"
						},
						"10.0": [-41.58604, 16.8975, -14.12834],
						"10.3333": {
							"pre": [-42.75136, 13.96557, -11.87314],
							"post": [-42.75136, 13.96557, -11.87314],
							"lerp_mode": "catmullrom"
						},
						"10.6667": {
							"post": [-33.89382, 12.42631, -9.92075],
							"lerp_mode": "catmullrom"
						},
						"11.0": {
							"post": [-22.36574, 22.00624, -1.97092],
							"lerp_mode": "catmullrom"
						},
						"11.3333": {
							"post": [-48.53884, 20.16371, -12.29139],
							"lerp_mode": "catmullrom"
						},
						"11.75": {
							"post": [-46.69334, 18.12233, -13.43949],
							"lerp_mode": "catmullrom"
						},
						"12.0": [-41.58604, 16.8975, -14.12834]
					}
				},
				"bone28": {
					"rotation": {
						"0.0": [0, 0, 15],
						"2.0": [0, 0, 15],
						"4.0": [0, 0, 15],
						"6.0": [0, 0, 15],
						"8.0": [0, 0, 15],
						"10.0": [0, 0, 15]
					}
				},
				"bone30": {
					"rotation": [0, 0, -15]
				},
				"bone45": {
					"rotation": {
						"0.0": ["-51.391-math.cos((q.anim_time)*90*8/2-90)*6", 33.22916, "-29.3666-math.cos((q.anim_time)*90*8/2)*6"],
						"2.0": ["-51.391-math.cos((q.anim_time)*90*8/2-90)*6", 33.22916, "-29.3666-math.cos((q.anim_time)*90*8/2)*6"],
						"4.0": ["-51.391-math.cos((q.anim_time)*90*8/2-90)*6", 33.22916, "-29.3666-math.cos((q.anim_time)*90*8/2)*6"],
						"6.0": ["-51.391-math.cos((q.anim_time)*90*8/2-90)*6", 33.22916, "-29.3666-math.cos((q.anim_time)*90*8/2)*6"],
						"8.0": ["-51.391-math.cos((q.anim_time)*90*8/2-90)*6", 33.22916, "-29.3666-math.cos((q.anim_time)*90*8/2)*6"],
						"10.0": ["-51.391-math.cos((q.anim_time)*90*8/2-90)*6", 33.22916, "-29.3666-math.cos((q.anim_time)*90*8/2)*6"]
					}
				},
				"bone46": {
					"rotation": {
						"0.0": [0, 0, "-57.5-math.cos((q.anim_time)*90*8/4-90)*10"],
						"2.0": [0, 0, "-57.5-math.cos((q.anim_time)*90*8/4-90)*10"],
						"4.0": [0, 0, "-57.5-math.cos((q.anim_time)*90*8/4-90)*10"],
						"6.0": [0, 0, "-57.5-math.cos((q.anim_time)*90*8/4-90)*10"],
						"8.0": [0, 0, "-57.5-math.cos((q.anim_time)*90*8/4-90)*10"],
						"10.0": [0, 0, "-57.5-math.cos((q.anim_time)*90*8/4-90)*10"]
					}
				},
				"bone51": {
					"rotation": {
						"0.0": ["50-math.cos((q.anim_time)*90*8/2-90)*6", 0, 0],
						"2.0": ["50-math.cos((q.anim_time)*90*8/2-90)*6", 0, 0],
						"4.0": ["50-math.cos((q.anim_time)*90*8/2-90)*6", 0, 0],
						"6.0": ["50-math.cos((q.anim_time)*90*8/2-90)*6", 0, 0],
						"8.0": ["50-math.cos((q.anim_time)*90*8/2-90)*6", 0, 0],
						"10.0": ["50-math.cos((q.anim_time)*90*8/2-90)*6", 0, 0],
						"12.0": [50, 0, 0]
					}
				},
				"bone52": {
					"rotation": {
						"0.0": ["27.5-math.cos((q.anim_time)*90*8/2-90)*6", 0, 0],
						"2.0": ["27.5-math.cos((q.anim_time)*90*8/2-90)*6", 0, 0],
						"4.0": ["27.5-math.cos((q.anim_time)*90*8/2-90)*6", 0, 0],
						"6.0": ["27.5-math.cos((q.anim_time)*90*8/2-90)*6", 0, 0],
						"8.0": ["27.5-math.cos((q.anim_time)*90*8/2-90)*6", 0, 0],
						"10.0": ["27.5-math.cos((q.anim_time)*90*8/2-90)*6", 0, 0]
					}
				},
				"bone54": {
					"rotation": {
						"0.0": ["-47.8645452843+math.cos((q.anim_time)*90*8/2-90)*6", -7.12939, -19.65456],
						"2.0": ["-47.8645452843+math.cos((q.anim_time)*90*8/2-90)*6", -7.12939, -19.65456],
						"4.0": ["-47.8645452843+math.cos((q.anim_time)*90*8/2-90)*6", -7.12939, -19.65456],
						"6.0": ["-47.8645452843+math.cos((q.anim_time)*90*8/2-90)*6", -7.12939, -19.65456],
						"8.0": ["-47.8645452843+math.cos((q.anim_time)*90*8/2-90)*6", -7.12939, -19.65456],
						"10.0": ["-47.8645452843+math.cos((q.anim_time)*90*8/2-90)*6", -7.12939, -19.65456]
					}
				},
				"bone55": {
					"rotation": {
						"0.0": ["-45+math.cos((q.anim_time)*90*8/2-90)*6", 0, 0],
						"2.0": ["-45+math.cos((q.anim_time)*90*8/2-90)*6", 0, 0],
						"4.0": ["-45+math.cos((q.anim_time)*90*8/2-90)*6", 0, 0],
						"6.0": ["-45+math.cos((q.anim_time)*90*8/2-90)*6", 0, 0],
						"8.0": ["-45+math.cos((q.anim_time)*90*8/2-90)*6", 0, 0],
						"10.0": ["-45+math.cos((q.anim_time)*90*8/2-90)*6", 0, 0]
					}
				},
				"bone58": {
					"rotation": {
						"0.0": [-10, 20, 0],
						"1.0": {
							"pre": [59.19226, -4.3029, 18.5798],
							"post": [59.19226, -4.3029, 18.5798],
							"lerp_mode": "catmullrom"
						},
						"1.8333": {
							"post": [-10.18473, 20.96192, 3.9749],
							"lerp_mode": "catmullrom"
						},
						"2.0": [-10, 20, 0],
						"3.0": {
							"pre": [59.19226, -4.3029, 18.5798],
							"post": [59.19226, -4.3029, 18.5798],
							"lerp_mode": "catmullrom"
						},
						"3.8333": {
							"post": [-10.18473, 20.96192, 3.9749],
							"lerp_mode": "catmullrom"
						},
						"4.0": [-10, 20, 0],
						"5.0": {
							"pre": [59.19226, -4.3029, 18.5798],
							"post": [59.19226, -4.3029, 18.5798],
							"lerp_mode": "catmullrom"
						},
						"5.8333": {
							"post": [-10.18473, 20.96192, 3.9749],
							"lerp_mode": "catmullrom"
						},
						"6.0": [-10, 20, 0],
						"7.0": {
							"pre": [59.19226, -4.3029, 18.5798],
							"post": [59.19226, -4.3029, 18.5798],
							"lerp_mode": "catmullrom"
						},
						"7.8333": {
							"post": [-10.18473, 20.96192, 3.9749],
							"lerp_mode": "catmullrom"
						},
						"8.0": [-10, 20, 0],
						"9.0": {
							"pre": [59.19226, -4.3029, 18.5798],
							"post": [59.19226, -4.3029, 18.5798],
							"lerp_mode": "catmullrom"
						},
						"9.8333": {
							"post": [-10.18473, 20.96192, 3.9749],
							"lerp_mode": "catmullrom"
						},
						"10.0": [-10, 20, 0],
						"11.0": {
							"pre": [59.19226, -4.3029, 18.5798],
							"post": [59.19226, -4.3029, 18.5798],
							"lerp_mode": "catmullrom"
						},
						"11.8333": {
							"post": [-10.18473, 20.96192, 3.9749],
							"lerp_mode": "catmullrom"
						},
						"12.0": [-10, 20, 0]
					},
					"position": {
						"0.0": [0, 0, -3],
						"1.0": {
							"pre": [0, 0, 2],
							"post": [0, 0, 2],
							"lerp_mode": "catmullrom"
						},
						"1.8333": {
							"post": [0, 2, -1.75],
							"lerp_mode": "catmullrom"
						},
						"2.0": [0, 0, -3],
						"3.0": {
							"pre": [0, 0, 2],
							"post": [0, 0, 2],
							"lerp_mode": "catmullrom"
						},
						"3.8333": {
							"post": [0, 2, -1.75],
							"lerp_mode": "catmullrom"
						},
						"4.0": [0, 0, -3],
						"5.0": {
							"pre": [0, 0, 2],
							"post": [0, 0, 2],
							"lerp_mode": "catmullrom"
						},
						"5.8333": {
							"post": [0, 2, -1.75],
							"lerp_mode": "catmullrom"
						},
						"6.0": [0, 0, -3],
						"7.0": {
							"pre": [0, 0, 2],
							"post": [0, 0, 2],
							"lerp_mode": "catmullrom"
						},
						"7.8333": {
							"post": [0, 2, -1.75],
							"lerp_mode": "catmullrom"
						},
						"8.0": [0, 0, -3],
						"9.0": {
							"pre": [0, 0, 2],
							"post": [0, 0, 2],
							"lerp_mode": "catmullrom"
						},
						"9.8333": {
							"post": [0, 2, -1.75],
							"lerp_mode": "catmullrom"
						},
						"10.0": [0, 0, -3],
						"11.0": {
							"pre": [0, 0, 2],
							"post": [0, 0, 2],
							"lerp_mode": "catmullrom"
						},
						"11.8333": {
							"post": [0, 2, -1.75],
							"lerp_mode": "catmullrom"
						},
						"12.0": [0, 0, -3]
					}
				},
				"bone59": {
					"rotation": {
						"0.0": [7.5, 0, 0],
						"0.3333": {
							"pre": [16.67, 0, 0],
							"post": [16.67, 0, 0],
							"lerp_mode": "catmullrom"
						},
						"0.6667": {
							"post": [12.09, 0, 0],
							"lerp_mode": "catmullrom"
						},
						"1.0": {
							"post": [-5, 0, 0],
							"lerp_mode": "catmullrom"
						},
						"1.25": {
							"post": [26.46, 0, 0],
							"lerp_mode": "catmullrom"
						},
						"2.0": [7.5, 0, 0],
						"2.3333": {
							"pre": [16.67, 0, 0],
							"post": [16.67, 0, 0],
							"lerp_mode": "catmullrom"
						},
						"2.6667": {
							"post": [12.09, 0, 0],
							"lerp_mode": "catmullrom"
						},
						"3.0": {
							"post": [-5, 0, 0],
							"lerp_mode": "catmullrom"
						},
						"3.25": {
							"post": [26.46, 0, 0],
							"lerp_mode": "catmullrom"
						},
						"4.0": [7.5, 0, 0],
						"4.3333": {
							"pre": [16.67, 0, 0],
							"post": [16.67, 0, 0],
							"lerp_mode": "catmullrom"
						},
						"4.6667": {
							"post": [12.09, 0, 0],
							"lerp_mode": "catmullrom"
						},
						"5.0": {
							"post": [-5, 0, 0],
							"lerp_mode": "catmullrom"
						},
						"5.25": {
							"post": [26.46, 0, 0],
							"lerp_mode": "catmullrom"
						},
						"6.0": [7.5, 0, 0],
						"6.3333": {
							"pre": [16.67, 0, 0],
							"post": [16.67, 0, 0],
							"lerp_mode": "catmullrom"
						},
						"6.6667": {
							"post": [12.09, 0, 0],
							"lerp_mode": "catmullrom"
						},
						"7.0": {
							"post": [-5, 0, 0],
							"lerp_mode": "catmullrom"
						},
						"7.25": {
							"post": [26.46, 0, 0],
							"lerp_mode": "catmullrom"
						},
						"8.0": [7.5, 0, 0],
						"8.3333": {
							"pre": [16.67, 0, 0],
							"post": [16.67, 0, 0],
							"lerp_mode": "catmullrom"
						},
						"8.6667": {
							"post": [12.09, 0, 0],
							"lerp_mode": "catmullrom"
						},
						"9.0": {
							"post": [-5, 0, 0],
							"lerp_mode": "catmullrom"
						},
						"9.25": {
							"post": [26.46, 0, 0],
							"lerp_mode": "catmullrom"
						},
						"10.0": [7.5, 0, 0],
						"10.3333": {
							"pre": [16.67, 0, 0],
							"post": [16.67, 0, 0],
							"lerp_mode": "catmullrom"
						},
						"10.6667": {
							"post": [12.09, 0, 0],
							"lerp_mode": "catmullrom"
						},
						"11.0": {
							"post": [-5, 0, 0],
							"lerp_mode": "catmullrom"
						},
						"11.25": {
							"post": [26.46, 0, 0],
							"lerp_mode": "catmullrom"
						},
						"12.0": [7.5, 0, 0]
					}
				},
				"bone60": {
					"rotation": {
						"0.0": [-22.5, 0, 0],
						"0.3333": {
							"pre": [-52.26027, -4.66515, 4.81092],
							"post": [-52.26027, -4.66515, 4.81092],
							"lerp_mode": "catmullrom"
						},
						"0.75": {
							"post": [-55.84421, -22.75808, 5.04594],
							"lerp_mode": "catmullrom"
						},
						"1.0": {
							"post": [-44.28082, -13.99545, 14.43276],
							"lerp_mode": "catmullrom"
						},
						"1.25": {
							"post": [-51.96062, -10.49658, 10.82457],
							"lerp_mode": "catmullrom"
						},
						"1.5": {
							"post": [-52.69819, -6.95453, 7.17183],
							"lerp_mode": "catmullrom"
						},
						"2.0": [-22.5, 0, 0],
						"2.3333": {
							"pre": [-52.26027, -4.66515, 4.81092],
							"post": [-52.26027, -4.66515, 4.81092],
							"lerp_mode": "catmullrom"
						},
						"2.75": {
							"post": [-55.84421, -22.75808, 5.04594],
							"lerp_mode": "catmullrom"
						},
						"3.0": {
							"post": [-44.28082, -13.99545, 14.43276],
							"lerp_mode": "catmullrom"
						},
						"3.25": {
							"post": [-51.96062, -10.49658, 10.82457],
							"lerp_mode": "catmullrom"
						},
						"3.5": {
							"post": [-52.69819, -6.95453, 7.17183],
							"lerp_mode": "catmullrom"
						},
						"4.0": [-22.5, 0, 0],
						"4.3333": {
							"pre": [-52.26027, -4.66515, 4.81092],
							"post": [-52.26027, -4.66515, 4.81092],
							"lerp_mode": "catmullrom"
						},
						"4.75": {
							"post": [-55.84421, -22.75808, 5.04594],
							"lerp_mode": "catmullrom"
						},
						"5.0": {
							"post": [-44.28082, -13.99545, 14.43276],
							"lerp_mode": "catmullrom"
						},
						"5.25": {
							"post": [-51.96062, -10.49658, 10.82457],
							"lerp_mode": "catmullrom"
						},
						"5.5": {
							"post": [-52.69819, -6.95453, 7.17183],
							"lerp_mode": "catmullrom"
						},
						"6.0": [-22.5, 0, 0],
						"6.3333": {
							"pre": [-52.26027, -4.66515, 4.81092],
							"post": [-52.26027, -4.66515, 4.81092],
							"lerp_mode": "catmullrom"
						},
						"6.75": {
							"post": [-55.84421, -22.75808, 5.04594],
							"lerp_mode": "catmullrom"
						},
						"7.0": {
							"post": [-44.28082, -13.99545, 14.43276],
							"lerp_mode": "catmullrom"
						},
						"7.25": {
							"post": [-51.96062, -10.49658, 10.82457],
							"lerp_mode": "catmullrom"
						},
						"7.5": {
							"post": [-52.69819, -6.95453, 7.17183],
							"lerp_mode": "catmullrom"
						},
						"8.0": [-22.5, 0, 0],
						"8.3333": {
							"pre": [-52.26027, -4.66515, 4.81092],
							"post": [-52.26027, -4.66515, 4.81092],
							"lerp_mode": "catmullrom"
						},
						"8.75": {
							"post": [-55.84421, -22.75808, 5.04594],
							"lerp_mode": "catmullrom"
						},
						"9.0": {
							"post": [-44.28082, -13.99545, 14.43276],
							"lerp_mode": "catmullrom"
						},
						"9.25": {
							"post": [-51.96062, -10.49658, 10.82457],
							"lerp_mode": "catmullrom"
						},
						"9.5": {
							"post": [-52.69819, -6.95453, 7.17183],
							"lerp_mode": "catmullrom"
						},
						"10.0": [-22.5, 0, 0],
						"10.3333": {
							"pre": [-52.26027, -4.66515, 4.81092],
							"post": [-52.26027, -4.66515, 4.81092],
							"lerp_mode": "catmullrom"
						},
						"10.75": {
							"post": [-55.84421, -22.75808, 5.04594],
							"lerp_mode": "catmullrom"
						},
						"11.0": {
							"post": [-44.28082, -13.99545, 14.43276],
							"lerp_mode": "catmullrom"
						},
						"11.25": {
							"post": [-51.96062, -10.49658, 10.82457],
							"lerp_mode": "catmullrom"
						},
						"11.5": {
							"post": [-52.69819, -6.95453, 7.17183],
							"lerp_mode": "catmullrom"
						},
						"12.0": [-22.5, 0, 0]
					}
				},
				"bone65": {
					"rotation": {
						"0.0": [0, 0, -17.5],
						"2.0": [0, 0, -17.5],
						"4.0": [0, 0, -17.5],
						"6.0": [0, 0, -17.5],
						"8.0": [0, 0, -17.5],
						"10.0": [0, 0, -17.5]
					}
				},
				"bone67": {
					"rotation": [0, 0, 15]
				},
				"bone70": {
					"rotation": {
						"0.0": [0, 0, "-10-math.cos((q.anim_time)*90*8/2-90)*6"],
						"2.0": [0, 0, "-10-math.cos((q.anim_time)*90*8/2-90)*6"],
						"4.0": [0, 0, "-10-math.cos((q.anim_time)*90*8/2-90)*6"],
						"6.0": [0, 0, "-10-math.cos((q.anim_time)*90*8/2-90)*6"],
						"8.0": [0, 0, "-10-math.cos((q.anim_time)*90*8/2-90)*6"],
						"10.0": [0, 0, "-10-math.cos((q.anim_time)*90*8/2-90)*6"]
					}
				},
				"bone71": {
					"rotation": {
						"0.0": [0, 0, "-15-math.cos((q.anim_time)*90*8/2-90)*6"],
						"2.0": [0, 0, "-15-math.cos((q.anim_time)*90*8/2-90)*6"],
						"4.0": [0, 0, "-15-math.cos((q.anim_time)*90*8/2-90)*6"],
						"6.0": [0, 0, "-15-math.cos((q.anim_time)*90*8/2-90)*6"],
						"8.0": [0, 0, "-15-math.cos((q.anim_time)*90*8/2-90)*6"],
						"10.0": [0, 0, "-15-math.cos((q.anim_time)*90*8/2-90)*6"]
					}
				},
				"bone57": {
					"rotation": {
						"0.0": ["32.5-math.cos((q.anim_time)*90*8/2-90)*6", 0, 0],
						"2.0": ["32.5-math.cos((q.anim_time)*90*8/2-90)*6", 0, 0],
						"4.0": ["32.5-math.cos((q.anim_time)*90*8/2-90)*6", 0, 0],
						"6.0": ["32.5-math.cos((q.anim_time)*90*8/2-90)*6", 0, 0],
						"8.0": ["32.5-math.cos((q.anim_time)*90*8/2-90)*6", 0, 0],
						"10.0": ["32.5-math.cos((q.anim_time)*90*8/2-90)*6", 0, 0]
					}
				},
				"bone49": {
					"rotation": {
						"0.0": ["42.5-math.cos((q.anim_time)*90*8/2-90)*6", 0, 0],
						"2.0": ["42.5-math.cos((q.anim_time)*90*8/2-90)*6", 0, 0],
						"4.0": ["42.5-math.cos((q.anim_time)*90*8/2-90)*6", 0, 0],
						"6.0": ["42.5-math.cos((q.anim_time)*90*8/2-90)*6", 0, 0],
						"8.0": ["42.5-math.cos((q.anim_time)*90*8/2-90)*6", 0, 0],
						"10.0": ["42.5-math.cos((q.anim_time)*90*8/2-90)*6", 0, 0]
					}
				},
				"bone16": {
					"rotation": {
						"0.0": ["30+math.cos((q.anim_time)*90*8/2-90)*6", 0, 0],
						"2.0": ["30+math.cos((q.anim_time)*90*8/2-90)*6", 0, 0],
						"4.0": ["30+math.cos((q.anim_time)*90*8/2-90)*6", 0, 0],
						"6.0": ["30+math.cos((q.anim_time)*90*8/2-90)*6", 0, 0],
						"8.0": ["30+math.cos((q.anim_time)*90*8/2-90)*6", 0, 0],
						"10.0": ["30+math.cos((q.anim_time)*90*8/2-90)*6", 0, 0]
					}
				},
				"bone18": {
					"rotation": {
						"0.0": ["40+math.cos((q.anim_time)*90*8/2-90)*6", 0, 0],
						"2.0": ["40+math.cos((q.anim_time)*90*8/2-90)*6", 0, 0],
						"4.0": ["40+math.cos((q.anim_time)*90*8/2-90)*6", 0, 0],
						"6.0": ["40+math.cos((q.anim_time)*90*8/2-90)*6", 0, 0],
						"8.0": ["40+math.cos((q.anim_time)*90*8/2-90)*6", 0, 0],
						"10.0": ["40+math.cos((q.anim_time)*90*8/2-90)*6", 0, 0]
					}
				},
				"druddigon": {
					"position": [0, 0, "-query.anim_time *90 *0.12"]
				},
				"torso": {
					"rotation": {
						"0.0": ["2.5+math.cos((q.anim_time)*90*8/2-90)*5", "0-math.cos((q.anim_time)*90*8/4-90)*10", "0-math.cos((q.anim_time)*90*8/4)*5"],
						"2.0": ["2.5+math.cos((q.anim_time)*90*8/2-90)*5", "0-math.cos((q.anim_time)*90*8/4-90)*10", "0-math.cos((q.anim_time)*90*8/4)*5"],
						"4.0": ["2.5+math.cos((q.anim_time)*90*8/2-90)*5", "0-math.cos((q.anim_time)*90*8/4-90)*10", "0-math.cos((q.anim_time)*90*8/4)*5"],
						"6.0": ["2.5+math.cos((q.anim_time)*90*8/2-90)*5", "0-math.cos((q.anim_time)*90*8/4-90)*10", "0-math.cos((q.anim_time)*90*8/4)*5"],
						"8.0": ["2.5+math.cos((q.anim_time)*90*8/2-90)*5", "0-math.cos((q.anim_time)*90*8/4-90)*10", "0-math.cos((q.anim_time)*90*8/4)*5"],
						"10.0": ["2.5+math.cos((q.anim_time)*90*8/2-90)*5", "0-math.cos((q.anim_time)*90*8/4-90)*10", "0-math.cos((q.anim_time)*90*8/4)*5"]
					},
					"position": {
						"0.0": ["0-math.cos((q.anim_time)*90*8/4)*0.7", "0-math.cos((q.anim_time)*90*8/2)*1.5", 0],
						"2.0": ["0-math.cos((q.anim_time)*90*8/4)*0.7", "0-math.cos((q.anim_time)*90*8/2)*1.5", 0],
						"4.0": ["0-math.cos((q.anim_time)*90*8/4)*0.7", "0-math.cos((q.anim_time)*90*8/2)*1.5", 0],
						"6.0": ["0-math.cos((q.anim_time)*90*8/4)*0.7", "0-math.cos((q.anim_time)*90*8/2)*1.5", 0],
						"8.0": ["0-math.cos((q.anim_time)*90*8/4)*0.7", "0-math.cos((q.anim_time)*90*8/2)*1.5", 0],
						"10.0": ["0-math.cos((q.anim_time)*90*8/4)*0.7", "0-math.cos((q.anim_time)*90*8/2)*1.5", 0]
					}
				},
				"bone7": {
					"rotation": {
						"0.0": [0, "0+math.cos((q.anim_time)*90*8/4-90)*10", "0+math.cos((q.anim_time)*90*8/4)*5"],
						"2.0": [0, "0+math.cos((q.anim_time)*90*8/4-90)*10", "0+math.cos((q.anim_time)*90*8/4)*5"],
						"4.0": [0, "0+math.cos((q.anim_time)*90*8/4-90)*10", "0+math.cos((q.anim_time)*90*8/4)*5"],
						"6.0": [0, "0+math.cos((q.anim_time)*90*8/4-90)*10", "0+math.cos((q.anim_time)*90*8/4)*5"],
						"8.0": [0, "0+math.cos((q.anim_time)*90*8/4-90)*10", "0+math.cos((q.anim_time)*90*8/4)*5"],
						"10.0": [0, "0+math.cos((q.anim_time)*90*8/4-90)*10", "0+math.cos((q.anim_time)*90*8/4)*5"]
					}
				},
				"bone38": {
					"rotation": {
						"0.0": [0, 0, "0+math.cos((q.anim_time)*90*8/2-90)*6"],
						"2.0": [0, 0, "0+math.cos((q.anim_time)*90*8/2-90)*6"],
						"4.0": [0, 0, "0+math.cos((q.anim_time)*90*8/2-90)*6"],
						"6.0": [0, 0, "0+math.cos((q.anim_time)*90*8/2-90)*6"],
						"8.0": [0, 0, "0+math.cos((q.anim_time)*90*8/2-90)*6"],
						"10.0": [0, 0, "0+math.cos((q.anim_time)*90*8/2-90)*6"]
					}
				},
				"bone69": {
					"rotation": {
						"0.0": [0, 0, "0-math.cos((q.anim_time)*90*8/2-90)*6"],
						"2.0": [0, 0, "0-math.cos((q.anim_time)*90*8/2-90)*6"],
						"4.0": [0, 0, "0-math.cos((q.anim_time)*90*8/2-90)*6"],
						"6.0": [0, 0, "0-math.cos((q.anim_time)*90*8/2-90)*6"],
						"8.0": [0, 0, "0-math.cos((q.anim_time)*90*8/2-90)*6"],
						"10.0": [0, 0, "0-math.cos((q.anim_time)*90*8/2-90)*6"]
					}
				},
				"bone47": {
					"rotation": {
						"0.0": [0, "0+math.cos((q.anim_time)*90*8/2-90)*6", 0],
						"2.0": [0, "0+math.cos((q.anim_time)*90*8/2-90)*6", 0],
						"4.0": [0, "0+math.cos((q.anim_time)*90*8/2-90)*6", 0],
						"6.0": [0, "0+math.cos((q.anim_time)*90*8/2-90)*6", 0],
						"8.0": [0, "0+math.cos((q.anim_time)*90*8/2-90)*6", 0],
						"10.0": [0, "0+math.cos((q.anim_time)*90*8/2-90)*6", 0]
					}
				},
				"bone34": {
					"rotation": {
						"0.0": [0, "0-math.cos((q.anim_time)*90*8/4)*15", 0],
						"2.0": [0, "0-math.cos((q.anim_time)*90*8/4)*15", 0],
						"4.0": [0, "0-math.cos((q.anim_time)*90*8/4)*15", 0],
						"6.0": [0, "0-math.cos((q.anim_time)*90*8/4)*15", 0],
						"8.0": [0, "0-math.cos((q.anim_time)*90*8/4)*15", 0],
						"10.0": [0, "0-math.cos((q.anim_time)*90*8/4)*15", 0]
					}
				},
				"bone35": {
					"rotation": {
						"0.0": [0, "0-math.cos((q.anim_time)*90*8/4-90)*15", 0],
						"2.0": [0, "0-math.cos((q.anim_time)*90*8/4-90)*15", 0],
						"4.0": [0, "0-math.cos((q.anim_time)*90*8/4-90)*15", 0],
						"6.0": [0, "0-math.cos((q.anim_time)*90*8/4-90)*15", 0],
						"8.0": [0, "0-math.cos((q.anim_time)*90*8/4-90)*15", 0],
						"10.0": [0, "0-math.cos((q.anim_time)*90*8/4-90)*15", 0]
					}
				},
				"bone36": {
					"rotation": {
						"0.0": [0, "0-math.cos((q.anim_time)*90*8/4-90)*15", 0],
						"2.0": [0, "0-math.cos((q.anim_time)*90*8/4-90)*15", 0],
						"4.0": [0, "0-math.cos((q.anim_time)*90*8/4-90)*15", 0],
						"6.0": [0, "0-math.cos((q.anim_time)*90*8/4-90)*15", 0],
						"8.0": [0, "0-math.cos((q.anim_time)*90*8/4-90)*15", 0],
						"10.0": [0, "0-math.cos((q.anim_time)*90*8/4-90)*15", 0]
					}
				},
				"bone37": {
					"rotation": {
						"0.0": [0, "0-math.cos((q.anim_time)*90*8/4-90)*15", 0],
						"2.0": [0, "0-math.cos((q.anim_time)*90*8/4-90)*15", 0],
						"4.0": [0, "0-math.cos((q.anim_time)*90*8/4-90)*15", 0],
						"6.0": [0, "0-math.cos((q.anim_time)*90*8/4-90)*15", 0],
						"8.0": [0, "0-math.cos((q.anim_time)*90*8/4-90)*15", 0],
						"10.0": [0, "0-math.cos((q.anim_time)*90*8/4-90)*15", 0]
					}
				},
				"bone32": {
					"rotation": {
						"0.0": [-32.5, 0, 0],
						"0.3333": [-20.62, 0, 0],
						"1.0": [0, 0, 0],
						"1.3333": [-0.83, 0, 0],
						"2.0": [-32.5, 0, 0],
						"2.3333": [-20.62, 0, 0],
						"3.0": [0, 0, 0],
						"3.3333": [-0.83, 0, 0],
						"4.0": [-32.5, 0, 0],
						"4.3333": [-20.62, 0, 0],
						"5.0": [0, 0, 0],
						"5.3333": [-0.83, 0, 0],
						"6.0": [-32.5, 0, 0],
						"6.3333": [-20.62, 0, 0],
						"7.0": [0, 0, 0],
						"7.3333": [-0.83, 0, 0],
						"8.0": [-32.5, 0, 0],
						"8.3333": [-20.62, 0, 0],
						"9.0": [0, 0, 0],
						"9.3333": [-0.83, 0, 0],
						"10.0": [-32.5, 0, 0],
						"10.3333": [-20.62, 0, 0],
						"11.0": [0, 0, 0],
						"11.3333": [-0.83, 0, 0],
						"12.0": [-32.5, 0, 0]
					}
				},
				"bone62": {
					"rotation": {
						"0.0": [0, 0, 0],
						"0.3333": [0, 0, 0],
						"1.0": [-35, 0, 0],
						"1.5": [0, 0, 0],
						"2.0": [0, 0, 0],
						"2.3333": [0, 0, 0],
						"3.0": [-35, 0, 0],
						"3.5": [0, 0, 0],
						"4.0": [0, 0, 0],
						"4.3333": [0, 0, 0],
						"5.0": [-35, 0, 0],
						"5.5": [0, 0, 0],
						"6.0": [0, 0, 0],
						"6.3333": [0, 0, 0],
						"7.0": [-35, 0, 0],
						"7.5": [0, 0, 0],
						"8.0": [0, 0, 0],
						"8.3333": [0, 0, 0],
						"9.0": [-35, 0, 0],
						"9.5": [0, 0, 0],
						"10.0": [0, 0, 0],
						"10.3333": [0, 0, 0],
						"11.0": [-35, 0, 0],
						"11.5": [0, 0, 0],
						"12.0": [0, 0, 0]
					}
				}
			}
		},
		"animation.druddigon.ground_idle": {
			"loop": true,
			"animation_length": 9.3333,
			"bones": {
				"body": {
					"position": [0, -2.5, 0]
				},
				"torso": {
					"rotation": ["0+math.sin(q.anim_time*90*1-90)*4", 0, 0],
					"position": [0, "0-math.sin(q.anim_time*90*1)*0.5", 0]
				},
				"head": {
					"rotation": ["-2.5-math.sin(q.anim_time*90*1)*4", 0, 0]
				},
				"bone": {
					"rotation": ["5+math.sin(q.anim_time*90*1-90)*4", 0, 0]
				},
				"bone39": {
					"rotation": [0, 0, "10+math.sin(q.anim_time*90*1-90)*4"]
				},
				"bone40": {
					"rotation": [0, 0, "7.5+math.sin(q.anim_time*90*1-90)*4"]
				},
				"bone12": {
					"rotation": [-47.36406, "-34.5133-math.sin(q.anim_time*90*1-90)*4", "28.3921-math.sin(q.anim_time*90*1)*4"]
				},
				"bone13": {
					"rotation": [0, 0, "37.5-math.sin(q.anim_time*90*1-90)*4"]
				},
				"bone14": {
					"rotation": [0, "-27.5-math.sin(q.anim_time*90*1-90)*4", 0]
				},
				"bone22": {
					"rotation": ["37.5+math.sin(q.anim_time*90*1)*4", 0, 0]
				},
				"bone23": {
					"rotation": [37.5, 0, 0]
				},
				"bone19": {
					"rotation": ["-45+math.sin(q.anim_time*90*1)*4", 0, 0]
				},
				"bone20": {
					"rotation": [-22.5, 0, 0]
				},
				"bone8": {
					"rotation": ["15.0993-math.sin(q.anim_time*90*1)*4", -32.12361, -10.22819],
					"position": [0, "0-math.sin(q.anim_time*90*1)*0.5", 0]
				},
				"bone9": {
					"rotation": ["17.5+math.sin(q.anim_time*90*1)*5", 0, 0]
				},
				"bone25": {
					"rotation": ["-50.9263+math.sin(q.anim_time*90*1)*0.3", 7.86483, -6.19564]
				},
				"bone28": {
					"rotation": [0, 0, 15]
				},
				"bone30": {
					"rotation": [0, 0, -15]
				},
				"bone45": {
					"rotation": [-52.34246, "29.3522+math.sin(q.anim_time*90*1-90)*4", "-32.5256+math.sin(q.anim_time*90*1)*4"]
				},
				"bone46": {
					"rotation": [0, 0, "-37.5+math.sin(q.anim_time*90*1-90)*4"]
				},
				"bone47": {
					"rotation": [0, "10+math.sin(q.anim_time*90*1-90)*4", 0]
				},
				"bone51": {
					"rotation": ["50-math.sin(q.anim_time*90*1)*0.5", 0, 0]
				},
				"bone52": {
					"rotation": [35, 0, 0]
				},
				"bone54": {
					"rotation": ["-30-math.sin(q.anim_time*90*1)*4", 0, 0]
				},
				"bone55": {
					"rotation": [-45, 0, 0]
				},
				"bone58": {
					"rotation": ["6.8832-math.sin(q.anim_time*90*1)*4", 27.6874, 10.7919],
					"position": [0, "0-math.sin(q.anim_time*90*1)*0.5", 0]
				},
				"bone59": {
					"rotation": ["15+math.sin(q.anim_time*90*1)*5", 0, 0]
				},
				"bone60": {
					"rotation": ["-40.3609+math.sin(q.anim_time*90*1)*0.3", -8.86041, 4.65469]
				},
				"bone65": {
					"rotation": [0, 0, -17.5]
				},
				"bone67": {
					"rotation": [0, 0, 15]
				},
				"bone70": {
					"rotation": [0, 0, "-10-math.sin(q.anim_time*90*1-90)*4"]
				},
				"bone71": {
					"rotation": [0, 0, "-15-math.sin(q.anim_time*90*1)*4"]
				},
				"bone57": {
					"rotation": ["32.5-math.sin(q.anim_time*90*1)*4", 0, 0]
				},
				"bone49": {
					"rotation": [42.5, 0, 0]
				},
				"bone16": {
					"rotation": ["30+math.sin(q.anim_time*90*1)*4", 0, 0]
				},
				"bone18": {
					"rotation": [40, 0, 0]
				},
				"bone7": {
					"rotation": [0, 0, "0-math.sin(q.anim_time*90*1)*4"]
				},
				"bone38": {
					"rotation": [0, 0, "0+math.sin(q.anim_time*90*1)*4"]
				},
				"bone69": {
					"rotation": [0, 0, "0-math.sin(q.anim_time*90*1)*4"]
				},
				"bone34": {
					"rotation": [7.5, "0+math.sin(q.anim_time*90*1)*4", 0]
				},
				"bone35": {
					"rotation": [0, "0+math.sin(q.anim_time*90*1-90)*5", 0]
				},
				"bone36": {
					"rotation": [0, "0+math.sin(q.anim_time*90*1-90)*5", 0]
				},
				"bone37": {
					"rotation": [0, "0+math.sin(q.anim_time*90*1-90)*5", 0]
				}
			}
		},
		"animation.druddigon.battle_idle": {
			"loop": true,
			"bones": {
				"body": {
					"position": [0, -1.75, 0]
				},
				"torso": {
					"rotation": ["17.5+math.sin(q.anim_time*90*2-90)*4", 0, 0],
					"position": [0, "0-math.sin(q.anim_time*90*2)*0.5", 0]
				},
				"head": {
					"rotation": ["-20-math.sin(q.anim_time*90*2)*4", 0, 0]
				},
				"bone": {
					"rotation": ["27.5+math.sin(q.anim_time*90*2-90)*4", 0, 0]
				},
				"bone39": {
					"rotation": [0, 0, "10+math.sin(q.anim_time*90*2-90)*4"]
				},
				"bone40": {
					"rotation": [0, 0, "7.5+math.sin(q.anim_time*90*2-90)*4"]
				},
				"bone70": {
					"rotation": [0, 0, "-10-math.sin(q.anim_time*90*2-90)*4"]
				},
				"bone71": {
					"rotation": [0, 0, "-15-math.sin(q.anim_time*90*2-90)*4"]
				},
				"bone12": {
					"rotation": [-47.09907, "-15.2988842119-math.sin(q.anim_time*90*2-90)*4", "22.1236612583-math.sin(q.anim_time*90*2)*4"]
				},
				"bone13": {
					"rotation": [-27.5, 0, 57.5]
				},
				"bone14": {
					"rotation": [0, "-20-math.sin(q.anim_time*90*1-90)*4", 0]
				},
				"bone22": {
					"rotation": [37.5, 0, 0]
				},
				"bone23": {
					"rotation": [37.5, 0, 0]
				},
				"bone19": {
					"rotation": [-60, 0, 0]
				},
				"bone20": {
					"rotation": [-22.5, 0, 0]
				},
				"bone16": {
					"rotation": [30, 0, 0]
				},
				"bone18": {
					"rotation": [40, 0, 0]
				},
				"bone45": {
					"rotation": [-49.87613, "22.0294093289+math.sin(q.anim_time*90*2-90)*4", "-18.4465408577+math.sin(q.anim_time*90*2)*4"]
				},
				"bone46": {
					"rotation": [-32.10382, -5.35355, -65.95862]
				},
				"bone51": {
					"rotation": [50, 0, 0]
				},
				"bone52": {
					"rotation": [35, 0, 0]
				},
				"bone54": {
					"rotation": [-30, 0, 0]
				},
				"bone55": {
					"rotation": [-45, 0, 0]
				},
				"bone57": {
					"rotation": [32.5, 0, 0]
				},
				"bone49": {
					"rotation": [42.5, 0, 0]
				},
				"bone8": {
					"rotation": ["8.0104861572-math.sin(q.anim_time*90*2)*4", -23.923, -20.2551],
					"position": [0, "0-math.sin(q.anim_time*90*2)*0.5", 0]
				},
				"bone9": {
					"rotation": ["7.5+math.sin(q.anim_time*90*2)*5", 0, 0]
				},
				"bone25": {
					"rotation": ["-9.8397791155+math.sin(q.anim_time*90*2)*0.3", 19.98015, 0.90956]
				},
				"bone32": {
					"rotation": ["-17.5-math.sin(q.anim_time*90*2)*2", 0, 0]
				},
				"bone28": {
					"rotation": [0, 0, 15]
				},
				"bone30": {
					"rotation": [0, 0, -15]
				},
				"bone58": {
					"rotation": ["25.5018890132-math.sin(q.anim_time*90*2)*4", 22.08799, 16.14241],
					"position": [0, "0-math.sin(q.anim_time*90*2)*0.5", 0]
				},
				"bone59": {
					"rotation": ["12.5+math.sin(q.anim_time*90*2)*5", 0, 0]
				},
				"bone60": {
					"rotation": ["-30.8215891743+math.sin(q.anim_time*90*2)*0.3", -13.27207, 7.05309]
				},
				"bone62": {
					"rotation": ["-25-math.sin(q.anim_time*90*2)*2", 0, 0]
				},
				"bone65": {
					"rotation": [0, 0, -17.5]
				},
				"bone67": {
					"rotation": [0, 0, 15]
				},
				"bone7": {
					"rotation": [0, 0, "0-math.sin(q.anim_time*90*2)*4"]
				},
				"bone38": {
					"rotation": [0, 0, "0+math.sin(q.anim_time*90*2)*4"]
				},
				"bone69": {
					"rotation": [0, 0, "0-math.sin(q.anim_time*90*2)*4"]
				},
				"bone47": {
					"rotation": [0, "0+math.sin(q.anim_time*90*1-90)*4", 0]
				},
				"bone34": {
					"rotation": ["0+math.sin(q.anim_time*90*2)*4", 0, 0]
				},
				"bone35": {
					"rotation": ["0+math.sin(q.anim_time*90*2-90)*4", 0, 0]
				},
				"bone36": {
					"rotation": ["0+math.sin(q.anim_time*90*2-90)*4", 0, 0]
				},
				"bone37": {
					"rotation": ["0+math.sin(q.anim_time*90*2-90)*4", 0, 0]
				}
			}
		},
		"animation.druddigon.hold_item": {
			"loop": true,
			"bones": {
				"bone51": {
					"rotation": [30, 0, 0]
				},
				"bone52": {
					"rotation": [62.5, 0, 0]
				},
				"bone54": {
					"rotation": [-55, 0, 0]
				},
				"bone55": {
					"rotation": [-55, 0, 0]
				},
				"bone57": {
					"rotation": [45, 0, 0]
				},
				"bone49": {
					"rotation": [70, 0, 0]
				}
			}
		},
		"animation.druddigon.anger": {
			"loop": true,
			"bones": {
				"bone76": {
					"position": [0, 0, 0]
				}
			}
		}
	}
}