{
	"format_version": "1.8.0",
	"animations": {
		"animation.cosmog.render": {
			"loop": true
		},
		"animation.cosmog.ground_idle": {
			"loop": true,
			"bones": {
				"body": {
					"rotation": [0, "0-math.sin(query.anim_time*90*variable.idlespeed/2+45)*4", "0+math.sin(query.anim_time*90*variable.idlespeed/2-45)*6"],
					"position": ["0+math.sin(query.anim_time*90*variable.idlespeed/2-0)*2", "5+math.sin(query.anim_time*90*variable.idlespeed-90)*1", 0]
				},
				"ponytail_left": {
					"rotation": [0, "0-math.sin(query.anim_time*90*variable.idlespeed/2-45)*4", "0+math.sin(query.anim_time*90*variable.idlespeed/2-90)*6"]
				},
				"ponytail_left2": {
					"rotation": [0, 0, "0+math.sin(query.anim_time*90*variable.idlespeed/2-120)*4"]
				},
				"ponytail_left3": {
					"rotation": [0, 0, "0+math.sin(query.anim_time*90*variable.idlespeed/2-150)*6"],
					"scale": "1+math.cos((query.anim_time - 0.5) * 45) * 0.2"
				},
				"bone3": {
					"rotation": [0, 0, "0+math.sin(query.anim_time*90*variable.idlespeed-0)*2"],
					"position": [
						"0+math.sin(query.anim_time*90*variable.idlespeed-45)*0.25",
						"0+math.sin(query.anim_time*90*variable.idlespeed+45)*0.25",
						"0+math.sin(query.anim_time*90*variable.idlespeed/2-0)*0.25"
					],
					"scale": "0+math.cos((query.anim_time - 0.5) * 75) * 1"
				},
				"ponytail_right": {
					"rotation": [0, "0-math.sin(query.anim_time*90*variable.idlespeed/2-45)*4", "0+math.sin(query.anim_time*90*variable.idlespeed/2-90)*6"]
				},
				"ponytail_right2": {
					"rotation": [0, 0, "0+math.sin(query.anim_time*90*variable.idlespeed/2-120)*4"]
				},
				"ponytail_right3": {
					"rotation": [0, 0, "0+math.sin(query.anim_time*90*variable.idlespeed/2-150)*6"],
					"scale": "1+math.cos((query.anim_time - 0.5) * 45) * 0.2"
				},
				"bone": {
					"rotation": [0, 0, "0+math.sin(query.anim_time*90*variable.idlespeed-45)*2"],
					"position": [
						"0+math.sin(query.anim_time*90*variable.idlespeed-0)*0.25",
						"0+math.sin(query.anim_time*90*variable.idlespeed-90)*0.25",
						"0+math.sin(query.anim_time*90*variable.idlespeed/2-45)*0.25"
					],
					"scale": "0+math.cos((query.anim_time - 0.5) * 60) * 1"
				},
				"bone2": {
					"rotation": [0, 0, "0+math.sin(query.anim_time*90*variable.idlespeed-180)*2"],
					"position": [
						"0+math.sin(query.anim_time*90*variable.idlespeed-135)*0.25",
						"0+math.sin(query.anim_time*90*variable.idlespeed-225)*0.25",
						"0+math.sin(query.anim_time*90*variable.idlespeed/2-180)*0.25"
					],
					"scale": "0+math.cos((query.anim_time - 0.5) * 45) * 1"
				},
				"mouth_open": {
					"position": [0, 0, 0.1]
				}
			}
		},
		"animation.cosmog.ground_walk": {
			"loop": true,
			"animation_length": 2.6667,
			"bones": {
				"body": {
					"rotation": ["4+math.sin(query.anim_time*90*variable.walkspeed/2-135)*4", 0, "0+math.sin(query.anim_time*90*variable.walkspeed/4-0)*2"],
					"position": [
						"0+math.sin(query.anim_time*90*variable.walkspeed/4-90)*0.75",
						"5+math.sin(query.anim_time*90*variable.walkspeed/2-90)*0.75",
						"0+math.sin(query.anim_time*90*variable.walkspeed/2-0)*2"
					]
				},
				"ponytail_left": {
					"rotation": ["-10-math.sin(query.anim_time*90*variable.walkspeed/2-180)*6", 0, "0-math.sin(query.anim_time*90*variable.walkspeed/2-150)*4"]
				},
				"ponytail_left2": {
					"rotation": ["-5-math.sin(query.anim_time*90*variable.walkspeed/2-210)*2", 0, 0]
				},
				"ponytail_left3": {
					"rotation": ["-5-math.sin(query.anim_time*90*variable.walkspeed/2-240)*6", 0, 0]
				},
				"bone3": {
					"rotation": [0, 0, "0+math.sin(query.anim_time*90*variable.walkspeed-0)*2"],
					"position": [
						"0+math.sin(query.anim_time*90*variable.walkspeed-45)*0.25",
						"0+math.sin(query.anim_time*90*variable.walkspeed+45)*0.25",
						"0+math.sin(query.anim_time*90*variable.walkspeed/2-0)*0.25"
					]
				},
				"ponytail_right": {
					"rotation": ["-10-math.sin(query.anim_time*90*variable.walkspeed/2-180)*6", 0, "0+math.sin(query.anim_time*90*variable.walkspeed/2-150)*4"]
				},
				"ponytail_right2": {
					"rotation": ["-5-math.sin(query.anim_time*90*variable.walkspeed/2-210)*2", 0, 0]
				},
				"ponytail_right3": {
					"rotation": ["-5-math.sin(query.anim_time*90*variable.walkspeed/2-240)*6", 0, 0]
				},
				"bone": {
					"rotation": [0, 0, "0+math.sin(query.anim_time*90*variable.walkspeed-45)*2"],
					"position": [
						"0+math.sin(query.anim_time*90*variable.walkspeed-0)*0.25",
						"0+math.sin(query.anim_time*90*variable.walkspeed-90)*0.25",
						"0+math.sin(query.anim_time*90*variable.walkspeed/2-45)*0.25"
					]
				},
				"bone2": {
					"rotation": [0, 0, "0+math.sin(query.anim_time*90*variable.walkspeed-180)*2"],
					"position": [
						"0+math.sin(query.anim_time*90*variable.walkspeed-135)*0.25",
						"0+math.sin(query.anim_time*90*variable.walkspeed-225)*0.25",
						"0+math.sin(query.anim_time*90*variable.walkspeed/2-180)*0.25"
					]
				},
				"mouth_open": {
					"position": [0, 0, 0.1]
				}
			}
		},
		"animation.cosmog.cry": {
			"animation_length": 2,
			"bones": {
				"body": {
					"rotation": {
						"0.0": {
							"post": [0, 0, 0],
							"lerp_mode": "catmullrom"
						},
						"0.375": {
							"post": [10, 0, 0],
							"lerp_mode": "catmullrom"
						},
						"0.625": {
							"post": [-10, 0, 0],
							"lerp_mode": "catmullrom"
						},
						"1.375": {
							"post": [-10, 0, 0],
							"lerp_mode": "catmullrom"
						},
						"1.75": {
							"post": [0, 0, 0],
							"lerp_mode": "catmullrom"
						},
						"2.0": {
							"post": [0, 0, 0],
							"lerp_mode": "catmullrom"
						}
					}
				},
				"mouth_open": {
					"position": {
						"0.0": [0, 0, 0],
						"0.5": {"pre": [0, 0, 0], "post": [0, 0, -0.1]},
						"1.5": {"pre": [0, 0, -0.1], "post": [0, 0, 0]}
					}
				},
				"mouth_closed": {
					"position": {
						"0.0": [0, 0, 0],
						"0.5": {"pre": [0, 0, 0], "post": [0, 0, 0.1]},
						"1.5": {"pre": [0, 0, 0.1], "post": [0, 0, 0]}
					}
				}
			}
		}
	}
}