{
	"format_version": "1.8.0",
	"animations": {
		"animation.rowlet.ground_idle": {
			"loop": true,
			"bones": {
				"waist": {
					"rotation": ["2.5+math.sin(q.anim_time*90*4-15)*1.5", 0, "0+math.sin(q.anim_time*90*2-15)*1"]
				},
				"head": {
					"rotation": [0, 0, 0]
				},
				"bowtie_right2": {
					"rotation": [0, -7.5, 0]
				},
				"bowtie_left2": {
					"rotation": [0, 7.5, 0]
				},
				"foot_right": {
					"rotation": [0, 2.5, 0]
				},
				"foot_left": {
					"rotation": [0, -2.5, 0]
				}
			}
		},
		"animation.rowlet.ground_walk": {
			"loop": true,
			"animation_length": 1,
			"bones": {
				"waist": {
					"rotation": ["0-math.cos(q.anim_time*90*8-0)*1.5", "0-math.cos(q.anim_time*90*4+0)*6", "0+math.cos(q.anim_time*90*4-0)*4"],
					"position": [0, "math.sin(q.anim_time*90*8+0)*0.5", 0]
				},
				"head": {
					"rotation": [0, 0, 0]
				},
				"bowtie_right2": {
					"rotation": [0, -7.5, 0]
				},
				"bowtie_left2": {
					"rotation": [0, 7.5, 0]
				},
				"foot_right": {
					"rotation": {
						"0.0": [0, -2.5, 0],
						"0.5": {
							"pre": [0, -2.5, 0],
							"post": [0, -2.5, 0],
							"lerp_mode": "catmullrom"
						},
						"0.75": {
							"post": [22.5, -2.5, 0],
							"lerp_mode": "catmullrom"
						},
						"1.0": [0, -2.5, 0]
					},
					"position": {
						"0.0": [0, 0, -2],
						"0.5": {
							"pre": [0, 0, 2],
							"post": [0, 0, 2],
							"lerp_mode": "catmullrom"
						},
						"1.0": [0, 0, -2]
					}
				},
				"foot_left": {
					"rotation": {
						"0.0": [0, -2.5, 0],
						"0.25": {
							"pre": [22.5, -2.5, 0],
							"post": [22.5, -2.5, 0],
							"lerp_mode": "catmullrom"
						},
						"0.5": {
							"post": [0, -2.5, 0],
							"lerp_mode": "catmullrom"
						},
						"1.0": [0, -2.5, 0]
					},
					"position": {
						"0.0": [0, 0, 2],
						"0.5": {
							"pre": [0, 0, -2],
							"post": [0, 0, -2],
							"lerp_mode": "catmullrom"
						},
						"1.0": [0, 0, 2]
					}
				},
				"rowlet": {
					"position": [0, 0, 0]
				},
				"leg_right": {
					"rotation": {
						"0.0": [0, 0, 0],
						"0.5": {
							"pre": [0, 0, 0],
							"post": [0, 0, 0],
							"lerp_mode": "catmullrom"
						},
						"1.0": [0, 0, 0]
					},
					"position": {
						"0.0": [0, 0, -2],
						"0.5": {
							"pre": [0, 0, 2],
							"post": [0, 0, 2],
							"lerp_mode": "catmullrom"
						},
						"0.75": {
							"post": [0, 1, 0],
							"lerp_mode": "catmullrom"
						},
						"1.0": [0, 0, -2]
					}
				},
				"leg_left": {
					"rotation": {
						"0.0": [0, 0, 0],
						"0.5": [0, 0, 0],
						"1.0": [0, 0, 0]
					},
					"position": {
						"0.0": [0, 0, 2],
						"0.25": {
							"pre": [0, 1, 0],
							"post": [0, 1, 0],
							"lerp_mode": "catmullrom"
						},
						"0.5": {
							"post": [0, 0, -2],
							"lerp_mode": "catmullrom"
						},
						"1.0": [0, 0, 2]
					}
				}
			}
		},
		"animation.rowlet.air_idle": {
			"loop": true,
			"bones": {
				"body": {
					"rotation": [10, 0, 0],
					"position": [0, "1.5+math.sin(q.anim_time*90*4-35)*1", 0]
				},
				"head": {
					"rotation": [0, 0, 0]
				},
				"wing_open_right_main": {
					"rotation": [90, 0, "-10-math.sin(q.anim_time*90*4+15)*24"]
				},
				"wing_open_left_main": {
					"rotation": [90, 0, "10+math.sin(q.anim_time*90*4+15)*24"]
				},
				"leg_right": {
					"rotation": [5, 0, 0]
				},
				"foot_right": {
					"rotation": [5, 0, 0]
				},
				"toe_front_right": {
					"rotation": [20, 0, 0]
				},
				"toe_front_right2": {
					"rotation": [20, 0, 0]
				},
				"toe_back_right": {
					"rotation": [-25, 0, 0]
				},
				"leg_left": {
					"rotation": [5, 0, 0]
				},
				"foot_left": {
					"rotation": [5, 0, 0]
				},
				"toe_front_left": {
					"rotation": [20, 0, 0]
				},
				"toe_front_left2": {
					"rotation": [20, 0, 0]
				},
				"toe_back_left": {
					"rotation": [-25, 0, 0]
				},
				"waist": {
					"rotation": ["0+math.sin(q.anim_time*90*4-5)*2", 0, 0]
				},
				"wing_open_top_right2": {
					"rotation": [0, "0-math.sin(q.anim_time*90*4-60)*26", 0]
				},
				"wing_open_middle_right2": {
					"rotation": [0, "0-math.sin(q.anim_time*90*4-60)*26", 0]
				},
				"wing_open_bottom_right2": {
					"rotation": [0, "0-math.sin(q.anim_time*90*4-60)*26", 0]
				},
				"wing_open_top_left2": {
					"rotation": [0, "0+math.sin(q.anim_time*90*4-60)*26", 0]
				},
				"wing_open_middle_left2": {
					"rotation": [0, "0+math.sin(q.anim_time*90*4-60)*26", 0]
				},
				"wing_open_bottom_left2": {
					"rotation": [0, "0+math.sin(q.anim_time*90*4-60)*26", 0]
				},
				"wing_folded_right": {
					"rotation": [0, 0, 77.5]
				},
				"wing_folded_left": {
					"rotation": [0, 0, -77.5]
				}
			}
		},
		"animation.rowlet.blink": {
			"animation_length": 0.1667,
			"bones": {
				"eyelid_left": {
					"position": {
						"0.0": [0, 0, -0.1],
						"0.125": [0, 0, -0.1],
						"0.1667": [0, 0, 0]
					}
				},
				"eyelid_right": {
					"position": {
						"0.0": [0, 0, -0.1],
						"0.125": [0, 0, -0.1],
						"0.1667": [0, 0, 0]
					}
				}
			}
		},
		"animation.rowlet.cry": {
			"loop": "hold_on_last_frame",
			"animation_length": 1,
			"bones": {
				"waist": {
					"rotation": {
						"0.0": [0, 0, 0],
						"0.125": {
							"pre": [-2.5, 0, 0],
							"post": [-2.5, 0, 0],
							"lerp_mode": "catmullrom"
						},
						"0.375": {
							"post": [-2.5, 0, 0],
							"lerp_mode": "catmullrom"
						},
						"0.4583": {
							"post": [-1.5, 0, 0],
							"lerp_mode": "catmullrom"
						},
						"0.75": {
							"post": [-2.5, 0, 0],
							"lerp_mode": "catmullrom"
						},
						"1.0": [0, 0, 0]
					}
				},
				"head": {
					"rotation": [0, 0, 0]
				},
				"jaw": {
					"rotation": {
						"0.0": [0, 0, 0],
						"0.125": {
							"pre": [40, 0, 0],
							"post": [40, 0, 0],
							"lerp_mode": "catmullrom"
						},
						"0.2083": {
							"post": [22.5, 0, 0],
							"lerp_mode": "catmullrom"
						},
						"0.2917": {
							"post": [40, 0, 0],
							"lerp_mode": "catmullrom"
						},
						"0.4583": {
							"post": [40, 0, 0],
							"lerp_mode": "catmullrom"
						},
						"0.5417": {
							"post": [22.5, 0, 0],
							"lerp_mode": "catmullrom"
						},
						"0.625": {
							"post": [40, 0, 0],
							"lerp_mode": "catmullrom"
						},
						"0.8333": [40, 0, 0],
						"1.0": [0, 0, 0]
					}
				}
			},
			"sound_effects": {
				"0.0": {
					"effect": "pokemon.rowlet.cry"
				}
			}
		},
		"animation.rowlet.speed": {
			"loop": true,
			"bones": {
				"rowlet": {
					"position": [0, 0, "00+((query.anim_time) * 90 * 1) * -0.2"]
				}
			}
		}
	}
}