{
	"format_version": "1.8.0",
	"animations": {
		"animation.panpour.ground_idle": {
			"loop": true,
			"bones": {
				"body": {
					"position": [0, -1.7, 0]
				},
				"leg_right": {
					"rotation": [-60, 45, 0]
				},
				"leg_right2": {
					"rotation": [60, 0, 0]
				},
				"leg_left": {
					"rotation": [-60, -45, 0]
				},
				"leg_left2": {
					"rotation": [60, 0, 0]
				},
				"waist": {
					"rotation": [7.5, 0, 0]
				},
				"tail": {
					"rotation": [10, 25, 0]
				},
				"tail2": {
					"rotation": [27.5, 0, 0]
				},
				"tail3": {
					"rotation": [40, 35, 0]
				},
				"tail4": {
					"rotation": [-15, -42.5, 0]
				},
				"tail5": {
					"rotation": [-35, 0, 0]
				},
				"torso": {
					"rotation": [-2.5, 0, 0],
					"position": [0, -0.1, 0]
				},
				"arm_left": {
					"rotation": [0, 7.5, 42.5]
				},
				"arm_left2": {
					"rotation": [0, 0, -7.5]
				},
				"thumb_left": {
					"rotation": [42.5, 0, 0]
				},
				"hand_left": {
					"rotation": [0, 0, 20]
				},
				"arm_right": {
					"rotation": [0, -12.5, -42.5]
				},
				"arm_right2": {
					"rotation": [0, 0, 7.5]
				},
				"thumb_right": {
					"rotation": [42.5, 0, 0]
				},
				"hand_right": {
					"rotation": [0, 0, -20]
				},
				"head_angle": {
					"rotation": [-5, 0, 0]
				},
				"ear_left": {
					"rotation": [0, 0, 10]
				},
				"ear_right": {
					"rotation": [0, 0, -10]
				}
			}
		},
		"animation.panpour.pose": {
			"loop": true,
			"bones": {
				"body": {
					"rotation": [0, -10, 0],
					"position": [0, -1.75, 0]
				},
				"leg_right": {
					"rotation": [-60, 45, 0]
				},
				"leg_right2": {
					"rotation": [62.5, 0, 0]
				},
				"leg_left": {
					"rotation": [-60, -45, 0]
				},
				"leg_left2": {
					"rotation": [62.5, 0, 0]
				},
				"waist": {
					"rotation": [7.5, 0, 0]
				},
				"tail": {
					"rotation": [-57.60064, -14.02846, 20.9057]
				},
				"tail2": {
					"rotation": [40, 0, 0]
				},
				"tail3": {
					"rotation": [11.50839, -29.4987, -5.72511]
				},
				"tail5": {
					"rotation": [1.19215, 24.94918, -84.61501]
				},
				"torso": {
					"rotation": [7.5, 0, 0],
					"position": [0, -0.25, 0]
				},
				"arm_left": {
					"rotation": [0, 0, 45]
				},
				"arm_left2": {
					"rotation": [0, 0, -35]
				},
				"thumb_left": {
					"rotation": [35, -20, 0]
				},
				"hand_left": {
					"rotation": [0, 0, 20]
				},
				"arm_right": {
					"rotation": [0, 0, -45]
				},
				"arm_right2": {
					"rotation": [0, 0, 35]
				},
				"thumb_right": {
					"rotation": [35, 20, 0]
				},
				"hand_right": {
					"rotation": [0, 0, -20]
				},
				"head_angle": {
					"rotation": [-20, 0, 0]
				},
				"ear_left": {
					"rotation": [0, 0, 10]
				},
				"ear_right": {
					"rotation": [0, 0, -10]
				}
			}
		},
		"animation.panpour.shocked": {
			"loop": true,
			"bones": {
				"mouth": {
					"position": [0, 0, 0.1]
				},
				"mouth_open_tall": {
					"position": [0, 0, -0.1]
				}
			}
		},
		"animation.panpour.angry": {
			"loop": true,
			"bones": {
				"mouth": {
					"position": [0, 0, 0.1]
				},
				"pupil_right": {
					"position": [0, 0, 0.1]
				},
				"pupil_left": {
					"position": [0, 0, 0.1]
				},
				"mouth_open_small": {
					"position": [0, 0, -0.1]
				},
				"pupil_left_angry": {
					"position": [0, 0, -0.1]
				},
				"pupil_right_annoyed": {
					"position": [0, 0, -0.1]
				},
				"eyebrow_left_angry": {
					"position": [0, 0, -0.1]
				},
				"eyebrow_right_angry": {
					"position": [0, 0, -0.1]
				}
			}
		},
		"animation.panpour.sad": {
			"loop": true,
			"bones": {
				"mouth": {
					"position": [0, 0, 0.1]
				},
				"mouth_frown": {
					"position": [0, 0, -0.1]
				},
				"pupil_left": {
					"position": [0, 0, 0.1]
				},
				"pupil_right": {
					"position": [0, 0, 0.1]
				},
				"pupil_left_sad": {
					"position": [0, 0, -0.1]
				},
				"pupil_right_sad": {
					"position": [0, 0, -0.1]
				},
				"eyebrow_left_sad": {
					"position": [0, 0, -0.1]
				},
				"eyebrow_right_sad": {
					"position": [0, 0, -0.1]
				}
			}
		},
		"animation.panpour.happy": {
			"loop": true,
			"bones": {
				"mouth": {
					"position": [0, 0, 0.1]
				},
				"eyebrow_left_straight": {
					"position": [0, 0, 0.1]
				},
				"eyebrow_right_straight": {
					"position": [0, 0, 0.1]
				},
				"blush_right": {
					"position": [0, 0, -0.1]
				},
				"blush_left": {
					"position": [0, 0, -0.1]
				},
				"mouth_open_happy": {
					"position": [0, 0, -0.1]
				}
			}
		},
		"animation.panpour.unamused": {
			"loop": true,
			"bones": {
				"mouth": {
					"position": [0, 0, 0.1]
				},
				"eyebrow_left_straight": {
					"position": [0, 0, -0.1]
				},
				"eyebrow_right_straight": {
					"position": [0, 0, -0.1]
				},
				"mouth_straight": {
					"position": [0, 0, -0.1]
				}
			}
		},
		"animation.panpour.smile": {
			"loop": true,
			"bones": {
				"mouth": {
					"position": [0, 0, 0.1]
				},
				"mouth_open_smile": {
					"position": [0, 0, -0.1]
				}
			}
		},
		"animation.panpour.recoil": {
			"loop": true
		},
		"animation.panpour.blink": {
			"animation_length": 0.1667,
			"bones": {
				"pupil_right": {
					"position": {
						"0.0": [0, 0, 0.1],
						"0.125": [0, 0, 0.1],
						"0.1667": [0, 0, 0]
					}
				},
				"pupil_left": {
					"position": {
						"0.0": [0, 0, 0.1],
						"0.125": [0, 0, 0.1],
						"0.1667": [0, 0, 0]
					}
				},
				"pupil_left_blink": {
					"position": {
						"0.0": [0, 0, -0.1],
						"0.125": [0, 0, -0.1],
						"0.1667": [0, 0, 0]
					}
				},
				"pupil_right_blink": {
					"position": {
						"0.0": [0, 0, -0.1],
						"0.125": [0, 0, -0.1],
						"0.1667": [0, 0, 0]
					}
				}
			}
		}
	}
}