{
	"format_version": "1.8.0",
	"animations": {
		"animation.dartrix.ground_idle": {
			"loop": true,
			"bones": {
				"wing_right_closed2": {
					"rotation": [0, 0, -2.5]
				},
				"wing_right_closed_tips_main": {
					"rotation": [0, 0, -5]
				},
				"wing_right_closed_tip": {
					"rotation": [7.5, 0, 0]
				},
				"wing_right_closed_tip4": {
					"rotation": [-7.5, 0, 0]
				},
				"wing_left_closed": {
					"rotation": [0, 0, 0]
				},
				"wing_left_closed2": {
					"rotation": [0, 0, 2.5]
				},
				"wing_left_closed_tips_main": {
					"rotation": [0, 0, 5]
				},
				"wing_left_closed_tip": {
					"rotation": [7.5, 0, 0]
				},
				"wing_left_closed_tip4": {
					"rotation": [-7.5, 0, 0]
				},
				"toe_front_right": {
					"rotation": [0, -12.5, 0]
				},
				"toe_front_right2": {
					"rotation": [0, 12.5, 0]
				},
				"toe_front_left": {
					"rotation": [0, 12.5, 0]
				},
				"toe_front_left2": {
					"rotation": [0, -12.5, 0]
				},
				"torso": {
					"rotation": ["0+math.sin(q.anim_time*90*4-15)*1.5", "0+math.sin(q.anim_time*90*2-15)*1", 0]
				},
				"chest": {
					"rotation": [0, 0, 0]
				}
			}
		},
		"animation.dartrix.ground_walk": {
			"loop": true,
			"animation_length": 1,
			"bones": {
				"wing_right_closed2": {
					"rotation": [0, 0, -2.5]
				},
				"wing_right_closed_tips_main": {
					"rotation": [0, 0, -5]
				},
				"wing_right_closed_tip": {
					"rotation": [7.5, 0, 0]
				},
				"wing_right_closed_tip4": {
					"rotation": [-7.5, 0, 0]
				},
				"wing_left_closed": {
					"rotation": [0, 0, 0]
				},
				"wing_left_closed2": {
					"rotation": [0, 0, 2.5]
				},
				"wing_left_closed_tips_main": {
					"rotation": [0, 0, 5]
				},
				"wing_left_closed_tip": {
					"rotation": [7.5, 0, 0]
				},
				"wing_left_closed_tip4": {
					"rotation": [-7.5, 0, 0]
				},
				"toe_front_right": {
					"rotation": [0, -12.5, 0]
				},
				"toe_front_right2": {
					"rotation": [0, 12.5, 0]
				},
				"toe_front_left": {
					"rotation": [0, 12.5, 0]
				},
				"toe_front_left2": {
					"rotation": [0, -12.5, 0]
				},
				"torso": {
					"rotation": ["0-math.cos(q.anim_time*90*8-0)*1.5", "0-math.cos(q.anim_time*90*4+0)*6", "0+math.cos(q.anim_time*90*4-0)*4"],
					"position": [0, "math.sin(q.anim_time*90*8+0)*0.5", 0]
				},
				"leg_right": {
					"rotation": {
						"0.0": [0, 0, 0],
						"0.5": {
							"pre": [0, 0, 0],
							"post": [0, 0, 0],
							"lerp_mode": "catmullrom"
						},
						"0.75": {
							"post": [-7.5, 0, 0],
							"lerp_mode": "catmullrom"
						},
						"1.0": [0, 0, 0]
					},
					"position": {
						"0.0": [0, 0, -3.5],
						"0.5": {
							"pre": [0, 0, 3.5],
							"post": [0, 0, 3.5],
							"lerp_mode": "catmullrom"
						},
						"0.75": {
							"post": [0, 2, 0],
							"lerp_mode": "catmullrom"
						},
						"1.0": [0, 0, -3.5]
					}
				},
				"foot_right": {
					"rotation": {
						"0.0": [0, 0, 0],
						"0.5": {
							"pre": [0, 0, 0],
							"post": [0, 0, 0],
							"lerp_mode": "catmullrom"
						},
						"0.6667": {
							"post": [20, 0, 0],
							"lerp_mode": "catmullrom"
						},
						"0.875": {
							"post": [4.29, 0, 0],
							"lerp_mode": "catmullrom"
						},
						"1.0": [0, 0, 0]
					}
				},
				"leg_left": {
					"rotation": {
						"0.0": [0, 0, 0],
						"0.25": {
							"pre": [-7.5, 0, 0],
							"post": [-7.5, 0, 0],
							"lerp_mode": "catmullrom"
						},
						"0.5": {
							"post": [0, 0, 0],
							"lerp_mode": "catmullrom"
						},
						"1.0": [0, 0, 0]
					},
					"position": {
						"0.0": [0, 0, 3.5],
						"0.25": {
							"pre": [0, 2, 0],
							"post": [0, 2, 0],
							"lerp_mode": "catmullrom"
						},
						"0.5": {
							"post": [0, 0, -3.5],
							"lerp_mode": "catmullrom"
						},
						"1.0": [0, 0, 3.5]
					}
				},
				"foot_left": {
					"rotation": {
						"0.0": [0, 0, 0],
						"0.1667": {
							"pre": [20, 0, 0],
							"post": [20, 0, 0],
							"lerp_mode": "catmullrom"
						},
						"0.375": {
							"post": [4.29, 0, 0],
							"lerp_mode": "catmullrom"
						},
						"0.5": {
							"post": [0, 0, 0],
							"lerp_mode": "catmullrom"
						},
						"1.0": [0, 0, 0]
					}
				}
			}
		},
		"animation.dartrix.cry": {
			"animation_length": 1.375,
			"bones": {
				"jaw": {
					"rotation": {
						"0.0": [0, 0, 0],
						"0.0833": {
							"pre": [20, 0, 0],
							"post": [20, 0, 0],
							"lerp_mode": "catmullrom"
						},
						"0.2083": {
							"post": [20, 0, 0],
							"lerp_mode": "catmullrom"
						},
						"0.3333": {
							"post": [10, 0, 0],
							"lerp_mode": "catmullrom"
						},
						"0.4583": {
							"post": [20, 0, 0],
							"lerp_mode": "catmullrom"
						},
						"0.5833": {
							"post": [12.5, 0, 0],
							"lerp_mode": "catmullrom"
						},
						"0.7083": {
							"post": [32.5, 0, 0],
							"lerp_mode": "catmullrom"
						},
						"1.0833": {
							"post": [32.5, 0, 0],
							"lerp_mode": "catmullrom"
						},
						"1.375": [0, 0, 0]
					},
					"position": [0, 0, 0]
				}
			},
			"sound_effects": {
				"0.0417": {
					"effect": "pokemon.dartrix.cry"
				}
			}
		},
		"animation.dartrix.air_idle": {
			"loop": true,
			"bones": {
				"body": {
					"position": [0, "1.5+math.sin(q.anim_time*90*4-35)*1", 0]
				},
				"torso": {
					"rotation": ["0+math.sin(q.anim_time*90*4-5)*3", 0, 0]
				},
				"wing_right_open": {
					"rotation": [0, 0, "0-math.sin(q.anim_time*90*4+15)*24"]
				},
				"wing_right_open_feather": {
					"rotation": [0, -15, "-math.sin(q.anim_time*90*4-60)*24"]
				},
				"wing_right_open_feather2": {
					"rotation": [0, -7.5, "-math.sin(q.anim_time*90*4-60)*24"]
				},
				"wing_right_open_feather3": {
					"rotation": [0, 0, "0-math.sin(q.anim_time*90*4-60)*24 "]
				},
				"wing_right_open_feather4": {
					"rotation": [0, 7.5, "-math.sin(q.anim_time*90*4-60)*24"]
				},
				"wing_right_open_feather5": {
					"rotation": [0, 10, "-math.sin(q.anim_time*90*4-60)*24"]
				},
				"wing_left_open": {
					"rotation": [0, 0, "0+math.sin(q.anim_time*90*4+15)*24"]
				},
				"wing_left_open_feather": {
					"rotation": [0, 15, "math.sin(q.anim_time*90*4-60)*24"]
				},
				"wing_left_open_feather2": {
					"rotation": [0, 7.5, "math.sin(q.anim_time*90*4-60)*24"]
				},
				"wing_left_open_feather3": {
					"rotation": [0, 0, "0+math.sin(q.anim_time*90*4-60)*24"]
				},
				"wing_left_open_feather4": {
					"rotation": [0, -7.5, "math.sin(q.anim_time*90*4-60)*24"]
				},
				"wing_left_open_feather5": {
					"rotation": [0, -10, "math.sin(q.anim_time*90*4-60)*24"]
				},
				"wing_right_closed": {
					"rotation": [0, 0, 82.5]
				},
				"wing_left_closed": {
					"rotation": [0, 0, -82.5]
				},
				"foot_right": {
					"rotation": [15, 0, 0]
				},
				"foot_left": {
					"rotation": [15, 0, 0]
				}
			}
		},
		"animation.dartrix.air_fly": {
			"loop": true,
			"bones": {
				"body": {
					"rotation": [35, 0, 0],
					"position": [0, "1.5+math.sin(q.anim_time*90*5-35)*3", 0]
				},
				"torso": {
					"rotation": ["-5+math.sin(q.anim_time*90*5-5)*5", 0, 0]
				},
				"wing_right_open": {
					"rotation": [0, 0, "0-math.sin(q.anim_time*90*5+15)*24"]
				},
				"wing_right_open_feather": {
					"rotation": [0, -15, "-math.sin(q.anim_time*90*5-60)*24"]
				},
				"wing_right_open_feather2": {
					"rotation": [0, -7.5, "-math.sin(q.anim_time*90*5-60)*24"]
				},
				"wing_right_open_feather3": {
					"rotation": [0, 0, "0-math.sin(q.anim_time*90*5-60)*24 "]
				},
				"wing_right_open_feather4": {
					"rotation": [0, 7.5, "-math.sin(q.anim_time*90*5-60)*24"]
				},
				"wing_right_open_feather5": {
					"rotation": [0, 10, "-math.sin(q.anim_time*90*5-60)*24"]
				},
				"wing_left_open": {
					"rotation": [0, 0, "0+math.sin(q.anim_time*90*5+15)*24"]
				},
				"wing_left_open_feather": {
					"rotation": [0, 15, "math.sin(q.anim_time*90*5-60)*24"]
				},
				"wing_left_open_feather2": {
					"rotation": [0, 7.5, "math.sin(q.anim_time*90*5-60)*24"]
				},
				"wing_left_open_feather3": {
					"rotation": [0, 0, "0+math.sin(q.anim_time*90*5-60)*24"]
				},
				"wing_left_open_feather4": {
					"rotation": [0, -7.5, "math.sin(q.anim_time*90*5-60)*24"]
				},
				"wing_left_open_feather5": {
					"rotation": [0, -10, "math.sin(q.anim_time*90*5-60)*24"]
				},
				"foot_right": {
					"rotation": [15, 0, 0]
				},
				"foot_left": {
					"rotation": [15, 0, 0]
				},
				"chest": {
					"rotation": [-7.5, 0, 0]
				},
				"wing_right_closed": {
					"rotation": [0, 0, 82.5]
				},
				"wing_left_closed": {
					"rotation": [0, 0, -82.5]
				}
			}
		},
		"animation.dartrix.speed": {
			"loop": true,
			"bones": {
				"dartrix": {
					"position": [0, 0, "00+((query.anim_time) * 90 * 1) * -0.25"]
				}
			}
		}
	}
}