{
	"format_version": "1.8.0",
	"animations": {
		"animation.politoed.ground_idle": {
			"loop": true,
			"bones": {
				"leftleg": {
					"rotation": [0, -5, 0],
					"position": [0, "-0.1+math.sin(q.anim_time*90*2)*0.3", 0.5]
				},
				"rightleg": {
					"rotation": [0, 5, 0],
					"position": [0, "-0.1+math.sin(q.anim_time*90*2)*0.3", 0.5]
				},
				"leftarm": {
					"rotation": [0, 0, "35-math.sin(q.anim_time*90*2-10)*6"]
				},
				"leftforearm": {
					"rotation": [0, 0, "10-math.sin(q.anim_time*90*2-70)*4"]
				},
				"rightarm": {
					"rotation": [0, 0, "-35+math.sin(q.anim_time*90*2-10)*6"]
				},
				"rightforearm": {
					"rotation": [0, 0, "-10+math.sin(q.anim_time*90*2-70)*4"]
				},
				"head": {
					"rotation": ["-2.5+math.sin(q.anim_time*90*2+20)*-2", 0, "0+math.sin(q.anim_time*90*1-20+180)*-1"]
				},
				"torso": {
					"rotation": ["math.sin(q.anim_time*90*2-0)*-2", 0, "0+math.sin(q.anim_time*90*1-30)*-3"]
				},
				"body": {
					"position": [0, "0-math.sin(q.anim_time*90*2)*0.3", 0]
				}
			}
		},
		"animation.politoed.battle_idle": {
			"loop": true,
			"bones": {
				"leftleg": {
					"rotation": [12.63282, -14.94013, -0.55986],
					"position": [0, "-0.5+math.sin(q.anim_time*90*3)*0.4", 1]
				},
				"rightleg": {
					"rotation": [0, 20, 0],
					"position": [0, "-0.1+math.sin(q.anim_time*90*3)*0.4", 0.5]
				},
				"leftarm": {
					"rotation": [17.5, 0, 2.5]
				},
				"leftforearm": {
					"rotation": [-17.5, 12.5, -52.5],
					"position": [-1.5, -1.2, 0]
				},
				"rightarm": {
					"rotation": [40, 0, -7.5]
				},
				"rightforearm": {
					"rotation": [0, 7.5, 75],
					"position": [1.7, -2.2, -0.6]
				},
				"head": {
					"rotation": ["-2.5+math.sin(q.anim_time*90*3+20)*-4", 12, "-0.5+math.sin(q.anim_time*90*3-20+180)*-1.5"]
				},
				"torso": {
					"rotation": ["math.sin(q.anim_time*90*3)*3", 0, 0]
				},
				"body": {
					"rotation": [0, -15, 0],
					"position": [0, "0-math.sin(q.anim_time*90*3)*0.3", 0]
				},
				"leftfoot": {
					"rotation": [-12.5, 0, 0],
					"position": [0, "0.2-math.sin(q.anim_time*90*3)*0.1", "0-math.sin(q.anim_time*90*3)*0.02"]
				},
				"rightfoot": {
					"position": [0, "0.1+math.sin(q.anim_time*90*3)*-0.1", 0]
				}
			}
		},
		"animation.politoed.water_idle": {
			"loop": true,
			"bones": {
				"leftleg": {
					"rotation": [7.5, -5, "0-math.sin(q.anim_time*90*2-30)*5"]
				},
				"rightleg": {
					"rotation": [7.5, 5, "0+math.sin(q.anim_time*90*2-30)*5"]
				},
				"leftarm": {
					"rotation": ["0+math.sin(q.anim_time*90*2-30)*4", -10, "30-math.sin(q.anim_time*90*2-30)*4"]
				},
				"leftforearm": {
					"rotation": [0, 0, "15-math.sin(q.anim_time*90*2-90)*4"]
				},
				"rightarm": {
					"rotation": ["0-math.sin(q.anim_time*90*2-30)*4", 10, "-30+math.sin(q.anim_time*90*2-30)*4"]
				},
				"rightforearm": {
					"rotation": [0, 0, "-15+math.sin(q.anim_time*90*2-90)*4"]
				},
				"body": {
					"rotation": [30, 0, 0],
					"position": [0, "1-math.sin(q.anim_time*90*2)*0.5", 0]
				},
				"head": {
					"rotation": [-25, 0, 0]
				},
				"leftfoot": {
					"rotation": [15, 0, 0]
				},
				"rightfoot": {
					"rotation": [15, 0, 0]
				}
			}
		},
		"animation.politoed.water_swim": {
			"loop": true,
			"bones": {
				"leftleg": {
					"rotation": [15, -5, "0-math.sin(q.anim_time*90*2-30)*24"],
					"position": [1, 0, 0]
				},
				"rightleg": {
					"rotation": [15, 5, "0+math.sin(q.anim_time*90*2-30)*24"],
					"position": [-1, 0, 0]
				},
				"leftarm": {
					"rotation": [0, -10, "-math.sin(q.anim_time*90*2-30)*24"]
				},
				"leftforearm": {
					"rotation": [0, 0, "15-math.sin(q.anim_time*90*2-90)*12"]
				},
				"rightarm": {
					"rotation": [0, 10, "math.sin(q.anim_time*90*2-30)*24"]
				},
				"rightforearm": {
					"rotation": [0, 0, "-15+math.sin(q.anim_time*90*2-90)*12"]
				},
				"body": {
					"rotation": [60, 0, 0],
					"position": [0, 0, "0+math.sin(q.anim_time*90*2-30)*2"]
				},
				"head": {
					"rotation": [-55, 0, 0]
				},
				"leftfoot": {
					"rotation": ["30-math.sin(q.anim_time*90*2-30)*24", 0, "0+math.sin(q.anim_time*90*2-30)*24"]
				},
				"rightfoot": {
					"rotation": ["30-math.sin(q.anim_time*90*2-30)*24", 0, "0-math.sin(q.anim_time*90*2-30)*24"]
				},
				"torso": {
					"rotation": ["0-math.sin(q.anim_time*90*2-30)*2", 0, 0]
				}
			}
		},
		"animation.politoed.ground_walk": {
			"loop": true,
			"animation_length": 0.7917,
			"bones": {
				"body": {
					"rotation": {
						"0.0": [90, 0, 0],
						"0.1667": {
							"pre": [90, 0, 0],
							"post": [90, 0, 0],
							"lerp_mode": "catmullrom"
						},
						"0.2917": {
							"post": [85, 0, 0],
							"lerp_mode": "catmullrom"
						},
						"0.375": {
							"post": [85, 0, 0],
							"lerp_mode": "catmullrom"
						},
						"0.5417": {
							"post": [107.5, 0, 0],
							"lerp_mode": "catmullrom"
						},
						"0.625": {
							"post": [95, 0, 0],
							"lerp_mode": "catmullrom"
						},
						"0.7917": [90, 0, 0]
					},
					"position": {
						"0.0": [0, -2, 1],
						"0.125": [0, -2, 0],
						"0.1667": [0, -1.5, 0],
						"0.2917": {
							"pre": [0, 5, -6.9],
							"post": [0, 5, -6.9],
							"lerp_mode": "catmullrom"
						},
						"0.4583": {
							"post": [0, 6.4, -7.9],
							"lerp_mode": "catmullrom"
						},
						"0.625": {
							"post": [0, -2, -5],
							"lerp_mode": "catmullrom"
						},
						"0.7917": [0, -2, 1]
					}
				},
				"head": {
					"rotation": {
						"0.0": [-70, 0, 0],
						"0.125": {
							"pre": [-70, 0, 0],
							"post": [-70, 0, 0],
							"lerp_mode": "catmullrom"
						},
						"0.375": {
							"post": [-85, 0, 0],
							"lerp_mode": "catmullrom"
						},
						"0.5": [-87.5, 0, 0],
						"0.6667": [-70, 0, 0]
					},
					"position": [0, 0, 1]
				},
				"leftleg": {
					"rotation": {
						"0.0": [-60, 0, 0],
						"0.125": {
							"pre": [-60, 0, 0],
							"post": [-60, 0, 0],
							"lerp_mode": "catmullrom"
						},
						"0.375": {
							"post": [-32.5, 0, 0],
							"lerp_mode": "catmullrom"
						},
						"0.625": [-60, 0, 0]
					},
					"position": [2, 0, 0]
				},
				"leftfoot": {
					"rotation": {
						"0.0": [-30, 0, 0],
						"0.125": [-30, 0, 0],
						"0.375": {
							"pre": [27.5, 0, 0],
							"post": [27.5, 0, 0],
							"lerp_mode": "catmullrom"
						},
						"0.4583": {
							"post": [27.5, 0, 0],
							"lerp_mode": "catmullrom"
						},
						"0.625": [-30, 0, 0]
					},
					"position": {
						"0.0": [0, 0, 0],
						"0.125": [0, 0, 0],
						"0.375": {
							"pre": [0, 0, -1],
							"post": [0, 0, -1],
							"lerp_mode": "catmullrom"
						},
						"0.4583": {
							"post": [0, 0, -1],
							"lerp_mode": "catmullrom"
						},
						"0.625": [0, 0, 0]
					}
				},
				"rightleg": {
					"rotation": {
						"0.0": [-60, 0, 0],
						"0.125": [-60, 0, 0],
						"0.375": {
							"pre": [-32.5, 0, 0],
							"post": [-32.5, 0, 0],
							"lerp_mode": "catmullrom"
						},
						"0.5": {
							"post": [-32.5, 0, 0],
							"lerp_mode": "catmullrom"
						},
						"0.625": [-60, 0, 0]
					},
					"position": [-2, 0, 0]
				},
				"rightfoot": {
					"rotation": {
						"0.0": [-30, 0, 0],
						"0.125": [-30, 0, 0],
						"0.375": {
							"pre": [27.5, 0, 0],
							"post": [27.5, 0, 0],
							"lerp_mode": "catmullrom"
						},
						"0.4583": {
							"post": [27.5, 0, 0],
							"lerp_mode": "catmullrom"
						},
						"0.625": [-30, 0, 0]
					},
					"position": {
						"0.0": [0, 0, 0],
						"0.125": [0, 0, 0],
						"0.375": {
							"pre": [0, 0, -1],
							"post": [0, 0, -1],
							"lerp_mode": "catmullrom"
						},
						"0.4583": {
							"post": [0, 0, -1],
							"lerp_mode": "catmullrom"
						},
						"0.625": [0, 0, 0]
					}
				},
				"leftarm": {
					"rotation": {
						"0.0": [45.7002, 77.3217, -29.0724],
						"0.125": [28.2002, 77.3217, -29.0724],
						"0.375": {
							"pre": [171.26436, 66.98014, 127.54241],
							"post": [171.26436, 66.98014, 127.54241],
							"lerp_mode": "catmullrom"
						},
						"0.4583": {
							"post": [177.15788, 67.23268, 133.93884],
							"lerp_mode": "catmullrom"
						},
						"0.625": [15.7002, 77.3217, -29.0724],
						"0.75": [45.7002, 77.3217, -29.0724]
					},
					"position": [-1.8, 0.5, 0]
				},
				"leftforearm": {
					"rotation": {
						"0.0": [0, -45.5, 0],
						"0.125": [0, -58, 0],
						"0.375": {
							"pre": [0, 0, 0],
							"post": [0, 0, 0],
							"lerp_mode": "catmullrom"
						},
						"0.5": {
							"post": [0, 0, 0],
							"lerp_mode": "catmullrom"
						},
						"0.6667": [0, -45.5, 0]
					},
					"position": {
						"0.0": [-1.5, 0, -0.6],
						"0.125": [-1.5, 0, -0.6],
						"0.375": {
							"pre": [-1, 0, 0],
							"post": [-1, 0, 0],
							"lerp_mode": "catmullrom"
						},
						"0.5": {
							"post": [-1, 0, 0],
							"lerp_mode": "catmullrom"
						},
						"0.6667": [-1.5, 0, -0.6]
					}
				},
				"rightarm": {
					"rotation": {
						"0.0": [45.7002, -77.32171, 29.07242],
						"0.125": [28.2002, -77.32171, 29.07242],
						"0.375": {
							"pre": [170.26007, -69.44779, -126.46116],
							"post": [170.26007, -69.44779, -126.46116],
							"lerp_mode": "catmullrom"
						},
						"0.4583": {
							"post": [167.27833, -74.35382, -123.32715],
							"lerp_mode": "catmullrom"
						},
						"0.625": [15.7002, -77.32171, 29.07242],
						"0.75": [45.7002, -77.32171, 29.07242]
					},
					"position": [1.8, 0.5, 0]
				},
				"rightforearm": {
					"rotation": {
						"0.0": [0, 45.5, 0],
						"0.125": [0, 58, 0],
						"0.375": {
							"pre": [0, 0, 0],
							"post": [0, 0, 0],
							"lerp_mode": "catmullrom"
						},
						"0.5": {
							"post": [0, 0, 0],
							"lerp_mode": "catmullrom"
						},
						"0.6667": [0, 45.5, 0]
					},
					"position": {
						"0.0": [1.5, 0, -0.6],
						"0.125": [1.5, 0, -0.6],
						"0.375": {
							"pre": [1, 0, 0],
							"post": [1, 0, 0],
							"lerp_mode": "catmullrom"
						},
						"0.5": {
							"post": [1, 0, 0],
							"lerp_mode": "catmullrom"
						},
						"0.6667": [1.5, 0, -0.6]
					}
				},
				"torso": {
					"rotation": {
						"0.0": [-7, 0, 0],
						"0.125": [-7, 0, 0],
						"0.1667": {
							"pre": [-4.82, 0, 0],
							"post": [-4.82, 0, 0],
							"lerp_mode": "catmullrom"
						},
						"0.375": {
							"post": [-17, 0, 0],
							"lerp_mode": "catmullrom"
						},
						"0.5": [-7, 0, 0],
						"0.75": [-7, 0, 0]
					},
					"position": {
						"0.0": [0, 0, 0],
						"0.0417": [0, 0, 0],
						"0.125": [0, 0, -1],
						"0.375": [0, 0, 0.38],
						"0.7917": [0, 0, 0]
					}
				}
			}
		},
		"animation.politoed.cry": {
			"animation_length": 1.1667,
			"bones": {
				"head": {
					"rotation": {
						"0.0": [0, 0, 0],
						"0.0833": {
							"pre": [-10, 0, 0],
							"post": [-10, 0, 0],
							"lerp_mode": "catmullrom"
						},
						"0.25": {
							"post": [2.5, 0, 0],
							"lerp_mode": "catmullrom"
						},
						"0.5833": {
							"post": [5, 0, 0],
							"lerp_mode": "catmullrom"
						},
						"0.7917": [0, 0, 0],
						"1.1667": [0, 0, 0]
					},
					"position": {
						"0.0": [0, 0, 0],
						"0.0833": {
							"pre": [0, 0, 0.5],
							"post": [0, 0, 0.5],
							"lerp_mode": "catmullrom"
						},
						"0.25": {
							"post": [0, 0, -1],
							"lerp_mode": "catmullrom"
						},
						"0.5833": {
							"post": [0, 0, -1],
							"lerp_mode": "catmullrom"
						},
						"0.7917": [0, 0, 0]
					}
				}
			},
			"sound_effects": {
				"0.125": {
					"effect": "pokemon.politoed.cry"
				}
			}
		},
		"animation.politoed.physical": {
			"animation_length": 2.625,
			"bones": {
				"head": {
					"rotation": {
						"0.3333": [0, 0, 0],
						"0.625": {
							"pre": [-37.5, 0, 0],
							"post": [-37.5, 0, 0],
							"lerp_mode": "catmullrom"
						},
						"1.2917": {
							"post": [-37.5, 0, 0],
							"lerp_mode": "catmullrom"
						},
						"1.3333": {
							"post": [-45, 0, 0],
							"lerp_mode": "catmullrom"
						},
						"1.5": {
							"post": [-37.5, 0, 0],
							"lerp_mode": "catmullrom"
						},
						"2.0417": {
							"post": [-37.5, 0, 0],
							"lerp_mode": "catmullrom"
						},
						"2.4583": [0, 0, 0]
					},
					"position": {
						"0.0": [0, 0, 0],
						"1.25": {
							"pre": [0, 0, 0],
							"post": [0, 0, 0],
							"lerp_mode": "catmullrom"
						},
						"1.2917": {
							"post": [0, 0, 1],
							"lerp_mode": "catmullrom"
						},
						"1.375": [0, 0, 0]
					}
				},
				"leftfoot": {
					"rotation": [0, 0, 0]
				},
				"torso": {
					"rotation": {
						"1.2917": [0, 0, 0],
						"1.3333": {
							"pre": [-10, 0, 0],
							"post": [-10, 0, 0],
							"lerp_mode": "catmullrom"
						},
						"1.4583": {
							"post": [-12.5, 0, 0],
							"lerp_mode": "catmullrom"
						},
						"1.5833": {
							"post": [-10, 0, 0],
							"lerp_mode": "catmullrom"
						},
						"1.9167": [0, 0, 0],
						"2.4583": [0, 0, 0]
					},
					"position": {
						"1.2917": [0, 0, 0],
						"1.3333": {
							"pre": [0, 0, 0.3],
							"post": [0, 0, 0.3],
							"lerp_mode": "catmullrom"
						},
						"1.4583": {
							"post": [0, 0, 0.5],
							"lerp_mode": "catmullrom"
						},
						"1.5833": {
							"post": [0, 0, 0.3],
							"lerp_mode": "catmullrom"
						},
						"1.9167": [0, 0, 0],
						"2.4583": [0, 0, 0]
					}
				},
				"jaw": {
					"rotation": {
						"0.0": [0, 0, 0],
						"0.3333": [0, 0, 0],
						"0.625": {
							"pre": [40, 0, 0],
							"post": [40, 0, 0],
							"lerp_mode": "catmullrom"
						},
						"0.9583": {
							"post": [40, 0, 0],
							"lerp_mode": "catmullrom"
						},
						"1.3333": [40, 0, 0],
						"2.0": {
							"pre": [40, 0, 0],
							"post": [40, 0, 0],
							"lerp_mode": "catmullrom"
						},
						"2.3333": {
							"post": [0, 0, 0],
							"lerp_mode": "catmullrom"
						}
					},
					"position": {
						"0.3333": [0, 0, 0],
						"0.375": [0, 0, 0.05],
						"0.625": [0, 0, 0.1],
						"2.1667": [0, 0, 0]
					}
				},
				"tongue": {
					"rotation": {
						"0.0": [0, 0, 0],
						"1.25": [0, 0, 0],
						"1.2917": [17.5, 0, 0],
						"1.75": [17.5, 0, 0],
						"1.875": [27.5, 0, 0],
						"1.9583": [58.75, 0, 0],
						"2.0417": [57.5, 0, 0],
						"2.1667": [47.5, 0, 0]
					}
				},
				"tounge1": {
					"rotation": {
						"1.25": [0, 0, 0],
						"1.2917": {"pre": [0, 0, 0], "post": [15, 0, 0]},
						"1.75": [15, 0, 0],
						"2.4167": [0, 0, 0],
						"2.625": [0, 0, 0]
					}
				},
				"tounge2": {
					"rotation": {
						"1.25": [0, 0, 0],
						"1.2917": {"pre": [0, 0, 0], "post": [180, 0, 0]},
						"1.75": [180, 0, 0],
						"1.875": [174.5, 0, 0],
						"2.3333": [0, 0, 0],
						"2.625": [0, 0, 0]
					}
				},
				"tounge3": {
					"rotation": {
						"1.25": [0, 0, 0],
						"1.2917": {"pre": [0, 0, 0], "post": [180, 0, 0]},
						"1.5": {
							"pre": [172.5, 0, 0],
							"post": [172.5, 0, 0],
							"lerp_mode": "catmullrom"
						},
						"1.75": {
							"post": [180, 0, 0],
							"lerp_mode": "catmullrom"
						},
						"1.875": [167.5, 0, 0],
						"2.25": [0, 0, 0],
						"2.625": [0, 0, 0]
					}
				},
				"tounge4": {
					"rotation": {
						"1.25": [0, 0, 0],
						"1.2917": {
							"pre": [180, 0, 0],
							"post": [180, 0, 0],
							"lerp_mode": "catmullrom"
						},
						"1.5": {
							"post": [175, 0, 0],
							"lerp_mode": "catmullrom"
						},
						"1.75": [180, 0, 0],
						"1.875": [160, 0, 0],
						"2.1667": [0, 0, 0],
						"2.625": [0, 0, 0]
					}
				},
				"tounge5": {
					"rotation": {
						"1.25": [0, 0, 0],
						"1.2917": {
							"pre": [180, 0, 0],
							"post": [180, 0, 0],
							"lerp_mode": "catmullrom"
						},
						"1.5": {
							"post": [170, 0, 0],
							"lerp_mode": "catmullrom"
						},
						"1.75": [180, 0, 0],
						"2.0833": [0, 0, 0],
						"2.625": [0, 0, 0]
					}
				},
				"tounge6": {
					"rotation": {
						"1.25": [0, 0, 0],
						"1.2917": {
							"pre": [180, 0, 0],
							"post": [180, 0, 0],
							"lerp_mode": "catmullrom"
						},
						"1.5": {
							"post": [167.5, 0, 0],
							"lerp_mode": "catmullrom"
						},
						"1.75": [180, 0, 0],
						"2.0": [0, 0, 0],
						"2.625": [0, 0, 0]
					}
				}
			}
		}
	}
}