{
	"format_version": "1.8.0",
	"animations": {
		"animation.riolu.ground_idle": {
			"loop": true,
			"bones": {
				"arm_left": {
					"rotation": [0, "-20+3*(math.sin(q.anim_time*90*2)*1+1)", 55]
				},
				"arm_left2": {
					"rotation": [0, "32-2*math.clamp(math.sin(q.anim_time*90*3/2)*1+1,0,1)+0.6*math.clamp(-math.sin(q.anim_time*90*3/2)*1+1,0,1)", 0]
				},
				"arm_right": {
					"rotation": [0, "20-3*(math.sin(q.anim_time*90*2)*1+1)", -55]
				},
				"arm_right2": {
					"rotation": [0, "-32-2*math.clamp(-math.sin(q.anim_time*90*3/2)*1+1,0,1)", 0]
				},
				"tail": {
					"rotation": [10, "6*(math.sin(q.anim_time*90*2.5)*1)+5*(math.sin(q.anim_time*90*2/2.5)*1)", 0]
				},
				"tail2": {
					"rotation": [15, "6*(math.sin(q.anim_time*90*2)*1)+6*(math.sin(q.anim_time*90*2/2)*1)", 0]
				},
				"tail3": {
					"rotation": [0, "4*(math.sin(q.anim_time*90*2)*1)+4*(math.sin(q.anim_time*90*2/2)*1)", 0]
				},
				"body": {
					"position": [0, -0.1, 0]
				},
				"waist": {
					"rotation": [-1, 0, 0],
					"position": [0, "0+0.02*(math.sin(q.anim_time*90*2-90)*1+1)", 0]
				},
				"torso": {
					"rotation": ["3.5-0.6*(math.sin(q.anim_time*90*2-90)*1+1)", 0, 0],
					"position": [0, "0+0.01*(math.sin(q.anim_time*90*2-90)*1+1)", 0]
				},
				"head": {
					"rotation": ["-1+0.5*(math.sin(q.anim_time*90*2)*1+1)", 0, 0],
					"position": [0, "0+0.01*(math.sin(q.anim_time*90*2-90)*1+1)", 0]
				},
				"aura_sensor_right": {
					"rotation": [0, 0, "0+1*(math.sin(q.anim_time*90*2-40)*1+1)"]
				},
				"aura_sensor_right2": {
					"rotation": [0, 0, -5]
				},
				"aura_sensor_left": {
					"rotation": [0, 0, "0-1*(math.sin(q.anim_time*90*2-40)*1+1)"]
				},
				"aura_sensor_left2": {
					"rotation": [0, 0, 5]
				},
				"leg_right": {
					"position": [0, "0.02*(math.sin(q.anim_time*90*2-90)*1+1)", 0]
				},
				"leg_right2": {
					"rotation": [0, 7, 5]
				},
				"foot_right": {
					"rotation": [0, 0, -5],
					"position": [0, "-0.02*(math.sin(q.anim_time*90*2-90)*1+1)", 0]
				},
				"leg_left": {
					"position": [0, "0.02*(math.sin(q.anim_time*90*2-90)*1+1)", 0]
				},
				"leg_left2": {
					"rotation": [0, -7, -5]
				},
				"foot_left": {
					"rotation": [0, 0, 5],
					"position": [0, "-0.02*(math.sin(q.anim_time*90*2-90)*1+1)", 0]
				},
				"hand_left": {
					"rotation": [0, 0, 12.5]
				},
				"finger_left_front": {
					"rotation": [0, 0, 17.5]
				},
				"finger_left_middle": {
					"rotation": [0, 0, 12.5]
				},
				"finger_left_back": {
					"rotation": [0, 0, 17.5]
				},
				"hand_right": {
					"rotation": [0, 0, -12.5]
				},
				"finger_right_front": {
					"rotation": [0, 0, -17.5]
				},
				"finger_right_middle": {
					"rotation": [0, 0, -12.5]
				},
				"finger_right_back": {
					"rotation": [0, 0, -17.5]
				}
			}
		},
		"animation.riolu.ground_walk": {
			"loop": true,
			"animation_length": 1,
			"bones": {
				"torso2": {
					"rotation": [0, "0 - math.sin(((query.anim_time) - (0.5/4)) * 90 * 4) * 0", 0]
				},
				"knee_left": {
					"rotation": ["0 - math.clamp(math.sin(((query.anim_time) - (0.75/4)) * 90 * 4) * 11, -11, 0)", 0, 0]
				},
				"knee_right": {
					"rotation": ["math.clamp(math.sin(((query.anim_time) - (0.75/4)) * 90 * 4) * 11, 0, 11)", 0, 0]
				},
				"dread_left": {
					"rotation": [0, 0, "-5*math.sin(q.anim_time*90*5.5*1.5)"]
				},
				"dread_right": {
					"rotation": [0, 0, "5*math.sin(q.anim_time*90*5.5*1.5)"]
				},
				"hand_left2": {
					"rotation": [0, 0, 35]
				},
				"hand_right2": {
					"rotation": [0, 0, -30]
				},
				"aura_sensor_right_outer": {
					"rotation": ["math.clamp(math.sin(((query.anim_time) + (0.75/4)) * 90 * 8) * 0.5, 0, 0.5)", 0, 0]
				},
				"aura_sensor_right_inner": {
					"rotation": ["math.clamp(math.sin(((query.anim_time) + (0.75/4)) * 90 * 8) * 0.5, 0, 0.5)", 0, 0]
				},
				"aura_sensor_left_outer": {
					"rotation": ["math.clamp(math.sin(((query.anim_time) + (0.75/4)) * 90 * 8) * 0.5, 0, 0.5)", 0, 0]
				},
				"aura_sensor_left_inner": {
					"rotation": ["math.clamp(math.sin(((query.anim_time) + (0.75/4)) * 90 * 8) * 0.5, 0, 0.5)", 0, 0]
				},
				"foot_right3": {
					"rotation": {
						"0.0": [0, 0, 0],
						"0.125": [-5, 0, 0],
						"0.2083": [-12.5, 0, 0],
						"0.25": [-20.33, 0, 0],
						"0.3333": [-21, 0, 0],
						"0.5": [-21, 0, 0],
						"0.75": [0, 0, 0],
						"1.0": [0, 0, 0]
					}
				},
				"chest": {
					"rotation": [5, 0, 0]
				},
				"body": {
					"position": [0, "0 - (12/21) + math.abs(math.sin(((query.anim_time) - (1/4)) * 90 * 4+40) * (12/21))", 0]
				},
				"waist": {
					"rotation": [-2.5, 0, 0],
					"position": {
						"0.1667": [0, 0, 0],
						"0.25": [0, -0.1, 0],
						"0.375": [0, 0, 0],
						"0.6667": [0, 0, 0],
						"0.75": [0, -0.1, 0],
						"0.875": [0, 0, 0]
					}
				},
				"tail": {
					"rotation": [15, "0 - math.sin(((query.anim_time) - (0.5/4)) * 90 * 4) * 20", 0]
				},
				"tail2": {
					"rotation": [17.5, "6*(math.sin(q.anim_time*90*4-90)*1)+7*(math.sin(q.anim_time*150*0/2-150)*1)", 0]
				},
				"tail3": {
					"rotation": [0, "6*(math.sin(q.anim_time*90*4-90)*1)+7*(math.sin(q.anim_time*150*0/2-150)*1)", 0]
				},
				"torso": {
					"rotation": [2.5, "0 - math.sin(((query.anim_time) - (0.25/4)) * 90 * 4) * 0", 0]
				},
				"head": {
					"rotation": ["1.5+math.clamp(math.sin(((query.anim_time) - (0.75/4)) * 90 * 8) * 0.6, 0, 0.6)", 0, 0],
					"position": [0, 0, "0 - (0 / 10)"]
				},
				"arm_right": {
					"rotation": [0, "0 - math.sin(((query.anim_time) - (0.5/4)) * 90 * 4+90) * 20", -57.5]
				},
				"arm_right2": {
					"rotation": [0, "0- math.clamp(math.sin(((query.anim_time) - (0.75/4)) * 90 * 4+90) * 12, 0, 12)", 0]
				},
				"finger_right_front": {
					"rotation": [0, 0, -25]
				},
				"finger_right_middle": {
					"rotation": [0, 0, -20]
				},
				"finger_right_back": {
					"rotation": [0, 0, -25]
				},
				"arm_left": {
					"rotation": [0, "0 - math.sin(((query.anim_time) - (0.5/4)) * 90 * 4+90) * 20", 57.5]
				},
				"arm_left2": {
					"rotation": [0, "-0+math.clamp(math.sin(((query.anim_time) + (0.75/4)) * 90 * 4+90) * 12, 0, 12)", 0]
				},
				"finger_left_front": {
					"rotation": [0, 0, 25]
				},
				"finger_left_middle": {
					"rotation": [0, 0, 20]
				},
				"finger_left_back": {
					"rotation": [0, 0, 25]
				},
				"leg_right": {
					"rotation": [
						"-math.sin((query.anim_time) * 90 * 4+270) * 5",
						0,
						"0 - 0 + (math.clamp((math.sin(((query.anim_time - (1.75 / 4))) * 180 * 4) * 1) - math.clamp((math.sin(((query.anim_time - (1.75 / 4))) * 90 * 4) * 2), 0, 1), 0, 1)) * 0"
					],
					"position": [0, "math.clamp(math.sin(((query.anim_time) - (1/4)) * 90 * 4) * 0.1, 0, 0.1)", 0]
				},
				"leg_right2": {
					"rotation": {
						"0.0": [20, 0, 0],
						"0.0417": [19.1, 0, 0],
						"0.1667": [8, 0, 0],
						"0.3333": [-21, 0, 0],
						"0.375": [-26.05, 0, 0],
						"0.5": [-29.8, 0, 0],
						"0.625": [-30.65, 0, 0],
						"0.6667": [-29.63, 0, 0],
						"0.7083": [-25, 0, 0],
						"0.8333": [11.5, 0, 0],
						"0.9167": [17.6, 0, 0],
						"1.0": [20, 0, 0]
					}
				},
				"leg_right3": {
					"rotation": {
						"0.0": [11, 0, 0],
						"0.125": [27.05, 0, 0],
						"0.25": [42.1, 0, 0],
						"0.3333": [43.33, 0, 0],
						"0.375": [42.08, 0, 0],
						"0.5833": [11.2, 0, 0],
						"0.6667": [12.73, 0, 0],
						"0.75": [15.05, 0, 0],
						"0.7917": [5.95, 0, 0],
						"1.0": [11, 0, 0]
					}
				},
				"foot_right": {
					"rotation": {
						"0.0": [14.6, 0, 0],
						"0.1667": [15.99, 0, 0],
						"0.25": [14.39, 0, 0],
						"0.5": [-0.33, 0, 0],
						"0.5833": [-1.67, 0, 0],
						"0.625": [7.59, 0, 0],
						"0.6667": [10.29, 0, 0],
						"0.7083": [11, 0, 0],
						"0.75": [4, 0, 0],
						"0.7917": [1.75, 0, 0],
						"0.8333": [11.5, 0, 0],
						"0.875": [13, 0, 0],
						"0.9167": [14, 0, 0],
						"1.0": [14.6, 0, 0]
					}
				},
				"foot_right2": {
					"rotation": {
						"0.0": [-13.8, 0, 0],
						"0.1667": [-16.44, 0, 0],
						"0.3333": [-18.11, 0, 0],
						"0.5": [-14.79, 0, 0],
						"0.625": [-5.88, 0, 0],
						"0.6667": [-7.57, 0, 0],
						"0.7083": [0, 0, 0],
						"0.75": [-5.92, 0, 0],
						"0.7917": [-9.1, 0, 0],
						"0.8333": [-23, 0, 0],
						"0.875": [-19.3, 0, 0],
						"0.9167": [-16.6, 0, 0],
						"1.0": [-13.8, 0, 0]
					}
				},
				"leg_left": {
					"rotation": [
						"math.sin((query.anim_time) * 90 * 4+270) * 5",
						0,
						"0 - 0 + (math.clamp((math.sin(((query.anim_time - (1.75 / 4))) * 180 * 4) * 1) - math.clamp((math.sin(((query.anim_time - (1.75 / 4))) * 90 * 4) * 2), 0, 1), 0, 1)) * 0"
					],
					"position": [0, "math.clamp(math.sin(((query.anim_time) + (1/4)) * 90 * 4) * 0.1, 0, 0.1)", 0]
				},
				"leg_left2": {
					"rotation": {
						"0.0": [-29.8, 0, 0],
						"0.125": [-30.65, 0, 0],
						"0.1667": [-29.63, 0, 0],
						"0.2083": [-25, 0, 0],
						"0.3333": [11.5, 0, 0],
						"0.4167": [17.6, 0, 0],
						"0.5": [20, 0, 0],
						"0.5417": [19.1, 0, 0],
						"0.6667": [8, 0, 0],
						"0.8333": [-21, 0, 0],
						"0.875": [-26.05, 0, 0],
						"1.0": [-29.8, 0, 0]
					}
				},
				"leg_left3": {
					"rotation": {
						"0.0": [23.55, 0, 0],
						"0.0833": [11.2, 0, 0],
						"0.1667": [12.73, 0, 0],
						"0.25": [15.05, 0, 0],
						"0.2917": [5.95, 0, 0],
						"0.5": [11, 0, 0],
						"0.625": [27.05, 0, 0],
						"0.75": [42.1, 0, 0],
						"0.8333": [43.33, 0, 0],
						"0.875": [42.08, 0, 0],
						"1.0": [23.55, 0, 0]
					}
				},
				"foot_left": {
					"rotation": {
						"0.0": [-0.33, 0, 0],
						"0.0833": [-1.67, 0, 0],
						"0.125": [7.59, 0, 0],
						"0.1667": [10.29, 0, 0],
						"0.2083": [11, 0, 0],
						"0.25": [4, 0, 0],
						"0.2917": [1.75, 0, 0],
						"0.3333": [11.5, 0, 0],
						"0.375": [13, 0, 0],
						"0.4167": [14, 0, 0],
						"0.5": [14.6, 0, 0],
						"0.6667": [15.99, 0, 0],
						"0.75": [14.39, 0, 0],
						"1.0": [-0.33, 0, 0]
					}
				},
				"foot_left2": {
					"rotation": {
						"0.0": [-14.79, 0, 0],
						"0.125": [-5.88, 0, 0],
						"0.1667": [-7.57, 0, 0],
						"0.2083": [0, 0, 0],
						"0.25": [-5.92, 0, 0],
						"0.2917": [-9.1, 0, 0],
						"0.3333": [-23, 0, 0],
						"0.375": [-19.3, 0, 0],
						"0.4167": [-16.6, 0, 0],
						"0.5": [-13.8, 0, 0],
						"0.6667": [-16.44, 0, 0],
						"0.8333": [-18.11, 0, 0],
						"1.0": [-14.79, 0, 0]
					}
				}
			}
		},
		"animation.riolu.water_idle": {
			"loop": true,
			"bones": {
				"chest": {
					"rotation": [2.5, 0, 0]
				},
				"aura_sensor_right_outer": {
					"rotation": ["5+1*(math.sin(q.anim_time*90*2+90)*1+1)", 0, 0]
				},
				"aura_sensor_right_inner": {
					"rotation": ["12.5+2*(math.sin(q.anim_time*90*2+90)*1+1)", 0, 0]
				},
				"aura_sensor_left_outer": {
					"rotation": ["5+1*(math.sin(q.anim_time*90*2+90)*1+1)", 0, 0]
				},
				"aura_sensor_left_inner": {
					"rotation": ["12.5+2*(math.sin(q.anim_time*90*2+90)*1+1)", 0, 0]
				},
				"body": {
					"rotation": ["-math.clamp(math.sin(q.anim_time*90*2+80)*0.5,0,0.5)-math.clamp(math.sin(q.anim_time*90*2+80)*0.5,-0.5,0)", 0, 0],
					"position": [0, "-math.clamp(math.sin(q.anim_time*90*2-45)*0.25,0,0.25)-math.clamp(math.sin(q.anim_time*90*2-45)*0.25,-0.25,0)-0.5", 0]
				},
				"waist": {
					"rotation": [2.5, 0, 0]
				},
				"tail": {
					"rotation": [12.5, "3*(math.sin(q.anim_time*90*1)*1)+4*(math.sin(q.anim_time*90*2/2)*1)", 0]
				},
				"tail2": {
					"rotation": [17.5, "4*(math.sin(q.anim_time*90*1)*1)+4*(math.sin(q.anim_time*90*2/2)*1)", 0]
				},
				"tail3": {
					"rotation": [0, "4*(math.sin(q.anim_time*90*1)*1)+4*(math.sin(q.anim_time*90*2/2)*1)", 0]
				},
				"torso": {
					"rotation": [-5, 0, 0]
				},
				"head": {
					"rotation": ["2.5-1.5*(math.sin(q.anim_time*90*2+45+180)*1)", 0, 0]
				},
				"aura_sensor_right": {
					"rotation": [0, 0, "15+1.5*(math.sin(q.anim_time*90*2+90)*1+1)"]
				},
				"aura_sensor_right2": {
					"rotation": [0, 0, 5]
				},
				"aura_sensor_left": {
					"rotation": [0, 0, "-15-1.5*(math.sin(q.anim_time*90*2+90)*1+1)"]
				},
				"aura_sensor_left2": {
					"rotation": [0, 0, -5]
				},
				"arm_right": {
					"rotation": [
						"35+2*(math.sin(q.anim_time*90*2+45+180)*2-2)",
						"math.sin(query.anim_time*90*2+45+180)*10",
						"-12.5+2*(math.sin(q.anim_time*90*2+45+180)*1)"
					]
				},
				"arm_right2": {
					"rotation": [0, -45, 0]
				},
				"finger_right_front": {
					"rotation": [0, 0, -15]
				},
				"finger_right_middle": {
					"rotation": [0, 0, -10]
				},
				"finger_right_back": {
					"rotation": [0, 0, -15]
				},
				"arm_left": {
					"rotation": [
						"35+2*(math.sin(q.anim_time*90*2+45+180)*2-2)",
						"-math.sin(query.anim_time*90*2+45+180)*10",
						"12.5-2*(math.sin(q.anim_time*90*2+45+180)*1)"
					]
				},
				"arm_left2": {
					"rotation": [0, 45, 0]
				},
				"finger_left_front": {
					"rotation": [0, 0, 15]
				},
				"finger_left_middle": {
					"rotation": [0, 0, 10]
				},
				"finger_left_back": {
					"rotation": [0, 0, 15]
				},
				"leg_right": {
					"rotation": ["1.6*(math.sin(q.anim_time*90*4+90)*1+1)", 0, 0]
				},
				"leg_right2": {
					"rotation": ["5+8*(math.sin(q.anim_time*90*4+90)*1+1)", 0, 0]
				},
				"foot_right": {
					"rotation": [17.5, 0, 0]
				},
				"leg_left": {
					"rotation": ["1.6*(math.sin(q.anim_time*90*4-90)*1+1)", 0, 0]
				},
				"leg_left2": {
					"rotation": ["5+8*(math.sin(q.anim_time*90*4-90)*1+1)", 0, 0]
				},
				"foot_left": {
					"rotation": [17.5, 0, 0]
				}
			}
		},
		"animation.riolu.water_swim": {
			"loop": true,
			"bones": {
				"chest": {
					"rotation": [-5, 0, 0]
				},
				"aura_sensor_right_outer": {
					"rotation": ["20+3.5*(math.sin(q.anim_time*90*4+90)*1+1)", 0, 0]
				},
				"aura_sensor_right_inner": {
					"rotation": ["30+4*(math.sin(q.anim_time*90*4+90)*1+1)", 0, 0]
				},
				"aura_sensor_left_outer": {
					"rotation": ["20+3.5*(math.sin(q.anim_time*90*4+90)*1+1)", 0, 0]
				},
				"aura_sensor_left_inner": {
					"rotation": ["30+4*(math.sin(q.anim_time*90*4+90)*1+1)", 0, 0]
				},
				"body": {
					"rotation": ["37.5-math.clamp(math.sin(q.anim_time*90*4*2+80)*2,0,2)-math.clamp(math.sin(q.anim_time*90*4*2+80)*2,-2,0)", 0, 0],
					"position": [
						0,
						"-math.clamp(math.sin(q.anim_time*90*4*2-45)*0.25,0,5)-math.clamp(math.sin(q.anim_time*90*4*2-45)*0.5,-3,0)-0.5",
						"-math.clamp(math.sin(q.anim_time*90*4*2+90)*0.5,0,5)-math.clamp(math.sin(q.anim_time*90*4*2+90)*1,-3,0)-0.5"
					]
				},
				"waist": {
					"rotation": [-5, 0, 0]
				},
				"tail": {
					"rotation": [-5, "7*(math.sin(q.anim_time*90*4)*1)+4*(math.sin(q.anim_time*90*4)*1)", 0]
				},
				"tail2": {
					"rotation": [17.5, "7*(math.sin(q.anim_time*90*4)*1)+4*(math.sin(q.anim_time*90*4)*1)", 0]
				},
				"tail3": {
					"rotation": [0, "7*(math.sin(q.anim_time*90*4)*1)+4*(math.sin(q.anim_time*90*4)*1)", 0]
				},
				"head": {
					"rotation": ["-25-2*(math.sin(q.anim_time*90*8+45+180)*1)", 0, 0]
				},
				"aura_sensor_right": {
					"rotation": [0, "20+5*(math.sin(q.anim_time*90*4+90)*1+1)", 22.5]
				},
				"aura_sensor_right2": {
					"rotation": [0, "10+2*(math.sin(q.anim_time*90*4+90)*1+1)", 10]
				},
				"aura_sensor_left": {
					"rotation": [0, "-20-5*(math.sin(q.anim_time*90*4+90)*1+1)", -22.5]
				},
				"aura_sensor_left2": {
					"rotation": [0, "-10-2*(math.sin(q.anim_time*90*4+90)*1+1)", -10]
				},
				"arm_right": {
					"rotation": [45, "-70+45*(math.sin(q.anim_time*90*4)*1.2+1)", "0+5*(math.sin(q.anim_time*90*4)*1+1)"]
				},
				"arm_right2": {
					"rotation": [0, "-45+20*(math.sin(q.anim_time*90*4-140)*1+1)", 0]
				},
				"hand_right": {
					"rotation": [5, 0, 0]
				},
				"arm_left": {
					"rotation": [45, "70-45*(math.sin(q.anim_time*90*4+180)*1.2+1)", "0-5*(math.sin(q.anim_time*90*4)*1+1)"]
				},
				"arm_left2": {
					"rotation": [0, "45-20*(math.sin(q.anim_time*90*4+40)*1+1)", 0]
				},
				"hand_left": {
					"rotation": [5, 0, 0]
				},
				"leg_right": {
					"rotation": ["-2.5+1.1*(math.sin(q.anim_time*90*4+90)*1+1)", 0, 0]
				},
				"leg_right2": {
					"rotation": ["4+16*(math.sin(q.anim_time*90*4+90)*1+1)", 0, 0]
				},
				"foot_right": {
					"rotation": ["20-math.clamp(math.sin(q.anim_time*90*4*2+140)*6,0,200)-math.clamp(math.sin(q.anim_time*90*4*2+140)*10,-200,0)", 0, 0]
				},
				"leg_left": {
					"rotation": ["-2.5+1.1*(math.sin(q.anim_time*90*4-90)*1+1)", 0, 0]
				},
				"leg_left2": {
					"rotation": ["4+16*(math.sin(q.anim_time*90*4-90)*1+1)", 0, 0]
				},
				"foot_left": {
					"rotation": ["20-math.clamp(math.sin(q.anim_time*90*4*2+140)*6,0,200)-math.clamp(math.sin(q.anim_time*90*4*2+140)*10,-200,0)", 0, 0]
				}
			}
		},
		"animation.riolu.battle_idle": {
			"loop": true,
			"bones": {
				"body": {
					"rotation": [0, 25, 0]
				},
				"torso": {
					"rotation": ["-1-0.6*(math.sin(q.anim_time*90*2-90)*1+1)", -7.5, 0],
					"position": [-0.1, "0+0.02*(math.sin(q.anim_time*90*2-90)*1+1)", 0]
				},
				"head": {
					"rotation": ["1+0.5*(math.sin(q.anim_time*90*2)*1+1)", -17.5, -1],
					"position": [0, "0+0.02*(math.sin(q.anim_time*90*2-90)*1+1)", 0]
				},
				"aura_sensor_right": {
					"rotation": [0, 0, "1+2*(math.sin(q.anim_time*90*2-40)*1+1)"]
				},
				"aura_sensor_right2": {
					"rotation": [0, 0, 2]
				},
				"aura_sensor_left": {
					"rotation": [0, 0, "-2-2*(math.sin(q.anim_time*90*2-40)*1+1)"]
				},
				"aura_sensor_left2": {
					"rotation": [0, 0, -2]
				},
				"arm_right": {
					"rotation": [0, 35, "-30-1.5*(math.sin(q.anim_time*90*2)*1+1)"]
				},
				"arm_right2": {
					"rotation": [0, "-58+1*(math.sin(q.anim_time*90*2)*1+1)", 0],
					"position": [0, 0, 0]
				},
				"hand_right": {
					"rotation": [0, 0, -7.5]
				},
				"finger_right_front": {
					"rotation": [0, 0, -40]
				},
				"finger_right_middle": {
					"rotation": [0, 0, -30]
				},
				"finger_right_back": {
					"rotation": [0, 0, -40]
				},
				"arm_left": {
					"rotation": [0, -22.5, "30+1.5*(math.sin(q.anim_time*90*2)*1+1)"]
				},
				"arm_left2": {
					"rotation": [0, "72+1*(math.sin(q.anim_time*90*2)*1+1)", 0]
				},
				"hand_left": {
					"rotation": [0, 0, 7.5]
				},
				"finger_left_front": {
					"rotation": [0, 0, 40]
				},
				"finger_left_middle": {
					"rotation": [0, 0, 30]
				},
				"finger_left_back": {
					"rotation": [0, 0, 40]
				},
				"leg_right": {
					"rotation": [4.5, 7.5, 12.5],
					"position": [0, "0.04*(math.sin(q.anim_time*90*2-90)*1+1)", 0]
				},
				"leg_right2": {
					"rotation": [20, 0, 0],
					"position": [0, -0.2, 0]
				},
				"leg_right3": {
					"rotation": [-5, 0, 0]
				},
				"leg_right4": {
					"rotation": [-2.5, 0, 0]
				},
				"foot_right": {
					"rotation": [25, 0, -12.5],
					"position": [0, "-0.04*(math.sin(q.anim_time*90*2-90)*1+1)", 0]
				},
				"foot_right2": {
					"rotation": [-40, 0, 0]
				},
				"leg_left": {
					"rotation": [-1, -20, -7.5],
					"position": [0, "0.04*(math.sin(q.anim_time*90*2-90)*1+1)", 0]
				},
				"leg_left2": {
					"rotation": [-12.5, 0, -2.5],
					"position": [0, 0.2, 0]
				},
				"leg_left3": {
					"rotation": [10, 0, 0]
				},
				"leg_left4": {
					"rotation": [-5, 0, 0]
				},
				"foot_left": {
					"rotation": [32.5, -5, 9],
					"position": [0, "-0.04*(math.sin(q.anim_time*90*2-90)*1+1)", 0]
				},
				"foot_left2": {
					"rotation": [-22, 0, 0]
				},
				"waist": {
					"position": [0, "0+0.04*(math.sin(q.anim_time*90*2-90)*1+1)", 0]
				},
				"tail": {
					"rotation": [10, "6*(math.sin(q.anim_time*90*2.5)*1)+5*(math.sin(q.anim_time*90*2/2.5)*1)", 0]
				},
				"tail2": {
					"rotation": [15, "6*(math.sin(q.anim_time*90*2)*1)+6*(math.sin(q.anim_time*90*2/2)*1)", 0]
				},
				"tail3": {
					"rotation": [0, "4*(math.sin(q.anim_time*90*2)*1)+4*(math.sin(q.anim_time*90*2/2)*1)", 0]
				}
			}
		},
		"animation.riolu.sleep": {
			"loop": true,
			"bones": {
				"body": {
					"position": [0, -9.5, 0]
				},
				"waist": {
					"position": [0, -0.3, 0]
				},
				"tail": {
					"rotation": [17.5, "45+2*(math.sin(q.anim_time*90*0.5)*1)+2*(math.sin(q.anim_time*90*0.5)*1)", 0]
				},
				"tail2": {
					"rotation": [15, "25+2*(math.sin(q.anim_time*90*0.5+40)*1)+2*(math.sin(q.anim_time*90*0.5+40)*1)", 0]
				},
				"tail3": {
					"rotation": [0, "12.5+1*(math.sin(q.anim_time*90*0.5)*1)+1*(math.sin(q.anim_time*90*0.5)*1)", 0]
				},
				"torso": {
					"rotation": ["20+(math.sin(q.anim_time*90*1+45)*1+1)", 0, 0]
				},
				"head": {
					"rotation": ["15+(math.sin(q.anim_time*90*1+90)*2)", 0, 0]
				},
				"pupil_right": {
					"position": [0, 0, 0.005]
				},
				"eyelid_right": {
					"position": [-0.1, 0, -0.1]
				},
				"pupil_left": {
					"position": [0, 0, 0.005]
				},
				"eyelid_left": {
					"position": [0.1, 0, -0.1]
				},
				"aura_sensor_right": {
					"rotation": [2.5, "-25+(math.sin(q.anim_time*90*1+90)*2)", 0]
				},
				"aura_sensor_right2": {
					"rotation": [0, 0, -10]
				},
				"aura_sensor_left": {
					"rotation": [-2.5, "25-(math.sin(q.anim_time*90*1+90)*2)", 0]
				},
				"aura_sensor_left2": {
					"rotation": [0, 0, 10]
				},
				"arm_right": {
					"rotation": ["-35+(math.sin(q.anim_time*90*1+45)*0.5) ", 0, "-52.5+3(math.sin(q.anim_time*90*1+45)*0.5) "],
					"position": [0, -0.5, 0]
				},
				"hand_right": {
					"rotation": [0, 0, "0-(math.sin(q.anim_time*90*1+45)*0.5) "]
				},
				"finger_right_front": {
					"rotation": [0, 0, 25],
					"position": [0.5, 0, 0]
				},
				"finger_right_middle": {
					"rotation": [0, 0, 35],
					"position": [0.5, 0, 0]
				},
				"finger_right_back": {
					"rotation": [0, 0, 30],
					"position": [0.5, 0, 0]
				},
				"arm_left": {
					"rotation": ["-35-(math.sin(q.anim_time*90*1+45)*0.5) ", 0, "52.5-3(math.sin(q.anim_time*90*1+45)*0.5) "],
					"position": [0, -0.5, 0]
				},
				"hand_left": {
					"rotation": [0, 0, "0+(math.sin(q.anim_time*90*1+45)*0.5) "]
				},
				"finger_left_front": {
					"rotation": [0, 0, -30],
					"position": [-0.5, 0, 0]
				},
				"finger_left_middle": {
					"rotation": [0, 0, -35],
					"position": [-0.5, 0, 0]
				},
				"finger_left_back": {
					"rotation": [0, 0, -30],
					"position": [-0.5, 0, 0]
				},
				"leg_right": {
					"rotation": [-90, 15, 0],
					"position": [0, -0.5, -0.5]
				},
				"leg_right2": {
					"rotation": [7.5, 0, 0],
					"position": [0, 0, -0.5]
				},
				"leg_right4": {
					"rotation": [-7.5, 0, 0]
				},
				"foot_right": {
					"rotation": [35, 0, 0]
				},
				"leg_left": {
					"rotation": [-90, -15, 0],
					"position": [0, -0.5, -0.5]
				},
				"leg_left2": {
					"rotation": [7.5, 0, 0],
					"position": [0, 0, -0.5]
				},
				"leg_left4": {
					"rotation": [-7.5, 0, 0]
				},
				"foot_left": {
					"rotation": [35, 0, 0]
				}
			}
		},
		"animation.riolu.blink": {
			"animation_length": 0.16667,
			"bones": {
				"pupil_right": {
					"position": {
						"0.0": [0, 0, 0.005],
						"0.125": {
							"pre": [0, 0, 0.005],
							"post": [0, 0, 0.005]
						},
						"0.1667": {
							"pre": [0, 0, 0.005],
							"post": [0, 0, 0]
						}
					}
				},
				"eyelid_right": {
					"position": {
						"0.0": [-0.1, 0, -0.1],
						"0.125": {
							"pre": [-0.1, 0, -0.1],
							"post": [-0.1, 0, -0.1]
						},
						"0.1667": {
							"pre": [-0.1, 0, -0.1],
							"post": [0, 0, 0]
						}
					}
				},
				"pupil_left": {
					"position": {
						"0.0": [0, 0, 0.005],
						"0.125": {
							"pre": [0, 0, 0.005],
							"post": [0, 0, 0.005]
						},
						"0.1667": {
							"pre": [0, 0, 0.005],
							"post": [0, 0, 0]
						}
					}
				},
				"eyelid_left": {
					"position": {
						"0.0": [0.1, 0, -0.1],
						"0.125": {
							"pre": [0.1, 0, -0.1],
							"post": [0.1, 0, -0.1]
						},
						"0.1667": {
							"pre": [0.1, 0, -0.1],
							"post": [0, 0, 0]
						}
					}
				}
			}
		},
		"animation.riolu.happy": {
			"loop": true,
			"bones": {
				"jaw": {
					"position": [0, 1, 0]
				},
				"mouth_open": {
					"position": [0, -1, -0.5]
				},
				"eye_right_emote": {
					"position": [0, 0.1, 0]
				},
				"eye_left_emote": {
					"position": [0, 0.1, 0]
				},
				"snout": {
					"rotation": [-5, 0, 0]
				}
			}
		},
		"animation.riolu.angry": {
			"loop": true,
			"bones": {
				"eye_right_emote": {
					"position": [0, -0.3, 0]
				},
				"eye_left_emote": {
					"position": [0, -0.3, 0]
				},
				"jaw": {
					"position": [0, 1, 0]
				},
				"snout": {
					"rotation": [-5, 0, 0]
				},
				"mouth_open2": {
					"position": [0, -1.1, -0.5]
				}
			}
		},
		"animation.riolu.sad": {
			"loop": true,
			"bones": {
				"eye_right_emote2": {
					"position": [-0.1, 0, -0.1]
				},
				"eye_left_emote2": {
					"position": [0.1, 0, -0.1]
				},
				"eye_right_emote": {
					"position": [0, 0, 0.1]
				},
				"eye_left_emote": {
					"position": [0, 0, 0.1]
				},
				"snout": {
					"rotation": [-5, 0, 0]
				},
				"jaw": {
					"position": [0, 1, 0]
				},
				"mouth_open2": {
					"position": [0, -1.2, -0.5]
				}
			}
		},
		"animation.riolu.hurt": {
			"loop": true,
			"bones": {
				"eye_right": {
					"position": [0.1, 0, 0.1]
				},
				"eye_right_emote": {
					"position": [0, 0, 0]
				},
				"pupil_right": {
					"position": [0, 0, 0.1]
				},
				"eyelid_right": {
					"position": [-0.1, 0, -0.1]
				},
				"eye_left_emote": {
					"position": [0, -0.4, 0]
				},
				"jaw": {
					"position": [0, 1, 0]
				},
				"teeth_clench": {
					"position": [0, -1.2, -0.5]
				},
				"snout": {
					"rotation": [-5, 0, 0]
				}
			}
		},
		"animation.riolu.silly_smile": {
			"loop": true,
			"bones": {
				"pupil_right": {
					"position": [0, 0, 0.1]
				},
				"eyelid_right_happy": {
					"position": [-0.1, 0, -0.1]
				},
				"pupil_left": {
					"position": [0, 0, 0.1]
				},
				"eyelid_left_happy": {
					"position": [0.1, 0, -0.1]
				},
				"snout": {
					"rotation": [-7.5, 0, 0]
				},
				"jaw": {
					"position": [0, 1, 0]
				},
				"teeth_clench": {
					"position": [0, -0.7, -0.5]
				}
			}
		},
		"animation.riolu.faint": {
			"loop": true,
			"animation_length": 3,
			"bones": {
				"body": {
					"position": {
						"0.0": [0, 0, 0],
						"0.5": [0, 0, 0],
						"0.5833": [0, -0.78, 0.8],
						"0.8333": [0, -9.4, 4],
						"0.9167": [0, -9.9, 4],
						"1.0417": [0, -9.4, 4],
						"1.125": [0, -9.6, 4]
					}
				},
				"waist": {
					"rotation": {
						"0.0": [-7.5, 0, 0],
						"0.2917": [-12.5, 0, 0],
						"0.4167": [-1.06, 0, 0],
						"0.5": [2.96, 0, 0],
						"0.5833": [-1.3, 0, 0],
						"0.625": [-10.05, 0, 0],
						"0.9167": [-25, 0, 0],
						"1.4167": [-31.29, 0, 0],
						"1.5417": [-32.5, 0, 0],
						"1.6667": [-40.38, 0, 0],
						"1.75": [-57.13, 0, 0],
						"1.875": [-95.4, 0, 0],
						"1.9583": [-100.3, 0, 0],
						"2.0833": [-83.6, 0, 0],
						"2.1667": [-91.5, 0, 0],
						"2.25": [-88.5, 0, 0]
					},
					"position": {
						"0.0": [0, 0, 0],
						"0.25": [0, 0, 0.2],
						"0.375": [0, 0, 0.33],
						"0.5": [0, 0, 0.42],
						"0.5833": [0, 0, 0.4],
						"0.7083": [0, 0, 0.06],
						"0.7917": [0, 0, 0],
						"1.5": [0, 0, 0],
						"1.6667": [0, 0, 0.1],
						"2.125": [0, 0.1, 1],
						"2.25": [0, 0, 1.2]
					}
				},
				"tail": {
					"rotation": {
						"0.0": [0, 22.5, 0],
						"0.0833": [0, 5.36, 0],
						"0.25": [0, -3.43, 0],
						"0.3333": [2, -6.3, 0],
						"0.6667": [17.5, -9.1, 0],
						"0.7917": [30, -7.1, 0],
						"0.9583": [42.5, -5, 0],
						"1.4167": [42.5, -5, 0],
						"1.7083": [15.45, -60.68, 27.5],
						"1.7917": [7.72, -84.09, 13.75],
						"1.875": [0, -92.5, 0],
						"2.3333": [0, -95, 0]
					}
				},
				"tail2": {
					"rotation": {
						"0.0": [0, 30, 0],
						"0.0417": [0, 10.36, 0],
						"0.125": [0, -5.71, 0],
						"0.25": [0, -13.71, 0],
						"0.2917": [0.3, -14.65, 0],
						"0.3333": [1.1, -15, 0],
						"0.6667": [15, -15, 0],
						"0.7917": [22.5, -15, 0],
						"0.9583": [27.5, -15, 0],
						"1.4167": [27.5, -15, 0],
						"1.75": [9.32, 0.27, 15.38],
						"1.7917": [7.05, 2.18, 13.86],
						"1.8333": [4.78, 1.59, 3.18],
						"1.875": [2.5, 6, -7.5],
						"2.0833": [2.5, 4.86, 3.41],
						"2.3333": [2.5, 3.5, 0]
					},
					"position": {
						"1.5": [0, 0, 0],
						"1.5833": [0, 1.17, 0],
						"1.625": [0, 1.2, 0],
						"1.6667": [-0.2, 0.8, 0],
						"1.7083": [-0.6, 0.7, 0],
						"1.75": [-1.4, 0.1, 0],
						"1.7917": [-1.2, 0.2, 0],
						"1.8333": [-0.9, 0.13, 0],
						"1.9167": [-0.2, 0, 0],
						"2.0833": [-0.5, 0, 0],
						"2.2083": [0, 0, 0]
					}
				},
				"torso": {
					"rotation": {
						"0.0": [20, 0, 0],
						"0.2083": [15.43, 0, 0],
						"0.2917": [15, 0, 0],
						"0.4167": [15.4, 0, 0],
						"0.5": [17.9, 0, 0],
						"0.5833": [22.3, 0, 0],
						"0.8333": [37.48, 0, 0],
						"0.9167": [40, 0, 0],
						"1.0417": [38.61, 0, 0],
						"1.1667": [35.73, 0, 0],
						"1.4167": [21.51, 0, 0],
						"1.5": [18.5, 0, 0],
						"1.8333": [15.59, 0, 0],
						"1.9583": [9.61, 0, 0],
						"2.0417": [10.56, 0, 0],
						"2.25": [0, 0, 0]
					},
					"position": {
						"1.5": [0, 0, 0],
						"2.25": [0, 0, 0]
					}
				},
				"head": {
					"rotation": {
						"0.0": [15, 0, 0],
						"0.0417": [15, -2.07, 0],
						"0.2083": [15, -24.1, 0],
						"0.3333": [15, -28.7, 0],
						"0.4583": [15, -24, 0],
						"0.6667": [-0.4, -13.41, 0],
						"0.75": [-4, -8.95, 0],
						"0.8333": [-1.2, -5, 0],
						"0.9583": [29, -2.2, 0],
						"1.0417": [33, -1, 0],
						"1.1667": [30, -0.8, 0],
						"1.2917": [21, -8.02, 0],
						"1.375": [15, -10.5, 0],
						"1.4167": [14.24, -8.35, 0],
						"1.5833": [13.03, 7.65, 0],
						"1.625": [12.73, 9.15, 0],
						"1.6667": [13.11, 7.64, 0],
						"1.8333": [14.62, -4.11, 0],
						"1.875": [15, -5.3, 0],
						"2.0": [9.17, -3.53, 0],
						"2.0417": [-1.67, -2.94, 0],
						"2.0833": [-6.92, -2.35, 0],
						"2.125": [4.81, -1.76, 0],
						"2.1667": [10.54, -1.18, 0],
						"2.25": [2.5, 0, 0],
						"2.375": [6, 0, 0],
						"2.5": [5.2, 0, 0]
					},
					"position": {
						"1.5": [0, 0, 0],
						"2.25": [0, 0, -0.8]
					}
				},
				"eye_right_emote": {
					"position": {
						"0.2083": [0, 0, 0],
						"0.25": [0, 0, 0.1],
						"0.8333": [0, 0, 0.1],
						"0.875": [0, 0, 0]
					}
				},
				"eye_right_emote2": {
					"position": {
						"0.2083": [0, 0, 0],
						"0.25": {
							"pre": [0, 0, 0],
							"post": [0, 0, -0.1]
						},
						"0.8333": {
							"pre": [0, 0, -0.1],
							"post": [0, 0, -0.1]
						},
						"0.875": {
							"pre": [0, 0, -0.1],
							"post": [0, 0, 0]
						}
					}
				},
				"pupil_right": {
					"position": {
						"0.0": [0, 0, 0.1],
						"0.1667": {
							"pre": [0, 0, 0.1],
							"post": [0, 0, 0.1]
						},
						"0.2083": {
							"pre": [0, 0, 0.1],
							"post": [0, 0, 0]
						},
						"0.875": {
							"pre": [0, 0, 0],
							"post": [0, 0, 0]
						},
						"0.9167": {
							"pre": [0, 0, 0],
							"post": [0, 0, 0.1]
						}
					}
				},
				"eyelid_right": {
					"position": {
						"0.0": [-0.1, 0, -0.1],
						"0.2083": {
							"pre": [-0.1, 0, -0.1],
							"post": [-0.1, 0, -0.1]
						},
						"0.25": {
							"pre": [-0.1, 0, -0.1],
							"post": [0, 0, 0]
						},
						"0.8333": {
							"pre": [0, 0, 0],
							"post": [0, 0, 0]
						},
						"0.875": {
							"pre": [0, 0, 0],
							"post": [-0.1, 0, -0.1]
						}
					}
				},
				"eye_left_emote": {
					"position": {
						"0.2083": [0, 0, 0],
						"0.25": [0, 0, 0.1],
						"0.8333": [0, 0, 0.1],
						"0.875": [0, 0, 0]
					}
				},
				"eye_left_emote2": {
					"position": {
						"0.2083": [0, 0, 0],
						"0.25": {
							"pre": [0, 0, 0],
							"post": [0, 0, -0.1]
						},
						"0.8333": {
							"pre": [0, 0, -0.1],
							"post": [0, 0, -0.1]
						},
						"0.875": {
							"pre": [0, 0, -0.1],
							"post": [0, 0, 0]
						}
					}
				},
				"pupil_left": {
					"position": {
						"0.0": [0, 0, 0.1],
						"0.1667": {
							"pre": [0, 0, 0.1],
							"post": [0, 0, 0.1]
						},
						"0.2083": {
							"pre": [0, 0, 0.1],
							"post": [0, 0, 0]
						},
						"0.875": {
							"pre": [0, 0, 0],
							"post": [0, 0, 0]
						},
						"0.9167": {
							"pre": [0, 0, 0],
							"post": [0, 0, 0.1]
						}
					}
				},
				"eyelid_left": {
					"position": {
						"0.0": [0.1, 0, -0.1],
						"0.2083": {
							"pre": [0.1, 0, -0.1],
							"post": [0.1, 0, -0.1]
						},
						"0.25": {
							"pre": [0.1, 0, -0.1],
							"post": [0, 0, 0]
						},
						"0.8333": {
							"pre": [0, 0, 0],
							"post": [0, 0, 0]
						},
						"0.875": {
							"pre": [0, 0, 0],
							"post": [0.1, 0, -0.1]
						}
					}
				},
				"jaw": {
					"position": [0, 1, 0]
				},
				"teeth_clench": {
					"position": {
						"0.8333": [0, 0, 0],
						"0.875": {
							"pre": [0, 0, 0],
							"post": [0, -1.2, -0.5]
						},
						"1.9583": {
							"pre": [0, -1.2, -0.5],
							"post": [0, -1.2, -0.5]
						},
						"2.0": {
							"pre": [0, -1.2, -0.5],
							"post": [0, 0, 0]
						}
					}
				},
				"aura_sensor_right": {
					"rotation": {
						"0.8333": [0, 0, 0],
						"0.9167": [0, 0, -3.4],
						"1.0": [0, -12.5, -15.77],
						"1.0833": [0, -6.25, -14.43],
						"1.25": [0, 1.6, -17.3],
						"1.3333": [0, 5.5, -20],
						"1.375": [0, 7.5, -18.12],
						"1.5": [0, 2.6, -12.5],
						"1.625": [0, -4.6, -9.5],
						"1.7083": [0, -1.8, -7.5],
						"1.8333": [0, 5.77, -15],
						"1.9583": [0, 11.87, -1.57],
						"2.125": [0, 20, 28],
						"2.25": [0, 25, 35]
					}
				},
				"aura_sensor_right2": {
					"rotation": {
						"0.9167": [0, 0, 0],
						"1.0": [0, 0, -1.11],
						"1.2083": [0, 0, -8.8],
						"1.2917": [0, 0, -12.73],
						"1.4167": [0, 0, -13.66],
						"1.625": [0, 0, -10.35],
						"1.7083": [0, 0, -10],
						"1.875": [0, -7.69, -15.33],
						"1.9583": [0, -11.54, -16.35],
						"2.0417": [0, -15.39, -14.81],
						"2.1667": [0, -21.16, -7.02],
						"2.25": [0, -25, -5]
					}
				},
				"aura_sensor_left": {
					"rotation": {
						"0.8333": [0, 0, 0],
						"0.9167": [0, 0, 3.4],
						"1.0": [0, 12.5, 15.77],
						"1.0833": [0, 6.25, 14.43],
						"1.25": [0, 2.5, 17.3],
						"1.3333": [0, 7.5, 20],
						"1.5": [0, -2.5, 12.5],
						"1.625": [0, -10, 9.5],
						"1.7083": [0, -5, 7.5],
						"1.7917": [0, -5.51, 13.3],
						"1.8333": [0, -5.77, 15],
						"1.9583": [0, -11.87, 1.57],
						"2.125": [0, -20, -28],
						"2.25": [0, -25, -35]
					}
				},
				"aura_sensor_left2": {
					"rotation": {
						"0.9167": [0, 0, 0],
						"1.25": [0, 0, 5],
						"1.375": [0, 2.5, 5.68],
						"1.5417": [0, 1.25, 11.59],
						"1.6667": [0, 0.31, 14.32],
						"1.9583": [0, 11.54, 16.35],
						"2.0417": [0, 15.39, 14.61],
						"2.1667": [0, 21.16, 7.34],
						"2.25": [0, 25, 5]
					}
				},
				"arm_right": {
					"rotation": {
						"0.0": [0, 40, -30],
						"0.2083": [0, 51.24, -25.9],
						"0.2917": [0, 53, -26.5],
						"0.5": [0, 48, -28.6],
						"0.6667": [-21.67, 48.8, -21.16],
						"0.7083": [-23.34, 49, -19.3],
						"0.75": [-25, 49.2, -21.44],
						"0.9167": [0, 50, -30],
						"1.0": [1.87, 52.5, -33.12],
						"1.0417": [-4.32, 62.5, -36.25],
						"1.125": [-38.41, 80, -39.38],
						"1.25": [-72.5, 60, -42.5],
						"1.9167": [-94.17, 15.67, -39.17],
						"2.0417": [-98.23, 19.29, -38.54],
						"2.1667": [-102.29, 3.02, -37.92],
						"2.25": [-105, 13, -37.5],
						"2.3333": [-105, 11.1, -37.5]
					}
				},
				"arm_right2": {
					"rotation": {
						"0.0": [0, -70, 0],
						"0.375": [0, -96, 0],
						"0.5": [0, -101, 0],
						"0.625": [0, -96.1, 0],
						"0.8333": [0, -72.43, 0],
						"0.9167": [0, -70, 0],
						"1.0833": [-25.83, -60, -5],
						"1.1667": [-38.75, -77.5, -7.5],
						"1.25": [-35, -80, -10],
						"2.25": [0, -30, 0]
					}
				},
				"hand_right": {
					"rotation": {
						"0.0": [0, 0, -5],
						"0.5": [0, 0, -5],
						"0.9167": [0, 0, -5],
						"1.125": [0, 0, 23.39],
						"1.2083": [0, 0, 21.3],
						"1.2917": [0, 0, -15]
					},
					"position": {
						"0.9583": [0, 0, 0],
						"1.25": [0.2, 0, 0],
						"1.375": [0, 0, 0]
					}
				},
				"finger_right_front": {
					"rotation": {
						"0.0": [0, 0, -10],
						"0.5": [0, 0, -10],
						"0.9167": [0, 0, -10],
						"1.25": [0, 0, -65],
						"2.25": [0, 0, -15]
					}
				},
				"finger_right_middle": {
					"rotation": {
						"0.0": [0, 0, -5],
						"0.5": [0, 0, -5],
						"0.9167": [0, 0, -5],
						"1.25": [0, 0, -60],
						"2.25": [0, 0, -10]
					}
				},
				"finger_right_back": {
					"rotation": {
						"0.0": [0, 0, -10],
						"0.5": [0, 0, -10],
						"0.9167": [0, 0, -10],
						"1.25": [0, 0, -65],
						"2.25": [0, 0, -15]
					}
				},
				"arm_left": {
					"rotation": {
						"0.0": [0, -40, 30],
						"0.2083": [0, -18.99, 30],
						"0.3333": [0, -15.5, 30],
						"0.4583": [0, -19.19, 30],
						"0.5833": [-12.52, -27.6, 22.6],
						"0.6667": [-20.86, -33.2, 21],
						"0.75": [-25, -38.8, 24],
						"0.9167": [0, -50, 30],
						"1.0": [1.87, -52.5, 33.12],
						"1.0417": [-4.32, -62.5, 36.25],
						"1.125": [-38.41, -80, 39.38],
						"1.25": [-72.5, -60, 42.5],
						"1.9167": [-94.17, -15.67, 39.17],
						"2.0417": [-98.23, -19.29, 38.54],
						"2.1667": [-102.29, -3.02, 37.92],
						"2.25": [-105, -13, 37.5],
						"2.3333": [-105, -11.1, 37.5]
					}
				},
				"arm_left2": {
					"rotation": {
						"0.0": [0, 70, 0],
						"0.1667": [0, 52.24, 0],
						"0.2917": [0, 47.5, 0],
						"0.375": [0, 53.1, 0],
						"0.4583": [0, 64.95, 0],
						"0.5417": [0, 70, 0],
						"0.9167": [0, 70, 0],
						"1.0833": [-25.83, 60, 5],
						"1.1667": [-38.75, 77.5, 7.5],
						"1.25": [-35, 80, 10],
						"2.25": [0, 30, 0]
					}
				},
				"hand_left": {
					"rotation": {
						"0.0": [0, 0, 5],
						"0.5": [0, 0, 5],
						"0.9167": [0, 0, 5],
						"1.125": [0, 0, -23.39],
						"1.2083": [0, 0, -21.3],
						"1.2917": [0, 0, 15]
					},
					"position": {
						"0.9583": [0, 0, 0],
						"1.25": [-0.2, 0, 0],
						"1.375": [0, 0, 0]
					}
				},
				"finger_left_front": {
					"rotation": {
						"0.0": [0, 0, 10],
						"0.5": [0, 0, 10],
						"0.9167": [0, 0, 10],
						"1.25": [0, 0, 65],
						"2.25": [0, 0, 15]
					}
				},
				"finger_left_middle": {
					"rotation": {
						"0.0": [0, 0, 5],
						"0.5": [0, 0, 5],
						"0.9167": [0, 0, 5],
						"1.25": [0, 0, 60],
						"2.25": [0, 0, 10]
					}
				},
				"finger_left_back": {
					"rotation": {
						"0.0": [0, 0, 10],
						"0.5": [0, 0, 10],
						"0.9167": [0, 0, 10],
						"1.25": [0, 0, 65],
						"2.25": [0, 0, 15]
					}
				},
				"leg_right": {
					"rotation": {
						"0.0": [-5, 5, 0],
						"0.4167": [-7.7, 5, 0],
						"0.5": [-5, 5, 0],
						"0.5833": [-14.52, 5, 0],
						"0.7917": [-69.38, 5, 0],
						"0.875": [-82.5, 5, 0],
						"1.0": [-91.62, 5, 0],
						"1.1667": [-93.58, 5, 0],
						"1.5": [-105, 5, 0],
						"1.7083": [-102.4, 5, 0],
						"1.8333": [-117.76, 5, 0],
						"1.9167": [-121.95, 5, 0],
						"2.0417": [-111.55, 5, 0],
						"2.125": [-96.68, 5, 0],
						"2.2083": [-86, 5, 0],
						"2.2917": [-91.8, 5, 0],
						"2.4167": [-91, 5, 0]
					},
					"position": {
						"1.5": [0, 0, 0],
						"2.25": [0, -0.2, 0.2]
					}
				},
				"leg_right2": {
					"rotation": {
						"0.0": [0, 15, 15],
						"0.5": [0, 15, 15],
						"0.5833": [-3.7, 15, 15],
						"0.75": [-11.82, 15, 15],
						"0.9167": [-12.6, 15, 15],
						"1.0": [-11.07, 15, 15],
						"1.1667": [-9.88, 15, 15],
						"1.25": [-10.81, 15, 15],
						"1.4167": [-14.48, 15, 15],
						"1.5": [-15, 15, 15],
						"1.5833": [-14.21, 15, 15],
						"2.125": [-3.6, 15, 15],
						"2.25": [-2.5, 15, 15]
					}
				},
				"leg_right3": {
					"rotation": {
						"0.0": [0, 0, 0],
						"0.25": [2.5, 0, 0],
						"0.4167": [6.5, 0, 0],
						"0.4583": [16.6, 0, 0],
						"0.5417": [20.5, 0, 0],
						"0.625": [17.1, 0, 0],
						"0.7083": [-22.5, 0, 0],
						"0.7917": [-17.6, 0, 0],
						"0.9167": [0, 0, 0],
						"1.4167": [46.26, 0, 0],
						"1.5": [50, 0, 0],
						"1.625": [46.02, 0, 0],
						"2.1667": [10.24, 0, 0],
						"2.25": [7.5, 0, 0]
					}
				},
				"leg_right4": {
					"rotation": {
						"0.0": [25, 0, 0],
						"0.5": [25, 0, 0],
						"0.6667": [-7.3, 0, 0],
						"0.75": [-10.23, 0, 0],
						"0.8333": [-7.3, 0, 0],
						"0.9167": [-1.05, 0, 0],
						"1.0": [1, 0, 0],
						"1.5": [1, 0, 0],
						"2.25": [-4, 0, 0]
					}
				},
				"foot_right": {
					"rotation": {
						"0.0": [-7.5, 0, -12.5],
						"0.5": [-7.5, 0, -12.5],
						"0.9167": [40, 0, -12.5]
					}
				},
				"foot_right2": {
					"rotation": {
						"0.0": [-7.5, 0, 0],
						"0.5": [-7.5, 0, 0]
					}
				},
				"leg_left": {
					"rotation": {
						"0.0": [-5, -5, 0],
						"0.2083": [0, -5, 0],
						"0.375": [0, -5, 0],
						"0.5": [-2, -5, 0],
						"0.7083": [-75.36, -5, 0],
						"0.7917": [-92.5, -5, 0],
						"0.9167": [-87.21, -5, 0],
						"1.5": [-105, -5, 0],
						"1.7083": [-102.4, -5, 0],
						"1.8333": [-117.76, -5, 0],
						"1.9167": [-121.95, -5, 0],
						"2.0417": [-111.55, -5, 0],
						"2.125": [-96.68, -5, 0],
						"2.2083": [-86, -5, 0],
						"2.2917": [-91.8, -5, 0],
						"2.4167": [-91, -5, 0]
					},
					"position": {
						"0.0": [0, 0, 0],
						"0.2083": [0, 0, -0.2],
						"0.375": [0, 0, -0.2],
						"0.7083": [0, 0, 0],
						"1.5": [0, 0, 0],
						"2.25": [0, 0.1, 0.2]
					}
				},
				"leg_left2": {
					"rotation": {
						"0.0": [0, -15, -15],
						"0.2083": [12.5, -15, -15],
						"0.375": [12.5, -15, -15],
						"0.5": [13.08, -15, -15],
						"0.625": [4.55, -15, -15],
						"0.7083": [-19.25, -15, -15],
						"0.7917": [-22.75, -15, -15],
						"0.9167": [-7.7, -15, -15],
						"1.0417": [-5.74, -15, -15],
						"1.375": [-13.47, -15, -15],
						"1.5": [-15, -15, -15],
						"1.625": [-13.72, -15, -15],
						"2.25": [-2.5, -15, -15]
					}
				},
				"leg_left3": {
					"rotation": {
						"0.0": [0, 0, 0],
						"0.375": [0.09, 0, 0],
						"0.4583": [7, 0, 0],
						"0.5417": [9.7, 0, 0],
						"0.625": [7.6, 0, 0],
						"0.9167": [0, 0, 0],
						"1.5": [50, 0, 0],
						"2.25": [7.5, 0, 0]
					}
				},
				"leg_left4": {
					"rotation": {
						"0.0": [25, 0, 0],
						"0.5": [25, 0, 0],
						"0.9167": [1, 0, 0],
						"1.5": [1, 0, 0],
						"2.25": [-4, 0, 0]
					}
				},
				"foot_left": {
					"rotation": {
						"0.0": [-7.5, 0, 12.5],
						"0.2083": [22.5, 0, 12.5],
						"0.375": [22.5, 0, 12.5],
						"0.5": [25.7, 0, 12.5],
						"0.9167": [40, 0, 12.5]
					}
				},
				"foot_left2": {
					"rotation": {
						"0.0": [-7.5, 0, 0],
						"0.2083": [-42.5, 0, 0],
						"0.375": [-42.5, 0, 0],
						"0.5": [-43.3, 0, 0],
						"0.9167": [-7.5, 0, 0]
					}
				},
				"mouth_open2": {
					"position": {
						"0.0": [0, -1.1, -0.5],
						"0.8333": {
							"pre": [0, -1.1, -0.5],
							"post": [0, -1.1, -0.5]
						},
						"0.875": {
							"pre": [0, -1.1, -0.5],
							"post": [0, 0, 0]
						},
						"1.9583": {
							"pre": [0, 0, 0],
							"post": [0, 0, 0]
						},
						"2.0": {
							"pre": [0, 0, 0],
							"post": [0, -0.42, -0.5]
						}
					}
				},
				"scarf_right": {
					"rotation": {
						"0.4167": [0, 0, 0],
						"0.9583": [6, 0, 0],
						"1.0417": [9.47, -1.67, 0],
						"1.1667": [31.34, -3.34, 0],
						"1.2083": [35, -5, 0],
						"1.2917": [38, -5, 0],
						"1.375": [35, -5, 0],
						"1.4167": [33.4, -3, 0],
						"1.5": [27.8, -1, 0],
						"1.5833": [23.8, -5, 0],
						"1.6667": [21.3, -5, 0],
						"1.75": [20, -5, 0],
						"1.8333": [20, -25, 0],
						"1.875": [20, -40, 0],
						"1.9583": [20, -50, 0],
						"2.2083": [20, -50, 0],
						"2.2917": [20, -45, 0]
					}
				},
				"scarf_left": {
					"rotation": {
						"0.2917": [0, 0, 0],
						"0.3333": [0, -5, 0],
						"0.4167": [0, 0, 0],
						"0.9583": [7, 0, 0],
						"1.0417": [10.47, 1.67, 0],
						"1.1667": [31.34, 3.34, 0],
						"1.2083": [35, 5, 0],
						"1.2917": [38, 5, 0],
						"1.375": [35, 5, 0],
						"1.4167": [33.4, 3, 0],
						"1.5": [27.8, 1, 0],
						"1.5833": [23.8, 5, 0],
						"1.6667": [21.3, 5, 0],
						"1.75": [20, 5, 0],
						"1.8333": [20, 25, 0],
						"1.875": [20, 40, 0],
						"1.9583": [20, 50, 0],
						"2.2083": [20, 50, 0],
						"2.2917": [20, 45, 0]
					}
				}
			}
		},
		"animation.riolu.battle_faint": {
			"loop": true,
			"animation_length": 3,
			"bones": {
				"body": {
					"rotation": {
						"0.0": [0, 25, 0],
						"0.4167": [0, 25, 0],
						"0.6667": [0, 0, 0]
					},
					"position": {
						"0.0": [0, 0, 0],
						"0.5": [0, 0, 0],
						"0.5833": [0, -0.78, 0.8],
						"0.8333": [0, -9.4, 4],
						"0.9167": [0, -9.9, 4],
						"1.0417": [0, -9.4, 4],
						"1.125": [0, -9.6, 4]
					}
				},
				"waist": {
					"rotation": {
						"0.0": [0, 0, 0],
						"0.2917": [-12.5, 0, 0],
						"0.4167": [-1.06, 0, 0],
						"0.5": [2.96, 0, 0],
						"0.5833": [-1.3, 0, 0],
						"0.625": [-10.05, 0, 0],
						"0.9167": [-25, 0, 0],
						"1.4167": [-31.29, 0, 0],
						"1.5417": [-32.5, 0, 0],
						"1.6667": [-40.38, 0, 0],
						"1.75": [-57.13, 0, 0],
						"1.875": [-95.4, 0, 0],
						"1.9583": [-100.3, 0, 0],
						"2.0833": [-83.6, 0, 0],
						"2.1667": [-91.5, 0, 0],
						"2.25": [-88.5, 0, 0]
					},
					"position": {
						"0.0": [0, 0, 0],
						"0.25": [0, 0, 0.2],
						"0.375": [0, 0, 0.33],
						"0.5": [0, 0, 0.42],
						"0.5833": [0, 0, 0.4],
						"0.7083": [0, 0, 0.06],
						"0.7917": [0, 0, 0],
						"1.5": [0, 0, 0],
						"1.6667": [0, 0, 0.1],
						"2.125": [0, 0.1, 1],
						"2.25": [0, 0, 1.2]
					}
				},
				"tail": {
					"rotation": {
						"0.0": [5, 15, 0],
						"0.3333": [0, -5, 0],
						"0.6667": [17.5, -5, 0],
						"0.7917": [30, -5, 0],
						"0.9583": [42.5, -5, 0],
						"1.4167": [42.5, -5, 0],
						"1.7083": [15.45, -60.68, 27.5],
						"1.7917": [7.72, -84.09, 13.75],
						"1.875": [0, -92.5, 0],
						"2.3333": [0, -95, 0]
					}
				},
				"tail2": {
					"rotation": {
						"0.0": [15, 20, 0],
						"0.3333": [0, -15, 0],
						"0.6667": [15, -15, 0],
						"0.7917": [22.5, -15, 0],
						"0.9583": [27.5, -15, 0],
						"1.4167": [27.5, -15, 0],
						"1.75": [9.32, 0.27, 15.38],
						"1.7917": [7.05, 2.18, 13.86],
						"1.8333": [4.78, 1.59, 3.18],
						"1.875": [2.5, 6, -7.5],
						"2.0833": [2.5, 4.86, 3.41],
						"2.3333": [2.5, 3.5, 0]
					},
					"position": {
						"1.5": [0, 0, 0],
						"1.5833": [0, 1.17, 0],
						"1.625": [0, 1.2, 0],
						"1.6667": [-0.2, 0.8, 0],
						"1.7083": [-0.6, 0.7, 0],
						"1.75": [-1.4, 0.1, 0],
						"1.7917": [-1.2, 0.2, 0],
						"1.8333": [-0.9, 0.13, 0],
						"1.9167": [-0.2, 0, 0],
						"2.0833": [-0.5, 0, 0],
						"2.2083": [0, 0, 0]
					}
				},
				"torso": {
					"rotation": {
						"0.0": [6.5, -7.5, 0],
						"0.2083": [15.43, 0, 0],
						"0.2917": [15, 0, 0],
						"0.4167": [15.4, 0, 0],
						"0.5": [17.9, 0, 0],
						"0.5833": [22.3, 0, 0],
						"0.8333": [37.48, 0, 0],
						"0.9167": [40, 0, 0],
						"1.0417": [38.61, 0, 0],
						"1.1667": [35.73, 0, 0],
						"1.4167": [21.51, 0, 0],
						"1.5": [18.5, 0, 0],
						"1.8333": [15.59, 0, 0],
						"1.9583": [9.61, 0, 0],
						"2.0417": [10.56, 0, 0],
						"2.25": [0, 0, 0]
					},
					"position": {
						"0.0": [-0.1, 0, 0],
						"1.5": [0, 0, 0],
						"2.25": [0, 0, 0]
					}
				},
				"head": {
					"rotation": {
						"0.0": [13.5, -13.6, -1],
						"0.0417": [14.5, -15.57, 0],
						"0.2083": [15, -33.6, 0],
						"0.3333": [15, -37.6, 0],
						"0.4583": [13.8, -35.1, 0],
						"0.6667": [-0.4, -13.41, 0],
						"0.75": [-4, -8.95, 0],
						"0.8333": [-1.2, -5, 0],
						"0.9583": [29, -2.2, 0],
						"1.0417": [33, -1, 0],
						"1.1667": [30, -1.5, 0],
						"1.2917": [21, -8.02, 0],
						"1.375": [15, -10.5, 0],
						"1.4167": [14.24, -8.35, 0],
						"1.5833": [13.03, 7.65, 0],
						"1.625": [12.73, 9.15, 0],
						"1.6667": [13.11, 7.64, 0],
						"1.8333": [14.62, -4.11, 0],
						"1.875": [15, -5.3, 0],
						"2.0": [9.17, -3.53, 0],
						"2.0417": [-1.67, -2.94, 0],
						"2.0833": [-6.92, -2.35, 0],
						"2.125": [4.81, -1.76, 0],
						"2.1667": [10.54, -1.18, 0],
						"2.25": [2.5, 0, 0],
						"2.375": [6, 0, 0],
						"2.5": [5.2, 0, 0]
					},
					"position": {
						"0.0": [0, 0, 0],
						"1.5": [0, 0, 0],
						"2.25": [0, 0, -0.8]
					}
				},
				"eye_right_emote": {
					"position": {
						"0.2083": [0, 0, 0],
						"0.25": [0, 0, 0.1],
						"0.8333": [0, 0, 0.1],
						"0.875": [0, 0, 0]
					}
				},
				"eye_right_emote2": {
					"position": {
						"0.2083": [0, 0, 0],
						"0.25": {
							"pre": [0, 0, 0],
							"post": [0, 0, -0.1]
						},
						"0.8333": {
							"pre": [0, 0, -0.1],
							"post": [0, 0, -0.1]
						},
						"0.875": {
							"pre": [0, 0, -0.1],
							"post": [0, 0, 0]
						}
					}
				},
				"pupil_right": {
					"position": {
						"0.0": [0, 0, 0.1],
						"0.1667": {
							"pre": [0, 0, 0.1],
							"post": [0, 0, 0.1]
						},
						"0.2083": {
							"pre": [0, 0, 0.1],
							"post": [0, 0, 0]
						},
						"0.875": {
							"pre": [0, 0, 0],
							"post": [0, 0, 0]
						},
						"0.9167": {
							"pre": [0, 0, 0],
							"post": [0, 0, 0.1]
						}
					}
				},
				"eyelid_right": {
					"position": {
						"0.0": [-0.1, 0, -0.1],
						"0.2083": {
							"pre": [-0.1, 0, -0.1],
							"post": [-0.1, 0, -0.1]
						},
						"0.25": {
							"pre": [-0.1, 0, -0.1],
							"post": [0, 0, 0]
						},
						"0.8333": {
							"pre": [0, 0, 0],
							"post": [0, 0, 0]
						},
						"0.875": {
							"pre": [0, 0, 0],
							"post": [-0.1, 0, -0.1]
						}
					}
				},
				"eye_left_emote": {
					"position": {
						"0.2083": [0, 0, 0],
						"0.25": [0, 0, 0.1],
						"0.8333": [0, 0, 0.1],
						"0.875": [0, 0, 0]
					}
				},
				"eye_left_emote2": {
					"position": {
						"0.2083": [0, 0, 0],
						"0.25": {
							"pre": [0, 0, 0],
							"post": [0, 0, -0.1]
						},
						"0.8333": {
							"pre": [0, 0, -0.1],
							"post": [0, 0, -0.1]
						},
						"0.875": {
							"pre": [0, 0, -0.1],
							"post": [0, 0, 0]
						}
					}
				},
				"pupil_left": {
					"position": {
						"0.0": [0, 0, 0.1],
						"0.1667": {
							"pre": [0, 0, 0.1],
							"post": [0, 0, 0.1]
						},
						"0.2083": {
							"pre": [0, 0, 0.1],
							"post": [0, 0, 0]
						},
						"0.875": {
							"pre": [0, 0, 0],
							"post": [0, 0, 0]
						},
						"0.9167": {
							"pre": [0, 0, 0],
							"post": [0, 0, 0.1]
						}
					}
				},
				"eyelid_left": {
					"position": {
						"0.0": [0.1, 0, -0.1],
						"0.2083": {
							"pre": [0.1, 0, -0.1],
							"post": [0.1, 0, -0.1]
						},
						"0.25": {
							"pre": [0.1, 0, -0.1],
							"post": [0, 0, 0]
						},
						"0.8333": {
							"pre": [0, 0, 0],
							"post": [0, 0, 0]
						},
						"0.875": {
							"pre": [0, 0, 0],
							"post": [0.1, 0, -0.1]
						}
					}
				},
				"jaw": {
					"position": [0, 1, 0]
				},
				"teeth_clench": {
					"position": {
						"0.8333": [0, 0, 0],
						"0.875": {
							"pre": [0, 0, 0],
							"post": [0, -1.2, -0.5]
						},
						"1.9583": {
							"pre": [0, -1.2, -0.5],
							"post": [0, -1.2, -0.5]
						},
						"2.0": {
							"pre": [0, -1.2, -0.5],
							"post": [0, 0, 0]
						}
					}
				},
				"aura_sensor_right": {
					"rotation": {
						"0.0": [0, 0, 1],
						"0.8333": [0, 0, 0],
						"0.9167": [0, 0, -3.4],
						"1.0": [0, -12.5, -15.77],
						"1.0833": [0, -6.25, -14.43],
						"1.25": [0, 1.6, -17.3],
						"1.3333": [0, 5.5, -20],
						"1.375": [0, 7.5, -18.12],
						"1.5": [0, 2.6, -12.5],
						"1.625": [0, -4.6, -9.5],
						"1.7083": [0, -1.8, -7.5],
						"1.8333": [0, 5.77, -15],
						"1.9583": [0, 11.87, -1.57],
						"2.125": [0, 20, 28],
						"2.25": [0, 25, 35]
					}
				},
				"aura_sensor_right2": {
					"rotation": {
						"0.0": [0, 0, 2],
						"0.9167": [0, 0, 0],
						"1.0": [0, 0, -1.11],
						"1.2083": [0, 0, -8.8],
						"1.2917": [0, 0, -12.73],
						"1.4167": [0, 0, -13.66],
						"1.625": [0, 0, -10.35],
						"1.7083": [0, 0, -10],
						"1.875": [0, -7.69, -15.33],
						"1.9583": [0, -11.54, -16.35],
						"2.0417": [0, -15.39, -14.81],
						"2.1667": [0, -21.16, -7.02],
						"2.25": [0, -25, -5]
					}
				},
				"aura_sensor_left": {
					"rotation": {
						"0.0": [0, 0, -2],
						"0.8333": [0, 0, 0],
						"0.9167": [0, 0, 3.4],
						"1.0": [0, 12.5, 15.77],
						"1.0833": [0, 6.25, 14.43],
						"1.25": [0, 2.5, 17.3],
						"1.3333": [0, 7.5, 20],
						"1.5": [0, -2.5, 12.5],
						"1.625": [0, -10, 9.5],
						"1.7083": [0, -5, 7.5],
						"1.7917": [0, -5.51, 13.3],
						"1.8333": [0, -5.77, 15],
						"1.9583": [0, -11.87, 1.57],
						"2.125": [0, -20, -28],
						"2.25": [0, -25, -35]
					}
				},
				"aura_sensor_left2": {
					"rotation": {
						"0.0": [0, 0, -2],
						"0.9167": [0, 0, 0],
						"1.25": [0, 0, 5],
						"1.375": [0, 2.5, 5.68],
						"1.5417": [0, 1.25, 11.59],
						"1.6667": [0, 0.31, 14.32],
						"1.9583": [0, 11.54, 16.35],
						"2.0417": [0, 15.39, 14.61],
						"2.1667": [0, 21.16, 7.34],
						"2.25": [0, 25, 5]
					}
				},
				"arm_right": {
					"rotation": {
						"0.0": [0, 35, -30],
						"0.2083": [0, 51.24, -25.9],
						"0.2917": [0, 53, -26.5],
						"0.5": [0, 48, -28.6],
						"0.6667": [-21.67, 48.8, -21.16],
						"0.7083": [-23.34, 49, -19.3],
						"0.75": [-25, 49.2, -21.44],
						"0.9167": [0, 50, -30],
						"1.0": [1.87, 52.5, -33.12],
						"1.0417": [-4.32, 62.5, -36.25],
						"1.125": [-38.41, 80, -39.38],
						"1.25": [-72.5, 60, -42.5],
						"1.9167": [-94.17, 15.67, -39.17],
						"2.0417": [-98.23, 19.29, -38.54],
						"2.1667": [-102.29, 3.02, -37.92],
						"2.25": [-105, 13, -37.5],
						"2.3333": [-105, 11.1, -37.5]
					}
				},
				"arm_right2": {
					"rotation": {
						"0.0": [0, -58, 0],
						"0.375": [0, -96, 0],
						"0.5": [0, -101, 0],
						"0.625": [0, -96.1, 0],
						"0.8333": [0, -72.43, 0],
						"0.9167": [0, -70, 0],
						"1.0833": [-25.83, -60, -5],
						"1.1667": [-38.75, -77.5, -7.5],
						"1.25": [-35, -80, -10],
						"2.25": [0, -30, 0]
					},
					"position": [0, 0, 0]
				},
				"hand_right": {
					"rotation": {
						"0.0": [0, 0, -7.5],
						"0.5": [0, 0, -5],
						"0.9167": [0, 0, -5],
						"1.125": [0, 0, 23.39],
						"1.2083": [0, 0, 21.3],
						"1.2917": [0, 0, -15]
					},
					"position": {
						"0.9583": [0, 0, 0],
						"1.25": [0.2, 0, 0],
						"1.375": [0, 0, 0]
					}
				},
				"finger_right_front": {
					"rotation": {
						"0.0": [0, 0, -40],
						"0.5": [0, 0, -10],
						"0.9167": [0, 0, -10],
						"1.25": [0, 0, -65],
						"2.25": [0, 0, -15]
					}
				},
				"finger_right_middle": {
					"rotation": {
						"0.0": [0, 0, -30],
						"0.5": [0, 0, -5],
						"0.9167": [0, 0, -5],
						"1.25": [0, 0, -60],
						"2.25": [0, 0, -10]
					}
				},
				"finger_right_back": {
					"rotation": {
						"0.0": [0, 0, -40],
						"0.5": [0, 0, -10],
						"0.9167": [0, 0, -10],
						"1.25": [0, 0, -65],
						"2.25": [0, 0, -15]
					}
				},
				"arm_left": {
					"rotation": {
						"0.0": [0, -22.5, 30],
						"0.2083": [0, -18.99, 30],
						"0.3333": [0, -15.5, 30],
						"0.4583": [0, -19.19, 30],
						"0.5833": [-12.52, -27.6, 22.6],
						"0.6667": [-20.86, -33.2, 21],
						"0.75": [-25, -38.8, 24],
						"0.9167": [0, -50, 30],
						"1.0": [1.87, -52.5, 33.12],
						"1.0417": [-4.32, -62.5, 36.25],
						"1.125": [-38.41, -80, 39.38],
						"1.25": [-72.5, -60, 42.5],
						"1.9167": [-94.17, -15.67, 39.17],
						"2.0417": [-98.23, -19.29, 38.54],
						"2.1667": [-102.29, -3.02, 37.92],
						"2.25": [-105, -13, 37.5],
						"2.3333": [-105, -11.1, 37.5]
					}
				},
				"arm_left2": {
					"rotation": {
						"0.0": [0, 59.5, 0],
						"0.1667": [0, 52.24, 0],
						"0.2917": [0, 47.5, 0],
						"0.375": [0, 53.1, 0],
						"0.4583": [0, 64.95, 0],
						"0.5417": [0, 70, 0],
						"0.9167": [0, 70, 0],
						"1.0833": [-25.83, 60, 5],
						"1.1667": [-38.75, 77.5, 7.5],
						"1.25": [-35, 80, 10],
						"2.25": [0, 30, 0]
					}
				},
				"hand_left": {
					"rotation": {
						"0.0": [0, 0, 7.5],
						"0.5": [0, 0, 5],
						"0.9167": [0, 0, 5],
						"1.125": [0, 0, -23.39],
						"1.2083": [0, 0, -21.3],
						"1.2917": [0, 0, 15]
					},
					"position": {
						"0.9583": [0, 0, 0],
						"1.25": [-0.2, 0, 0],
						"1.375": [0, 0, 0]
					}
				},
				"finger_left_front": {
					"rotation": {
						"0.0": [0, 0, 40],
						"0.5": [0, 0, 10],
						"0.9167": [0, 0, 10],
						"1.25": [0, 0, 65],
						"2.25": [0, 0, 15]
					}
				},
				"finger_left_middle": {
					"rotation": {
						"0.0": [0, 0, 30],
						"0.5": [0, 0, 5],
						"0.9167": [0, 0, 5],
						"1.25": [0, 0, 60],
						"2.25": [0, 0, 10]
					}
				},
				"finger_left_back": {
					"rotation": {
						"0.0": [0, 0, 40],
						"0.5": [0, 0, 10],
						"0.9167": [0, 0, 10],
						"1.25": [0, 0, 65],
						"2.25": [0, 0, 15]
					}
				},
				"leg_right": {
					"rotation": {
						"0.0": [4.5, 7.5, 12.5],
						"0.4167": [1.4, 6.8, 10.7],
						"0.5": [-5, 5.6, 3.9],
						"0.5833": [-14.52, 5, 0],
						"0.7917": [-69.38, 5, 0],
						"0.875": [-82.5, 5, 0],
						"1.0": [-91.62, 5, 0],
						"1.1667": [-93.58, 5, 0],
						"1.5": [-105, 5, 0],
						"1.7083": [-102.4, 5, 0],
						"1.8333": [-117.76, 5, 0],
						"1.9167": [-121.95, 5, 0],
						"2.0417": [-111.55, 5, 0],
						"2.125": [-96.68, 5, 0],
						"2.2083": [-86, 5, 0],
						"2.2917": [-91.8, 5, 0],
						"2.4167": [-91, 5, 0]
					},
					"position": {
						"1.5": [0, 0, 0],
						"2.25": [0, -0.2, 0.2]
					}
				},
				"leg_right2": {
					"rotation": {
						"0.0": [20, 0, 0],
						"0.5": [14.5, 1.6, 2.3],
						"0.5833": [8.7, 11.9, 11.6],
						"0.625": [-19.43, 12.68, 12.45],
						"0.6667": [-6.89, 13.45, 13.3],
						"0.7083": [-24.36, 14.23, 14.15],
						"0.75": [-19.32, 15, 15],
						"0.9167": [-12.6, 15, 15],
						"1.0": [-11.07, 15, 15],
						"1.1667": [-9.88, 15, 15],
						"1.25": [-10.81, 15, 15],
						"1.4167": [-14.48, 15, 15],
						"1.5": [-15, 15, 15],
						"1.5833": [-14.21, 15, 15],
						"2.125": [-3.6, 15, 15],
						"2.25": [-2.5, 15, 15]
					},
					"position": [0, -0.2, 0]
				},
				"leg_right3": {
					"rotation": {
						"0.0": [-5, 0, 0],
						"0.25": [-2, 0, 0],
						"0.4167": [6.5, 0, 0],
						"0.4583": [16.6, 0, 0],
						"0.5417": [37.1, 0, 0],
						"0.625": [53.1, 0, 0],
						"0.6667": [-5.21, 0, 0],
						"0.7083": [-7.5, 0, 0],
						"0.7917": [-17.6, 0, 0],
						"0.9167": [0, 0, 0],
						"1.4167": [46.26, 0, 0],
						"1.5": [50, 0, 0],
						"1.625": [46.02, 0, 0],
						"2.1667": [10.24, 0, 0],
						"2.25": [7.5, 0, 0]
					}
				},
				"leg_right4": {
					"rotation": {
						"0.0": [-2.5, 0, 0],
						"0.25": [-1.9, 0, 0],
						"0.5": [10.4, 0, 0],
						"0.625": [10.13, 0, 0],
						"0.6667": [-19.3, 0, 0],
						"0.75": [-10.23, 0, 0],
						"0.8333": [-7.3, 0, 0],
						"0.9167": [-1.05, 0, 0],
						"1.0": [1, 0, 0],
						"1.5": [1, 0, 0],
						"2.25": [-4, 0, 0]
					}
				},
				"foot_right": {
					"rotation": {
						"0.0": [25, 0, -12.5],
						"0.125": [26.88, 0, -12.5],
						"0.2917": [24.1, 0, -12.5],
						"0.4167": [20.14, 0, -12.5],
						"0.5": [-7.5, 0, -12.5],
						"0.625": [-18.25, 0, -12.5],
						"0.6667": [5.07, 0, -12.5],
						"0.9167": [40, 0, -12.5]
					}
				},
				"foot_right2": {
					"rotation": {
						"0.0": [-40, 0, 0],
						"0.125": [-41.87, 0, 0],
						"0.25": [-40.41, 0, 0],
						"0.3333": [-36.94, 0, 0],
						"0.4167": [-29.72, 0, 0],
						"0.5": [-7.5, 0, 0]
					}
				},
				"leg_left": {
					"rotation": {
						"0.0": [-1, -20, -7.5],
						"0.2083": [0, -19.8, -5.8],
						"0.375": [0, -18.7, -3.4],
						"0.5": [-2, -14.6, -1],
						"0.7083": [-75.36, -6.3, 0],
						"0.7917": [-92.5, -5, 0],
						"0.9167": [-87.21, -5, 0],
						"1.5": [-105, -5, 0],
						"1.7083": [-102.4, -5, 0],
						"1.8333": [-117.76, -5, 0],
						"1.9167": [-121.95, -5, 0],
						"2.0417": [-111.55, -5, 0],
						"2.125": [-96.68, -5, 0],
						"2.2083": [-86, -5, 0],
						"2.2917": [-91.8, -5, 0],
						"2.4167": [-91, -5, 0]
					},
					"position": {
						"0.0": [0, 0, 0],
						"0.2083": [0, 0, -0.2],
						"0.375": [0, 0, -0.2],
						"0.7083": [0, 0, 0],
						"1.5": [0, 0, 0],
						"2.25": [0, 0.1, 0.2]
					}
				},
				"leg_left2": {
					"rotation": {
						"0.0": [-8.8, 0, -2.5],
						"0.2083": [-8.9, -0.1, -4.9],
						"0.375": [-8.1, -0.4, -6.8],
						"0.5": [-6.82, -1.7, -10.8],
						"0.625": [-9.55, -11.6, -14.7],
						"0.7083": [-19.25, -14.1, -15],
						"0.7917": [-22.75, -15, -15],
						"0.9167": [-7.7, -15, -15],
						"1.0417": [-5.74, -15, -15],
						"1.375": [-13.47, -15, -15],
						"1.5": [-15, -15, -15],
						"1.625": [-13.72, -15, -15],
						"2.25": [-2.5, -15, -15]
					},
					"position": [0, 0.2, 0]
				},
				"leg_left3": {
					"rotation": {
						"0.0": [10, 0, 0],
						"0.375": [10.19, 0, 0],
						"0.4583": [10.1, 0, 0],
						"0.5417": [9.5, 0, 0],
						"0.625": [7.6, 0, 0],
						"0.9167": [0, 0, 0],
						"1.5": [50, 0, 0],
						"2.25": [7.5, 0, 0]
					}
				},
				"leg_left4": {
					"rotation": {
						"0.0": [-5, 0, 0],
						"0.5": [-4.6, 0, 0],
						"0.9167": [1, 0, 0],
						"1.5": [1, 0, 0],
						"2.25": [-4, 0, 0]
					}
				},
				"foot_left": {
					"rotation": {
						"0.0": [32.5, -5, 9],
						"0.2083": [24.6, -4.8, 11.5],
						"0.375": [21.6, -3.9, 11.3],
						"0.5": [21, 0, 12.5],
						"0.9167": [40, 0, 12.5]
					}
				},
				"foot_left2": {
					"rotation": {
						"0.0": [-28, 0, 0],
						"0.2083": [-20.5, 0, 0],
						"0.375": [-20.5, 0, 0],
						"0.5": [-20.3, 0, 0],
						"0.9167": [-7.5, 0, 0]
					}
				},
				"mouth_open2": {
					"position": {
						"0.0": [0, -1.1, -0.5],
						"0.8333": {
							"pre": [0, -1.1, -0.5],
							"post": [0, -1.1, -0.5]
						},
						"0.875": {
							"pre": [0, -1.1, -0.5],
							"post": [0, 0, 0]
						},
						"1.9583": {
							"pre": [0, 0, 0],
							"post": [0, 0, 0]
						},
						"2.0": {
							"pre": [0, 0, 0],
							"post": [0, -0.42, -0.5]
						}
					}
				},
				"scarf_right": {
					"rotation": {
						"0.4167": [0, 0, 0],
						"0.9583": [6, 0, 0],
						"1.0417": [9.47, -1.67, 0],
						"1.1667": [31.34, -3.34, 0],
						"1.2083": [35, -5, 0],
						"1.2917": [38, -5, 0],
						"1.375": [35, -5, 0],
						"1.4167": [33.4, -3, 0],
						"1.5": [27.8, -1, 0],
						"1.5833": [23.8, -5, 0],
						"1.6667": [21.3, -5, 0],
						"1.75": [20, -5, 0],
						"1.8333": [20, -25, 0],
						"1.875": [20, -40, 0],
						"1.9583": [20, -50, 0],
						"2.2083": [20, -50, 0],
						"2.2917": [20, -45, 0]
					}
				},
				"scarf_left": {
					"rotation": {
						"0.2917": [0, 0, 0],
						"0.3333": [0, -5, 0],
						"0.4167": [0, 0, 0],
						"0.9583": [7, 0, 0],
						"1.0417": [10.47, 1.67, 0],
						"1.1667": [31.34, 3.34, 0],
						"1.2083": [35, 5, 0],
						"1.2917": [38, 5, 0],
						"1.375": [35, 5, 0],
						"1.4167": [33.4, 3, 0],
						"1.5": [27.8, 1, 0],
						"1.5833": [23.8, 5, 0],
						"1.6667": [21.3, 5, 0],
						"1.75": [20, 5, 0],
						"1.8333": [20, 25, 0],
						"1.875": [20, 40, 0],
						"1.9583": [20, 50, 0],
						"2.2083": [20, 50, 0],
						"2.2917": [20, 45, 0]
					}
				}
			}
		},
		"animation.riolu.shoulder_left": {
			"loop": true,
			"bones": {
				"body": {
					"position": [3, -9.5, -1]
				},
				"waist": {
					"position": [0, "0+0.01*(math.sin(q.anim_time*90*2-90)*1+1)", 0]
				},
				"tail": {
					"rotation": [17.5, "3*(math.sin(q.anim_time*90*2+80)*1)+4*(math.sin(q.anim_time*90*2/2+80)*1)", 0]
				},
				"tail2": {
					"rotation": [17.5, "4*(math.sin(q.anim_time*90*2)*1)+4*(math.sin(q.anim_time*90*2/2)*1)", 0]
				},
				"tail3": {
					"rotation": [0, "4*(math.sin(q.anim_time*90*2)*1)+4*(math.sin(q.anim_time*90*2/2)*1)", 0]
				},
				"torso": {
					"position": [0, "0+0.01*(math.sin(q.anim_time*90*2-90)*1+1)", 0]
				},
				"head": {
					"rotation": ["5+0.5*(math.sin(q.anim_time*90*2)*1+1)", 2.5, 0]
				},
				"aura_sensor_right": {
					"rotation": [15, 45, 0],
					"position": [0, -0.4, 0]
				},
				"aura_sensor_left": {
					"rotation": [0, 0, "0-1*(math.sin(q.anim_time*90*2-40)*1+1)"]
				},
				"arm_right": {
					"rotation": [70, "-35+0.8*(math.sin(q.anim_time*90*2)*1+1)", -55],
					"position": [-0.3, 0, 0]
				},
				"arm_right2": {
					"rotation": [0, -27.5, 0]
				},
				"hand_right": {
					"rotation": [0, 0, -5]
				},
				"finger_right_front": {
					"rotation": [0, 0, -20]
				},
				"finger_right_middle": {
					"rotation": [0, 0, -15]
				},
				"finger_right_back": {
					"rotation": [0, 0, -25]
				},
				"arm_left": {
					"rotation": [0, -32.5, "52.5-0.8*(math.sin(q.anim_time*90*2)*1+1)"]
				},
				"arm_left2": {
					"rotation": [0, 35, 0]
				},
				"hand_left": {
					"rotation": [0, 0, 5]
				},
				"finger_left_front": {
					"rotation": [0, 0, 20]
				},
				"finger_left_middle": {
					"rotation": [0, 0, 15]
				},
				"finger_left_back": {
					"rotation": [0, 0, 20]
				},
				"leg_right": {
					"rotation": [-70, 30, 0]
				},
				"leg_right2": {
					"rotation": ["10+3*(math.sin(q.anim_time*90*1)*1+1)", 0, 0]
				},
				"leg_right3": {
					"rotation": [15, 0, 0]
				},
				"leg_right4": {
					"rotation": [20, 0, 0]
				},
				"foot_right": {
					"rotation": [30, 0, 0]
				},
				"leg_left": {
					"rotation": [-45, -30, 0]
				},
				"leg_left2": {
					"rotation": ["20+3*(math.sin(q.anim_time*90*1+180)*1+1)", 0, 0]
				},
				"leg_left4": {
					"rotation": [10, 0, 0]
				},
				"foot_left": {
					"rotation": [27.5, 0, 0]
				}
			}
		},
		"animation.riolu.shoulder_right": {
			"loop": true,
			"bones": {
				"body": {
					"position": [-3, -9.5, -1]
				},
				"waist": {
					"position": [0, "0+0.01*(math.sin(q.anim_time*90*2-90)*1+1)", 0]
				},
				"tail": {
					"rotation": [17.5, "3*(math.sin(q.anim_time*90*2)*1)+4*(math.sin(q.anim_time*90*2/2)*1)", 0]
				},
				"tail2": {
					"rotation": [17.5, "4*(math.sin(q.anim_time*90*2)*1)+4*(math.sin(q.anim_time*90*2/2)*1)", 0]
				},
				"tail3": {
					"rotation": [0, "4*(math.sin(q.anim_time*90*2)*1)+4*(math.sin(q.anim_time*90*2/2)*1)", 0]
				},
				"torso": {
					"position": [0, "0+0.01*(math.sin(q.anim_time*90*2-90)*1+1)", 0]
				},
				"head": {
					"rotation": ["5+0.5*(math.sin(q.anim_time*90*2)*1+1)", -2.5, 0]
				},
				"aura_sensor_right": {
					"rotation": [0, 0, "0+1*(math.sin(q.anim_time*90*2-40)*1+1)"]
				},
				"aura_sensor_left": {
					"rotation": [15, -45, 0],
					"position": [0, -0.4, 0]
				},
				"arm_right": {
					"rotation": [0, 32.5, "-52.5+0.8*(math.sin(q.anim_time*90*2)*1+1)"]
				},
				"arm_right2": {
					"rotation": [0, -35, 0]
				},
				"hand_right": {
					"rotation": [0, 0, -5]
				},
				"finger_right_front": {
					"rotation": [0, 0, -20]
				},
				"finger_right_middle": {
					"rotation": [0, 0, -15]
				},
				"finger_right_back": {
					"rotation": [0, 0, -20]
				},
				"arm_left": {
					"rotation": [70, "35-0.8*(math.sin(q.anim_time*90*2)*1+1)", 55],
					"position": [0.3, 0, 0]
				},
				"arm_left2": {
					"rotation": [0, 27.5, 0]
				},
				"hand_left": {
					"rotation": [0, 0, 5]
				},
				"finger_left_front": {
					"rotation": [0, 0, 20]
				},
				"finger_left_middle": {
					"rotation": [0, 0, 15]
				},
				"finger_left_back": {
					"rotation": [0, 0, 25]
				},
				"leg_right": {
					"rotation": [-45, 30, 0]
				},
				"leg_right2": {
					"rotation": ["20+3*(math.sin(q.anim_time*90*1+180)*1+1)", 0, 0]
				},
				"leg_right4": {
					"rotation": [10, 0, 0]
				},
				"foot_right": {
					"rotation": [27.5, 0, 0]
				},
				"leg_left": {
					"rotation": [-70, -30, 0]
				},
				"leg_left2": {
					"rotation": ["10+3*(math.sin(q.anim_time*90*1)*1+1)", 0, 0]
				},
				"leg_left3": {
					"rotation": [15, 0, 0]
				},
				"leg_left4": {
					"rotation": [20, 0, 0]
				},
				"foot_left": {
					"rotation": [30, 0, 0]
				}
			}
		},
		"animation.riolu.cry": {
			"animation_length": 1,
			"bones": {
				"torso": {
					"rotation": {
						"0.0": [0, 0, 0],
						"0.125": [-0.47, 0, 0],
						"0.2083": [-0.08, 0, 0],
						"0.2917": [-0.6, 0, 0],
						"0.4583": [0, 0, 0]
					}
				},
				"head": {
					"rotation": {
						"0.0": [0, 0, 0],
						"0.0417": [-0.8, 0, 0],
						"0.1667": [2.5, 0, 0],
						"0.25": [-1, 0, 0],
						"0.4167": [-0.1, 0, 0],
						"0.4583": [0, 0, 0]
					}
				},
				"jaw": {
					"position": {
						"0.0": [0, 0, 0],
						"0.0417": {
							"pre": [0, 0, 0],
							"post": [0, 1, 0]
						},
						"0.125": [0, 1, 0],
						"0.1667": {
							"pre": [0, 1, 0],
							"post": [0, 0, 0]
						},
						"0.2083": {
							"pre": [0, 0, 0],
							"post": [0, 1, 0]
						},
						"0.4583": [0, 1, 0],
						"0.5": {
							"pre": [0, 1, 0],
							"post": [0, 0, 0]
						}
					}
				},
				"mouth_open": {
					"position": {
						"0.0": [0, 0, 0],
						"0.0417": {
							"pre": [0, 0, 0],
							"post": [0, -1, -0.5]
						},
						"0.125": [0, -1, -0.5],
						"0.1667": {
							"pre": [0, -1, -0.5],
							"post": [0, 0, 0]
						},
						"0.2083": {
							"pre": [0, 0, 0],
							"post": [0, -1, -0.5]
						},
						"0.4583": [0, -1, -0.5],
						"0.5": {
							"pre": [0, -1, -0.5],
							"post": [0, 0, 0]
						}
					}
				}
			},
			"sound_effects": {
				"0.0": {
					"effect": "pokemon.riolu.cry"
				}
			}
		},
		"animation.riolu.uppies": {
			"animation_length": 3,
			"bones": {
				"body": {
					"position": {
						"0.9167": {
							"pre": [0, 0, 0],
							"post": [0, 0, 0],
							"lerp_mode": "catmullrom"
						},
						"1.0417": {
							"post": [0, 2, 0],
							"lerp_mode": "catmullrom"
						},
						"1.1667": {
							"post": [0, 2, 0],
							"lerp_mode": "catmullrom"
						},
						"1.3333": {
							"post": [0, 0, 0],
							"lerp_mode": "catmullrom"
						},
						"1.4167": {
							"post": [0, -0.3, 0],
							"lerp_mode": "catmullrom"
						},
						"1.5833": {
							"post": [0, 0, 0],
							"lerp_mode": "catmullrom"
						}
					}
				},
				"waist": {
					"position": {
						"0.125": [0, 0, 0],
						"0.4583": [0, 1, -0.5],
						"0.625": [0, 1, -0.5],
						"0.8333": [0, 0.4, -0.6],
						"0.9583": [0, 1, -0.5],
						"1.3333": [0, 1, -0.5],
						"1.4167": [0, 0.8, -0.5],
						"1.5833": [0, 1, -0.5]
					}
				},
				"tail": {
					"rotation": {
						"1.2917": [0, 0, 0],
						"1.4167": [-3.55, 0, 0],
						"1.4583": [-3.9, 0, 0],
						"1.5417": [-3.62, 0, 0],
						"1.6667": [-0.77, 0, 0],
						"1.7917": [0, 0, 0]
					}
				},
				"torso": {
					"rotation": {
						"0.0": [0, 0, 0],
						"0.5": [-5, 0, 0]
					}
				},
				"eye_right_emote": {
					"position": {
						"0.2083": [0, 0, 0],
						"0.3333": [0, 0.2, 0]
					}
				},
				"pupil_right": {
					"position": {
						"0.2083": [0, 0, 0],
						"0.3333": [0, 0.2, 0]
					}
				},
				"eye_left_emote": {
					"position": {
						"0.2083": [0, 0, 0],
						"0.3333": [0, 0.2, 0]
					}
				},
				"pupil_left": {
					"position": {
						"0.2083": [0, 0, 0],
						"0.3333": [0, 0.2, 0]
					}
				},
				"jaw": {
					"position": {
						"0.2083": [0, 0, 0],
						"0.25": {"pre": [0, 0, 0], "post": [0, 0.6, 0]}
					}
				},
				"mouth_open": {
					"position": {
						"0.2083": [0, 0, 0],
						"0.25": {"pre": [0, 0, 0], "post": [0, -0.3, -0.5]},
						"0.3333": [0, -0.6, -0.5]
					}
				},
				"aura_sensor_right": {
					"rotation": {
						"0.9167": [0, 0, 0],
						"0.9583": [0, 0, -0.47],
						"1.0417": [0, 0, -5],
						"1.0833": [0, 0, -5.5],
						"1.1667": [0, 0, -4.1],
						"1.25": [0, 0, 3.9],
						"1.2917": [0, 0, 6.05],
						"1.3333": [0, 0, 6.9],
						"1.375": [0, 0, 5.6],
						"1.5": [0, 0, -1.17],
						"1.5417": [0, 0, -2],
						"1.625": [0, 0, -0.97],
						"1.6667": [0, 0, 0]
					}
				},
				"aura_sensor_left": {
					"rotation": {
						"0.9167": [0, 0, 0],
						"0.9583": [0, 0, 0.47],
						"1.0417": [0, 0, 5],
						"1.0833": [0, 0, 5.5],
						"1.1667": [0, 0, 4.1],
						"1.25": [0, 0, -3.9],
						"1.2917": [0, 0, -6.05],
						"1.3333": [0, 0, -6.9],
						"1.375": [0, 0, -5.6],
						"1.5": [0, 0, 1.17],
						"1.5417": [0, 0, 2],
						"1.625": [0, 0, 0.97],
						"1.6667": [0, 0, 0]
					}
				},
				"arm_right": {
					"rotation": {
						"0.0": [0, 0, 0],
						"0.5": [-92.5, -45, 80],
						"1.375": [-92.5, -45, 80],
						"1.4583": [-92.5, -45, 78],
						"1.5833": [-92.5, -45, 80]
					}
				},
				"arm_right2": {
					"rotation": {
						"0.0": [0, -5, 0],
						"0.5": [0, -5, 0]
					}
				},
				"hand_right": {
					"rotation": {
						"0.0": [0, 0, 0],
						"0.5": [0, 0, 15]
					}
				},
				"arm_left": {
					"rotation": {
						"0.0": [0, 0, 0],
						"0.5": [-92.5, 45, -80],
						"1.375": [-92.5, 45, -80],
						"1.4583": [-92.5, 45, -78],
						"1.5833": [-92.5, 45, -80]
					}
				},
				"arm_left2": {
					"rotation": {
						"0.0": [0, 0, 0],
						"0.5": [0, 5, 0]
					}
				},
				"hand_left": {
					"rotation": {
						"0.0": [0, 0, 0],
						"0.5": [0, 0, -15]
					}
				},
				"leg_right": {
					"rotation": {
						"0.125": [0, 0, 0],
						"0.4583": [0, 0, 0]
					},
					"position": {
						"0.125": [0, 0, 0],
						"0.4583": [0, 0.7, -0.5],
						"0.625": [0, 0.7, -0.5],
						"0.8333": [-0.1, -0.1, -0.6],
						"0.9583": [0, 0.7, -0.5]
					}
				},
				"leg_right2": {
					"rotation": {
						"0.625": [0, 0, 0],
						"0.8333": [2.5, 0, 0],
						"0.9583": [0, 0, 0]
					}
				},
				"leg_right3": {
					"rotation": {
						"0.625": [0, 0, 0],
						"0.8333": [15, 0, 0],
						"0.9583": [0, 0, 0]
					}
				},
				"leg_right4": {
					"rotation": {
						"0.125": [0, 0, 0],
						"0.4583": [-1, 0, 0],
						"0.625": [-1, 0, 0],
						"0.8333": [-18.5, 0, 0],
						"0.9583": [-1, 0, 0],
						"1.25": [-1, 0, 0],
						"1.375": [2, 0, 0],
						"1.4583": [2, 0, 0],
						"1.5833": [0, 0, 0]
					}
				},
				"foot_right": {
					"rotation": {
						"0.125": [0, 0, 0],
						"0.4583": [24, 0, 0],
						"0.9167": [24, 0, 0],
						"1.0": [29, 0, 0],
						"1.25": [29, 0, 0],
						"1.375": [12, 0, 0],
						"1.4167": [11, 0, 0],
						"1.4583": [12, 0, 0],
						"1.5833": [21, 0, 0]
					}
				},
				"foot_right2": {
					"rotation": {
						"0.125": [0, 0, 0],
						"0.4583": [-23, 0, 0],
						"0.875": [-23, 0, 0],
						"1.0": [-13, 0, 0],
						"1.25": [-13, 0, 0],
						"1.375": [-14, 0, 0],
						"1.4167": [-13.8, 0, 0],
						"1.5833": [-18, 0, 0]
					}
				},
				"leg_left": {
					"rotation": {
						"0.125": [0, 0, 0],
						"0.4583": [0, 0, 0]
					},
					"position": {
						"0.125": [0, 0, 0],
						"0.4583": [0, 0.7, -0.5],
						"0.625": [0, 0.7, -0.5],
						"0.8333": [0.1, -0.1, -0.6],
						"0.9583": [0, 0.7, -0.5]
					}
				},
				"leg_left2": {
					"rotation": {
						"0.625": [0, 0, 0],
						"0.8333": [2.5, 0, 0],
						"0.9583": [0, 0, 0]
					}
				},
				"leg_left3": {
					"rotation": {
						"0.625": [0, 0, 0],
						"0.8333": [15, 0, 0],
						"0.9583": [0, 0, 0]
					}
				},
				"leg_left4": {
					"rotation": {
						"0.125": [0, 0, 0],
						"0.4583": [-1, 0, 0],
						"0.625": [-1, 0, 0],
						"0.8333": [-18.5, 0, 0],
						"0.9583": [-1, 0, 0],
						"1.25": [-1, 0, 0],
						"1.375": [2, 0, 0],
						"1.4583": [2, 0, 0],
						"1.5833": [0, 0, 0]
					}
				},
				"foot_left": {
					"rotation": {
						"0.125": [0, 0, 0],
						"0.4583": [24, 0, 0],
						"0.9167": [24, 0, 0],
						"1.0": [29, 0, 0],
						"1.25": [29, 0, 0],
						"1.375": [12, 0, 0],
						"1.4167": [11, 0, 0],
						"1.4583": [12, 0, 0],
						"1.5833": [21, 0, 0]
					}
				},
				"foot_left2": {
					"rotation": {
						"0.125": [0, 0, 0],
						"0.4583": [-23, 0, 0],
						"0.875": [-23, 0, 0],
						"1.0": [-13, 0, 0],
						"1.25": [-13, 0, 0],
						"1.375": [-14, 0, 0],
						"1.4167": [-13.8, 0, 0],
						"1.5833": [-18, 0, 0]
					}
				}
			}
		},
		"animation.riolu.lookaround": {
			"animation_length": 3,
			"bones": {
				"torso": {
					"rotation": {
						"0.125": [0, 0, 0],
						"0.375": [0, 1.5, 0],
						"0.7917": [0, 1.5, 0],
						"1.2917": [0, -1.5, 0],
						"1.7083": [0, -1.5, 0],
						"2.0": [0, 0, 0]
					}
				},
				"head": {
					"rotation": {
						"0.0": [0, 0, 0],
						"0.25": {
							"pre": [0, 14.46, 0],
							"post": [0, 14.46, 0],
							"lerp_mode": "catmullrom"
						},
						"0.875": {
							"post": [0, 14, 0],
							"lerp_mode": "catmullrom"
						},
						"1.2083": {
							"post": [0, -12, 0],
							"lerp_mode": "catmullrom"
						},
						"1.8333": {
							"post": [0, -12.67, 0],
							"lerp_mode": "catmullrom"
						},
						"2.2917": [0, 0, 0]
					}
				},
				"eye_right_emote": {
					"position": {
						"0.125": [0, 0, 0],
						"0.1667": {
							"pre": [0, 0, 0],
							"post": [0, -0.4, 0]
						},
						"1.0417": {
							"pre": [0, -0.4, 0],
							"post": [0, -0.4, 0]
						},
						"1.0833": {
							"pre": [0, -0.4, 0],
							"post": [0, 0, 0]
						},
						"1.9583": {
							"pre": [0, 0, 0],
							"post": [0, 0, 0]
						},
						"2.0": {
							"pre": [0, 0, 0],
							"post": [0, 0, 0]
						}
					}
				},
				"pupil_right": {
					"position": {
						"0.125": [0, 0, 0],
						"0.1667": {
							"pre": [0, 0, 0],
							"post": [-0.6, 0, 0]
						},
						"1.0417": {
							"pre": [-0.6, 0, 0],
							"post": [-0.6, 0, 0]
						},
						"1.0833": {
							"pre": [-0.6, 0, 0],
							"post": [0.1, 0, 0]
						},
						"1.9583": {
							"pre": [0.1, 0, 0],
							"post": [0.1, 0, 0]
						},
						"2.0": {
							"pre": [0.1, 0, 0],
							"post": [0, 0, 0]
						}
					}
				},
				"eye_left_emote": {
					"position": {
						"1.0417": [0, 0, 0],
						"1.0833": {
							"pre": [0, 0, 0],
							"post": [0, -0.4, 0]
						},
						"1.9583": {
							"pre": [0, -0.4, 0],
							"post": [0, -0.4, 0]
						},
						"2.0": {
							"pre": [0, -0.4, 0],
							"post": [0, 0, 0]
						}
					}
				},
				"pupil_left": {
					"position": {
						"0.125": [0, 0, 0],
						"0.1667": {
							"pre": [0, 0, 0],
							"post": [-0.1, 0, 0]
						},
						"1.0417": {
							"pre": [-0.1, 0, 0],
							"post": [-0.1, 0, 0]
						},
						"1.0833": {
							"pre": [-0.1, 0, 0],
							"post": [0.6, 0, 0]
						},
						"1.9583": {
							"pre": [0.6, 0, 0],
							"post": [0.6, 0, 0]
						},
						"2.0": {
							"pre": [0.6, 0, 0],
							"post": [0, 0, 0]
						}
					}
				},
				"jaw": {
					"position": {
						"0.125": [0, 0, 0],
						"0.1667": {
							"pre": [0, 0, 0],
							"post": [0, 1, 0]
						},
						"1.9583": {
							"pre": [0, 1, 0],
							"post": [0, 1, 0]
						},
						"2.0": {
							"pre": [0, 1, 0],
							"post": [0, 0, 0]
						}
					}
				},
				"mouth_open3": {
					"position": {
						"0.125": [0, 0, 0],
						"0.1667": {
							"pre": [0, 0, 0],
							"post": [0, -0.8, -0.5]
						},
						"1.9583": {
							"pre": [0, -0.8, -0.5],
							"post": [0, -0.8, -0.5]
						},
						"2.0": {
							"pre": [0, -0.8, -0.5],
							"post": [0, 0, 0]
						}
					}
				}
			}
		}
	}
}