{
	"format_version": "1.8.0",
	"animations": {
		"animation.ursaluna.ground_idle": {
			"loop": true,
			"bones": {
				"torso": {
					"rotation": ["-5-Math.cos((query.anim_time)*90*2-00)*0.5", 0, 0]
				},
				"shoulder_left": {
					"rotation": [0, -22.5, 52.5],
					"position": [0, -0.25, "0+Math.cos((query.anim_time)*90*2-0)*0.25"]
				},
				"arm_left": {
					"rotation": [10, "0+Math.cos((query.anim_time)*90*2-30)*1", 20]
				},
				"spikes_torso_main": {
					"rotation": [-7.5, 0, 0]
				},
				"tail": {
					"rotation": ["12.5-Math.cos((query.anim_time)*90*1-30)*2", "0-Math.cos((query.anim_time)*90*2-30)*5", 0]
				},
				"arm_left2": {
					"rotation": [3.20462, "33.832-Math.cos((query.anim_time)*90*2-30)*2.5", 15.47261]
				},
				"hand_left": {
					"rotation": [-0.33884, "-18.4903+Math.cos((query.anim_time)*90*2-60)*1", 0.17868]
				},
				"leg_left_rotate": {
					"rotation": [0, -5, 0]
				},
				"thigh_left": {
					"rotation": [5, 0, 0]
				},
				"thumb_left": {
					"rotation": [-67.5, 0, 0]
				},
				"shoulder_right": {
					"rotation": [0, 22.5, -55],
					"position": [0, -0.2, "0+Math.cos((query.anim_time)*90*2-0)*0.25"]
				},
				"arm_right": {
					"rotation": [10, "0-Math.cos((query.anim_time)*90*2-30)*1", -20]
				},
				"arm_right2": {
					"rotation": [3.2046, "-33.832+Math.cos((query.anim_time)*90*2-30)*2.5", -15.4726]
				},
				"hand_right": {
					"rotation": [-0.3369, "17.4903-Math.cos((query.anim_time)*90*2-60)*1", -0.1725]
				},
				"thumb_right": {
					"rotation": [-67.5, 0, 0]
				},
				"leg_left": {
					"rotation": [10, 0, 0]
				},
				"foot_left": {
					"rotation": [-15, 0, 0]
				},
				"thigh_right": {
					"rotation": [5, 0, 0]
				},
				"leg_right": {
					"rotation": [10, 0, 0]
				},
				"foot_right": {
					"rotation": [-15, 0, 0]
				},
				"leg_right_rotate": {
					"rotation": [0, 5, 0]
				},
				"head": {
					"rotation": ["10-Math.cos((query.anim_time)*90*2-90)*2", 0, 0]
				},
				"spike_bottom_main": {
					"rotation": [10, 0, 0]
				},
				"eye_left": {
					"position": [0, 0, 0]
				},
				"hip": {
					"position": [0, "0+Math.cos((query.anim_time)*90*2-30)*0.1", 0]
				},
				"upper_body": {
					"rotation": ["0-Math.cos((query.anim_time)*90*2-30)*0.75", 0, 0]
				}
			}
		},
		"animation.ursaluna.ground_walk": {
			"loop": true,
			"animation_length": 1.25,
			"bones": {
				"torso": {
					"rotation": ["-5.5-Math.cos((query.anim_time)*90*6.4-0)*0.25", 0, 0]
				},
				"shoulder_left": {
					"rotation": {
						"0.0": {
							"post": [-12.16682, 8.03408, 54.96491],
							"lerp_mode": "catmullrom"
						},
						"0.625": {
							"post": [16.45441, -32.3498, 44.95446],
							"lerp_mode": "catmullrom"
						},
						"1.25": {
							"post": [-12.16682, 8.03408, 54.96491],
							"lerp_mode": "catmullrom"
						}
					},
					"position": {
						"0.0": [0, -2.25, 0.25],
						"0.375": [0, 1.75, 0.25],
						"0.625": [0, 0.75, 0.25],
						"0.875": [0, 3.75, 0.25],
						"1.25": [0, -2.25, 0.25]
					}
				},
				"arm_left": {
					"rotation": [10, 0.86603, 20]
				},
				"spikes_torso_main": {
					"rotation": [-7.5, 0, 0]
				},
				"tail": {
					"rotation": ["0+Math.cos((query.anim_time)*90*6.4-10)*3", "0+Math.cos((query.anim_time)*90*3.2-30)*2.5", 0]
				},
				"arm_left2": {
					"rotation": {
						"0.0": {
							"post": [3.20462, 31.66694, 15.47261],
							"lerp_mode": "catmullrom"
						},
						"0.625": {
							"post": [2.76264, 9.1965, 14.23084],
							"lerp_mode": "catmullrom"
						},
						"1.25": {
							"post": [3.20462, 31.66694, 15.47261],
							"lerp_mode": "catmullrom"
						}
					}
				},
				"hand_left": {
					"rotation": {
						"0.0": {
							"post": [-0.48154, -47.98959, 0.43182],
							"lerp_mode": "catmullrom"
						},
						"0.375": {
							"post": [-0.34582, -10.4904, 0.13955],
							"lerp_mode": "catmullrom"
						},
						"0.625": {
							"post": [-0.3247, 7.00929, 0.0344],
							"lerp_mode": "catmullrom"
						},
						"0.875": {
							"post": [-0.33878, -14.99034, 0.16227],
							"lerp_mode": "catmullrom"
						},
						"1.25": {
							"post": [-0.48154, -47.98959, 0.43182],
							"lerp_mode": "catmullrom"
						}
					},
					"position": {
						"0.0": [1, 0, 0],
						"0.625": {
							"pre": [0, 0, 0],
							"post": [0, 0, 0],
							"lerp_mode": "catmullrom"
						},
						"1.25": [1, 0, 0]
					}
				},
				"leg_left_rotate": {
					"rotation": [0, -5, 0]
				},
				"thigh_left": {
					"rotation": {
						"0.0": {
							"post": [20, 0, 0],
							"lerp_mode": "catmullrom"
						},
						"0.625": {
							"post": [5, 0, 0],
							"lerp_mode": "catmullrom"
						},
						"1.25": {
							"post": [20, 0, 0],
							"lerp_mode": "catmullrom"
						}
					},
					"position": {
						"0.0": {
							"post": [0, 0, 1.5],
							"lerp_mode": "catmullrom"
						},
						"0.25": {
							"post": [0, 1.5, 0.97],
							"lerp_mode": "catmullrom"
						},
						"0.625": [0, 0, 0],
						"1.25": {
							"pre": [0, 0, 1.5],
							"post": [0, 0, 1.5],
							"lerp_mode": "catmullrom"
						}
					}
				},
				"thumb_left": {
					"rotation": [-67.5, 0, 0]
				},
				"shoulder_right": {
					"rotation": {
						"0.0": {
							"post": [16.45441, 32.3498, -44.95446],
							"lerp_mode": "catmullrom"
						},
						"0.625": {
							"post": [-12.16682, -8.03408, -54.96491],
							"lerp_mode": "catmullrom"
						},
						"1.25": {
							"post": [16.45441, 32.3498, -44.95446],
							"lerp_mode": "catmullrom"
						}
					},
					"position": {
						"0.0": [0, 0.75, 0.25],
						"0.25": [0, 3.75, 0.25],
						"0.625": [0, -2.25, 0.25],
						"1.0": [0, 1.75, 0.25],
						"1.25": [0, 0.75, 0.25]
					},
					"scale": 1
				},
				"arm_right": {
					"rotation": [10, -0.86603, -20]
				},
				"arm_right2": {
					"rotation": {
						"0.0": {
							"post": [2.76264, -9.1965, -14.23084],
							"lerp_mode": "catmullrom"
						},
						"0.625": {
							"post": [3.20462, -31.66694, -15.47261],
							"lerp_mode": "catmullrom"
						},
						"1.25": {
							"post": [2.76264, -9.1965, -14.23084],
							"lerp_mode": "catmullrom"
						}
					},
					"position": [0, 0, 0]
				},
				"hand_right": {
					"rotation": {
						"0.0": {
							"post": [-0.3247, -7.00929, -0.0344],
							"lerp_mode": "catmullrom"
						},
						"0.25": {
							"post": [-0.33878, 14.99034, -0.16227],
							"lerp_mode": "catmullrom"
						},
						"0.625": {
							"post": [-0.48154, 47.9896, -0.4318],
							"lerp_mode": "catmullrom"
						},
						"1.0": {
							"post": [-0.34582, 10.4904, -0.13955],
							"lerp_mode": "catmullrom"
						},
						"1.25": {
							"post": [-0.3247, -7.00929, -0.0344],
							"lerp_mode": "catmullrom"
						}
					},
					"position": {
						"0.0": {
							"post": [0, 0, 0],
							"lerp_mode": "catmullrom"
						},
						"0.625": [-1, 0, 0],
						"1.25": {
							"pre": [0, 0, 0],
							"post": [0, 0, 0],
							"lerp_mode": "catmullrom"
						}
					}
				},
				"thumb_right": {
					"rotation": [-67.5, 0, 0]
				},
				"leg_left": {
					"rotation": {
						"0.0": {
							"post": [20, 0, 0],
							"lerp_mode": "catmullrom"
						},
						"0.625": {
							"post": [0, 0, 0],
							"lerp_mode": "catmullrom"
						},
						"1.25": {
							"post": [20, 0, 0],
							"lerp_mode": "catmullrom"
						}
					}
				},
				"foot_left": {
					"rotation": {
						"0.0": {
							"post": [-7.5, 0, 0],
							"lerp_mode": "catmullrom"
						},
						"0.625": {
							"post": [-5, 0, 0],
							"lerp_mode": "catmullrom"
						},
						"1.0": {
							"post": [-12.5, 0, 0],
							"lerp_mode": "catmullrom"
						},
						"1.25": {
							"post": [-7.5, 0, 0],
							"lerp_mode": "catmullrom"
						}
					},
					"position": {
						"0.0": [0, 0, 0.5],
						"0.625": [0, 0, 0.5],
						"1.0": [0, -0.5, 0.5],
						"1.25": [0, 0, 0.5]
					}
				},
				"thigh_right": {
					"rotation": {
						"0.0": {
							"post": [5, 0, 0],
							"lerp_mode": "catmullrom"
						},
						"0.625": {
							"post": [25, 0, 0],
							"lerp_mode": "catmullrom"
						},
						"1.25": {
							"post": [5, 0, 0],
							"lerp_mode": "catmullrom"
						}
					},
					"position": {
						"0.0": {
							"post": [0, 0, 0],
							"lerp_mode": "catmullrom"
						},
						"0.375": {
							"post": [0, 0, 0],
							"lerp_mode": "catmullrom"
						},
						"0.625": {
							"post": [0, 0, 0],
							"lerp_mode": "catmullrom"
						},
						"0.875": {
							"post": [0, 1, 0],
							"lerp_mode": "catmullrom"
						},
						"1.25": {
							"post": [0, 0, 0],
							"lerp_mode": "catmullrom"
						}
					}
				},
				"leg_right": {
					"rotation": {
						"0.0": {
							"post": [0, 0, 0],
							"lerp_mode": "catmullrom"
						},
						"0.625": {
							"post": [20, 0, 0],
							"lerp_mode": "catmullrom"
						},
						"1.25": {
							"post": [0, 0, 0],
							"lerp_mode": "catmullrom"
						}
					}
				},
				"foot_right": {
					"rotation": {
						"0.0": {
							"post": [-5, 0, 0],
							"lerp_mode": "catmullrom"
						},
						"0.375": {
							"post": [-12.5, 0, 0],
							"lerp_mode": "catmullrom"
						},
						"0.625": {
							"post": [-7.5, 0, 0],
							"lerp_mode": "catmullrom"
						},
						"1.25": {
							"post": [-5, 0, 0],
							"lerp_mode": "catmullrom"
						}
					},
					"position": {
						"0.0": [0, 0, 0.5],
						"0.375": [0, -0.5, 0.5],
						"0.625": [0, 0, 0.5],
						"1.25": [0, 0, 0.5]
					}
				},
				"leg_right_rotate": {
					"rotation": [0, 5, 0]
				},
				"head": {
					"rotation": ["10-Math.cos((query.anim_time)*90*6.4-60)*1.5", 0, 0]
				},
				"spike_bottom_main": {
					"rotation": [10, 0, 0]
				},
				"eye_left": {
					"position": [0, 0, 0]
				},
				"hip": {
					"position": [0, "0-Math.cos((query.anim_time)*90*6.4-90)*0.75", "0-Math.cos((query.anim_time)*90*3.2-90)*0.75"]
				},
				"upper_body": {
					"rotation": ["-0.6495-Math.cos((query.anim_time)*90*6.4-30)*0.75", 0, 0],
					"position": [0, "0+Math.cos((query.anim_time)*90*6.4-90)*0.75", 0]
				},
				"hand_right2": {
					"rotation": {
						"0.0": {
							"post": [0, -12.5, 0],
							"lerp_mode": "catmullrom"
						},
						"0.25": {
							"post": [0, -0.01, 0],
							"lerp_mode": "catmullrom"
						},
						"0.4583": {
							"post": [0, 3.01, 0],
							"lerp_mode": "catmullrom"
						},
						"0.625": {
							"post": [0, 3.01, 0],
							"lerp_mode": "catmullrom"
						},
						"1.0": {
							"post": [0, -7.5, 0],
							"lerp_mode": "catmullrom"
						},
						"1.25": {
							"post": [0, -12.5, 0],
							"lerp_mode": "catmullrom"
						}
					},
					"position": {
						"0.0": {
							"post": [0, 0, 1],
							"lerp_mode": "catmullrom"
						},
						"0.25": {
							"post": [0, 0, 0],
							"lerp_mode": "catmullrom"
						},
						"0.625": {
							"post": [0, 0, 1],
							"lerp_mode": "catmullrom"
						},
						"1.0": {
							"post": [0, 0, 0],
							"lerp_mode": "catmullrom"
						},
						"1.25": {
							"post": [0, 0, 1],
							"lerp_mode": "catmullrom"
						}
					}
				},
				"hand_left2": {
					"rotation": {
						"0.0": {
							"post": [0, -5.51, 0],
							"lerp_mode": "catmullrom"
						},
						"0.375": {
							"post": [0, 7.5, 0],
							"lerp_mode": "catmullrom"
						},
						"0.625": {
							"post": [0, 12.5, 0],
							"lerp_mode": "catmullrom"
						},
						"0.875": {
							"post": [0, 0.01, 0],
							"lerp_mode": "catmullrom"
						},
						"1.0833": {
							"post": [0, -5.51, 0],
							"lerp_mode": "catmullrom"
						},
						"1.25": {
							"post": [0, -5.51, 0],
							"lerp_mode": "catmullrom"
						}
					},
					"position": {
						"0.0": {
							"post": [0, 0, 1],
							"lerp_mode": "catmullrom"
						},
						"0.375": {
							"post": [0, 0, 0],
							"lerp_mode": "catmullrom"
						},
						"0.875": {
							"post": [0, 0, 0],
							"lerp_mode": "catmullrom"
						},
						"1.25": {
							"post": [0, 0, 1],
							"lerp_mode": "catmullrom"
						}
					}
				},
				"foot_right2": {
					"rotation": {
						"0.0": [0, 0, 0],
						"0.375": [-12.5, 0, 0],
						"0.625": [-20, 0, 0],
						"0.875": [9, 0, 0],
						"1.25": [0, 0, 0]
					}
				},
				"foot_left2": {
					"rotation": {
						"0.0": [-20, 0, 0],
						"0.25": [-13.5, 0, 0],
						"0.625": [0, 0, 0],
						"1.0": [-12.5, 0, 0],
						"1.25": [-20, 0, 0]
					}
				}
			}
		},
		"animation.ursaluna.blink": {
			"animation_length": 0.1667,
			"bones": {
				"eyelid_left": {
					"position": {
						"0.0": [0, 0, -0.1],
						"0.125": [0, 0, -0.1],
						"0.1667": [0, 0, 0.1]
					}
				},
				"eyelid_right": {
					"position": {
						"0.0": [0, 0, -0.1],
						"0.125": [0, 0, -0.1],
						"0.1667": [0, 0, 0.1]
					}
				}
			}
		},
		"animation.ursaluna.cry": {
			"animation_length": 1,
			"bones": {
				"head": {
					"rotation": {
						"0.0": [0, 0, 0],
						"0.125": {
							"pre": [-12, 0, 0],
							"post": [-12, 0, 0],
							"lerp_mode": "catmullrom"
						},
						"0.6667": {
							"post": [-10, 0, 0],
							"lerp_mode": "catmullrom"
						},
						"1.0": [0, 0, 0]
					}
				},
				"jaw": {
					"rotation": {
						"0.0": [0, 0, 0],
						"0.1667": {
							"pre": [55, 0, 0],
							"post": [55, 0, 0],
							"lerp_mode": "catmullrom"
						},
						"0.5417": {
							"post": [55, 0, 0],
							"lerp_mode": "catmullrom"
						},
						"0.9167": [0, 0, 0]
					}
				}
			},
			"sound_effects": {
				"0.0417": {
					"effect": "pokemon.ursaluna.cry"
				}
			}
		}
	}
}