{
	"format_version": "1.8.0",
	"animations": {
		"animation.mimikyu.ground_idle": {
			"loop": true,
			"bones": {
				"hand_right": {
					"position": [7, 0, 0]
				},
				"hand_right2": {
					"position": [4, 0, 0]
				},
				"hand_right3": {
					"position": [4, 0, 0]
				},
				"hand_right4": {
					"position": [4, 0, 0]
				},
				"hand_right5": {
					"position": [4, 0, 0]
				},
				"hand_left": {
					"position": [-7, 0, 0]
				},
				"hand_left2": {
					"position": [-4, 0, 0]
				},
				"hand_left3": {
					"position": [-4, 0, 0]
				},
				"hand_left4": {
					"position": [-4, 0, 0]
				},
				"hand_left5": {
					"position": [-4, 0, 0]
				},
				"torso_top": {
					"rotation": ["-4.9953+math.sin(q.anim_time*90*2-0)*3", "0.2178+math.sin(q.anim_time*90*1-0)*2", "2.4905+math.sin(q.anim_time*90*1-0)*1"]
				},
				"head": {
					"rotation": ["-9.8511+math.sin(q.anim_time*90*2-40)*2", "1.7279+math.sin(q.anim_time*90*1-40)*2", "9.8511+math.sin(q.anim_time*90*1-40)*1"]
				},
				"ear_right1": {
					"rotation": ["0+math.sin(q.anim_time*90*2-80)*2", 0, 0]
				},
				"ear_right2": {
					"rotation": ["0+math.sin(q.anim_time*90*2-120)*3", 0, 0]
				},
				"ear_left1": {
					"rotation": ["0+math.sin(q.anim_time*90*2-80)*2", 0, 0]
				},
				"ear_left2": {
					"rotation": ["0+math.sin(q.anim_time*90*2-120)*3", 0, 0]
				},
				"torso_bottom": {
					"rotation": [0, 0, 0]
				},
				"tail_bottom": {
					"rotation": ["2.5-math.sin(q.anim_time*90*2-40)*2", 0, 0]
				},
				"tail1": {
					"rotation": [0, "0+math.sin(q.anim_time*90*1-40)*3", 0]
				}
			}
		},
		"animation.mimikyu.ground_walk": {
			"loop": true,
			"bones": {
				"hand_right": {
					"position": [7, 0, 0]
				},
				"hand_right2": {
					"position": [4, 0, 0]
				},
				"hand_right3": {
					"position": [4, 0, 0]
				},
				"hand_right4": {
					"position": [4, 0, 0]
				},
				"hand_right5": {
					"position": [4, 0, 0]
				},
				"hand_left": {
					"position": [-7, 0, 0]
				},
				"hand_left2": {
					"position": [-4, 0, 0]
				},
				"hand_left3": {
					"position": [-4, 0, 0]
				},
				"hand_left4": {
					"position": [-4, 0, 0]
				},
				"hand_left5": {
					"position": [-4, 0, 0]
				},
				"torso_top": {
					"rotation": ["-19.9953+math.sin(q.anim_time*90*4-0)*2", "0.2178+math.sin(q.anim_time*90*2-0)*1", "2.4905+math.sin(q.anim_time*90*2-0)*1"],
					"position": [0, -0.1, 0.4]
				},
				"head": {
					"rotation": ["-14.8511+math.sin(q.anim_time*90*4-40)*1", 0, "9.8511+math.sin(q.anim_time*90*2-40)*1"],
					"position": [0, -0.2, 0]
				},
				"ear_right1": {
					"rotation": ["-10+math.sin(q.anim_time*90*4-80)*2.5", 0, 0]
				},
				"ear_right2": {
					"rotation": ["0+math.sin(q.anim_time*90*4-120)*4", 0, 0]
				},
				"ear_left1": {
					"rotation": ["-7.5+math.sin(q.anim_time*90*4-80)*2.5", 0, 0]
				},
				"ear_left2": {
					"rotation": ["0+math.sin(q.anim_time*90*4-120)*4", 0, 0]
				},
				"torso_bottom": {
					"rotation": [2.5, 0, 0]
				},
				"tail_bottom": {
					"rotation": ["2.5-math.sin(q.anim_time*90*4-40)*2", 0, 0]
				},
				"tail1": {
					"rotation": [-10, "math.sin(q.anim_time*90*4-40)*4", 0]
				},
				"body": {
					"position": ["0+math.sin(q.anim_time*90*2-40)*0.4", 0, "0-math.sin(q.anim_time*90*4-40)*0.5"]
				},
				"front_torso": {
					"rotation": [-5.5, 0, 0]
				}
			}
		},
		"animation.mimikyu.physical": {
			"loop": "hold_on_last_frame",
			"animation_length": 2.375,
			"bones": {
				"hand_right": {
					"rotation": {
						"0.0": {
							"post": [0, 0, 0],
							"lerp_mode": "catmullrom"
						},
						"0.0417": {
							"post": [0, 0, 0],
							"lerp_mode": "catmullrom"
						},
						"0.2083": {
							"post": [0, 0, 5],
							"lerp_mode": "catmullrom"
						},
						"0.7083": {
							"post": [0, 0, 5],
							"lerp_mode": "catmullrom"
						},
						"1.1667": {
							"post": [0, 17.5, 5],
							"lerp_mode": "catmullrom"
						},
						"1.2083": {
							"post": [-28.89476, -79.69532, 19.11351],
							"lerp_mode": "catmullrom"
						},
						"1.4167": [-87.23733, -76.20799, 87.61842],
						"1.5417": [-71.50494, -82.09657, 76.66882],
						"1.6667": [-2.72442, -40.78253, -0.23454],
						"1.75": {
							"pre": [0, 0, 5],
							"post": [0, 0, 5],
							"lerp_mode": "catmullrom"
						},
						"2.0833": {
							"post": [0, 0, 0],
							"lerp_mode": "catmullrom"
						},
						"2.375": [0, 0, 0]
					},
					"position": {
						"0.0": {
							"post": [7, 0, 0],
							"lerp_mode": "catmullrom"
						},
						"0.1667": {
							"post": [0, 0, 0],
							"lerp_mode": "catmullrom"
						},
						"0.7083": {
							"post": [0, 0, 0],
							"lerp_mode": "catmullrom"
						},
						"1.2083": {
							"post": [0, 0, 0],
							"lerp_mode": "catmullrom"
						},
						"1.25": {
							"post": [2, 0, -3],
							"lerp_mode": "catmullrom"
						},
						"1.3333": {
							"post": [2.17, 0, -3.26],
							"lerp_mode": "catmullrom"
						},
						"1.5417": {
							"post": [2, 0, -3],
							"lerp_mode": "catmullrom"
						},
						"1.75": {
							"post": [0, 0, 0],
							"lerp_mode": "catmullrom"
						},
						"2.0833": {
							"post": [7, 0, 0],
							"lerp_mode": "catmullrom"
						},
						"2.375": [7, 0, 0]
					},
					"scale": {
						"1.1667": [1, 1, 1],
						"1.2083": {
							"pre": [2, 1, 1],
							"post": [2, 1, 1],
							"lerp_mode": "catmullrom"
						},
						"1.3333": {
							"post": [1, 1, 1],
							"lerp_mode": "catmullrom"
						},
						"1.4583": [1, 1, 1],
						"2.375": [1, 1, 1]
					}
				},
				"hand_right2": {
					"rotation": {
						"0.0": {
							"post": [0, 0, 0],
							"lerp_mode": "catmullrom"
						},
						"0.0833": {
							"post": [0, 0, 0],
							"lerp_mode": "catmullrom"
						},
						"0.25": {
							"post": [0, 0, 7.5],
							"lerp_mode": "catmullrom"
						},
						"0.7083": {
							"post": [0, 0, 5],
							"lerp_mode": "catmullrom"
						},
						"1.2083": {
							"post": [-7.50706, 2.4786, 14.67348],
							"lerp_mode": "catmullrom"
						},
						"1.25": {
							"post": [-33.68398, -5.68421, 28.10478],
							"lerp_mode": "catmullrom"
						},
						"1.5833": {
							"post": [-36.18398, -5.68421, 28.10478],
							"lerp_mode": "catmullrom"
						},
						"1.7917": {
							"post": [0, 0, 5],
							"lerp_mode": "catmullrom"
						},
						"2.125": {
							"post": [0, 0, 0],
							"lerp_mode": "catmullrom"
						},
						"2.375": [0, 0, 0]
					},
					"position": {
						"0.0": {
							"post": [4, 0, 0],
							"lerp_mode": "catmullrom"
						},
						"0.2083": {
							"post": [0, 0, 0],
							"lerp_mode": "catmullrom"
						},
						"0.7083": {
							"post": [0, 0, 0],
							"lerp_mode": "catmullrom"
						},
						"1.25": {
							"post": [0, 0, 0],
							"lerp_mode": "catmullrom"
						},
						"1.5833": [0, 0, 0],
						"1.7917": {
							"pre": [0, 0, 0],
							"post": [0, 0, 0],
							"lerp_mode": "catmullrom"
						},
						"2.125": {
							"post": [4, 0, 0],
							"lerp_mode": "catmullrom"
						},
						"2.375": [4, 0, 0]
					}
				},
				"hand_right3": {
					"rotation": {
						"0.0": {
							"post": [0, 0, 0],
							"lerp_mode": "catmullrom"
						},
						"0.125": {
							"post": [0, 0, 0],
							"lerp_mode": "catmullrom"
						},
						"0.2917": {
							"post": [0, 0, 15],
							"lerp_mode": "catmullrom"
						},
						"0.7083": {
							"post": [0, 0, 10],
							"lerp_mode": "catmullrom"
						},
						"1.2083": {
							"post": [-4.90871, 6.06267, 22.02654],
							"lerp_mode": "catmullrom"
						},
						"1.25": {
							"post": [-8.10381, -10.91352, -2.4043],
							"lerp_mode": "catmullrom"
						},
						"1.5833": [-8.10381, -10.91352, -2.4043],
						"1.8333": {
							"pre": [0, 0, 10],
							"post": [0, 0, 10],
							"lerp_mode": "catmullrom"
						},
						"1.9167": {
							"post": [0.19407, 0.56058, -8.80514],
							"lerp_mode": "catmullrom"
						},
						"2.1667": {
							"post": [0, 0, 0],
							"lerp_mode": "catmullrom"
						},
						"2.375": [0, 0, 0]
					},
					"position": {
						"0.0": {
							"post": [4, 0, 0],
							"lerp_mode": "catmullrom"
						},
						"0.25": {
							"post": [0, 0, 0],
							"lerp_mode": "catmullrom"
						},
						"0.7083": {
							"post": [0, 0, 0],
							"lerp_mode": "catmullrom"
						},
						"1.25": {
							"post": [0, 0, 0],
							"lerp_mode": "catmullrom"
						},
						"1.5833": [0, 0, 0],
						"1.8333": {
							"pre": [0, 0, 0],
							"post": [0, 0, 0],
							"lerp_mode": "catmullrom"
						},
						"2.1667": {
							"post": [4, 0, 0],
							"lerp_mode": "catmullrom"
						},
						"2.375": [4, 0, 0]
					},
					"scale": {
						"1.2083": [1, 1, 1],
						"1.25": {
							"pre": [1.5, 1, 1],
							"post": [1.5, 1, 1],
							"lerp_mode": "catmullrom"
						},
						"1.3333": {
							"post": [1, 1, 1],
							"lerp_mode": "catmullrom"
						},
						"1.4583": [1, 1, 1],
						"2.375": [1, 1, 1]
					}
				},
				"hand_right4": {
					"rotation": {
						"0.0": {
							"post": [0, 0, 0],
							"lerp_mode": "catmullrom"
						},
						"0.1667": {
							"post": [0, 0, 0],
							"lerp_mode": "catmullrom"
						},
						"0.3333": {
							"post": [0, 0, 17.5],
							"lerp_mode": "catmullrom"
						},
						"0.7083": {
							"post": [0, 0, 10],
							"lerp_mode": "catmullrom"
						},
						"1.25": {
							"post": [-6.94357, 14.26882, 35.78096],
							"lerp_mode": "catmullrom"
						},
						"1.2917": {
							"post": [-12.81332, -25.6639, -1.36023],
							"lerp_mode": "catmullrom"
						},
						"1.625": [-12.81332, -25.6639, -1.36023],
						"1.875": {
							"pre": [0, 0, 10],
							"post": [0, 0, 10],
							"lerp_mode": "catmullrom"
						},
						"1.9583": {
							"post": [1.09876, 1.79074, 12.37679],
							"lerp_mode": "catmullrom"
						},
						"2.2083": {
							"post": [0, 0, 0],
							"lerp_mode": "catmullrom"
						},
						"2.375": [0, 0, 0]
					},
					"position": {
						"0.0": {
							"post": [4, 0, 0],
							"lerp_mode": "catmullrom"
						},
						"0.2917": {
							"post": [0, 0, 0],
							"lerp_mode": "catmullrom"
						},
						"0.7083": {
							"post": [0, 0, 0],
							"lerp_mode": "catmullrom"
						},
						"1.2917": {
							"post": [0, 0, 0],
							"lerp_mode": "catmullrom"
						},
						"1.625": [0, 0, 0],
						"1.875": {
							"pre": [0, 0, 0],
							"post": [0, 0, 0],
							"lerp_mode": "catmullrom"
						},
						"2.2083": {
							"post": [4, 0, 0],
							"lerp_mode": "catmullrom"
						},
						"2.375": [4, 0, 0]
					}
				},
				"hand_right5": {
					"rotation": {
						"0.0": {
							"post": [0, 0, 0],
							"lerp_mode": "catmullrom"
						},
						"0.2083": {
							"post": [0, 0, 0],
							"lerp_mode": "catmullrom"
						},
						"0.375": {
							"post": [0, 0, 22.5],
							"lerp_mode": "catmullrom"
						},
						"0.7083": {
							"post": [0, 0, 10],
							"lerp_mode": "catmullrom"
						},
						"1.2917": {
							"post": [-8.59104, 15.7329, 37.74768],
							"lerp_mode": "catmullrom"
						},
						"1.3333": {
							"post": [-16.04785, -22.9063, -25.69317],
							"lerp_mode": "catmullrom"
						},
						"1.7083": [-11.6912, -25.3109, -36.33116],
						"1.9167": {
							"pre": [0, 0, 10],
							"post": [0, 0, 10],
							"lerp_mode": "catmullrom"
						},
						"2.0": {
							"post": [0, 0, 0],
							"lerp_mode": "catmullrom"
						},
						"2.25": {
							"post": [0, 0, 0],
							"lerp_mode": "catmullrom"
						},
						"2.375": [0, 0, 0]
					},
					"position": {
						"0.0": {
							"post": [4, 0, 0],
							"lerp_mode": "catmullrom"
						},
						"0.3333": {
							"post": [0, 0, 0],
							"lerp_mode": "catmullrom"
						},
						"0.7083": {
							"post": [0, 0, 0],
							"lerp_mode": "catmullrom"
						},
						"1.3333": {
							"post": [0, 0, 0],
							"lerp_mode": "catmullrom"
						},
						"1.7083": [0, 0, 0],
						"1.9167": {
							"pre": [0, 0, 0],
							"post": [0, 0, 0],
							"lerp_mode": "catmullrom"
						},
						"2.25": {
							"post": [4, 0, 0],
							"lerp_mode": "catmullrom"
						},
						"2.375": [4, 0, 0]
					}
				},
				"hand_left": {
					"position": [-7, 0, 0]
				},
				"hand_left2": {
					"position": [-4, 0, 0]
				},
				"hand_left3": {
					"position": [-4, 0, 0]
				},
				"hand_left4": {
					"position": [-4, 0, 0]
				},
				"hand_left5": {
					"position": [-4, 0, 0]
				},
				"torso_top": {
					"rotation": {
						"0.0": [-4.9953, 0.2178, 2.4905],
						"0.25": {
							"pre": [-4.95747, 0.6518, 7.47178],
							"post": [-4.95747, 0.6518, 7.47178],
							"lerp_mode": "catmullrom"
						},
						"0.75": {
							"post": [-4.95747, 0.6518, 7.47178],
							"lerp_mode": "catmullrom"
						},
						"1.125": {
							"post": [5.04253, 0.6518, 7.47178],
							"lerp_mode": "catmullrom"
						},
						"1.2083": {
							"post": [-15.6441, -3.72887, -14.42877],
							"lerp_mode": "catmullrom"
						},
						"1.3333": {
							"post": [-13.28668, -3.05162, -12.01802],
							"lerp_mode": "catmullrom"
						},
						"1.6667": {
							"post": [5.04253, 0.6518, 7.47178],
							"lerp_mode": "catmullrom"
						},
						"2.0417": [-4.9953, 0.2178, 2.4905]
					},
					"position": {
						"0.0": [0, 0, 0],
						"0.25": {
							"pre": [0.3, 0, 0],
							"post": [0.3, 0, 0],
							"lerp_mode": "catmullrom"
						},
						"0.75": {
							"post": [0.3, 0, 0],
							"lerp_mode": "catmullrom"
						},
						"1.125": [0.1, 0, -0.3],
						"1.2083": {
							"pre": [0, -0.1, 0],
							"post": [0, -0.1, 0],
							"lerp_mode": "catmullrom"
						},
						"1.3333": {
							"post": [0, -0.1, 0],
							"lerp_mode": "catmullrom"
						},
						"1.6667": [0.1, 0, -0.3],
						"2.0417": [0, 0, 0]
					}
				},
				"head": {
					"rotation": {
						"0.0": [-11.13668, 0.44232, 9.20831],
						"0.3333": {
							"pre": [-10.98706, 1.88332, 16.57029],
							"post": [-10.98706, 1.88332, 16.57029],
							"lerp_mode": "catmullrom"
						},
						"0.8333": {
							"post": [-10.98706, 1.88332, 16.57029],
							"lerp_mode": "catmullrom"
						},
						"1.2083": {
							"post": [4.01294, 1.88332, 16.57029],
							"lerp_mode": "catmullrom"
						},
						"1.2917": {
							"post": [-10.54189, -0.3413, -8.28864],
							"lerp_mode": "catmullrom"
						},
						"1.4167": {
							"post": [-8.04189, -0.3413, -8.28864],
							"lerp_mode": "catmullrom"
						},
						"1.75": {
							"post": [4.01294, 1.88332, 16.57029],
							"lerp_mode": "catmullrom"
						},
						"2.125": [-11.13668, 0.44232, 9.20831]
					}
				},
				"ear_right1": {
					"rotation": {
						"0.0": [-1.96962, 0, 0],
						"0.375": {
							"pre": [10.28616, -2.26697, 12.29593],
							"post": [10.28616, -2.26697, 12.29593],
							"lerp_mode": "catmullrom"
						},
						"0.875": {
							"post": [10.28616, -2.26697, 12.29593],
							"lerp_mode": "catmullrom"
						},
						"1.25": {
							"post": [-13.4095, 5.48699, 21.85448],
							"lerp_mode": "catmullrom"
						},
						"1.375": {
							"post": [14.98637, 0.64686, -2.41492],
							"lerp_mode": "catmullrom"
						},
						"1.5417": {
							"post": [-14.14054, 3.10013, 12.1154],
							"lerp_mode": "catmullrom"
						},
						"1.7917": [15, 0, 0],
						"2.1667": [-1.96962, 0, 0]
					}
				},
				"ear_right2": {
					"rotation": {
						"0.0833": [-2.59808, 0, 0],
						"0.5": {
							"pre": [4.86019, -0.63906, 7.47288],
							"post": [4.86019, -0.63906, 7.47288],
							"lerp_mode": "catmullrom"
						},
						"0.9583": {
							"post": [-12.63981, -0.63906, 7.47288],
							"lerp_mode": "catmullrom"
						},
						"1.2917": {
							"post": [26.84422, -5.71682, 11.13466],
							"lerp_mode": "catmullrom"
						},
						"1.4583": {
							"post": [9.90192, 0, 0],
							"lerp_mode": "catmullrom"
						},
						"1.625": {
							"post": [-15.04323, -1.30082, -4.82824],
							"lerp_mode": "catmullrom"
						},
						"1.875": {
							"post": [9.90192, 0, 0],
							"lerp_mode": "catmullrom"
						},
						"2.2083": [-2.59808, 0, 0]
					},
					"position": {
						"0.0833": [0, 0, 0],
						"0.5": {
							"pre": [0, -0.5, 0],
							"post": [0, -0.5, 0],
							"lerp_mode": "catmullrom"
						},
						"0.9583": {
							"post": [0, -0.5, 0],
							"lerp_mode": "catmullrom"
						},
						"1.2917": {
							"post": [0, -0.5, 0],
							"lerp_mode": "catmullrom"
						},
						"1.4583": {
							"post": [0, 0, 0],
							"lerp_mode": "catmullrom"
						},
						"1.625": {
							"post": [0, 0, 0],
							"lerp_mode": "catmullrom"
						},
						"1.875": {
							"post": [0, 0, 0],
							"lerp_mode": "catmullrom"
						},
						"2.2083": [0, 0, 0]
					}
				},
				"ear_left1": {
					"rotation": {
						"0.0": [-1.96962, 0, 0],
						"0.375": {
							"pre": [10.44229, -1.3669, 7.37509],
							"post": [10.44229, -1.3669, 7.37509],
							"lerp_mode": "catmullrom"
						},
						"0.875": {
							"post": [10.44229, -1.3669, 7.37509],
							"lerp_mode": "catmullrom"
						},
						"1.25": {
							"post": [-19.0417, 4.13696, 11.80587],
							"lerp_mode": "catmullrom"
						},
						"1.375": {
							"post": [19.04169, 4.13696, -11.80587],
							"lerp_mode": "catmullrom"
						},
						"1.5417": {
							"post": [-19.40107, 1.66465, 4.71542],
							"lerp_mode": "catmullrom"
						},
						"1.7917": [19.4696, 0, 0],
						"2.1667": [-1.96962, 0, 0]
					}
				},
				"ear_left2": {
					"rotation": {
						"0.0833": [-2.59808, 0, 0],
						"0.5": {
							"pre": [2.4118, 0.22636, 4.99489],
							"post": [2.4118, 0.22636, 4.99489],
							"lerp_mode": "catmullrom"
						},
						"0.9583": {
							"post": [-7.5882, 0.22636, 4.99489],
							"lerp_mode": "catmullrom"
						},
						"1.2917": {
							"post": [29.8346, -2.26524, 9.33088],
							"lerp_mode": "catmullrom"
						},
						"1.4583": {
							"post": [12.40192, 0, 0],
							"lerp_mode": "catmullrom"
						},
						"1.625": {
							"post": [-20.08436, 0.65099, 2.41381],
							"lerp_mode": "catmullrom"
						},
						"1.875": {
							"post": [9.90192, 0, 0],
							"lerp_mode": "catmullrom"
						},
						"2.2083": [-2.59808, 0, 0]
					}
				},
				"tail_bottom": {
					"rotation": {
						"0.0": [3.78558, 0, 0],
						"0.4583": {
							"pre": [13.79, 0, 0],
							"post": [13.79, 0, 0],
							"lerp_mode": "catmullrom"
						},
						"0.7917": {
							"post": [13.79, 0, 0],
							"lerp_mode": "catmullrom"
						},
						"1.2083": {
							"post": [16.29, 0, 0],
							"lerp_mode": "catmullrom"
						},
						"1.2917": {
							"post": [1.28558, 0, 0],
							"lerp_mode": "catmullrom"
						},
						"1.4583": {
							"post": [13.79, 0, 0],
							"lerp_mode": "catmullrom"
						},
						"1.75": {
							"post": [6.28558, 0, 0],
							"lerp_mode": "catmullrom"
						},
						"2.1667": [3.78558, 0, 0]
					}
				},
				"tail1": {
					"rotation": [0, -1.92836, 0]
				},
				"body": {
					"rotation": {
						"0.0": [0, 0, 0],
						"0.2083": {
							"pre": [0, 0, 4.5],
							"post": [0, 0, 4.5],
							"lerp_mode": "catmullrom"
						},
						"0.5417": {
							"post": [0, 0, 4.5],
							"lerp_mode": "catmullrom"
						},
						"0.75": {
							"post": [0, 0, 4.5],
							"lerp_mode": "catmullrom"
						},
						"1.0833": {
							"post": [0, 20, 4.5],
							"lerp_mode": "catmullrom"
						},
						"1.25": {
							"post": [0, -17.5, 4.5],
							"lerp_mode": "catmullrom"
						},
						"1.4583": {
							"post": [0, -25, 4.5],
							"lerp_mode": "catmullrom"
						},
						"1.75": {
							"post": [0, 0, 0],
							"lerp_mode": "catmullrom"
						},
						"2.3333": [0, 0, 0],
						"2.375": [0, 0, 0]
					}
				},
				"right_torso": {
					"rotation": {
						"0.0": [0, 0, 0],
						"0.2083": {
							"pre": [0, 0, 5],
							"post": [0, 0, 5],
							"lerp_mode": "catmullrom"
						},
						"0.5417": [0, 0, 5],
						"1.1667": {
							"pre": [0, 0, 5],
							"post": [0, 0, 5],
							"lerp_mode": "catmullrom"
						},
						"1.2083": {
							"post": [0, 0, 0],
							"lerp_mode": "catmullrom"
						},
						"1.5": [0, 0, 0],
						"1.75": [0, 0, 0],
						"2.375": [0, 0, 0]
					}
				},
				"front_torso": {
					"rotation": {
						"0.0": [0, 0, 0],
						"0.5417": [0, 0, 0],
						"1.1667": {
							"pre": [0, 0, 0],
							"post": [0, 0, 0],
							"lerp_mode": "catmullrom"
						},
						"1.2083": {
							"post": [-5, 0, 0],
							"lerp_mode": "catmullrom"
						},
						"1.375": {
							"post": [-12.5, 0, 0],
							"lerp_mode": "catmullrom"
						},
						"1.5": [-12.5, 0, 0],
						"1.75": [0, 0, 0],
						"2.375": [0, 0, 0]
					}
				},
				"left_torso": {
					"rotation": {
						"0.0": [0, 0, 0],
						"0.2083": {
							"pre": [0, 0, -10],
							"post": [0, 0, -10],
							"lerp_mode": "catmullrom"
						},
						"0.5417": [0, 0, -10],
						"1.1667": [0, 0, -10],
						"1.5": [0, 0, -10],
						"1.75": [0, 0, 0],
						"2.375": [0, 0, 0]
					}
				},
				"finger_right1": {
					"rotation": {
						"0.0": [0, 0, 0],
						"0.75": {
							"pre": [0, 0, 0],
							"post": [0, 0, 0],
							"lerp_mode": "catmullrom"
						},
						"0.9583": {
							"post": [0, 5, -22.5],
							"lerp_mode": "catmullrom"
						},
						"1.625": {
							"post": [0, 5, -22.5],
							"lerp_mode": "catmullrom"
						},
						"1.8333": [0, 0, 0],
						"2.375": [0, 0, 0]
					}
				},
				"finger_right_joint1": {
					"rotation": {
						"0.0": [0, 0, 0],
						"0.8333": {
							"pre": [0, 0, 0],
							"post": [0, 0, 0],
							"lerp_mode": "catmullrom"
						},
						"1.0417": {
							"post": [0, 0, -65],
							"lerp_mode": "catmullrom"
						},
						"1.7083": {
							"post": [0, 0, -65],
							"lerp_mode": "catmullrom"
						},
						"1.8333": [0, 0, 0],
						"2.375": [0, 0, 0]
					}
				},
				"finger_right2": {
					"rotation": {
						"0.0": [0, 0, 0],
						"0.75": {
							"pre": [0, 0, 0],
							"post": [0, 0, 0],
							"lerp_mode": "catmullrom"
						},
						"0.9583": {
							"post": [0, 0, -22.5],
							"lerp_mode": "catmullrom"
						},
						"1.625": {
							"post": [0, 0, -22.5],
							"lerp_mode": "catmullrom"
						},
						"1.8333": [0, 0, 0],
						"2.375": [0, 0, 0]
					}
				},
				"finger_right_joint2": {
					"rotation": {
						"0.0": [0, 0, 0],
						"0.8333": {
							"pre": [0, 0, 0],
							"post": [0, 0, 0],
							"lerp_mode": "catmullrom"
						},
						"1.0417": {
							"post": [0, 0, -65],
							"lerp_mode": "catmullrom"
						},
						"1.7083": {
							"post": [0, 0, -65],
							"lerp_mode": "catmullrom"
						},
						"1.8333": [0, 0, 0],
						"2.375": [0, 0, 0]
					}
				},
				"finger_right3": {
					"rotation": {
						"0.0": [0, 0, 0],
						"0.75": {
							"pre": [0, 0, 0],
							"post": [0, 0, 0],
							"lerp_mode": "catmullrom"
						},
						"0.9583": {
							"post": [0, -5, -22.5],
							"lerp_mode": "catmullrom"
						},
						"1.625": {
							"post": [0, -5, -22.5],
							"lerp_mode": "catmullrom"
						},
						"1.8333": [0, 0, 0],
						"2.375": [0, 0, 0]
					}
				},
				"finger_right_joint3": {
					"rotation": {
						"0.0": [0, 0, 0],
						"0.8333": {
							"pre": [0, 0, 0],
							"post": [0, 0, 0],
							"lerp_mode": "catmullrom"
						},
						"1.0417": {
							"post": [0, 0, -65],
							"lerp_mode": "catmullrom"
						},
						"1.7083": {
							"post": [0, 0, -65],
							"lerp_mode": "catmullrom"
						},
						"1.8333": [0, 0, 0],
						"2.375": [0, 0, 0]
					}
				}
			}
		},
		"animation.mimikyu.ground_idleoff": {
			"loop": true,
			"bones": {
				"hand_right": {
					"position": [7, 0, 0]
				},
				"hand_right2": {
					"position": [4, 0, 0]
				},
				"hand_right3": {
					"position": [4, 0, 0]
				},
				"hand_right4": {
					"position": [4, 0, 0]
				},
				"hand_right5": {
					"position": [4, 0, 0]
				},
				"hand_left": {
					"position": [-7, 0, 0]
				},
				"hand_left2": {
					"position": [-4, 0, 0]
				},
				"hand_left3": {
					"position": [-4, 0, 0]
				},
				"hand_left4": {
					"position": [-4, 0, 0]
				},
				"hand_left5": {
					"position": [-4, 0, 0]
				},
				"torso_top": {
					"rotation": ["-21.8328+math.sin(q.anim_time*90*1-0)*0.5", "11.9226+math.sin(q.anim_time*90*1-0)*0.5", "9.4461+math.sin(q.anim_time*90*1-0)*1"],
					"position": [0.5, -0.2, 0]
				},
				"head": {
					"rotation": ["-9.1273+math.sin(q.anim_time*90*1-40)*1", "6.6479+math.sin(q.anim_time*90*1-40)*1", "11.5568+math.sin(q.anim_time*90*1-40)*1"]
				},
				"ear_right1": {
					"rotation": ["-12.5+math.sin(q.anim_time*90*2-80)*1", 0, 0]
				},
				"ear_right2": {
					"rotation": ["-5+math.sin(q.anim_time*90*2-120)*1", 0, 0]
				},
				"ear_left1": {
					"rotation": ["-13.1288+math.sin(q.anim_time*90*2-80)*1", -17.00265, 4.20503]
				},
				"ear_left2": {
					"rotation": ["-10+math.sin(q.anim_time*90*2-120)*1", 0, 0]
				},
				"torso_bottom": {
					"rotation": [0, "0+math.sin(q.anim_time*90*1+20)*0.75", 0]
				}
			}
		},
		"animation.mimikyu.shoulder_left": {
			"loop": true,
			"bones": {
				"body": {
					"rotation": [0, 0, 17.5],
					"position": [0, -6, 8]
				},
				"head": {
					"rotation": [-10, 0, 10],
					"position": [0, 0, -0.5]
				},
				"ear_left1": {
					"rotation": [0, 0, 15]
				},
				"torso_bottom": {
					"rotation": [-17.5, 0, -12.5]
				},
				"right_torso": {
					"rotation": [0, 0, 20]
				},
				"front_torso": {
					"rotation": [-45, 0, 0]
				},
				"left_torso": {
					"rotation": [0, 0, -20]
				},
				"tail1": {
					"rotation": [20, 45.5, 21.5]
				},
				"hand_right": {
					"rotation": [113.5, -81, -123.5],
					"position": [2, -0.5, 0]
				},
				"hand_right2": {
					"rotation": [0, 0, 75]
				},
				"hand_right3": {
					"rotation": [0, 0, 40]
				},
				"hand_right4": {
					"rotation": [0, 0, -75]
				},
				"hand_right5": {
					"rotation": [0, 0, -46.5]
				},
				"finger_right1": {
					"rotation": [0, 0, -10]
				},
				"finger_right_joint1": {
					"rotation": [0, 0, -12.5]
				},
				"finger_right2": {
					"rotation": [0, 0, -17.5]
				},
				"finger_right_joint2": {
					"rotation": [0, 0, -20]
				},
				"finger_right3": {
					"rotation": [0, 0, -20]
				},
				"hand_left": {
					"rotation": [98, 70, 83],
					"position": [0, 0.5, 0]
				},
				"hand_left2": {
					"rotation": [0, 0, -87.5]
				},
				"hand_left3": {
					"rotation": [0, 0, -37.5]
				},
				"hand_left4": {
					"rotation": [0, 0, 67.5]
				},
				"hand_left5": {
					"rotation": [0, 0, 51]
				},
				"finger_left1": {
					"rotation": [0, 0, 17.5]
				},
				"finger_left_joint1": {
					"rotation": [0, 0, 25]
				},
				"finger_left2": {
					"rotation": [0, 0, 22.5]
				},
				"finger_left_joint2": {
					"rotation": [0, 0, 20]
				},
				"finger_left3": {
					"rotation": [0, 0, 15]
				},
				"finger_left_joint3": {
					"rotation": [0, 0, 20]
				}
			}
		},
		"animation.mimikyu.shoulder_right": {
			"loop": true,
			"bones": {
				"body": {
					"rotation": [0, 0, -17.5],
					"position": [0, -6, 8]
				},
				"head": {
					"rotation": [-10, 0, -10],
					"position": [0, 0, -0.5]
				},
				"ear_right1": {
					"rotation": [0, 0, -15]
				},
				"torso_bottom": {
					"rotation": [-17.5, 0, 12.5]
				},
				"right_torso": {
					"rotation": [0, 0, 20]
				},
				"front_torso": {
					"rotation": [-40, 0, 0]
				},
				"left_torso": {
					"rotation": [0, 0, -20]
				},
				"tail1": {
					"rotation": [20, -45.5, -21.5]
				},
				"hand_right": {
					"rotation": [98, -70, -83],
					"position": [0, 0.5, 0]
				},
				"hand_right2": {
					"rotation": [0, 0, 87.5]
				},
				"hand_right3": {
					"rotation": [0, 0, 35]
				},
				"hand_right4": {
					"rotation": [0, 0, -67.5]
				},
				"hand_right5": {
					"rotation": [0, 0, -51]
				},
				"finger_right1": {
					"rotation": [0, 0, -17.5]
				},
				"finger_right_joint1": {
					"rotation": [0, 0, -25]
				},
				"finger_right2": {
					"rotation": [0, 0, -22.5]
				},
				"finger_right_joint2": {
					"rotation": [0, 0, -20]
				},
				"finger_right3": {
					"rotation": [0, 0, -15]
				},
				"finger_right_joint3": {
					"rotation": [0, 0, -20]
				},
				"hand_left": {
					"rotation": [113.5, 81, 123.5],
					"position": [-2, -0.5, 0]
				},
				"hand_left2": {
					"rotation": [0, 0, -75]
				},
				"hand_left3": {
					"rotation": [0, 0, -40]
				},
				"hand_left4": {
					"rotation": [0, 0, 75]
				},
				"hand_left5": {
					"rotation": [0, 0, 46.5]
				},
				"finger_left1": {
					"rotation": [0, 0, 10]
				},
				"finger_left_joint1": {
					"rotation": [0, 0, 12.5]
				},
				"finger_left2": {
					"rotation": [0, 0, 17.5]
				},
				"finger_left_joint2": {
					"rotation": [0, 0, 20]
				},
				"finger_left3": {
					"rotation": [0, 0, 20]
				},
				"finger_left_joint3": {
					"rotation": [0, 0, 20]
				}
			}
		},
		"animation.mimikyu.recoil": {
			"animation_length": 0.625,
			"bones": {
				"torso_top": {
					"rotation": {
						"0.0": [0, 0, 0],
						"0.1667": {
							"pre": [-12.5, 0, 0],
							"post": [-12.5, 0, 0],
							"lerp_mode": "catmullrom"
						},
						"0.5417": [0, 0, 0]
					}
				},
				"head": {
					"rotation": {
						"0.0": [0, 0, 0],
						"0.0833": {
							"pre": [15, 0, 0],
							"post": [15, 0, 0],
							"lerp_mode": "catmullrom"
						},
						"0.25": {
							"post": [-12.5, 0, 0],
							"lerp_mode": "catmullrom"
						},
						"0.625": [0, 0, 0]
					}
				}
			}
		},
		"animation.mimikyu.cry": {
			"animation_length": 1,
			"bones": {
				"body": {
					"rotation": {
						"0.0": [0, 0, 0],
						"0.0833": [0, 5, 0],
						"0.125": [0, 5, 0],
						"0.2083": [0, -4, 0],
						"0.25": [0, -5, 0],
						"0.3333": {
							"pre": [0, -3.84, 0],
							"post": [0, -3.84, 0],
							"lerp_mode": "catmullrom"
						},
						"0.4167": {
							"post": [0, -0.67, 0],
							"lerp_mode": "catmullrom"
						},
						"0.6667": {
							"post": [0, 2.16, 0],
							"lerp_mode": "catmullrom"
						},
						"1.0": {
							"post": [0, 0, 0],
							"lerp_mode": "catmullrom"
						}
					},
					"position": {
						"0.0": [0, 0, 0],
						"0.0417": [0, -0.65, 0],
						"0.0833": [0, -0.75, 0],
						"0.125": [0, -0.65, 0],
						"0.1667": [0, 0, 0]
					}
				},
				"torso_top": {
					"rotation": {
						"0.0": [0, 0, 0],
						"0.0833": [-10, 0, 0],
						"0.1667": {
							"pre": [0, 0, -7.5],
							"post": [0, 0, -7.5],
							"lerp_mode": "catmullrom"
						},
						"0.2083": {
							"post": [9.99067, 0.43399, -6.21207],
							"lerp_mode": "catmullrom"
						},
						"0.25": {
							"post": [10, 0, 0],
							"lerp_mode": "catmullrom"
						},
						"0.3333": {
							"post": [2.5, 0, 2.5],
							"lerp_mode": "catmullrom"
						},
						"0.5417": {
							"post": [13.64192, 0, 0.5555],
							"lerp_mode": "catmullrom"
						},
						"0.9167": [0, 0, 0]
					},
					"position": {
						"0.0417": [0, 0, 0],
						"0.0833": [0, -0.5, 0],
						"0.1667": [0, -0.5, 0],
						"0.2083": [0, 0, 0]
					}
				},
				"head": {
					"rotation": {
						"0.0417": [0, 0, 0],
						"0.125": {
							"pre": [-10, 0, 0],
							"post": [-10, 0, 0],
							"lerp_mode": "catmullrom"
						},
						"0.2083": {
							"post": [0, 0, -7.5],
							"lerp_mode": "catmullrom"
						},
						"0.25": {
							"post": [9.99067, 0.43399, -6.21207],
							"lerp_mode": "catmullrom"
						},
						"0.2917": {
							"post": [10, 0, 0],
							"lerp_mode": "catmullrom"
						},
						"0.375": {
							"post": [-12.54292, -7.4713, 3.1574],
							"lerp_mode": "catmullrom"
						},
						"0.5833": {
							"post": [10, 0, 0],
							"lerp_mode": "catmullrom"
						},
						"1.0": [0, 0, 0]
					}
				},
				"ear_right1": {
					"rotation": {
						"0.0833": [0, 0, 0],
						"0.1667": {
							"pre": [-10, 0, 0],
							"post": [-10, 0, 0],
							"lerp_mode": "catmullrom"
						},
						"0.25": {
							"post": [0, 0, -15],
							"lerp_mode": "catmullrom"
						},
						"0.3333": {
							"post": [14.99067, 0.43399, -6.21207],
							"lerp_mode": "catmullrom"
						},
						"0.375": {
							"post": [10, 0, 0],
							"lerp_mode": "catmullrom"
						},
						"0.5417": {
							"post": [2.5, 0, 2.5],
							"lerp_mode": "catmullrom"
						},
						"0.6667": [0, 0, 0]
					}
				},
				"ear_left1": {
					"rotation": {
						"0.0833": [0, 0, 0],
						"0.1667": [-10, 0, 0],
						"0.25": {
							"pre": [0, 0, -17.5],
							"post": [0, 0, -17.5],
							"lerp_mode": "catmullrom"
						},
						"0.3333": {
							"post": [16.93331, 0.56011, -13.9582],
							"lerp_mode": "catmullrom"
						},
						"0.375": {
							"post": [10, 0, 0],
							"lerp_mode": "catmullrom"
						},
						"0.5417": {
							"post": [2.5, 0, 2.5],
							"lerp_mode": "catmullrom"
						},
						"0.6667": [0, 0, 0]
					}
				},
				"tail_bottom": {
					"position": {
						"0.0": [0, 0, 0],
						"0.0417": [0, 0.75, 0],
						"0.125": [0, 0.75, 0],
						"0.1667": [0, 0, 0]
					}
				},
				"right_torso": {
					"rotation": {
						"0.0": [0, 0, 0],
						"0.0417": [0, 0, 7.5],
						"0.125": [0, 0, 7.5],
						"0.1667": [0, 0, 0]
					},
					"position": {
						"0.0": [0, 0, 0],
						"0.0417": [0, 0.35, 0],
						"0.125": [0, 0.35, 0],
						"0.1667": [0, 0, 0]
					}
				},
				"front_torso": {
					"rotation": {
						"0.0": [0, 0, 0],
						"0.0417": [-7.5, 0, 0],
						"0.125": [-7.5, 0, 0],
						"0.1667": [0, 0, 0]
					},
					"position": {
						"0.0": [0, 0, 0],
						"0.0417": [0, 0.35, 0],
						"0.125": [0, 0.35, 0],
						"0.1667": [0, 0, 0]
					}
				},
				"left_torso": {
					"rotation": {
						"0.0": [0, 0, 0],
						"0.0417": [0, 0, -7.5],
						"0.125": [0, 0, -7.5],
						"0.1667": [0, 0, 0]
					},
					"position": {
						"0.0": [0, 0, 0],
						"0.0417": [0, 0.35, 0],
						"0.125": [0, 0.35, 0],
						"0.1667": [0, 0, 0]
					}
				},
				"back_torso": {
					"rotation": {
						"0.0": [0, 0, 0],
						"0.0417": [7.5, 0, 0],
						"0.125": [7.5, 0, 0],
						"0.1667": [0, 0, 0]
					},
					"position": {
						"0.0": [0, 0, 0],
						"0.0417": [0, 0.35, 0],
						"0.125": [0, 0.35, 0],
						"0.1667": [0, 0, 0]
					}
				},
				"tail1": {
					"rotation": {
						"0.0": [0, 0, 0],
						"0.0417": [7.5, 0, 0],
						"0.125": [0, 0, 0],
						"0.1667": [-5, 0, 0],
						"0.25": [2.5, 0, 0],
						"0.3333": [0, 0, 0]
					}
				}
			},
			"sound_effects": {
				"0.0": {
					"effect": "pokemon.mimikyu.cry"
				}
			}
		},
		"animation.mimikyu.glare": {
			"animation_length": 0.6667,
			"bones": {
				"eye_right": {
					"position": {
						"0.0": [0, 0, 0],
						"0.2083": [0, 0, 0],
						"0.25": [0, 0, 1],
						"0.3333": [0, 0, 0]
					}
				},
				"eye_left": {
					"position": {
						"0.0": [0, 0, 0],
						"0.2083": [0, 0, 0],
						"0.25": [0, 0, 1],
						"0.3333": [0, 0, 0]
					}
				},
				"eye_left_glare": {
					"rotation": {
						"0.0": [0, 0, -360],
						"0.0833": {
							"pre": [0, 0, -157.5],
							"post": [0, 0, -157.5],
							"lerp_mode": "catmullrom"
						},
						"0.25": [0, 0, -7.5]
					},
					"position": [0, 0, -3],
					"scale": {
						"0.0417": [0, 0, 0],
						"0.125": {
							"pre": [1.05, 1.05, 1.05],
							"post": [1.05, 1.05, 1.05],
							"lerp_mode": "catmullrom"
						},
						"0.2083": [1.15, 1.35, 1.25],
						"0.4167": [0, 0, 0]
					}
				},
				"eye_right_glare": {
					"rotation": {
						"0.0417": {
							"pre": [0, 0, -360],
							"post": [0, 0, -360],
							"lerp_mode": "catmullrom"
						},
						"0.125": {
							"post": [0, 0, -180],
							"lerp_mode": "catmullrom"
						},
						"0.25": {
							"post": [0, 0, 7.5],
							"lerp_mode": "catmullrom"
						},
						"0.3333": [0, 0, 7.5]
					},
					"position": [0, 0, -3],
					"scale": {
						"0.0417": [0, 0, 0],
						"0.1667": {
							"pre": [1.05, 1.05, 1.05],
							"post": [1.05, 1.05, 1.05],
							"lerp_mode": "catmullrom"
						},
						"0.2083": {
							"post": [1, 1, 1],
							"lerp_mode": "catmullrom"
						},
						"0.4167": [0, 0, 0]
					}
				}
			}
		},
		"animation.mimikyu.glareold": {
			"animation_length": 0.75,
			"bones": {
				"eye_right": {
					"position": {
						"0.0": [0, 0, 0],
						"0.25": [0, 0, 0],
						"0.2917": [0, 0, 1]
					}
				},
				"eye_left": {
					"position": {
						"0.0": [0, 0, 0],
						"0.25": [0, 0, 0],
						"0.2917": [0, 0, 1]
					}
				},
				"eye_left_glare": {
					"rotation": {
						"0.0": [0, 0, -360],
						"0.1667": {
							"pre": [0, 0, -157.5],
							"post": [0, 0, -157.5],
							"lerp_mode": "catmullrom"
						},
						"0.375": [0, 0, -7.5]
					},
					"position": [0, 0, -3],
					"scale": {
						"0.0": [0, 0, 0],
						"0.2083": {
							"pre": [1.05, 1.05, 1.05],
							"post": [1.05, 1.05, 1.05],
							"lerp_mode": "catmullrom"
						},
						"0.4583": [1.25, 1.25, 1.25]
					}
				},
				"eye_right_glare": {
					"rotation": {
						"0.0833": {
							"pre": [0, 0, -360],
							"post": [0, 0, -360],
							"lerp_mode": "catmullrom"
						},
						"0.25": {
							"post": [0, 0, -180],
							"lerp_mode": "catmullrom"
						},
						"0.375": [0, 0, 7.5]
					},
					"position": [0, 0, -3],
					"scale": {
						"0.0833": [0, 0, 0],
						"0.2917": {
							"pre": [1.05, 1.05, 1.05],
							"post": [1.05, 1.05, 1.05],
							"lerp_mode": "catmullrom"
						},
						"0.375": {
							"post": [1, 1, 1],
							"lerp_mode": "catmullrom"
						},
						"0.4583": [1, 1, 1]
					}
				}
			}
		},
		"animation.mimikyu.render": {
			"loop": true,
			"bones": {
				"torso_top": {
					"rotation": [-17.35932, 2.24944, 7.15656]
				},
				"head": {
					"rotation": [-21.56177, -7.71401, 15.65029]
				},
				"ear_right1": {
					"rotation": [0, 0, 15]
				},
				"ear_right2": {
					"rotation": [0, 0, -7.5]
				},
				"ear_right3": {
					"rotation": [0, 0, -5]
				},
				"ear_left2": {
					"rotation": [0, 0, 22.5]
				},
				"ear_left3": {
					"rotation": [0, 0, 20]
				},
				"tail1": {
					"rotation": [16.0129, -37.15855, -25.41377]
				},
				"eye_right": {
					"position": [0, 0, 1]
				},
				"eye_left": {
					"position": [0, 0, 1]
				},
				"hand_right": {
					"rotation": [0, -32.5, 0]
				},
				"hand_right2": {
					"rotation": [1.35486, -17.4409, 17.2634]
				},
				"hand_right3": {
					"rotation": [0, -17.5, 17.5]
				},
				"hand_right4": {
					"rotation": [0, 0, 15]
				},
				"hand_right5": {
					"rotation": [0, 0, 20]
				},
				"finger_right1": {
					"rotation": [0, 12.5, 30]
				},
				"finger_right_joint1": {
					"rotation": [0, 0, 22.5]
				},
				"finger_right2": {
					"rotation": [0, 0, 32.5]
				},
				"finger_right_joint2": {
					"rotation": [0, 0, 30]
				},
				"finger_right3": {
					"rotation": [0, -12.5, 32.5]
				},
				"finger_right_joint3": {
					"rotation": [0, 0, 32.5]
				},
				"hand_left": {
					"rotation": [0, 45, 0]
				},
				"hand_left2": {
					"rotation": [0, 5, -15]
				},
				"hand_left3": {
					"rotation": [-0.55404, 12.48791, -15.06062]
				},
				"hand_left4": {
					"rotation": [-1.10693, 12.45167, -25.12076]
				},
				"hand_left5": {
					"rotation": [0, 0, -25]
				},
				"finger_left1": {
					"rotation": [5.123, -16.93857, -25.9936]
				},
				"finger_left_joint1": {
					"rotation": [0, 0, -20]
				},
				"finger_left2": {
					"rotation": [0, 0, -20]
				},
				"finger_left_joint2": {
					"rotation": [0, 0, -20]
				},
				"finger_left3": {
					"rotation": [0, 15, -22.5]
				},
				"finger_left_joint3": {
					"rotation": [0, 0, -25]
				},
				"eye_left_glare": {
					"position": [0, 0, -3.1]
				},
				"eye_right_glare": {
					"position": [0, 0, -3]
				},
				"tail_bend": {
					"rotation": [-19.18246, -23.7695, 7.98205]
				}
			}
		}
	}
}