{
	"format_version": "1.8.0",
	"animations": {
		"animation.sandyshocks.ground_idle": {
			"loop": true,
			"bones": {
				"tail": {
					"rotation": ["-29.5+1*math.sin(q.anim_time*90*2-60)*4", 0, 0],
					"position": [0, 2, -1]
				},
				"tail2": {
					"rotation": ["-2.5+1*math.sin(q.anim_time*90*2-60)*4", 0, "1*math.cos(q.anim_time*90*2-30)*3"]
				},
				"tail3": {
					"rotation": ["12.5+1*math.sin(q.anim_time*90*2-60)*4", 0, 0]
				},
				"tail4": {
					"rotation": ["17.5+1*math.sin(q.anim_time*90*2-60)*3", 0, 0]
				},
				"tail5": {
					"rotation": ["12.5+1*math.sin(q.anim_time*90*2-60)*2", 0, 0]
				},
				"tail6": {
					"rotation": ["30+1*math.sin(q.anim_time*90*2-60)", 0, "1*math.sin(q.anim_time*90*2-60)"]
				},
				"body1": {
					"rotation": ["3+1*math.sin(q.anim_time*90*2-60)*4", 0, "1*math.sin(q.anim_time*90*2-30)"]
				},
				"body2": {
					"rotation": ["3+1*math.sin(q.anim_time*90*2-60)*3.7", 0, "1*math.sin(q.anim_time*90*2-35)"]
				},
				"right_magnet": {
					"rotation": ["(-35 + q.anim_time * 360)/2", 4.46376, "14.3350086466+1*math.sin(q.anim_time*90*2-60)"],
					"position": [-1, 0, 0]
				},
				"right_leg": {
					"rotation": [0, 22.5, 0],
					"position": [-1, 0, 0]
				},
				"right_back_lower_leg": {
					"rotation": [-52.5, 0, 0],
					"position": [0, 0.4, -1.1]
				},
				"right_back_upper_leg": {
					"rotation": [-37.5, 0, 0],
					"position": [0, 0.3, -0.8]
				},
				"right_front_upper_leg": {
					"rotation": [37.5, 0, 0],
					"position": [0, 0.3, 0.8]
				},
				"right_front_lower_leg": {
					"rotation": [52.5, 0, 0],
					"position": [0, 0.4, 1.1]
				},
				"body3": {
					"rotation": ["3+1*math.sin(q.anim_time*90*2-60)*3.5", 0, "1*math.sin(q.anim_time*90*2-40)"]
				},
				"left_leg": {
					"rotation": [0, -22.5, 0],
					"position": [1, 0, 0]
				},
				"left_back_upper_leg": {
					"rotation": [-37.5, 0, 0],
					"position": [0, 0.3, -0.8]
				},
				"left_back_lower_leg": {
					"rotation": [-52.5, 0, 0],
					"position": [0, 0.4, -1.1]
				},
				"left_front_upper_leg": {
					"rotation": [37.5, 0, 0],
					"position": [0, 0.3, 0.8]
				},
				"left_front_lower_leg": {
					"rotation": [52.5, 0, 0],
					"position": [0, 0.4, 1.1]
				},
				"left_magnet": {
					"rotation": ["(-35 + q.anim_time * 360)/2", -4.46376, "-14.335+1*math.sin(q.anim_time*90*2-60)*10"],
					"position": [1, 0, 0]
				},
				"magnet": {
					"rotation": ["-9.5+1*math.sin(q.anim_time*90*2-60)*3.7", 0, 0]
				}
			}
		},
		"animation.sandyshocks.battle_idle": {
			"loop": true,
			"bones": {
				"sandyshocks": {
					"rotation": [0, 22.5, 0]
				},
				"right_leg": {
					"rotation": [0, 35, 0],
					"position": [-5, 0, 4]
				},
				"right_back_upper_leg": {
					"rotation": [-37.5, 0, 0],
					"position": [0, 0.3, -0.8]
				},
				"right_back_lower_leg": {
					"rotation": [-52.5, 0, 0],
					"position": [0, 0.4, -1.1]
				},
				"right_front_upper_leg": {
					"rotation": [37.5, 0, 0],
					"position": [0, 0.3, 0.8]
				},
				"right_front_lower_leg": {
					"rotation": [52.5, 0, 0],
					"position": [0, 0.4, 1.1]
				},
				"tail": {
					"rotation": ["-15.2207407344+math.sin(q.anim_time*90*2-60)*2", 9.65594, -2.61298],
					"position": [0, "math.sin(q.anim_time*90*2-60)", 0]
				},
				"tail2": {
					"rotation": ["9.665796357+math.sin(q.anim_time*90*2-60)*2", -2.57594, 14.78217]
				},
				"tail3": {
					"rotation": ["12.5+math.sin(q.anim_time*90*2-60)*2", 0, 22.5]
				},
				"tail4": {
					"rotation": ["12.5+math.sin(q.anim_time*90*2-60)*2", 0, 20]
				},
				"tail5": {
					"rotation": ["10+math.sin(q.anim_time*90*2-60)*2", 0, 27.5]
				},
				"tail6": {
					"rotation": ["17.5+math.sin(q.anim_time*90*2-60)*2", 0, 15]
				},
				"body2": {
					"rotation": ["1.57409760821*math.sin(q.anim_time*50*2-200)*3", -12.49517, -0.22311],
					"position": [0, "math.sin(q.anim_time*90*2-60)", 0]
				},
				"body1": {
					"rotation": ["1.57409760821*math.sin(q.anim_time*50*2-200)*3", -17.43127, -5.24133],
					"position": [0, "math.sin(q.anim_time*90*2-60)", 0]
				},
				"back_magnet": {
					"rotation": [-149.51189, -14.5466, -148.68934]
				},
				"right_magnet": {
					"rotation": ["-15 + q.anim_time * -270", 0, "25+1*math.sin(q.anim_time*90*2-60)*10"],
					"position": [-2, 0, 0]
				},
				"body3": {
					"rotation": ["5+1.57409760821*math.sin(q.anim_time*50*2-200)*2", -17.5, 0],
					"position": [0, "math.sin(q.anim_time*90*2-60)", 0]
				},
				"left_leg": {
					"rotation": [0, 20, 0],
					"position": [4, 0, -4]
				},
				"left_back_upper_leg": {
					"rotation": [-37.5, 0, 0],
					"position": [0, 0.3, -0.8]
				},
				"left_back_lower_leg": {
					"rotation": [-52.5, 0, 0],
					"position": [0, 0.4, -1.1]
				},
				"left_front_upper_leg": {
					"rotation": [37.5, 0, 0],
					"position": [0, 0.3, 0.8]
				},
				"left_front_lower_leg": {
					"rotation": [52.5, 0, 0],
					"position": [0, 0.4, 1.1]
				},
				"left_magnet": {
					"rotation": ["-14.7822 + q.anim_time * -270", -2.57594, "-34.6658+1*math.sin(q.anim_time*90*2-60)*10"],
					"position": [3, 0, 0]
				},
				"bodies": {
					"rotation": ["1.57409760821*math.sin(q.anim_time*50*2-200)*5", 0, 0]
				}
			}
		},
		"animation.sandyshocks.ground_walk": {
			"loop": true,
			"animation_length": 4,
			"bones": {
				"left_leg": {
					"position": {
						"0.0": [-0.01, 5.93, -6.42],
						"0.125": [-0.01, 5.87, -6.9],
						"0.1667": [-0.01, 5.02, -6.98],
						"0.2083": [-0.01, 3.74, -6.96],
						"0.25": [-0.01, -0.03, -6.99],
						"0.5417": [-0.01, -0.05, -4.63],
						"1.125": [-0.01, 0.27, 0.16],
						"1.5417": [-0.01, 5.63, -4.7],
						"1.7083": [-0.01, 5.94, -5.67],
						"1.875": [-0.01, 5.93, -6.42],
						"2.0": [-0.01, 5.87, -7.5],
						"2.125": [-0.01, -0.03, -6.59],
						"2.375": [-0.01, 0, -5.05],
						"3.25": [-0.01, 0.27, 0.16],
						"3.8333": [-0.01, 5.63, -4.7],
						"4.0": [-0.01, 5.94, -6.17]
					}
				},
				"bodies": {
					"rotation": ["5+4*math.sin(q.anim_time*90*4-60)", "12*math.cos(q.anim_time*90*2)", "5*math.sin(q.anim_time*90*2)"],
					"position": [0, "0.9+math.clamp(1*math.sin(q.anim_time*90*4+60),0,2)", "-2.3+0.5*math.cos(q.anim_time*90*4+120)"]
				},
				"left_magnet": {
					"rotation": ["(-35 + q.anim_time * 360)/2", -4.46376, "-14.335+1*math.sin(q.anim_time*90*2-60)"],
					"position": [1, 0, 0]
				},
				"right_magnet": {
					"rotation": ["(-35 + q.anim_time * 360)/2", 4.46376, "14.3350086466+1*math.sin(q.anim_time*90*2-60)"],
					"position": [-1, 0, 0]
				},
				"right_leg": {
					"position": {
						"0.0": [0.01, 0.07, 0.16],
						"0.7917": [0.01, 5.63, -4.7],
						"0.9583": [0.01, 5.94, -5.67],
						"1.125": [0.01, 5.93, -6.42],
						"1.25": [0.01, 5.87, -7.5],
						"1.375": [0.01, -0.03, -6.59],
						"1.625": [0.01, -0.1, -5.05],
						"2.0": [0.01, 0.17, 0.16],
						"2.5833": [0.01, 5.63, -4.7],
						"2.75": [0.01, 5.94, -5.67],
						"2.875": [0.01, 5.93, -6.42],
						"3.0": [0.01, 5.87, -6.9],
						"3.0417": [0.01, 5.02, -5.98],
						"3.0833": [0.01, 3.74, -6.96],
						"3.125": [0.01, -0.03, -6.99],
						"3.4167": [0.01, -0.15, -4.63],
						"4.0": [0.01, 0.07, 0.16]
					}
				},
				"right_upper_leg": {
					"rotation": [0, 17.5, 0],
					"position": [-4, 0, 0]
				},
				"right_back_upper_leg": {
					"rotation": [-37.5, 0, 0],
					"position": [0, 0.3, -0.8]
				},
				"right_back_lower_leg": {
					"rotation": [-52.5, 0, 0],
					"position": [0, 0.4, -1.1]
				},
				"right_front_upper_leg": {
					"rotation": [37.5, 0, 0],
					"position": [0, 0.3, 0.8]
				},
				"right_front_lower_leg": {
					"rotation": [52.5, 0, 0],
					"position": [0, 0.4, 1.1]
				},
				"left_upper_leg": {
					"rotation": [0, -17.5, 0],
					"position": [4, 0, 0]
				},
				"left_back_upper_leg": {
					"rotation": [-37.5, 0, 0],
					"position": [0, 0.3, -0.8]
				},
				"left_back_lower_leg": {
					"rotation": [-52.5, 0, 0],
					"position": [0, 0.4, -1.1]
				},
				"left_front_upper_leg": {
					"rotation": [37.5, 0, 0],
					"position": [0, 0.3, 0.8]
				},
				"left_front_lower_leg": {
					"rotation": [52.5, 0, 0],
					"position": [0, 0.4, 1.1]
				},
				"body1": {
					"rotation": ["3+1*math.sin(q.anim_time*90*2-60)*4", 0, "1*math.sin(q.anim_time*90*2-30)"]
				},
				"body2": {
					"rotation": ["3+1*math.sin(q.anim_time*90*2-60)*3.7", 0, "1*math.sin(q.anim_time*90*2-35)"]
				},
				"body3": {
					"rotation": ["3+1*math.sin(q.anim_time*90*2-60)*3.5", 0, "1*math.sin(q.anim_time*90*2-40)"]
				},
				"tail": {
					"rotation": ["-29.5+1*math.sin(q.anim_time*90*2-60)*4", 0, 0],
					"position": [0, 2, -1]
				},
				"tail2": {
					"rotation": ["-2.5+1*math.sin(q.anim_time*90*2-60)*4", 0, "1*math.cos(q.anim_time*90*2-30)*3"]
				},
				"tail3": {
					"rotation": ["12.5+1*math.sin(q.anim_time*90*2-60)*4", 0, 0]
				},
				"tail4": {
					"rotation": ["17.5+1*math.sin(q.anim_time*90*2-60)*3", 0, 0]
				},
				"tail5": {
					"rotation": ["17.5+1*math.sin(q.anim_time*90*2-60)*3", 0, 0]
				},
				"tail6": {
					"rotation": ["30+1*math.sin(q.anim_time*90*2-60)", 0, "1*math.sin(q.anim_time*90*2-60)"]
				},
				"magnet": {
					"rotation": ["-9.5+1*math.sin(q.anim_time*90*2-60)*3.7", 0, 0]
				}
			}
		},
		"animation.sandyshocks.sleep": {
			"loop": true,
			"bones": {
				"bodies": {
					"rotation": [17.5, 0, 0],
					"position": [0, -5, 0]
				},
				"body1": {
					"rotation": ["3+1*math.sin(q.anim_time*90*2-60)*2", 0, "1*math.sin(q.anim_time*90*2-30)"]
				},
				"left_magnet": {
					"rotation": [0, 17.5, 0]
				},
				"right_magnet": {
					"rotation": [0, -17.5, 0]
				},
				"body2": {
					"rotation": ["3+1*math.sin(q.anim_time*90*2-60)*2.2", 0, "1*math.sin(q.anim_time*90*2-30)"]
				},
				"body3": {
					"rotation": ["3+1*math.sin(q.anim_time*90*2-60)*2.4", 0, "1*math.sin(q.anim_time*90*2-30)"]
				},
				"tail": {
					"rotation": [-52.5, 0, 0],
					"position": [0, 2, -5]
				},
				"tail2": {
					"rotation": [2.5, 0, 0]
				},
				"tail3": {
					"rotation": [5, 0, 0]
				},
				"tail4": {
					"rotation": [5, 0, 0]
				},
				"tail5": {
					"rotation": [7.5, 0, 0]
				},
				"tail6": {
					"rotation": [10, 0, 0]
				},
				"right_leg": {
					"rotation": [0, 15, 0],
					"position": [-4, 0, 0]
				},
				"right_back_upper_leg": {
					"rotation": [-37.5, 0, 0],
					"position": [0, 0.3, -0.8]
				},
				"right_back_lower_leg": {
					"rotation": [-52.5, 0, 0],
					"position": [0, 0.4, -1.1]
				},
				"right_front_upper_leg": {
					"rotation": [37.5, 0, 0],
					"position": [0, 0.3, 0.8]
				},
				"right_front_lower_leg": {
					"rotation": [52.5, 0, 0],
					"position": [0, 0.3, 0.8]
				},
				"left_leg": {
					"rotation": [0, -15, 0],
					"position": [4, 0, 0]
				},
				"left_back_upper_leg": {
					"rotation": [-37.5, 0, 0],
					"position": [0, 0.3, -0.8]
				},
				"left_back_lower_leg": {
					"rotation": [-52.5, 0, 0],
					"position": [0, 0.4, -1.1]
				},
				"left_front_upper_leg": {
					"rotation": [37.5, 0, 0],
					"position": [0, 0.3, 0.8]
				},
				"left_front_lower_leg": {
					"rotation": [52.5, 0, 0],
					"position": [0, 0.4, 1.1]
				},
				"magnet": {
					"rotation": [-42.5, 0, 0]
				},
				"eye1": {
					"position": [0, 0, 1]
				},
				"eye1_closed": {
					"position": [0, 0, -2]
				},
				"eye2": {
					"position": [0, 0, 1]
				},
				"eye1_closed2": {
					"position": [0, 0, -2]
				},
				"eye3": {
					"position": [0, 0, 1]
				},
				"eye1_closed3": {
					"position": [0, 0, -2]
				}
			}
		},
		"animation.sandyshocks.faint": {
			"animation_length": 3,
			"bones": {
				"bodies": {
					"rotation": {
						"0.0": [0, 0, 0],
						"1.125": [10, 0, 0],
						"2.125": [22.5, 0, 0],
						"2.75": [27.5, 0, 0]
					},
					"position": {
						"0.0": [0, 0, 0],
						"1.125": [0, -1, 0],
						"2.125": [0, -6, 0],
						"2.75": [0, -7, 0]
					}
				},
				"eye1": {
					"position": [0, 0, 1]
				},
				"eye1_closed": {
					"position": [0, 0, -2]
				},
				"left_magnet": {
					"rotation": {
						"0.0": [0, 0, 0],
						"1.0417": [3.09472, 22.29711, 8.11003],
						"2.375": [4.43307, 49.74184, 10.32076]
					},
					"position": [0, 0, 0]
				},
				"right_magnet": {
					"rotation": {
						"0.0": [0, 0, 0],
						"1.0417": [3.09472, -22.29711, -8.11003],
						"2.375": [4.43307, -49.74184, -10.32076]
					},
					"position": [0, 0, 0]
				},
				"eye2": {
					"position": [0, 0, 1]
				},
				"eye1_closed2": {
					"position": [0, 0, -2]
				},
				"eye3": {
					"position": [0, 0, 1]
				},
				"eye1_closed3": {
					"position": [0, 0, -2]
				},
				"magnet": {
					"rotation": [-22.5, 0, 0]
				},
				"tail": {
					"rotation": {
						"0.0": [-35, 0, 0],
						"2.2083": [-52.5, 0, 0]
					}
				},
				"tail2": {
					"rotation": {
						"0.0": [7.5, 0, 0],
						"2.2083": [0, 0, 0]
					}
				},
				"tail3": {
					"rotation": {
						"0.0": [7.5, 0, 0],
						"2.2083": [-2.5, 0, 0]
					}
				},
				"tail4": {
					"rotation": {
						"0.0": [7.5, 0, 0],
						"2.2083": [0, 0, 0]
					}
				},
				"tail5": {
					"rotation": {
						"0.0": [7.5, 0, 0],
						"2.2083": [2.5, 0, 0]
					}
				},
				"tail6": {
					"rotation": {
						"0.0": [0, 0, 0],
						"2.2083": [15, 0, 0]
					}
				},
				"right_leg": {
					"rotation": [0, 22.5, 0],
					"position": [-1, 0, 0]
				},
				"right_upper_leg": {
					"rotation": {
						"0.0": [0, 0, 0],
						"1.0": [0, 0, 0],
						"1.4167": [0, 0, -12.5],
						"1.625": [0, 0, -25],
						"1.9167": [-2.77647, -1.39698, -89.57512],
						"2.3333": [-2.77647, -1.39698, -89.57512]
					},
					"position": {
						"0.0": [0, 0, 0],
						"1.5": [0, 0, 0],
						"1.9583": [0, 0, 0],
						"2.0": [0, -0.75, 0],
						"2.0417": [0, 1, 0],
						"2.0833": [0, -0.25, 0],
						"2.1667": [0, 0.25, 0],
						"2.3333": [0, 0, 0]
					}
				},
				"right_back_upper_leg": {
					"rotation": [-37.5, 0, 0],
					"position": [0, 0.3, -0.8]
				},
				"right_back_lower_leg": {
					"rotation": [-52.5, 0, 0],
					"position": [0, 0.4, -1.1]
				},
				"right_front_upper_leg": {
					"rotation": [37.5, 0, 0],
					"position": [0, 0.3, 0.8]
				},
				"right_front_lower_leg": {
					"rotation": [52.5, 0, 0],
					"position": [0, 0.4, 1.1]
				},
				"left_leg": {
					"rotation": [0, -22.5, 0],
					"position": [1, 0, 0]
				},
				"left_upper_leg": {
					"rotation": {
						"0.0": [0, 0, 0],
						"1.1667": [0, 0, 0],
						"1.5833": [0, 0, 12.5],
						"1.7917": [0, 0, 25],
						"2.0833": [-2.77647, 1.39698, 89.57512],
						"2.5": [-2.77647, 1.39698, 89.57512]
					},
					"position": {
						"0.0": [0, 0, 0],
						"1.6667": [0, 0, 0],
						"2.125": [0, 0, 0],
						"2.1667": [0, -0.75, 0],
						"2.2083": [0, 1, 0],
						"2.25": [0, -0.25, 0],
						"2.3333": [0, 0.25, 0],
						"2.5": [0, 0, 0]
					}
				},
				"left_back_upper_leg": {
					"rotation": [-37.5, 0, 0],
					"position": [0, 0.3, -0.8]
				},
				"left_back_lower_leg": {
					"rotation": [-52.5, 0, 0],
					"position": [0, 0.4, -1.1]
				},
				"left_front_upper_leg": {
					"rotation": [37.5, 0, 0],
					"position": [0, 0.3, 0.8]
				},
				"left_front_lower_leg": {
					"rotation": [52.5, 0, 0],
					"position": [0, 0.4, 1.1]
				}
			}
		},
		"animation.sandyshocks.blink": {
			"animation_length": 0.1667,
			"bones": {
				"eye1_closed": {
					"position": [0, 0, -1.1]
				},
				"eye1_closed2": {
					"position": [0, 0, -1.1]
				},
				"eye1_closed3": {
					"position": [0, 0, -1.1]
				}
			}
		},
		"animation.sandyshocks.cry": {
			"animation_length": 1.0417,
			"bones": {
				"bodies2": {
					"rotation": {
						"0.0": [0, 0, 0],
						"0.0833": [-10, 0, 0],
						"0.9167": [-10, 0, 0],
						"1.0417": [0, 0, 0]
					},
					"position": {
						"0.0": [0, 0, 0],
						"0.0417": [0, -0.75, 0],
						"0.0833": [0, 0.75, 0],
						"0.125": [0, -0.25, 0],
						"0.1667": [0, 0.25, 0],
						"0.2083": [0, -0.25, 0],
						"0.25": [0, 0, 0],
						"0.2917": [0, 0, 0],
						"0.3333": [0, -0.75, 0],
						"0.375": [0, 0.75, 0],
						"0.4167": [0, -0.25, 0],
						"0.4583": [0, 0.25, 0],
						"0.5": [0, -0.25, 0],
						"0.5417": [0, 0, 0],
						"0.5833": [0, -0.75, 0],
						"0.625": [0, 0.75, 0],
						"0.6667": [0, -0.25, 0],
						"0.7083": [0, 0.25, 0],
						"0.75": [0, -0.25, 0],
						"0.7917": [0, 0, 0],
						"0.8333": [0, -0.75, 0],
						"0.875": [0, 0.75, 0],
						"0.9167": [0, -0.25, 0],
						"0.9583": [0, 0.25, 0],
						"1.0": [0, -0.25, 0],
						"1.0417": [0, 0, 0]
					}
				},
				"left_magnet": {
					"rotation": ["-14.7822 + q.anim_time * -850", -2.57594, "-34.6658+1*math.sin(q.anim_time*90*2-60)*10"],
					"position": [3, 0, 0]
				},
				"right_magnet": {
					"rotation": ["-14.7822 + q.anim_time * -850", 2.57594, "34.6658+1*math.sin(q.anim_time*90*2-60)*10"],
					"position": [-3, 0, 0]
				}
			}
		}
	}
}